sync_index,person_id,Nose_px,Nose_py,L_Eye_px,L_Eye_py,R_Eye_px,R_Eye_py,L_Ear_px,L_Ear_py,R_Ear_px,R_Ear_py,L_Shoulder_px,L_Shoulder_py,R_Shoulder_px,R_Shoulder_py,L_Elbow_px,L_Elbow_py,R_Elbow_px,R_Elbow_py,L_Wrist_px,L_Wrist_py,R_Wrist_px,R_Wrist_py,L_Hip_px,L_Hip_py,R_Hip_px,R_Hip_py,L_Knee_px,L_Knee_py,R_Knee_px,R_Knee_py,L_Ankle_px,L_Ankle_py,R_Ankle_px,R_Ankle_py,sternum_px,sternum_py,rshoulder_px,rshoulder_py,lshoulder_px,lshoulder_py,r_lelbow_px,r_lelbow_py,l_lelbow_px,l_lelbow_py,r_melbow_px,r_melbow_py,l_melbow_px,l_melbow_py,r_lwrist_px,r_lwrist_py,l_lwrist_px,l_lwrist_py,r_mwrist_px,r_mwrist_py,l_mwrist_px,l_mwrist_py,r_ASIS_px,r_ASIS_py,l_ASIS_px,l_ASIS_py,r_PSIS_px,r_PSIS_py,l_PSIS_px,l_PSIS_py,r_knee_px,r_knee_py,l_knee_px,l_knee_py,r_mknee_px,r_mknee_py,l_mknee_px,l_mknee_py,r_ankle_px,r_ankle_py,l_ankle_px,l_ankle_py,r_mankle_px,r_mankle_py,l_mankle_px,l_mankle_py,r_5meta_px,r_5meta_py,l_5meta_px,l_5meta_py,r_toe_px,r_toe_py,l_toe_px,l_toe_py,r_big_toe_px,r_big_toe_py,l_big_toe_px,l_big_toe_py,l_calc_px,l_calc_py,r_calc_px,r_calc_py,C7_px,C7_py,L2_px,L2_py,T11_px,T11_py,T6_px,T6_py
73361,0,,,,,,,,,,,,,,,459.8991,178.3414,487.9208,177.2343,456.8215,188.8141,489.4664,187.0893,466.6349,188.9715,479.0380,188.5279,466.1316,216.3576,477.6193,214.8622,467.3990,239.0341,474.3528,238.0666,,,,,,,490.5137,177.1386,,,487.0535,177.2171,461.7083,178.2864,490.1820,186.7572,457.1688,188.2239,490.7996,187.0531,455.7130,189.2137,481.8809,182.7644,468.1115,183.2647,476.2250,181.2514,468.9484,181.6874,480.7950,211.9348,463.8854,214.1745,473.6575,213.1804,471.2111,213.5354,478.0982,238.4264,464.2831,239.8462,472.4272,238.4619,468.9849,239.0004,480.1392,242.0007,461.8075,244.7625,478.2524,241.2540,465.2715,242.7852,476.2426,241.8634,467.3884,243.0750,467.2841,241.1481,473.5913,240.7153,,,473.0540,178.2292,,,,
73362,0,,,,,,,,,,,,,,,456.5006,178.6410,487.9973,177.3124,454.8600,190.2714,488.9336,187.2027,465.8949,189.9936,477.9365,188.4606,466.1269,216.4759,477.2240,215.2975,469.2867,239.3107,471.5978,238.1635,,,,,,,489.6676,177.2505,,,487.5920,177.2978,457.6891,178.5864,489.3206,186.9278,455.2969,189.7860,490.2432,187.1735,453.7972,190.4919,480.0685,182.7511,467.6711,183.5478,474.4368,181.3258,468.7044,182.1352,481.2724,212.3626,463.7612,214.4583,472.7982,213.7326,471.4587,214.0336,477.6071,238.6487,464.4512,239.9456,470.7024,238.7589,470.6890,239.4764,479.7880,242.5082,460.7834,245.4835,476.4926,242.2835,474.3749,244.2198,467.9904,243.6205,471.8510,244.2215,469.5075,241.5065,472.0035,240.6271,,,472.6018,177.8981,,,,
73363,0,,,,,,,,,,,,,,,487.3366,177.1088,456.4233,178.5333,489.5800,189.4840,455.0297,187.6151,478.9277,189.5887,466.0719,189.1001,478.0394,216.4863,466.0483,215.6875,475.4654,238.6912,466.9236,237.6389,,,,,,,,,,,457.9299,178.4583,485.5993,177.1903,454.2496,187.3597,490.5628,189.0048,454.1104,187.5668,491.2559,189.6882,464.9523,182.6761,479.1121,183.8226,471.9743,181.3270,475.9764,181.9994,463.3375,212.9795,481.0951,214.7743,470.5849,213.8419,473.1392,214.2845,464.6319,237.5190,478.4485,239.1047,468.1823,238.0723,474.0276,239.0195,461.2901,242.1243,479.7963,244.5767,463.5492,242.0145,476.0450,243.5846,465.0300,243.2391,473.6121,244.4921,475.9255,240.3334,468.1868,239.0410,,,474.1789,177.7582,,,,
73364,0,,,,,,,,,,,,,,,,,488.4999,177.1728,455.2624,189.9916,489.7639,186.9386,467.8477,190.4702,477.8266,188.8506,477.7231,216.9482,466.6049,215.8792,474.5126,238.4377,468.7769,237.3263,,,,,,,489.9255,177.1563,,,487.7809,177.1521,,,490.7013,186.5786,455.3876,189.3036,490.5468,186.9250,453.4723,190.2483,480.6005,182.8983,471.0653,184.4456,473.6708,181.7908,471.5116,182.6717,463.5521,213.0955,481.2222,215.0952,471.6340,214.0045,472.3981,214.4245,466.0396,237.1692,477.6309,238.7888,469.5403,237.8933,473.3545,238.6976,461.1393,241.9201,479.9365,243.9782,464.2836,241.4215,476.4260,243.0707,465.7254,242.4181,474.6118,243.6963,475.0067,240.3236,469.6439,239.0526,,,473.6030,178.1841,,,,
73365,0,,,,,,,,,,,,,,,456.2050,178.6203,488.7189,177.2820,455.6940,190.2273,489.7620,187.0573,465.9647,190.5682,478.5450,188.9009,466.2023,216.5375,477.7005,215.0190,468.2518,238.8447,474.0912,237.1001,,,,,,,490.9506,177.2078,454.4746,178.6805,487.9774,177.2895,456.0714,178.6276,490.4794,186.5469,456.2525,189.6424,490.9241,186.9219,454.0876,190.4475,480.5671,182.7500,467.4644,184.0825,475.3808,181.9697,468.8192,182.7814,480.5394,212.1364,463.8560,214.6200,473.6507,213.4794,470.8763,213.8239,477.0321,237.0166,465.3914,239.5964,472.8418,237.6178,469.5960,238.8118,479.7369,241.1566,462.4085,244.2372,477.5837,240.5478,466.0879,242.3898,475.5993,241.3037,468.3008,242.6478,468.4019,241.1094,473.0943,239.4067,,,473.1466,177.9324,,,,
73366,0,,,,,,,,,,,,,,,,,489.0380,177.3688,455.0757,189.9060,490.2965,186.7246,468.0347,190.4653,478.2283,188.8451,477.7162,216.8328,467.0520,215.9004,473.8426,238.1649,468.6331,237.0987,,,,,,,491.2729,177.2949,,,488.5813,177.3459,,,490.9354,186.2809,455.4017,189.3071,491.2962,186.7064,453.4588,190.2494,481.3473,182.5306,471.4914,184.2664,474.2892,181.7658,471.3676,182.5185,463.8247,212.9636,480.9263,215.1275,471.7335,214.0058,472.3827,214.4043,466.0953,236.9832,476.4830,238.5288,469.3749,237.5787,472.7585,238.4294,462.0917,241.7932,478.4856,244.1344,465.1707,241.5000,475.3695,243.2752,466.5650,242.5077,473.5270,243.9086,474.1428,240.0464,468.8463,238.4032,,,473.6386,178.4242,,,,
73367,0,,,,,,,,,,,,,,,455.6100,178.8657,489.1742,177.4896,455.2512,189.7174,490.1899,186.9362,466.0910,190.2796,478.9691,189.0514,466.4912,216.0651,477.0655,215.0554,467.9676,238.1771,473.3322,236.3509,,,,,,,492.1141,177.3802,,,488.3716,177.4912,,,491.0820,186.3788,455.7476,189.0582,491.2765,186.9807,453.6655,189.9615,481.1159,183.0612,467.8258,184.2388,475.4860,181.9981,468.8208,182.4393,479.9939,212.1088,464.0171,214.3081,473.5255,213.3780,471.0169,213.5138,475.9821,236.0059,465.1926,238.8099,472.1354,236.8882,469.3228,238.1991,479.2844,240.6311,462.3836,243.7007,477.6578,240.2475,465.6468,241.9569,475.9593,241.2020,467.6110,242.4323,467.9520,240.5052,472.2662,238.4727,,,473.2663,178.1400,,,,
73368,0,,,,,,,,,,,,,,,455.6897,178.7405,489.4331,177.3692,455.2240,189.7192,490.0851,186.6297,466.4360,190.5259,478.9878,189.1037,466.4775,216.0673,477.1041,214.9046,467.7723,238.3571,472.9372,236.2484,,,,,,,492.2035,177.2632,453.1556,178.8960,488.7180,177.4053,456.0822,178.7426,490.8187,185.8675,455.7590,189.0713,491.0617,186.6206,453.9059,190.0349,481.2907,183.3379,468.2460,184.5956,475.6731,182.1377,469.0513,182.6046,480.0719,212.1120,463.9643,214.5630,473.6348,213.4185,471.0604,213.6536,475.1424,235.8394,465.2651,238.9508,472.0246,236.7174,469.1881,238.4363,479.0215,240.2407,462.6409,243.7998,477.6807,239.7629,465.7791,242.0497,476.5258,240.5240,467.5945,242.5007,467.7700,240.7384,471.8071,238.3697,,,473.4627,178.0055,,,,
73369,0,,,,,,,,,,,,,,,457.0409,178.7545,489.7449,177.3993,455.7746,189.7515,489.9926,186.1161,466.4561,190.3948,478.3776,189.3141,466.7251,215.5393,477.3436,214.3752,467.5795,237.9989,473.3970,236.0252,,,,,,,492.2898,177.2815,455.5485,178.7950,488.9555,177.4167,461.8464,178.5447,490.8738,185.4956,456.2075,189.1451,491.0334,186.1629,454.5295,190.0488,480.7338,183.4991,468.1335,184.3850,475.3783,182.1979,468.8881,182.6451,480.1161,211.5299,464.3302,213.9393,473.9354,212.7723,471.2145,212.9994,475.5759,235.6191,465.2624,238.5728,472.4774,236.4695,468.8263,238.0926,479.0728,240.1807,462.9788,243.1284,477.7475,239.7517,465.7700,241.4409,476.7020,240.4830,467.4242,241.8099,467.6799,240.5150,472.1794,238.1427,,,473.2238,178.5150,,,,
73370,0,,,,,,,,,,,,,,,456.4606,178.8173,490.0536,177.4331,458.1276,188.9198,490.3303,186.1267,467.0274,189.9859,478.7951,188.8924,466.9054,215.6108,477.6324,214.2663,467.3611,238.7023,473.6102,236.5816,,,,,,,492.6777,177.3201,454.6767,178.8892,489.2035,177.4498,454.6143,178.9344,491.2113,185.6577,458.4220,188.5546,491.2620,186.1707,456.6848,189.4811,481.8082,183.0890,468.7910,184.1515,475.7466,181.8839,468.7948,182.5229,480.3879,211.2645,464.5901,214.0304,474.3134,212.7093,471.2094,213.2161,475.7067,236.1866,465.0614,239.2902,472.6705,237.0049,468.6800,238.8292,479.1520,240.4779,463.2584,243.7442,478.0912,239.9158,466.6501,241.7773,477.2360,240.5163,468.3239,242.0129,467.0659,241.3752,472.1674,239.0753,,,473.6459,178.5883,,,,
73371,0,,,,,,,,,,,,,,,461.1814,178.5569,490.1620,177.3731,460.4170,190.0243,490.4175,185.2600,467.2398,190.5566,479.5205,189.0274,467.0160,215.8405,477.0830,214.0920,468.7084,238.0644,473.1637,236.4744,,,,,,,,,459.7553,178.6381,489.5296,177.3842,462.5905,178.5446,491.1756,185.1313,460.6744,189.9582,491.2150,185.2227,459.3338,190.4775,481.6143,183.1625,469.2880,184.0056,476.8135,182.1414,470.2541,182.7918,480.2456,211.3046,464.4615,214.0817,473.8524,212.8571,471.5784,213.1510,475.2268,236.0362,466.3749,238.6637,472.4125,236.9361,469.7386,238.2704,478.9966,240.3164,463.0719,243.3251,477.5031,240.1022,466.7307,241.7816,476.0908,240.9881,469.1655,242.4684,468.6469,240.5759,472.1330,238.5455,,,474.3623,178.0793,,,,
73372,0,,,,,,,,,,,,,,,457.8393,178.6669,491.0517,177.2857,458.3641,188.9419,491.1332,189.2561,467.6086,190.2049,479.1975,189.2415,466.7686,215.6740,477.2838,213.9476,468.8815,238.1011,473.2371,236.3587,,,,,,,,,456.0948,178.7410,490.6698,177.2964,457.8701,178.6863,491.7191,189.3904,458.1899,188.8131,492.0390,189.5053,457.3538,189.6644,480.7872,183.5052,469.1180,183.9552,476.7472,182.2764,470.8897,182.6527,480.4096,211.2405,464.2455,214.1975,473.9705,212.8032,471.5233,213.1481,475.6069,235.9467,466.7949,238.5723,472.2085,236.8425,469.7164,238.3120,479.3046,240.4413,463.0468,243.4824,477.7048,240.1384,467.3890,241.8408,476.3181,240.9566,469.7671,242.4978,468.6540,240.4344,472.0350,238.2202,,,474.7246,177.9928,,,,
73373,0,,,,,,,,,,,,,,,459.1230,178.7068,491.0607,177.3839,460.1445,189.6236,491.5804,187.4726,468.1876,190.3805,479.1665,189.2186,465.6788,216.2995,476.7486,214.3454,471.6398,238.4029,467.5010,236.8105,,,,,,,492.0636,177.3441,,,490.6056,177.3993,459.3318,178.6580,493.0338,187.9140,460.4448,189.3564,492.5566,187.7151,459.2337,190.1219,480.9137,183.1765,470.2773,184.2380,476.6560,182.6332,471.1640,183.2091,481.3997,211.0868,462.8458,214.3835,473.1487,213.1856,471.4964,213.7163,462.9695,237.0029,473.7929,238.6718,468.0990,237.4312,471.0418,238.7016,460.6675,241.8048,478.6182,243.5084,462.1197,242.0549,474.7434,242.6047,463.1387,243.0599,473.9644,243.4840,471.2056,240.2653,467.1484,238.1176,,,474.6139,178.6145,,,,
73375,0,,,,,,,,,,,,,,,459.4519,179.0978,490.6976,177.2976,463.8155,189.9255,491.9374,187.6528,467.8689,190.8743,479.6232,190.2641,466.0877,217.2501,478.3605,214.6998,465.9193,239.1539,472.7746,236.5167,,,,,,,491.8841,177.1957,459.1160,178.5655,489.9154,177.2631,458.3584,179.1305,493.5489,187.5880,464.2830,189.4923,492.4269,187.6694,462.2139,190.3709,481.8470,184.4489,470.0434,185.2052,476.6309,183.6702,470.3142,183.6707,481.5381,212.2585,463.6923,215.5731,475.2730,213.4211,471.1022,214.6410,474.4983,236.3224,462.8429,239.7826,471.6787,236.8854,467.4865,239.0629,478.7833,240.4367,462.6550,244.0487,478.2906,239.8525,466.3558,241.9072,478.0062,240.4287,468.9781,241.8356,464.5812,241.9232,469.8111,238.7551,,,474.9676,179.5145,,,,
73376,0,,,,,,,,,,,,,,,490.2607,177.7268,491.0669,177.1853,492.5619,191.3194,492.0450,187.6050,477.7167,191.3978,467.3908,191.0007,477.5978,217.4095,465.3824,216.2710,472.5474,238.8720,464.6379,236.0648,,,,,,,491.3574,177.1718,492.1815,177.0588,491.0794,177.1655,489.1047,177.9294,492.8331,187.4518,493.7736,190.9691,492.3977,187.5479,493.0003,191.3880,467.5931,185.4823,479.2055,185.5037,473.7374,184.0456,475.5654,184.1498,462.7630,214.7075,480.3918,215.1198,470.5930,215.3162,473.4246,215.1698,461.9093,235.7031,474.4655,238.9896,466.4154,236.5563,471.5200,239.1480,459.4269,241.5902,479.3067,243.8801,462.1232,241.6367,476.9444,242.9990,463.7940,242.9101,475.8564,243.7651,471.3920,240.4693,464.6563,236.9065,,,474.7843,179.3292,475.0927,177.8303,,
73377,0,,,,,,,,,,,,,,,490.0404,177.6441,458.9797,178.5816,492.9883,191.1882,460.9424,185.7165,479.5074,191.3209,467.2237,191.1286,477.7959,217.3829,465.1346,216.3025,473.4488,238.6299,464.4584,235.2223,,,,,,,,,492.6867,177.0785,459.1301,178.5957,488.6756,177.3145,460.2754,184.5445,494.4468,190.7573,460.1331,185.8205,493.5047,191.1728,467.9501,185.0611,481.5068,185.6929,470.1775,184.5293,476.1217,184.4692,462.4555,214.8055,480.9519,214.8877,470.3799,215.7930,473.9169,215.6614,461.5621,234.7415,475.6996,238.6240,466.0477,235.7475,472.0193,239.0567,458.9349,240.1233,479.7080,243.3178,461.9490,240.3982,478.0360,242.9042,464.3012,241.8923,476.9303,243.8277,472.0577,240.1742,464.0187,235.7826,,,474.0917,179.7543,474.3993,177.8974,,
73378,0,,,,,,,,,,,,,,,490.3535,177.6068,459.2571,178.5249,493.3392,191.4483,460.5807,183.7134,479.3094,191.8243,466.8768,191.5961,477.5483,217.8369,464.8283,216.4681,473.1786,238.9510,462.9425,235.9986,,,,,,,,,493.2485,176.9979,459.6019,178.5151,488.8803,177.1543,460.1306,184.0058,494.8495,190.9871,459.4527,183.7310,493.7909,191.5424,468.2364,185.9336,481.7713,186.2652,469.2820,185.0593,475.5184,185.1721,461.9639,215.0322,480.6422,215.3816,470.2425,215.8251,473.8924,216.0760,460.3381,235.3142,475.3091,238.8173,464.3903,236.6289,471.8807,239.4109,456.9222,240.8424,479.6497,243.3177,460.5121,240.9865,478.3677,242.8117,462.9854,242.9039,477.5101,243.6467,471.4877,240.5083,462.5180,236.3467,,,473.4079,180.2182,473.4567,177.8463,,
73379,0,,,,,,,,,,,,,,,490.1485,177.2809,,,493.3954,191.1337,460.1509,183.1372,479.1259,191.6799,466.9730,191.7518,477.5374,217.5351,464.7472,216.5510,473.3509,238.8461,461.7306,236.3347,,,,,,,,,492.9129,177.1114,458.2765,178.5654,487.9933,177.3949,459.8459,183.3996,495.1975,190.6953,458.9743,183.3729,493.7580,191.0995,468.9348,185.7008,482.2281,185.6780,468.6303,184.8241,474.9730,184.5689,462.0768,214.8789,480.5112,214.9473,470.1233,215.9767,474.1042,216.0025,459.1819,235.7348,475.4742,238.6677,463.3304,237.0441,472.1722,239.3682,455.9301,241.0416,479.9132,243.3592,459.4910,241.3091,478.7794,242.8944,462.0565,243.2643,477.9359,243.5607,471.4851,240.4086,461.1093,236.4776,,,472.8662,180.0432,,,,
73380,0,,,,,,,,,,,,,,,489.3291,177.3398,,,493.3735,190.4751,460.3812,182.7598,479.0977,191.1662,466.7623,190.4689,477.9503,216.4167,464.4474,216.0044,473.4803,238.7482,459.7831,237.0798,,,,,,,,,492.4465,177.1702,,,487.5250,177.3954,460.4511,183.6810,495.3627,189.9447,459.3434,183.6554,493.7368,190.2800,469.4287,184.7915,482.1821,185.3390,468.9369,183.8003,474.9968,183.8644,461.8008,214.2969,480.8450,213.6942,469.5462,215.0819,474.7018,215.1181,457.1135,236.1787,475.1574,238.6455,461.3624,237.6132,472.3420,239.2854,455.1461,241.5761,479.7268,243.3680,458.5675,242.2669,479.0731,242.6180,461.2606,243.9535,478.5610,243.2744,471.4465,240.5169,458.2852,236.5672,,,472.8854,178.9620,,,,
73381,0,,,,,,,,,,,,,,,490.2864,177.2591,490.6382,177.3251,464.3124,190.0923,492.6771,184.2137,478.1223,191.8433,471.4833,191.1875,477.6248,216.9973,464.1915,216.0822,473.3636,238.5981,459.7033,237.2426,,,,,,,,,493.1872,177.1466,489.4317,177.3698,487.2174,177.4499,493.9700,184.5418,464.1899,190.3137,492.8774,184.1201,463.5984,190.5290,472.0892,185.9661,480.1882,186.5239,472.6251,184.0244,472.5034,184.2572,461.4267,214.1328,480.6292,214.5976,470.0919,215.1246,473.7537,215.2841,457.1989,236.4734,474.8168,238.6953,461.2447,237.7427,471.9871,239.0336,454.7034,241.1940,479.2102,243.3057,457.9233,241.9607,477.9380,242.5775,460.3181,243.2508,477.2152,243.2416,471.5897,240.3698,458.2671,237.1950,,,473.5955,179.4696,,,,
73382,0,,,,,,,,,,,,,,,464.0994,178.5834,,,464.6528,190.0695,492.9581,183.5620,466.4808,190.9599,478.3945,189.9246,464.1661,217.4445,477.8941,214.6376,458.6317,239.2580,473.0635,236.9992,,,,,,,,,,,488.4076,177.5727,463.2727,178.5736,494.8005,183.2512,465.1279,190.1155,493.3828,183.5130,463.4266,190.5398,481.5759,184.5431,469.0940,185.8958,475.2121,183.1798,468.4206,183.8078,481.0997,211.7317,462.1344,215.7060,474.4538,213.6251,470.0645,215.3205,474.5187,236.7059,456.1068,239.4283,471.9798,237.5066,460.5764,239.5488,478.8184,240.2185,454.6943,244.5406,478.2749,239.6134,458.0585,243.5123,477.9178,240.1867,460.0122,243.7894,457.5698,240.2828,470.9457,239.4366,,,472.9813,178.9395,,,,
73383,0,,,,,,,,,,,,,,,,,,,,,,,466.5072,190.5371,478.3621,189.5092,463.4698,217.7857,477.6319,214.4876,457.1900,240.1023,473.2410,237.2760,,,,,,,,,,,,,,,,,,,,,,,481.5039,184.2298,468.4860,185.6117,474.7931,182.7977,467.9766,183.2257,480.7709,211.3894,461.2932,216.0016,474.2685,213.4706,469.0082,215.4615,474.9715,237.0129,455.2599,240.2438,472.1884,237.7598,458.6972,240.2421,478.9685,240.4859,453.5887,245.3279,477.8866,239.6524,456.7705,244.5702,477.4115,240.1952,458.5144,245.7508,456.3566,241.1148,471.3364,239.9312,,,472.6020,178.3596,,,,
73384,0,,,,,,,,,,,,,,,,,489.3745,177.5812,492.2912,184.2006,493.8493,186.0942,478.4457,189.9431,467.0988,190.9913,477.3329,217.1952,462.0095,216.5204,472.7284,237.1683,456.2362,240.3023,,,,,,,,,,,487.1612,177.7034,,,495.2702,186.0268,494.0852,183.8548,494.3447,186.1607,492.6961,184.2502,470.3810,185.7741,481.2979,184.9274,470.2460,184.3442,473.2555,183.8523,459.0941,214.4724,479.5062,214.5281,467.8988,215.5093,473.9991,215.4986,453.7124,239.6684,474.5888,236.8793,457.9618,240.9679,471.5310,237.9199,452.6056,247.7892,479.1695,243.9470,455.8513,244.9754,478.0551,242.9299,458.3562,245.9745,477.2360,243.2744,470.9452,239.3621,455.3684,241.9198,,,472.3045,178.3097,,,,
73385,0,,,,,,,,,,,,,,,487.8723,177.6089,,,,,,,478.2670,191.3590,466.0811,189.5796,476.8981,217.0860,461.7138,216.3598,473.3383,239.1267,455.9930,239.3653,,,,,,,,,,,,,487.0747,177.6823,,,,,,,,,468.7271,184.2478,481.9214,186.0986,467.1431,183.0648,473.8790,183.7679,459.4148,213.9368,479.1791,214.5942,467.3101,215.6952,473.7746,215.9188,453.2298,238.7217,475.0578,239.0031,457.7993,239.8439,472.3571,239.7955,450.4637,243.2516,479.2744,243.8852,454.8710,243.8498,478.9088,243.3299,457.5805,245.5458,478.3900,244.1951,471.1616,241.0325,454.9072,240.2140,,,471.8021,179.1286,,,,
73386,0,,,,,,,,,,,,,,,,,,,492.9542,186.4320,,,477.6307,191.2861,465.5925,192.1518,476.4288,215.2611,460.9709,218.1073,473.1002,237.6158,455.3076,241.1723,,,,,,,,,,,,,,,,,,,,,493.3626,186.3613,468.2714,186.8576,481.1827,186.5225,466.6001,184.8730,472.6833,184.3886,458.7045,216.2535,478.4727,212.0729,466.4667,216.6600,473.6690,215.6750,452.7271,241.4438,474.6006,236.8762,457.0394,241.2517,472.2288,238.4321,450.8380,246.5671,479.8790,243.8895,455.0762,245.5959,479.9100,243.4034,457.6564,245.7751,479.7261,243.9744,470.8910,240.1943,453.5532,242.8335,,,470.9632,180.4743,,,,
73387,0,,,,,,,,,,,,,,,,,,,492.8577,186.5731,456.0614,183.8513,476.3670,192.0319,464.5679,192.9952,475.8523,215.3306,460.0207,218.3169,472.9258,237.6535,454.0104,242.6650,,,,,,,,,,,485.8342,177.3245,485.6606,178.6636,,,494.5963,184.7123,,,493.0903,186.4669,467.9628,188.3308,480.3424,187.2757,465.2671,185.6393,471.2156,185.1584,457.7895,216.4471,477.7381,212.3930,465.4514,216.8795,473.3859,215.5624,451.3343,242.9785,474.1382,236.7536,455.7530,242.7439,472.3065,238.4321,449.5369,247.8963,478.9391,240.6069,454.0414,246.7745,479.1978,240.2366,456.4723,247.0788,479.2095,241.1839,470.5702,239.9096,452.3443,244.7769,,,469.7308,180.7047,470.4970,177.9531,,
73388,0,,,,,,,,,,,,,,,,,488.3550,177.8181,,,,,476.3069,192.5127,464.6817,192.3996,475.8349,217.6826,459.0820,216.8948,473.2378,239.2436,453.4772,241.6215,,,,,,,,,,,486.2339,177.2167,,,,,,,,,,,467.2232,187.4846,479.8898,187.8071,465.4650,185.1590,471.2170,185.3720,456.9080,214.9812,477.7857,215.1906,464.9310,216.5228,472.9684,216.9139,450.4951,241.1245,474.7439,238.9949,455.3285,242.0961,472.3999,239.8964,450.2317,248.3898,479.4922,243.7169,454.7502,247.1393,479.2579,243.2514,457.8442,248.6250,478.9773,244.0589,470.8987,241.1444,451.3134,242.9751,,,469.6249,180.6262,470.1136,177.9227,,
73389,0,,,,,,,,,,,,,,,,,485.1676,177.8333,,,490.8877,185.1267,473.3354,190.8261,470.7670,191.3796,474.9954,215.4419,459.5623,218.2087,472.4901,237.8326,453.1618,243.7686,,,,,,,488.5004,176.9506,,,483.4730,177.8787,,,,,,,,,,,473.4407,186.5992,477.1576,186.4569,467.8112,184.3834,466.3154,183.9330,456.4475,216.2819,477.5005,212.4828,466.1868,216.4960,471.7299,215.2685,450.8658,244.0963,473.2336,237.5216,454.8558,243.8520,471.7412,238.6062,450.1135,249.2277,479.3958,243.8630,454.4413,248.1679,478.9055,243.0630,456.6903,248.2570,478.7020,243.7264,469.8633,240.0269,451.4199,245.9304,,,469.1616,179.9160,,,,
73390,0,,,,,,,,,,,,,,,481.9493,178.0596,484.2515,178.5518,488.0728,187.6067,490.3493,190.8469,473.8160,190.7995,464.2625,191.7543,474.9832,215.0455,459.1583,217.6648,473.0445,239.5878,451.8621,244.1319,,,,,,,487.5385,177.7662,,,481.8523,178.6113,480.3536,178.0287,491.9692,189.9747,460.1119,186.5312,490.4713,190.9625,458.7863,187.0735,468.0047,186.3304,477.5334,186.1360,464.5892,184.4753,467.9558,183.8597,457.1887,215.4293,476.7505,212.4399,464.5016,216.5892,472.1368,215.2986,449.4373,244.4810,473.6947,239.4670,453.7468,243.9862,472.4483,239.4662,449.1495,249.7771,479.4090,243.3809,453.7652,248.2282,479.1495,242.7146,456.8145,248.1296,478.9858,243.3091,470.1435,242.0254,449.9608,246.4354,,,467.9745,179.8547,,,,
73391,0,,,,,,,,,,,,,,,481.0269,178.6292,484.0284,179.1049,488.1059,191.4637,490.3585,191.2876,473.1345,191.2607,463.6380,192.2021,474.7483,217.6416,458.0049,216.9489,472.8015,239.5440,451.0746,243.6983,,,,,,,486.5579,178.4249,483.4897,178.5844,481.1676,179.2028,479.4153,178.6232,492.1699,190.6000,457.9563,191.1503,490.4934,191.6945,456.0740,191.4633,467.2464,187.0507,477.0792,186.9432,463.0939,185.0469,467.7915,184.3037,456.2003,215.7922,476.5348,215.2294,463.3230,217.2356,471.6358,215.7639,448.6580,244.0248,473.8263,239.1746,453.0584,243.6610,472.3477,240.2696,448.4979,249.5220,479.0089,243.1672,452.6266,248.0173,478.9979,242.6155,455.4654,247.9384,479.0261,243.1199,469.8730,242.1565,449.3677,245.7100,,,467.1555,180.4051,,,,
73392,0,,,,,,,,,,,,,,,480.3888,178.6899,481.9285,179.6916,487.2153,191.9373,489.4809,191.3792,472.4515,192.1938,462.5445,193.1044,473.7480,216.3337,457.4985,218.3890,473.1674,239.3289,450.6696,243.9375,,,,,,,,,482.7971,178.8394,477.0070,179.8675,478.8796,179.0043,490.7462,190.6559,489.0124,191.4613,489.6837,191.6853,487.5333,191.9771,466.2184,187.6911,476.3461,187.1038,461.8613,185.7316,466.8285,184.7290,455.6292,216.2282,475.7007,213.3845,462.2519,217.6728,471.2402,216.7159,448.2799,244.2374,474.5196,239.0956,452.6938,244.0296,472.6064,240.0455,448.2019,249.4389,479.6227,243.1676,452.2311,248.1162,479.5499,243.1066,454.9246,248.2502,479.5040,243.9575,470.4103,242.1248,448.9389,245.9361,,,465.9627,180.6824,,,,
73393,0,,,,,,,,,,,,,,,480.3297,181.6507,,,487.3803,192.9734,453.0938,192.9144,472.1079,193.6850,461.7028,193.6132,473.8239,218.7181,456.8884,218.6882,473.1888,239.4584,450.3555,243.3230,,,,,,,,,482.3506,179.6075,475.1275,180.6452,478.8757,181.7122,453.6815,192.7360,489.0629,192.2828,451.6227,193.1901,487.8434,193.0134,464.9481,188.8868,475.8672,188.0060,460.9330,186.0681,466.3133,185.9146,454.9638,216.6554,475.4239,214.0984,461.5495,218.4678,470.9275,217.6155,447.8316,243.6264,474.6234,238.7212,452.2868,243.3598,472.6031,240.4749,447.7767,249.0994,479.5655,243.2289,451.9477,248.0982,479.4720,243.4073,454.6252,248.3222,479.4675,244.5889,470.4077,241.9468,448.1309,245.0148,,,465.0841,181.7723,,,,
73394,0,,,,,,,,,,,,,,,479.2852,180.4340,,,486.0071,192.5641,450.0331,192.1375,471.0584,193.9372,460.7240,193.5468,473.3413,218.6624,456.3360,218.9701,472.7799,239.2324,450.0358,243.6207,,,,,,,,,481.0400,179.0548,474.8113,180.5656,477.7161,180.9960,451.3026,191.8684,487.6075,191.9139,449.0318,192.2581,486.4036,192.5650,464.2315,188.4065,474.8401,188.2576,459.6984,185.8345,464.8811,185.7430,454.5449,216.9658,474.7067,213.8784,461.0107,218.4706,470.5252,217.3563,447.5080,243.8065,474.2228,238.5219,452.0593,243.6816,472.2055,240.3063,447.5608,249.3723,479.2904,243.0421,451.8740,248.4225,479.2221,243.1796,454.8525,248.7615,479.2002,244.3211,470.1615,241.6318,447.8235,245.2076,,,464.0043,181.8818,,,,
73395,0,,,,,,,,,,,,,,,478.4509,179.6667,480.2910,179.7661,485.6086,188.9424,488.0334,192.8950,469.4309,193.5605,459.0832,194.0815,472.1729,216.8011,455.7233,219.4811,472.2434,239.1743,449.8550,243.5804,,,,,,,482.6570,179.0961,480.7353,178.7958,475.3297,179.8880,477.0166,179.5720,490.0352,191.3545,487.1091,188.4037,487.3973,193.1084,485.8954,188.9657,462.8834,189.6522,473.1499,188.8281,458.1341,185.9429,462.8686,185.5030,454.0012,217.4653,473.6918,213.7859,460.2520,218.6629,470.0820,217.1975,447.4462,243.6866,473.3238,238.3294,451.7271,243.6787,471.8463,240.2640,447.4557,248.9218,478.7334,242.6633,451.7130,248.0143,478.9985,242.9555,454.5725,248.4872,479.3240,244.4084,469.5604,241.7792,447.6378,245.2500,,,462.7519,181.4397,463.9307,180.0925,,
73396,0,,,,,,,,,,,,,,,476.7496,180.9557,477.0574,179.0582,485.3909,192.4946,,,466.7459,193.2490,458.0323,192.5604,471.9871,217.4217,455.5504,219.2821,470.9789,238.7724,450.0438,244.7527,,,,,,,480.0389,178.2545,479.6228,178.9944,471.9311,178.6377,475.5243,181.1894,,,486.5252,191.5246,,,485.3492,192.5568,462.8434,188.0756,471.3809,188.7062,456.5011,184.2746,461.2179,185.1180,453.9059,217.4454,472.9398,214.7227,459.7906,218.8886,470.2341,217.8384,,,471.7830,237.7681,451.8646,244.6533,470.7669,239.6777,,,477.5920,241.7233,,,478.7102,241.9600,,,479.5806,243.4563,467.7144,240.8683,447.2821,245.3365,,,461.5473,181.4252,,,,
73397,0,,,,,,,,,,,,,,,475.0638,180.7773,472.0362,178.5653,485.7778,191.4940,,,465.1330,193.4449,456.5137,192.8317,471.0992,217.6022,454.4175,219.5655,470.0520,238.8461,449.7485,244.7038,,,,,,,,,477.7984,178.3241,470.5999,178.7369,473.2035,181.2257,,,487.2442,190.3665,,,485.5581,191.7229,461.5020,188.1394,469.8044,189.0858,454.9355,184.7332,459.8056,185.1397,452.6995,217.8120,471.9118,214.8823,459.0293,219.0429,469.2999,217.9814,,,470.5639,237.9623,451.4847,244.5191,470.0702,239.6584,,,476.4612,241.5326,,,478.1008,241.7086,,,479.5058,243.0893,466.4729,241.1349,446.8787,245.1048,,,459.7352,181.2866,,,,
73398,0,,,,,,,,,,,,,,,473.7606,179.8570,,,485.1384,189.0170,,,463.6431,192.7029,455.9914,192.0189,470.2042,217.0964,453.8630,218.4466,469.0267,238.8400,449.9027,243.8045,,,,,,,,,475.6481,178.5802,467.9993,178.9150,471.4258,181.3817,,,486.0687,187.8717,,,484.6502,189.4382,461.4420,186.2813,468.6489,188.2083,453.6779,184.5666,457.6890,185.1446,452.5385,216.6463,470.9082,214.3313,458.0375,218.7037,468.7572,217.3378,,,469.1986,238.2946,451.6740,243.5737,469.3046,239.5321,,,475.3085,241.7087,,,477.4638,241.4407,455.3633,249.3170,479.2438,242.6462,465.5630,241.4210,446.6252,243.9086,,,457.6050,181.1605,,,,
73399,0,,,,,,,,,,,,,,,473.2935,179.0441,,,486.6003,185.8731,,,463.2292,193.4698,454.0135,193.0389,469.2986,216.6715,453.2647,218.8250,468.4788,239.1024,448.5302,243.0052,,,,,,,,,474.5001,177.9274,,,471.6930,180.3859,,,487.3107,184.4494,,,486.2066,186.5985,459.3157,188.3297,467.8114,188.8109,452.1933,184.9643,456.7746,185.0244,452.0137,216.4773,469.9871,213.9263,456.8446,218.4311,467.9387,217.1395,444.6667,242.9264,468.6436,238.2816,450.6750,243.0968,468.7093,239.9818,,,474.7537,241.6435,452.2753,248.0092,476.9641,241.6054,455.0694,248.4155,478.4784,242.8236,464.8073,242.0204,444.7311,243.3497,,,456.6525,180.6907,,,,
73400,0,,,,,,,,,,,,,,,471.5704,178.1561,472.0801,178.0945,488.6268,180.7865,486.0374,178.1671,460.8267,191.1184,454.4531,191.8472,467.4287,215.6219,453.0036,221.1110,466.8967,239.6248,445.7143,245.5657,,,,,,,474.3086,178.0856,,,469.4827,179.0527,470.0880,178.8949,486.1259,177.5695,488.9442,180.2917,485.6077,179.3217,488.5880,181.2433,460.5204,187.8303,465.6395,185.9054,452.3655,182.7748,455.1472,182.0351,451.5835,219.0105,467.8658,212.6298,456.9731,220.3821,466.4497,216.3271,,,466.6565,238.7478,447.0601,245.4789,467.3804,240.3357,,,472.6406,242.5922,,,475.7430,242.2275,454.1591,251.0059,477.7189,243.4371,462.6147,242.6864,445.8673,245.2943,,,455.7792,178.8965,,,,
73401,0,,,,,,,,,,,,,,,,,,,474.4096,177.8366,488.0813,177.2290,461.6701,192.2876,454.6235,192.0831,466.6918,217.1284,452.6698,220.7833,466.0638,239.9996,446.8299,245.2687,,,,,,,,,,,470.0888,178.7692,469.7860,178.0040,487.6789,177.2497,474.4769,177.8144,487.0911,177.2921,474.4181,177.8220,459.9257,186.3910,465.9725,186.2659,451.9031,183.8933,455.1556,183.0235,451.4635,218.5897,467.4391,214.6922,456.5435,220.0536,465.2760,217.2508,,,465.9685,239.4470,446.8976,245.2584,466.4077,240.7945,,,471.9564,243.2149,,,474.5128,242.9308,454.6838,250.7072,476.4367,244.2908,461.9319,243.0289,446.8379,244.9505,,,453.7858,180.4973,,,,
73402,0,,,,,,,,,,,,,,,472.3352,177.5507,,,,,,,461.7008,192.4492,453.4314,193.0016,465.9387,217.7460,452.8100,220.6381,464.6336,240.1099,449.5217,243.7878,,,,,,,,,473.6294,177.4648,467.9021,178.4162,471.4510,179.2680,,,,,,,,,458.4837,187.4767,465.9490,186.1318,451.3325,185.4323,454.8113,185.3630,451.2769,218.7275,466.6468,215.3523,456.6173,219.9015,464.3762,218.0182,,,464.6054,239.5410,451.4428,243.6779,464.8624,240.8169,,,470.3820,243.2964,,,472.7539,242.9312,455.0273,248.7453,474.5726,244.1278,460.7802,242.6294,444.5255,242.9409,,,454.0799,180.7850,450.6096,178.5059,,
73403,0,,,,,,,,,,,,,,,471.3884,176.8202,,,,,,,461.7241,191.8382,454.2888,192.2694,465.0544,217.1662,452.6707,219.4080,463.7884,240.3840,448.9532,241.5912,,,,,,,,,472.3113,176.7850,468.5039,177.0197,470.6576,176.8896,,,,,,,,,459.4770,185.7568,466.0246,184.7518,452.3675,184.6739,455.7340,184.2681,451.0981,217.1652,465.9212,214.6205,456.2732,218.0393,463.2826,216.6668,,,463.6915,239.9612,451.1597,242.1889,464.0492,240.9631,,,469.5530,243.6514,,,471.9670,243.2172,454.2127,248.0508,473.9009,244.3871,459.7104,243.2404,444.4534,241.9827,,,454.8707,179.6562,451.6851,178.5614,,
73404,0,,,,,,,,,,,,,,,,,,,,,,,461.4476,191.8950,454.1867,192.9477,464.7461,217.6247,451.6837,220.8822,463.3736,241.0269,,,,,,,,,,,,,,,474.5251,176.6000,,,,,,,,,459.2702,186.9463,465.8055,185.1445,451.4690,185.7296,454.5799,185.5358,449.9094,217.3679,465.7108,214.9337,455.6453,219.5453,463.1007,217.2517,,,463.7190,240.5676,,,463.5181,241.5682,,,469.4762,243.9806,,,471.6701,243.2854,,,473.2541,244.1178,460.1460,243.5857,,,,,453.8606,179.8005,,,,
73405,0,,,,,,,,,,,,,,,,,,,,,,,461.4438,192.2532,454.4158,192.7168,464.9079,217.9133,451.7256,220.8346,462.9937,240.9361,,,,,,,,,,,,,,,,,,,,,,,,,459.4286,186.9357,465.3432,185.6110,451.6875,185.7723,454.6386,185.6787,450.1635,219.3822,466.0002,215.3122,455.9058,219.6212,463.1056,217.6618,,,463.4172,240.4106,,,463.0926,241.5480,,,469.2156,243.9817,,,471.5257,243.4700,,,473.0898,244.4482,459.7599,243.3787,,,,,453.9733,180.7924,,,,
73406,0,,,,,,,,,,,,,,,,,,,,,,,461.2352,191.8987,453.7491,192.8074,464.7534,217.4969,451.8421,219.2793,462.7745,241.0886,449.2125,244.2880,,,,,,,,,,,,,,,,,,,,,,,458.8432,186.3147,465.2878,185.2651,451.0269,185.4999,454.4011,185.4654,450.4555,217.6097,465.5444,214.9764,455.8046,217.7937,462.7846,216.9267,446.5580,244.3107,463.0099,240.2979,451.0141,244.4449,462.7601,241.6455,446.4624,248.7085,469.5892,243.6766,451.6347,248.5000,471.6652,243.1030,454.5562,249.0987,473.3780,244.0864,459.3651,243.4353,446.7540,245.5011,,,453.5968,180.5002,451.3483,178.1921,,
73407,0,,,,,,,,,,,,,,,,,,,,,,,460.3760,192.2938,453.6233,192.5659,464.7320,217.6681,452.3912,218.6836,462.9109,240.3796,449.5280,243.3676,,,,,,,,,,,,,,,,,,,,,,,459.1048,185.9300,464.8902,186.1143,450.6368,185.8187,453.9654,185.7051,450.9076,217.0323,465.3864,214.8787,455.7546,217.6051,463.3968,217.0643,447.1317,243.3088,462.7976,240.1822,451.4312,243.2714,463.2857,240.9128,448.3524,248.6638,468.7064,243.7526,453.3871,247.8157,471.3207,243.2016,456.2462,248.7818,473.3275,244.2368,458.8059,243.2980,446.3418,245.2987,,,453.5626,180.7586,,,,
73408,0,,,,,,,,,,,,,,,,,,,,,,,460.6031,192.0863,453.5379,192.3883,464.3537,217.3290,452.0731,218.9169,462.6936,240.0127,449.5993,243.6800,,,,,,,,,,,,,,,,,,,,,,,459.5952,186.5299,465.0889,185.9162,450.2990,185.6874,453.7185,185.4671,450.6477,216.7750,464.8260,214.1633,455.3716,217.5780,463.2855,217.0322,447.1005,243.7053,462.7508,239.6238,451.5612,243.5946,463.1283,240.7080,448.2099,248.8917,468.6767,243.3705,453.2929,248.3852,471.4537,242.9215,457.0253,249.0481,473.5352,244.0664,458.5595,242.8434,446.3088,245.3468,,,453.4005,180.1477,450.1273,178.5006,,
73409,0,,,,,,,,,,,,,,,,,,,,,,,460.2704,192.6501,453.7445,193.9983,464.1674,217.4877,451.9238,219.1281,462.8976,240.5898,449.6120,243.3420,,,,,,,,,,,,,,,,,,,,,,,460.0465,187.5209,465.1172,186.6217,450.4124,186.5041,453.6295,186.3446,450.7657,217.5827,464.8876,214.7701,455.3530,217.9533,463.0217,217.0314,446.9520,243.2344,462.9204,240.0636,451.4916,243.3322,463.3001,241.0961,447.7634,248.8662,468.8094,243.5711,452.7470,248.7536,471.6047,242.9207,456.4474,249.7416,473.6459,243.7517,459.3869,243.5317,446.2354,244.4957,,,453.6604,180.9125,450.9647,178.2939,,
73410,0,,,,,,,,,,,,,,,,,,,,,,,459.8737,192.6312,454.6951,193.7004,463.8653,217.3549,452.1635,219.9537,462.7615,240.5745,449.9200,244.8788,,,,,,,,,,,,,,,,,,,,,,,461.4096,187.2415,465.0484,187.0249,450.9344,186.3216,453.2572,186.2654,451.0932,218.4062,464.3900,214.6196,455.3480,218.9430,462.9818,217.2262,447.4229,244.8499,462.6465,240.0908,451.7339,244.9167,463.1630,241.0857,448.4322,250.1889,468.5252,243.7619,453.3194,249.8908,471.4984,243.0291,456.9033,250.9670,473.6576,243.9539,459.0497,243.4849,446.4206,246.1150,,,453.9420,180.9337,451.3822,178.5547,,
73411,0,,,,,,,,,,,,,,,,,,,,,,,460.3868,191.4679,454.8747,191.7501,463.6851,217.1594,452.9186,218.9367,462.3096,239.8960,449.7102,243.9118,,,,,,,,,,,,,,,,,,,,,,,460.8573,184.2072,465.6954,184.8579,451.2983,184.0124,454.6687,183.6010,451.6784,217.4711,464.3294,214.2877,456.1237,217.4151,462.3694,216.7541,447.2021,243.9746,462.2573,239.7389,451.7344,243.8224,462.7881,240.4989,448.4336,249.3183,468.3678,243.5587,453.7458,248.9717,471.2937,242.7631,457.4412,249.8091,473.4705,243.7345,458.1332,243.1272,446.2282,245.3856,,,455.3394,179.5918,,,,
73412,0,,,,,,,,,,,,,,,,,,,,,,,460.2759,190.9670,454.8348,191.6639,463.2059,216.6334,452.9771,218.6472,462.7424,239.7713,449.7974,242.4016,,,,,,,,,,,,,,,,,,,,,,,461.2969,184.4621,466.0269,184.9119,450.9763,183.5266,454.0319,183.2596,451.5708,217.2383,463.7356,213.4373,456.0417,217.3286,462.0342,216.2382,447.0979,242.0732,462.5578,239.6125,451.6398,242.4099,463.1597,240.3467,447.0069,248.1596,468.5781,243.5279,453.1165,247.8098,471.3636,242.7783,456.6923,248.7320,473.5698,243.8690,457.9777,243.1125,446.6348,243.5803,,,454.4963,178.9503,,,,
73413,0,,,,,,,,,,,,,,,,,,,,,,,460.1541,190.4497,454.7133,191.0843,462.9974,215.7046,453.3406,218.6909,462.0831,240.0461,449.9953,244.0525,,,,,,,,,,,,,,,,,,,,,,,461.0726,183.9187,465.4174,183.5404,451.3009,182.8085,453.1567,182.5826,451.8148,217.2633,463.3787,213.2143,456.6235,216.9959,461.9890,215.4577,447.2603,243.9530,461.7985,239.3093,451.6889,244.1288,462.2892,240.7257,447.7462,249.3839,468.3258,243.0434,454.5321,249.1150,471.1516,242.7327,458.0980,249.9769,473.3920,244.0117,457.7987,243.0267,446.0581,245.3764,,,453.4110,178.5842,451.2606,175.2850,,
73414,0,,,,,,,,,,,,,,,,,,,,,,,460.3812,189.9656,454.7202,190.6117,462.9404,215.7835,452.6609,219.1796,461.8348,240.1897,449.6197,244.8753,,,,,,,,,,,,,,,,,,,,,,,461.1790,183.8626,465.8334,182.7803,451.4931,182.5714,453.3006,182.7307,451.4803,217.7973,463.5318,213.4348,456.4378,217.6815,461.9998,215.4211,446.9365,245.0346,461.8766,239.5145,451.5052,244.6861,461.9659,240.8252,,,468.5797,243.4694,454.0217,249.8539,471.4967,242.9336,457.3940,249.8250,473.6471,244.0160,458.1738,243.0895,446.5894,246.1516,,,453.2163,178.3773,450.9362,174.6356,,
73415,0,,,,,,,,,,,,,,,,,,,,,,,460.3116,189.4167,454.9341,190.4370,463.2327,215.2699,452.7213,219.7851,461.7186,240.2606,449.8464,244.4522,,,,,,,,,,,,,,,,,,,,,,,461.2498,183.3581,465.8237,181.7127,451.5670,182.3712,453.0690,182.0518,451.6962,218.3511,463.7501,212.9793,456.5075,218.2799,462.3010,215.0589,,,461.9134,239.6172,451.7032,244.3539,461.8759,240.8704,,,468.3651,243.5722,,,471.5358,243.0121,456.5943,249.8901,473.6846,244.1266,457.9517,243.0168,447.0792,245.5882,,,452.8289,178.1564,450.7187,174.7709,,
73416,0,,,,,,,,,,,,,,,,,,,,,,,460.1272,190.1997,455.0314,191.1728,463.1705,215.9856,452.2674,220.2932,461.9311,240.4440,449.9164,244.8429,,,,,,,,,,,,,,,,,,,,,,,461.1967,184.3324,465.7125,182.7703,451.7642,182.6732,453.6068,182.3375,451.0657,218.7588,463.6505,213.6480,455.8778,218.8222,462.4267,215.6659,,,462.1405,239.8047,451.6762,244.7036,462.1378,241.0726,,,468.2859,243.6667,,,471.4294,243.1464,456.4135,250.4659,473.4902,244.2750,458.2410,243.1657,447.0768,246.0126,,,453.4629,177.7477,450.9693,174.4525,,
73417,0,,,,,,,,,,,,,,,,,,,,,,,460.5765,190.5737,454.8265,191.4411,463.4401,216.2836,452.7289,220.2818,462.0299,240.4607,449.7748,244.9250,,,,,,,,,,,,,,,,,,,,,,,461.2132,184.7362,465.9774,183.4511,451.5084,183.3422,453.5048,183.2651,451.5749,218.6617,463.9975,213.8993,456.4476,219.0580,462.5924,216.0811,,,462.1207,239.8193,451.5683,244.7556,462.1688,241.1069,,,468.7034,243.5552,,,471.6074,243.0552,457.0994,249.8108,473.6722,244.1154,458.5379,243.1255,446.7141,246.1786,,,453.2365,178.2384,450.7010,174.6433,,
73418,0,,,,,,,,,,,,,,,,,,,,,,,460.6458,191.3462,454.3296,192.1011,463.7698,216.5367,452.4795,219.3396,462.1616,240.5656,449.3595,244.8695,,,,,,,,,,,,,,,,,,,,,,,460.1092,185.8411,466.0090,184.5215,451.0429,184.5388,453.6621,184.4491,451.0487,217.7722,464.3409,214.0853,456.3056,217.9820,462.7447,216.2391,446.6560,244.7683,462.2856,239.8258,451.1999,244.8791,462.2586,241.2146,447.2940,249.8963,468.9719,243.4193,453.2569,249.4956,471.4341,242.9600,456.6164,250.2562,473.2829,243.9857,458.6952,243.3094,446.4938,246.0154,,,453.2856,178.6327,451.2708,175.2621,,
73419,0,,,,,,,,,,,,,,,,,,,,,,,461.0996,191.9711,454.6720,192.8488,464.0553,216.8779,452.9316,219.0415,463.1919,240.0113,449.3521,242.5120,,,,,,,,,,,,,,,,,,,,,,,459.5171,186.2194,466.3302,185.6819,450.7312,185.2319,453.4773,185.0853,451.1584,217.7012,465.1285,214.3018,456.6253,217.7538,462.8463,216.6670,446.5380,242.3284,463.1589,239.6118,451.1289,242.7123,463.3532,240.6925,446.6612,248.2535,469.3487,243.3321,452.8549,247.6957,471.5253,242.9777,455.9095,248.2955,473.2845,244.1972,458.9850,242.8727,446.0961,244.0261,,,453.5270,179.1014,450.8672,175.1732,,
73420,0,,,,,,,,,,,,,,,,,,,,,,,461.9969,192.1306,454.4296,193.4300,464.8611,216.6386,452.9132,218.6130,462.8162,239.9712,449.2806,242.7440,,,,,,,,,,,,,,,,,,,,,,,460.5734,187.7464,467.4019,186.7230,450.7923,186.1528,454.8281,185.5134,451.2834,217.2574,465.6800,214.1726,456.6650,217.8272,463.3829,216.7002,446.5729,242.6877,462.9138,239.6792,451.4166,242.7840,463.2240,240.5517,447.2761,248.6401,469.1393,243.4863,452.8954,248.0135,471.7536,242.9736,456.0473,248.8757,473.7239,244.1150,458.5796,243.0475,446.3968,244.2939,,,454.8082,179.4495,452.7250,175.6479,,
73421,0,,,,,,,,,,,,,,,,,,,,,,,462.0170,192.8071,454.8638,193.8774,465.0111,216.8609,452.7197,219.5646,462.2364,240.1930,449.8927,243.3874,,,,,,,,,,,,,,,,,,,,,,,460.8885,188.0259,467.5952,186.5827,451.5328,185.9965,455.0742,185.5137,451.2394,217.8749,465.7478,214.2160,456.8688,218.0654,463.9656,216.8115,447.1008,243.2604,462.4251,239.7360,451.7774,243.3474,462.6842,240.8289,448.0040,248.7304,468.4018,243.3790,452.9238,248.5434,471.1308,242.7722,456.6170,249.2797,473.1028,243.7574,458.4789,243.1068,446.5985,244.9152,,,454.8100,180.8071,452.7724,177.9810,,
73422,0,,,,,,,,,,,,,,,,,,,,,,,462.5438,192.9042,455.7325,193.5135,464.8943,216.8627,453.5437,219.3999,462.3010,240.2121,450.4416,243.7059,,,,,,,,,,,,,,,,,,,,,,,461.7840,186.7921,468.1750,186.8023,452.9170,186.1640,455.5984,186.1926,452.1074,217.5820,465.5316,214.1724,457.4250,217.9948,464.1277,216.6798,447.5771,243.4786,462.5335,239.7617,452.3706,243.8486,462.6650,240.8091,447.8483,248.6979,468.6551,243.4928,452.7024,249.0848,471.2991,242.9082,456.1930,250.1426,473.1795,243.9101,458.6343,242.9777,447.2820,245.0428,,,455.2762,181.9386,452.6096,179.3509,,
73423,0,,,,,,,,,,,,,,,,,,,,,,,462.8397,193.0875,455.5743,194.0854,465.2352,216.4545,454.3404,219.1830,462.0892,240.2813,450.6313,243.7184,,,,,,,,,,,,,,,,,,,,,,,461.5479,188.0875,468.7923,186.9068,452.5883,186.5380,455.6478,186.1587,453.0496,217.6612,465.9231,213.8408,458.1170,217.8018,464.3482,216.2458,447.7071,243.6037,462.3529,239.8220,452.6334,243.8096,462.3714,240.9340,448.1413,249.0661,468.6355,243.6236,453.2520,249.4680,471.0500,242.8780,456.8318,250.6358,472.8811,243.8117,458.3677,242.9788,447.1377,244.6768,,,455.1850,181.7880,453.2159,179.1767,,
73424,0,,,,,,,,,,,,,,,,,,,,,,,463.7145,191.3017,456.5854,192.2568,465.4604,216.0284,454.3744,218.9797,461.7255,240.1702,450.8823,243.3644,,,,,,,,,,,,,,,,,,,,,,,461.8229,185.4530,469.4659,185.3911,452.8326,184.4977,456.6371,184.6277,452.9391,217.2233,466.1633,213.1316,458.2039,217.4776,464.3704,215.9075,448.0976,243.1882,461.6465,239.7571,452.8932,243.5046,462.1004,240.8070,449.7653,248.8850,468.1071,243.6391,454.8095,248.7616,471.0229,242.9485,458.3211,249.8345,473.0852,244.0309,456.7208,243.1538,447.0978,244.6059,,,456.1983,181.0493,,,,
73425,0,,,,,,,,,,,,,,,,,,,,,,,463.9585,190.5466,455.5798,190.5643,465.5003,215.7922,455.0731,218.4514,462.8830,240.0163,450.8268,242.5476,,,,,,,,,,,,,,,,,,,,,,,461.1675,185.3682,469.6736,185.2817,452.2824,183.9835,457.0952,183.9595,453.6328,216.8874,466.7255,212.9491,458.6408,217.4626,463.9594,215.8715,448.0359,242.3252,462.7575,239.5613,452.7694,242.7722,463.1335,240.6895,447.6712,248.7282,468.8790,243.5014,453.7881,248.5108,471.3264,243.0800,456.8510,249.3192,473.3216,244.3363,458.3182,243.0376,447.1734,243.7307,,,456.7541,180.3685,,,,
73426,0,,,,,,,,,,,,,,,,,,,,,,,462.7396,191.5460,455.6648,191.4995,464.2478,216.8196,455.0503,218.4825,462.2244,240.4664,450.4502,243.4472,,,,,,,,,,,,,,,,,,,,,,,461.5108,185.6387,468.7982,186.2667,452.8358,184.1421,456.9007,184.1042,453.4146,216.9534,465.4854,214.3822,458.5473,217.3018,463.2930,216.7528,447.4817,243.2349,462.1251,239.8019,452.1858,243.7217,462.3589,241.1369,447.6393,249.1228,468.9960,243.4167,453.6423,248.8003,471.2682,242.9265,456.6659,249.4969,473.0714,244.1411,458.3048,243.0815,446.9911,244.6750,,,455.9709,180.7048,,,,
73427,0,,,,,,,,,,,,,,,,,,,,,,,462.3624,192.6286,454.7596,193.5073,464.6429,216.8459,454.2226,218.8906,462.3553,240.5375,449.1330,243.1098,,,,,,,,,,,,,,,,,,,,,,,460.5375,188.0049,468.4396,186.8436,452.3785,185.8669,456.0434,185.8748,452.4092,217.3364,465.6037,214.5356,458.5786,217.6695,463.5105,216.4852,446.1892,242.8968,462.7941,239.7528,451.1485,243.1784,462.3550,241.1841,445.8251,248.3854,469.3316,243.6407,450.9687,248.3414,471.5572,243.1290,454.1147,249.2664,473.1584,244.2706,458.7694,242.6778,446.7047,243.9399,,,455.4100,180.8265,453.2117,177.6353,,
73428,0,,,,,,,,,,,,,,,,,,,,,,,462.0808,192.0610,454.9299,192.6089,464.8604,215.8730,453.6779,218.4862,462.6109,240.4427,448.7902,242.2781,,,,,,,,,,,,,,,,,,,,,,,461.1908,186.7523,468.6966,186.1721,452.7240,184.4274,456.2275,184.6739,452.2646,216.7264,465.2479,213.5052,458.2885,217.6560,463.9970,216.0747,445.7955,241.9961,463.1120,239.7442,450.8294,242.4613,462.7573,241.0500,444.7867,247.5953,468.8392,243.7595,450.2313,248.1690,471.3942,243.1902,453.6004,249.2311,473.2676,244.2713,459.3951,242.6944,445.9681,242.7883,,,455.6222,179.9255,454.2677,176.4073,,
73429,0,,,,,,,,,,,,,,,,,,,,,,,462.7929,192.2874,454.9503,193.2929,464.9101,216.4590,453.4416,218.9983,462.4372,240.0906,448.1793,243.6991,,,,,,,,,,,,,,,,,,,,,,,461.0845,188.4113,468.8922,185.2899,452.7883,185.4485,456.1747,184.9229,451.8791,216.9781,465.6587,214.0555,457.9000,218.0907,463.9205,216.6987,445.5886,243.5976,462.6524,239.4844,450.2506,243.7070,462.6713,240.7389,444.4347,248.7122,468.5618,243.7637,450.3596,248.4472,471.0427,243.1271,453.4030,249.1386,473.0652,244.3320,459.1449,242.4129,445.4207,244.7253,,,455.6686,179.6744,454.0955,175.8582,,
73430,0,,,,,,,,,,,,,,,,,,,,,,,462.2907,191.0576,454.9302,192.0388,464.6016,215.9791,453.2069,218.3307,462.6491,239.7543,,,,,,,,,,,,,,,,,,,,,,,,,461.1648,185.2204,468.3043,184.3308,451.6618,184.0163,455.5428,183.2160,451.7520,216.7096,465.3587,213.4383,457.1175,218.4680,463.4891,216.2312,,,462.3687,239.4217,,,462.9138,240.4380,,,468.2935,243.6096,,,470.7270,243.3338,,,472.6406,244.5702,458.2399,242.6085,,,,,454.7794,178.3310,447.8396,175.1753,,
73431,0,,,,,,,,,,,,,,,,,,,,,,,461.9279,191.3443,454.3196,192.2184,463.9350,217.2766,,,463.0509,240.3475,,,,,,,,,,,,,,,,,,,,,,,,,460.6270,186.3819,467.7365,185.5088,452.1964,184.5492,455.3519,184.1226,,,464.5765,215.1511,455.5511,217.3826,462.5775,217.2256,,,463.0524,239.8439,,,463.1924,240.9516,,,469.3962,243.5626,,,471.4705,243.2185,,,472.9166,244.2672,458.8009,243.1622,445.1156,245.6901,,,454.7060,179.1706,450.0213,176.3364,,
73432,0,,,,,,,,,,,,,,,,,,,,,499.3760,203.1526,461.8170,189.8722,453.4686,190.6764,463.7224,216.8828,450.5986,219.2490,463.1898,240.0511,445.1394,244.7939,,,,,,,,,,,,,,,499.2651,203.1680,,,499.0869,204.4188,,,459.7428,184.4258,467.6668,184.8709,452.3446,183.4099,456.2159,182.9449,449.6654,217.2751,464.4500,214.5772,454.7783,217.4731,462.2922,216.5287,445.1685,245.0661,463.1210,239.4813,445.1497,244.8859,463.3206,240.6545,445.0352,251.3977,469.1543,243.5120,446.1630,250.1633,471.1698,243.1808,450.0184,250.3148,472.4965,244.0580,459.1609,242.8325,445.2988,245.9987,,,454.8279,178.7767,,,,
73433,0,,,,,,,,,,,,,,,,,,,,,,,461.0175,191.2318,454.4439,192.7911,463.8585,217.3094,,,463.1343,240.0126,,,,,,,,,,,,,,,,,,,,,,,,,461.3537,187.4717,465.9695,185.4575,451.7728,184.2372,454.4425,183.4756,,,464.5494,214.6615,454.1130,217.4680,462.5946,217.1489,,,462.8220,239.5337,,,463.4625,240.6768,,,468.4901,243.6471,,,471.2027,243.4400,,,473.0270,244.6051,458.8734,242.9312,,,,,454.8204,179.0677,449.9825,176.6822,,
73434,0,,,,,,,,,,,,,,,,,,,,,,,460.5038,191.6327,453.7010,193.1405,463.4923,217.4430,449.8542,220.2380,462.5470,240.0716,,,,,,,,,,,,,,,,,,,,,,,,,461.0038,187.1533,465.8656,185.7193,450.1825,184.4379,453.6855,183.6263,,,464.1493,214.7643,453.8988,219.6384,462.2646,217.4719,,,462.4342,239.4721,,,462.8631,240.7954,,,468.4635,243.6395,,,470.9517,243.4634,,,472.7725,244.7216,458.6398,242.7088,,,,,453.5402,178.8453,,,,
73435,0,,,,,,,,,,,,,,,,,,,,,,,459.5975,192.7832,453.1973,193.5251,462.9858,216.6638,448.8812,219.4080,462.6439,240.0455,441.5759,243.4180,,,,,,,,,,,,,,,,,,,,,,,460.5539,187.4605,464.8488,187.1517,450.0469,185.9198,452.4517,185.8595,447.6893,217.3861,463.4357,213.9252,452.5853,219.0258,462.3012,216.9746,440.0614,244.0120,462.6527,239.5216,443.8180,243.5368,462.9286,240.7567,,,468.3602,243.6650,,,471.2025,243.1676,450.2811,249.7537,473.0233,244.2529,458.7329,243.0826,438.8103,245.5370,,,452.2077,180.2225,448.8362,177.5149,,
73436,0,,,,,,,,,,,,,,,,,,,,,,,458.5905,193.8058,452.0783,195.0966,462.5385,217.4323,448.7819,220.4063,463.1034,240.2964,444.5416,245.5404,,,,,,,,,,,,,,,,,,,,,,,458.1503,189.5181,464.2565,188.1010,449.4091,187.6368,451.7938,187.2761,447.2481,218.5755,462.9022,214.8562,452.9342,219.0808,461.5656,217.7135,441.7263,245.4954,462.8020,239.6443,446.5404,245.5517,463.4221,241.0052,443.1855,249.9595,468.9854,243.2569,448.5597,249.6716,471.3359,242.8408,451.9671,250.2491,473.2087,243.9200,458.9293,243.1842,440.9009,247.0743,,,451.9464,181.8299,449.2539,177.3991,,
73437,0,,,,,,,,,,,,,,,,,,,,,,,458.4134,194.4531,451.0536,194.9683,462.2668,218.4202,448.2271,220.2002,462.7361,240.3156,444.0219,244.6476,,,,,,,,,,,,,,,,,,,,,,,457.2440,189.2025,464.1448,189.3030,448.3547,187.2301,451.3943,187.3194,446.7076,218.2964,462.9998,215.4386,452.4645,219.0469,461.1365,218.6481,441.1802,244.5090,462.7478,239.7591,445.9894,244.8070,462.9087,240.9865,443.1029,250.0174,468.5816,243.2933,448.5939,249.8277,470.8732,242.7991,451.8882,250.3882,472.7018,243.7511,458.9699,243.4888,440.4479,246.1844,,,451.6857,181.7154,448.8558,178.3125,,
73438,0,,,,,,,,,,,,,,,,,,,,,,,458.5879,193.9583,451.2470,194.4297,462.0999,217.7640,447.7330,220.4801,462.6244,240.3459,443.2942,245.1067,,,,,,,,,,,,,,,,,,,,,,,458.1492,188.4223,464.1476,187.5050,448.3355,186.5284,452.2509,186.0425,446.2233,218.5802,462.5956,215.0239,451.7921,219.0136,460.9967,218.0861,440.7121,245.0574,462.7344,239.7168,445.1307,245.2015,462.8793,241.0847,442.7172,250.2589,468.5838,243.2478,448.2663,249.3245,470.8972,242.7914,451.0438,250.2435,472.7330,243.7389,458.9647,243.2426,440.5268,246.7066,,,452.2433,181.0530,,,,
73439,0,,,,,,,,,,,,,,,,,,,,,,,458.1807,192.9717,451.0772,194.6071,461.6320,217.3075,447.4223,220.2328,462.7181,240.4169,443.6113,244.9079,,,,,,,,,,,,,,,,,,,,,,,457.6931,189.4931,463.4037,188.0114,447.5141,186.9408,451.2119,186.1624,445.8969,217.9893,462.2111,214.8548,451.1675,219.0540,460.7513,217.3983,441.0420,245.2760,462.7781,239.7033,445.5130,245.2568,462.8978,241.2176,443.2349,250.2779,468.7549,243.1057,448.7884,248.7049,471.1413,242.6610,451.4303,249.1030,472.8500,243.7323,458.9922,243.4692,440.3558,247.2325,,,451.2739,181.8199,,,,
73440,0,,,,,,,,,,,,,,,,,,,,,,,458.2124,193.2778,450.8522,194.7725,461.6524,217.5056,447.1273,219.8352,462.9197,240.4907,443.7776,244.5303,,,,,,,,,,,,,,,445.3490,217.9280,,,,,,,457.0514,189.1875,463.0659,187.5750,447.8786,187.2480,451.7290,186.3927,445.4775,217.8133,462.4365,215.0270,451.0692,218.5838,460.3202,217.5107,441.1417,244.9239,463.1594,239.7316,445.7060,244.1872,462.9687,241.3149,443.3611,249.7890,469.4107,243.0468,448.8756,248.2882,471.4908,242.9059,451.9908,248.7452,472.9112,243.9315,459.2261,243.6904,440.8411,246.8991,,,451.2996,181.2273,448.0081,180.1756,,
73441,0,,,,,,,,,,,,,,,,,,,,,,,457.9779,194.0398,450.6672,194.4976,461.4949,217.9763,447.2536,219.9963,462.8873,240.5118,443.8459,244.3515,,,,,,,,,,,,,,,445.5224,217.9459,,,,,,,457.1389,187.8305,462.8051,187.7399,447.5826,186.7877,451.3408,186.6451,445.7218,218.3786,462.2154,215.3543,451.0050,218.6816,460.2599,217.9449,441.2562,244.4209,463.0782,239.7474,445.7922,244.1804,462.9137,241.3594,443.9170,249.8147,469.2080,243.2035,449.5709,248.9802,471.2655,243.0118,452.9497,249.9111,472.7784,244.1276,459.1554,243.7007,440.6616,246.3787,,,451.0527,181.2907,,,,
73442,0,,,,,,,,,,,,,,,,,,,,,,,457.8511,192.6163,450.7901,193.8609,461.5436,217.2293,447.1756,219.8467,462.8654,240.1696,443.8162,244.6985,,,,,,,,,,,,,,,445.4894,217.9416,,,,,,,457.2707,188.0285,462.5680,187.0817,447.6802,186.5249,450.9605,185.8755,445.6374,217.4488,462.1713,214.4504,450.7865,218.5484,460.5258,217.1666,441.3340,244.7317,462.8573,239.4706,445.8347,244.6209,462.9799,240.9801,444.1069,249.5468,469.0896,242.9101,449.4895,248.2503,471.3653,242.7376,452.6046,248.8440,472.9881,243.8179,459.0614,243.4392,440.7083,246.7120,,,450.6981,181.2463,,,,
73443,0,,,,,,,,,,,,,,,,,,,,,,,457.5854,192.7549,450.2937,193.7102,461.3873,217.1559,447.1382,219.5730,463.1636,240.1798,443.7929,244.7149,,,,,,,,,,,,,,,445.5482,217.9398,,,,,,,456.9304,188.0149,462.4012,186.8093,447.4575,186.5055,450.9741,185.7354,445.5334,217.4301,461.8148,214.7394,451.0117,218.4783,460.5043,217.2802,441.0621,244.6599,463.1894,239.4572,445.7585,244.7467,463.3318,241.0076,443.1377,249.7759,469.3771,243.3008,448.4432,248.2835,471.7098,243.1312,451.1792,248.7548,473.3615,244.2787,459.4458,243.3393,440.8621,246.7525,,,450.7407,181.3264,,,,
73444,0,,,,,,,,,,,,,,,,,,,,,,,457.4428,193.5901,450.1082,194.1217,461.6291,217.9232,447.0044,219.6186,462.6940,239.8649,443.5103,244.0403,,,,,,,,,,,,,,,,,,,,,,,456.3193,188.1041,462.2357,187.7096,447.4663,186.2008,450.8632,186.2255,445.7263,218.2384,462.1707,215.4162,450.9167,218.3323,460.4986,218.2861,440.8387,244.0837,462.7818,239.2787,445.3532,243.9783,462.9384,240.5884,443.4151,249.9805,468.6736,242.7143,449.1765,248.7271,470.9308,242.5869,452.4161,249.2681,472.6361,243.6835,459.1729,242.7936,440.1080,245.8580,,,450.8807,181.7537,,,,
73445,0,,,,,,,,,,,,,,,,,,,,,,,456.5658,193.1536,451.5608,193.5874,461.1531,217.0885,446.9680,220.0620,463.0575,239.7394,443.6560,244.8377,,,,,,,,,,,,,,,,,,,,,,,458.6087,187.4229,461.8918,187.3847,448.5708,186.1374,449.9893,186.4513,445.9503,218.1650,461.2765,214.6876,449.5033,218.3355,460.3627,217.1380,441.3590,244.9856,462.3723,239.2345,445.7642,245.0035,463.5320,240.3263,444.8044,250.2315,468.3970,242.9528,449.4751,249.7161,471.3999,242.5756,452.6805,250.3294,473.6281,243.6074,458.6794,242.9181,440.3783,246.7894,,,450.1740,181.5659,444.5459,181.6316,,
73446,0,,,,,,,,,,,,,,,,,,,451.2794,183.5204,,,456.2157,192.0782,451.9024,191.6569,461.5716,217.2692,447.3123,220.4577,462.6630,240.0133,,,,,,,,,,,,,,,,,,,,,,,,,458.7208,185.7669,461.8057,185.8592,450.1205,184.4414,451.6356,183.9020,446.4882,218.3115,461.7318,214.8508,449.5694,219.3760,460.6584,217.0293,,,462.0114,239.6617,,,463.2177,240.6797,,,467.6005,243.4478,,,470.8117,243.0629,,,472.9862,244.0457,458.5788,243.1507,,,,,450.6670,180.9990,,,,
73447,0,,,,,,,,,,,,,,,,,,,,,,,456.0099,192.4271,454.8503,191.5456,461.4387,217.2654,445.7023,220.4842,461.3919,240.5986,445.3287,245.6155,,,,,,,,,,,,,,,,,,,,,,,457.8194,186.0703,461.4870,186.3323,450.5592,184.7935,451.8458,184.1993,445.6680,218.0296,461.2825,214.3054,448.3155,218.9340,460.2358,217.2292,445.2809,246.9479,460.8279,240.0536,446.7835,245.5468,461.6264,241.2636,445.3888,251.7456,467.1653,243.2602,452.9346,250.0881,469.9736,242.9610,454.3549,250.1813,472.0569,244.2675,457.1194,243.7261,445.2956,247.9489,,,450.1764,181.5482,,,,
73448,0,,,,,,,,,,,,,,,,,,,,,,,457.2001,191.4124,456.6864,190.4644,461.8631,217.1193,447.9106,221.3973,461.2360,240.1600,,,,,,,,,,,,,,,,,,,,,,,,,456.9640,184.3224,461.4463,185.9420,439.8863,182.4624,453.0883,182.8555,,,462.1043,214.5716,449.7832,220.7715,461.0345,217.5378,,,460.8042,239.8581,,,461.7083,240.9763,,,466.3003,243.6227,,,469.8721,243.1886,,,471.9082,244.3462,456.9158,243.1703,,,,,447.2885,180.7241,,,,
73449,0,,,,,,,,,,,,,,,,,,,,,,,457.0901,191.4374,457.3199,190.4080,461.8570,217.4602,447.6339,221.4344,460.7794,240.9498,,,,,,,,,,,,,,,,,,,,,,,,,458.4979,185.6576,463.2481,187.0992,454.7073,184.0109,453.8477,182.5777,447.6337,219.7808,462.1330,215.0489,449.5758,221.2753,460.4433,218.0835,,,460.6027,240.4074,,,461.0574,241.7336,,,466.1992,244.1078,,,469.4775,243.6652,,,471.1318,244.7482,456.7468,243.8907,,,,,446.7189,180.0745,,,,
73450,0,,,,,,,,,,,,,,,,,,,,,,,458.8090,193.3662,454.6673,192.5783,462.0037,217.2906,447.5531,221.6710,460.2447,240.4033,,,,,,,,,,,,,,,,,,,,,,,,,458.9717,186.7166,463.3178,187.3878,452.2432,185.3413,453.8928,183.8963,,,462.5716,214.9019,449.4834,221.8866,460.9655,217.4104,,,460.0854,239.7364,,,460.5088,241.2115,,,466.1637,243.4834,,,468.9920,243.3690,,,470.8709,244.4687,455.8586,243.5616,,,,,452.3910,180.5906,449.3350,177.0226,,
73451,0,,,,,,,,,,,,,,,,,482.4267,176.5196,443.5588,184.4445,490.8469,178.6504,459.5620,192.4689,454.2570,192.0374,462.5591,217.9465,448.2643,221.2519,462.0264,240.2237,445.6839,250.3358,,,,,,,,,,,479.1380,177.4627,,,443.9650,179.7561,,,490.6825,178.9234,443.3616,184.6201,458.9420,185.5935,464.0469,186.6066,453.0876,183.5659,455.0832,183.5010,,,463.0466,215.2878,451.6938,220.8606,461.2220,217.9830,,,461.5531,239.7332,445.7157,250.5376,462.3801,241.0454,,,467.0003,243.9934,,,469.4107,243.8395,,,471.0853,244.9143,457.8367,242.9829,445.6389,251.5748,,,452.7955,179.0831,449.8753,177.7991,,
73452,0,,,,,,,,,,,,,,,,,,,443.1210,181.1021,487.1998,179.1228,460.9176,191.7668,456.5637,191.7829,463.1257,216.6116,449.0829,220.4155,461.3070,240.3108,,,,,,,,,,,,,,,,,487.8155,178.3886,442.6406,180.2792,487.1734,179.0682,482.9585,178.6032,462.0212,186.5715,464.3101,186.6556,454.9312,183.7748,455.8893,183.8005,447.8244,218.4218,464.4022,213.8274,452.9710,219.2634,461.3971,216.7278,,,461.1645,239.8315,444.7439,246.8854,461.5038,240.9849,,,466.7558,243.9159,,,468.9962,243.6625,,,470.4517,244.7413,457.2164,242.9049,,,,,456.8061,180.4230,,,,
73453,0,,,,,,,,,,,,,,,,,,,482.1325,181.0172,483.3830,181.9330,460.9369,191.8766,455.7170,191.3640,462.2703,217.4609,449.4323,218.5142,460.5043,240.3198,443.1940,244.2217,,,,,,,,,,,,,,,483.9926,180.7231,484.4566,180.0613,483.4717,180.6669,482.5558,180.1254,461.0116,185.5366,465.1281,185.9754,452.8250,183.2731,454.6343,182.1201,448.5381,216.2011,462.9204,214.0552,452.8277,219.2555,461.0030,216.8341,440.8151,244.6889,460.6007,239.6485,445.1942,244.2415,460.6917,241.1708,445.0123,250.4801,466.2120,243.3932,448.9238,248.5554,468.7046,242.8708,451.2419,248.6357,470.4385,243.9808,456.8260,243.0019,438.9604,246.6418,,,454.4126,181.3917,,,,
73454,0,,,,,,,,,,,,,,,,,,,478.0593,185.2043,439.2969,189.0302,461.8963,191.1988,454.3338,192.2691,462.6481,217.1225,450.2153,219.1822,460.6908,240.1664,443.9089,244.7171,,,,,,,,,,,,,,,440.0598,188.1819,479.3584,184.3812,438.1585,188.8837,477.7898,184.9908,460.1626,186.3348,465.8480,185.4699,451.9187,184.5613,454.9901,184.3082,449.2623,217.0135,463.2690,214.0573,453.1783,217.4102,461.7306,217.1298,441.6763,245.3264,460.3263,239.7175,445.5526,244.5632,461.1208,240.6956,445.1218,250.6147,,,450.1964,248.6573,469.0445,242.9587,452.5017,248.4947,470.9145,243.4547,456.8759,243.0127,440.6203,246.9901,,,454.7954,181.4715,,,,
73455,0,,,,,,,,,,,,,,,,,,,475.4674,188.7981,441.0724,191.0013,462.0924,191.1759,453.0398,192.2401,463.4050,217.5593,450.7002,219.7887,461.4836,240.2536,444.3892,244.5778,,,,,,,,,,,,,,,441.7833,190.7130,477.2398,188.0415,439.1092,190.6911,475.6420,188.5830,457.7406,186.7577,466.9888,185.6600,450.4609,184.2707,455.6601,184.3823,449.0776,217.5542,464.5998,214.4847,454.9951,218.6873,461.9245,217.1305,441.6823,244.5069,461.7644,239.6463,446.4824,244.7981,461.4855,241.0124,443.1350,250.3305,467.4741,243.8520,448.3353,249.1949,469.2781,243.4229,451.6792,249.9397,470.5221,244.4899,457.5146,242.8605,440.9196,246.0005,,,454.6594,181.8401,,,,
73456,0,,,,,,,,,,,,,,,,,,,471.5117,189.5261,443.8537,191.6708,462.4623,190.5981,453.5397,191.2147,464.1347,216.9113,451.1156,219.3802,461.2983,240.1492,444.8324,243.9778,,,,,,,,,,,,,,,444.8555,191.2799,473.2022,189.2331,442.1157,191.4822,471.4145,189.3406,458.4734,185.6646,467.9261,184.7130,450.9607,184.0023,456.0676,184.1621,449.4945,217.1688,465.2935,213.7432,455.5495,218.1938,462.8032,216.7329,442.0549,243.6187,461.5050,239.6464,446.9519,244.2828,461.3013,240.8805,442.9370,248.9305,467.3557,243.6438,448.5689,249.3686,469.2091,243.2400,451.9321,250.0771,470.6582,244.2678,457.1119,242.8293,441.8299,245.6193,,,455.4257,181.8821,,,,
73457,0,,,,,,,,,,,,,,,,,,,464.8257,191.4299,445.3454,190.5294,462.4336,190.1148,454.4223,190.0191,463.5382,216.3333,451.6219,218.7004,461.0717,240.2177,446.1256,243.8963,,,,,,,,,,,,,,,446.1287,190.3881,465.6117,191.3442,443.5033,190.6672,,,459.3102,185.6413,468.7005,184.5431,451.7651,184.4421,456.3686,184.6611,450.2329,216.5990,465.0269,213.5961,455.8675,217.7278,462.2644,215.9205,443.3141,243.5915,461.5452,239.6234,448.1541,244.0042,461.0577,240.9337,444.0637,248.9838,468.0232,243.4259,449.3036,249.0610,469.7768,242.9577,452.9527,250.0285,471.2031,243.9868,456.6896,242.9774,442.9869,245.8121,,,455.4327,181.8513,,,,
73458,0,,,,,,,,,,,,,,,,,,,,,445.0795,189.1222,461.8839,189.9081,455.2680,189.5467,463.9950,215.8130,452.4560,219.5718,460.7856,240.4759,447.8389,242.8635,,,,,,,,,,,,,,,445.4338,188.7825,,,444.0187,189.1925,,,460.2419,185.0633,467.9353,184.3906,452.5213,184.6218,456.6721,184.4482,451.1333,217.5213,464.6770,213.3579,456.8550,218.3778,463.2443,215.4774,444.9882,242.5959,461.2181,239.8154,449.7656,243.0302,460.9457,241.0927,445.2849,247.9164,467.4564,243.5175,450.1583,248.1109,469.8999,242.9176,453.7360,249.0380,471.6449,244.0345,456.9188,242.6625,445.2007,244.4196,,,455.5125,182.1487,,,,
73459,0,,,,,,,,,,,,,,,,,,,,,444.9661,188.9003,462.4231,190.4947,454.7521,190.2793,463.9695,215.9241,453.0237,218.9335,461.1364,240.6973,449.5690,242.4646,,,,,,,,,,,,,,,445.0139,188.5560,,,444.1261,189.0643,,,459.5469,185.5255,468.0048,185.4039,452.2656,184.5572,457.2136,184.2927,451.5883,216.9861,464.9517,213.4967,457.2740,217.4593,462.7276,215.4188,446.9722,242.1774,461.7918,240.0319,451.5973,242.5393,461.1070,241.2976,447.3831,247.3940,468.3105,243.7045,451.9914,247.0443,470.1092,243.0828,454.9456,248.1582,471.5401,244.2048,457.6218,242.9770,447.3355,244.0937,,,456.2661,182.2744,,,,
73460,0,,,,,,,,,,,,,,,,,,,,,445.7789,188.6890,462.1813,189.7362,454.2332,189.6016,464.1534,215.8118,454.4320,219.3481,461.4162,240.6348,450.4508,242.5500,,,,,,,,,,,,,,,446.4277,188.2144,,,444.2192,188.7459,,,459.1920,185.0387,468.3268,184.2325,451.3391,184.2562,456.3933,183.4235,452.5768,217.6700,465.2081,213.1673,458.4920,217.5613,463.0936,215.3199,447.7411,242.4556,462.1280,239.9078,452.2649,242.6229,461.2496,241.2307,447.9512,248.3774,468.5936,243.7631,452.6701,248.0293,470.5576,243.1863,455.8204,248.5197,471.9522,244.3682,457.9347,243.0358,448.2840,244.2501,,,455.3303,182.2720,,,,
73461,0,,,,,,,,,,,,,,,,,,,,,445.7818,189.3259,462.6016,189.9412,453.8768,189.3287,464.5141,216.1787,455.8064,218.5903,461.6397,240.5963,452.1184,241.5066,,,,,,,,,,,,,,,446.2532,188.7897,,,444.1645,189.3660,,,459.1081,184.8143,468.3536,184.7896,450.9277,184.2589,456.5062,183.5120,453.6541,216.9252,465.4718,213.7408,459.7336,216.9445,463.3664,215.5139,449.4261,241.5319,462.3261,239.9414,453.8979,241.6975,461.4300,241.1608,449.9374,247.2430,468.5531,243.8457,455.1437,246.2787,470.6849,243.4158,457.8803,246.8976,472.0700,244.5186,458.1967,242.8127,449.6405,243.4500,,,454.8905,182.5885,,,,
73462,0,,,,,,,,,,,,,,,,,,,466.5989,192.7389,445.1301,190.2038,463.5236,191.1090,454.3261,190.5361,464.3501,217.2838,456.3867,218.9897,461.7928,240.2737,453.2311,240.7821,,,,,,,,,,,,,,,445.7293,189.6604,468.9391,192.8494,443.3459,190.2417,466.6572,193.3791,458.6844,185.1467,468.5824,185.3997,451.3585,183.8898,457.0255,184.2792,453.8408,217.4096,466.2858,214.5395,460.3348,217.0811,462.3936,216.2397,450.8457,240.8101,462.8522,239.8562,454.9552,241.0490,461.4341,240.8702,452.4448,246.4666,468.9894,243.5600,457.6782,245.4845,470.5736,243.4429,460.2882,246.1431,471.7004,244.7056,458.2956,242.4720,450.5493,242.4564,,,454.7070,182.5471,,,,
73463,0,,,,,,,,,,,,,,,469.9377,182.3397,,,472.5360,193.1430,444.3108,190.0643,464.7765,192.1431,454.0709,191.2130,464.5470,218.2171,456.2916,219.1317,462.3336,239.8310,453.7458,240.3281,,,,,,,,,,,,,468.2626,181.9861,444.7247,189.5729,474.0040,193.2632,442.6395,189.6561,473.3970,193.4453,457.4391,185.4208,468.5628,185.8392,452.1834,183.9619,458.1960,184.6343,453.6348,217.4015,466.9557,215.0100,460.2783,217.0191,462.1680,216.6599,451.2641,240.2818,463.6626,239.4080,455.4237,240.5539,461.7962,240.5033,452.1094,245.6613,468.8028,243.3858,456.5851,244.8817,469.9122,243.3969,459.1480,245.5592,470.8040,244.5236,459.1859,242.2133,451.4411,241.8461,,,455.9223,182.6179,,,,
73464,0,,,,,,,,,,,,,,,470.0215,182.0611,,,474.0487,190.9823,444.3778,191.2836,463.7474,191.8369,453.6346,192.3704,465.8389,217.8542,456.1040,219.7686,462.5134,240.0799,453.5745,240.8435,,,,,,,,,,,,,468.0178,182.1467,444.5484,191.0398,475.5688,190.6855,442.6625,191.1636,474.8323,191.0430,456.6969,186.5602,467.6946,186.0477,452.0147,185.0661,457.6780,185.2106,453.8331,217.7979,467.6030,214.7923,460.3041,217.7061,463.6073,216.6385,451.0816,240.8728,463.5812,239.7205,455.2535,241.0662,462.0975,240.7604,451.2513,245.8575,468.6529,243.4323,455.4464,245.3530,470.3062,243.3639,458.2975,246.2737,471.3699,244.4211,459.4373,242.3798,451.5548,242.4743,,,455.6309,182.8145,,,,
73465,0,,,,,,,,,,,,,,,,,,,475.0278,189.4607,443.7374,191.1502,463.9970,192.1255,453.4971,192.4980,466.1698,218.2392,455.8440,220.0577,462.4064,240.4020,453.7257,241.0515,,,,,,,,,,,,,,,443.8590,190.6492,476.7539,189.0176,442.1041,191.1622,475.4436,189.4670,456.6140,186.8469,468.5138,186.0228,452.2250,184.9314,458.2026,185.2048,453.4660,218.2338,467.8855,215.1272,460.1716,217.8916,463.9462,217.1748,450.9325,241.1606,463.6045,240.0278,455.5772,241.1930,461.9190,241.0602,451.7275,246.2843,468.4571,243.7678,456.1724,245.7208,470.0515,243.6255,459.4157,246.4097,471.0546,244.5978,459.4784,242.5291,451.2404,242.7125,,,457.0298,182.8982,,,,
73466,0,,,,,,,,,,,,,,,,,442.1024,183.8444,476.7469,189.4852,442.8136,191.9494,464.2039,191.5794,453.4561,192.1276,467.0249,218.2928,455.8741,220.1668,462.4822,240.5186,453.5240,241.3991,,,,,,,,,,,442.3292,183.7853,,,442.9832,191.2813,478.5247,188.9249,441.1242,191.9393,477.3508,189.5428,456.5566,186.2439,468.4082,185.5207,452.2615,184.1793,458.5506,184.8094,453.1904,218.3287,468.7849,215.2159,460.0910,217.8744,464.4431,217.3291,450.8562,241.4784,463.9695,240.1617,455.2438,241.6060,461.8449,241.1621,451.1527,246.6797,469.0729,243.9900,455.7951,246.0624,470.3936,243.9213,458.8928,246.7089,471.1871,245.0021,459.5731,242.6654,451.2848,242.9881,,,456.9590,182.9906,,,,
73467,0,,,,,,,,,,,,,,,,,,,476.7380,188.6809,442.4796,189.3084,464.7594,192.1200,453.7650,193.1956,468.1468,218.4537,455.5068,220.1361,463.0457,240.0965,453.3492,241.2477,,,,,,,,,,,442.9785,184.1288,,,442.4524,189.1814,478.5085,188.1074,440.8383,189.2311,477.0700,188.4927,456.8334,187.3697,468.6532,186.1119,452.7180,185.3650,459.0895,185.4216,452.6396,218.3190,469.8291,215.5483,459.7035,217.8878,465.5205,217.6315,450.7340,241.1373,464.2311,239.6635,454.9823,241.4862,462.6148,240.7271,451.0141,246.8802,469.0699,243.8728,455.6019,246.0274,470.5153,243.8212,458.2865,246.6892,471.4373,244.9135,460.0318,242.0944,451.0786,242.4402,,,456.7840,183.3432,,,,
73468,0,,,,,,,,,,,,,,,,,,,477.8722,188.7046,,,465.6421,191.7972,453.9363,192.4632,469.3537,218.4586,454.6328,220.1767,464.0787,239.6401,453.4954,240.8765,,,,,,,,,,,,,,,,,479.5306,188.1628,,,478.2148,188.6053,456.5060,186.5887,468.4179,186.0743,454.2055,184.8613,460.8016,184.9885,451.7099,218.3558,471.2902,215.7065,459.5168,217.7901,466.6249,217.6941,450.6080,240.8499,465.4140,239.2688,455.1104,241.1684,463.5021,240.2956,450.2800,246.3837,469.9498,243.9345,454.5586,245.7496,470.6535,243.9016,457.1431,246.4247,471.1682,244.9716,461.3365,241.3501,451.5925,242.0506,,,458.6286,183.1740,,,,
73469,0,,,,,,,,,,,,,,,,,,,477.9527,188.2582,,,465.4391,191.7145,453.5960,192.9229,470.5824,218.2564,454.6900,219.6667,464.7813,238.8724,453.5476,240.7813,,,,,,,,,,,,,,,,,479.7212,187.6710,,,478.3579,188.1163,455.5040,186.8205,467.5530,186.3660,453.6710,184.4197,460.4626,184.9963,451.6945,217.8063,472.5762,215.7233,459.7977,217.2617,467.3140,217.3961,450.7202,240.6851,466.3391,238.4914,455.2804,240.9544,464.0470,239.4741,449.9462,246.3184,470.7407,243.3057,454.0200,245.7731,471.0340,243.3955,456.6824,246.3953,471.3201,244.6115,462.0246,240.5856,451.9546,242.0679,,,458.0951,183.3507,,,,
73470,0,,,,,,,,,,,,,,,,,,,480.2916,185.8147,,,466.0471,190.9858,454.1419,192.5772,472.0305,217.1767,454.8052,220.1308,467.5435,238.2082,453.5203,241.1981,,,,,,,,,,,,,,,,,481.4691,185.3556,,,481.2115,184.7089,455.8351,187.0155,468.4096,186.0786,454.3590,185.0802,460.8918,185.0274,452.0497,218.5156,474.0619,214.6354,460.2369,217.6647,468.5183,216.9943,450.6203,241.0890,469.2174,237.7818,455.3533,241.2288,466.7788,238.8051,449.7754,246.8388,474.0419,242.6529,454.0938,246.2898,473.8382,242.6865,456.9730,246.8745,473.4265,243.9930,464.7051,239.8500,451.9076,242.4283,,,458.5075,183.5381,,,,
73472,0,,,,,,,,,,,,,,,,,,,480.9036,185.3108,,,467.5283,191.3745,454.8784,191.8329,472.8089,216.6697,455.3071,219.8760,471.6206,237.9021,453.6829,240.6408,,,,,,,,,,,,,,,,,481.7720,183.9957,,,481.6663,184.5647,457.4584,187.8060,469.2465,186.8938,456.0961,184.7624,462.6376,185.1466,452.2998,217.8475,474.8411,213.6994,460.8199,217.7520,468.9934,216.4711,451.0418,240.5537,473.0219,237.4937,455.4158,240.8901,470.9244,238.7609,450.1039,245.8881,478.1545,241.7202,453.4709,245.5196,477.5888,241.8105,456.3348,246.4178,477.3597,243.0411,469.1193,239.8597,452.8457,241.7659,,,460.4462,183.8520,,,,
73473,0,,,,,,,,,,,,,,,,,,,444.4645,187.6096,,,454.9632,190.7713,466.6789,191.6845,454.7193,219.0715,473.7999,215.5300,453.7905,241.3897,474.1275,237.0045,,,,,,,,,,,,,,,,,445.3477,186.8189,,,442.9261,186.9798,468.7314,185.0913,459.1422,185.5309,462.1402,184.7636,457.9989,184.6403,475.7854,212.4724,452.8176,217.0218,467.7402,214.8886,461.9408,216.8102,475.7152,236.6850,451.4098,241.6649,473.1884,237.6886,455.0410,241.5985,479.9612,240.4376,450.3870,246.6097,478.9446,240.1183,454.4893,245.6830,478.8452,240.9118,457.1851,246.3934,452.8833,242.8523,471.5772,239.3319,,,461.2712,183.9738,,,,
73474,0,,,,,,,,,,,,,,,,,,,445.8271,187.9597,,,455.6255,192.5554,467.9344,192.7541,454.6878,219.5105,474.8192,216.0401,454.2689,241.5982,476.0287,236.9360,,,,,,,,,,,,,,,,,446.0927,187.1455,,,444.3442,187.2674,467.6873,186.5739,455.4783,186.4387,464.6409,184.6806,460.5735,184.6764,476.5940,213.3708,452.3515,217.5850,467.2816,215.9850,461.6141,217.5340,477.8366,236.5408,452.1080,241.8683,474.7774,237.6671,455.6464,241.6522,481.3973,240.1676,450.3670,246.4803,479.5432,240.0786,453.5634,245.3431,478.6688,241.0137,455.8126,245.7480,454.5207,243.2701,474.4025,239.2205,,,461.8416,184.0543,,,,
73475,0,,,,,,,,,,,,,,,,,,,445.3195,187.4680,,,456.1657,192.3976,469.4239,192.5019,454.8891,219.7066,474.5494,215.9658,454.0679,241.7640,477.4024,237.3294,,,,,,,,,,,,,,,,,445.3621,186.5930,,,444.0008,187.2805,469.6081,187.1656,456.2120,187.5761,465.8754,185.1671,458.8900,185.1334,476.9236,212.8895,452.5979,217.4403,469.7966,215.1353,460.9115,217.5870,479.4774,236.8434,451.7161,242.1893,475.8908,238.0740,455.4126,241.7632,482.4749,240.3321,450.1806,246.6999,480.6743,240.1116,453.2188,245.3989,479.6173,240.8530,455.3818,245.6539,454.4827,243.7522,475.5577,239.7565,,,462.3579,184.5181,,,,
73476,0,,,,,,,,,,,,,470.7845,184.4451,,,,,446.9358,188.5911,,,456.6074,191.7233,469.8145,191.4248,455.1832,219.5206,475.8222,215.6223,454.2403,241.8606,478.5929,237.3506,,,,,,,,,,,,,,,,,447.0619,187.7944,,,445.4341,188.5218,470.3024,186.5154,456.9457,187.1443,466.6259,185.3124,459.3460,184.8428,477.8099,212.5146,452.7721,217.2939,471.0277,215.0702,460.9064,217.7057,480.5959,237.0415,451.8118,242.2524,477.0390,238.1492,455.5851,241.7790,483.3948,240.6561,450.4964,246.6925,481.5476,240.3101,453.7757,245.3772,480.2518,241.0524,456.0692,245.6080,454.0671,243.7575,476.7317,239.8166,463.2833,184.7075,463.0177,184.7111,,,,
73477,0,,,,,,,,,,,,,,,,,,,484.7399,185.5311,,,470.5482,191.9833,457.1809,192.6713,476.5072,217.5351,455.6778,218.4903,479.4791,238.3229,454.0050,240.8361,,,,,,,,,,,,,,,,,485.1113,183.8540,,,486.4550,185.1088,457.5032,187.8187,470.6245,187.2785,460.4139,185.8360,464.9602,185.7736,453.1948,216.2473,478.9380,214.6589,461.6257,217.2567,471.4226,217.0685,451.8037,240.7958,481.3092,238.3119,455.9818,241.1725,478.3024,238.8946,449.8317,245.8442,484.3176,242.7827,453.3468,245.5252,482.1162,242.7548,455.5793,246.5976,480.8014,243.6625,478.3214,240.4240,454.0730,242.6051,,,463.6395,184.9591,,,,
73478,0,,,,,,,,,,,,,,,,,,,448.2141,188.6755,,,457.7574,190.9762,471.3001,190.4658,455.9516,219.0290,476.8336,215.4257,454.2358,242.0987,479.8332,237.4889,,,,,,,,,,,,,,,,,448.1712,188.2518,,,446.6432,188.8297,471.8054,186.2374,457.7260,187.1176,468.5992,184.8167,459.5763,185.1732,479.2353,212.3521,453.5608,217.0070,471.8019,215.0592,461.4463,217.1099,481.9735,237.2449,451.6542,242.6496,478.3558,238.3168,455.7225,241.9794,484.2732,240.7661,450.3773,247.2396,482.1414,240.3737,453.6522,245.4997,480.6476,241.1882,455.9350,245.4616,454.1149,244.2736,478.6713,240.0644,464.6575,185.0167,464.6570,184.9755,,,,
73479,0,,,,,,,,,,,,,,,,,,,447.8274,190.7304,486.1248,185.0008,458.5192,191.5352,471.9666,191.1058,456.0479,219.3426,477.4542,216.0127,454.3490,242.4589,479.2174,238.8051,,,,,,,,,,,,,,,486.8960,184.7686,447.9676,189.8171,486.7891,184.8217,446.2581,190.5122,472.1420,186.9287,458.2886,187.9037,469.6031,185.4334,460.6740,185.8240,479.8102,213.1093,453.7041,217.3811,472.3837,215.6974,461.4272,217.4137,481.5223,238.3544,451.6591,243.0238,477.6742,239.5662,455.7277,242.3779,483.2822,241.3652,450.3833,247.4637,480.6438,240.8280,453.7936,245.7432,478.9950,241.9571,455.8537,245.8918,454.1827,244.9268,478.6740,241.5269,,,465.6778,185.6242,,,,
73480,0,,,,,,,,,,,,,,,,,,,448.4602,191.6768,487.0885,186.5696,459.5116,191.6062,472.9540,190.4333,456.6449,219.1601,477.3875,216.0295,454.3057,242.7140,478.6016,239.2276,,,,,,,,,,,,,,,487.7147,185.1966,448.5502,190.9623,487.7719,186.4420,446.6896,191.3953,473.8145,186.3560,460.0376,187.8946,470.3548,185.7360,461.1881,186.0750,479.9035,213.0590,454.3548,217.2281,472.2583,215.4352,462.1422,217.2973,480.9007,238.7316,451.5874,243.1966,477.3202,239.7112,455.9151,242.5636,482.8506,241.6426,450.6850,247.3863,480.5050,241.1131,454.4558,245.1346,479.1046,242.0527,456.8317,245.0249,453.6035,245.5576,477.7557,241.8053,,,,,,,,
73481,0,,,,,,,,,,,,,,,,,,,449.0576,192.3021,487.3202,187.0387,459.4377,192.3481,472.9502,190.5728,456.3265,219.7942,478.0763,216.1099,454.3675,242.3036,478.3767,239.3849,,,,,,,,,,,,,,,488.1245,185.8145,449.0484,191.5644,488.6682,186.1174,447.7028,192.0006,473.5105,186.4899,459.8719,187.0613,470.1423,185.8825,463.4438,186.1648,479.8518,213.0574,454.0345,218.2193,472.0776,215.5547,461.8282,218.0916,480.3190,238.8279,451.7701,242.8100,477.1154,239.9203,456.0026,242.3004,481.8992,241.4902,450.3847,247.8820,479.8933,241.5777,454.0169,246.1986,479.0320,244.0320,456.3418,246.5394,454.1567,244.2219,477.1467,241.8261,,,,,,,,
73482,0,,,,,,,,,,,,,,,,,,,450.5557,192.6077,488.9685,186.6104,460.3773,191.7909,474.3490,190.3752,456.8244,219.8547,477.4561,216.5378,454.3708,242.6843,478.0841,239.8800,,,,,,,,,,,,,,,489.4516,186.1156,451.0016,192.0112,490.0442,186.4319,448.9350,192.4274,475.0366,186.8299,460.8536,187.6080,471.3919,186.0640,463.3225,186.3805,479.7838,213.7019,454.5327,218.0804,472.5020,215.7895,462.5012,218.0266,480.1669,239.3519,451.6420,243.2544,476.5929,240.3476,456.1245,242.7148,482.0819,241.7824,450.2478,248.2492,479.8031,241.4348,453.7286,246.4205,478.3648,243.2737,456.1433,246.5357,454.0502,244.5921,477.0818,242.6502,,,,,,,,
73483,0,,,,,,,,,,,,,,,,,,,450.7471,191.6508,490.5311,187.9954,461.3054,191.2251,475.6071,191.8541,457.7499,218.0017,478.7355,218.3532,454.4528,243.2095,478.2773,241.1386,,,,,,,,,,,,,,,490.9997,186.7717,450.9692,190.8970,491.6938,186.8100,449.3579,191.0949,476.3528,187.1951,461.3928,187.9226,473.2127,186.4911,464.8276,186.8845,481.1262,215.5707,455.4726,215.8685,473.9027,216.9691,463.4216,216.9260,480.6961,241.6764,451.8365,243.8420,476.6917,241.1639,455.9369,243.2381,482.5201,245.0771,449.9820,248.5854,479.5416,243.6999,453.4023,246.5010,,,455.7964,246.4123,454.1244,246.0573,477.5041,243.9271,,,,,,,,
73484,0,,,,,,,,,,,,,,,,,,,450.4747,191.0031,491.4932,188.3138,462.3416,192.1951,476.0022,191.7082,458.4765,219.4384,478.6931,216.9745,454.0588,243.3670,478.1437,239.5870,,,,,,,,,,,,,,,491.9090,187.6334,450.6243,190.4660,492.5704,187.7836,449.1914,190.5276,476.3118,187.3993,462.1277,187.0818,474.3217,185.9439,467.6523,186.2702,480.7892,213.9687,456.1848,217.6987,473.9937,216.3594,463.6876,217.9624,480.1137,239.3166,451.8686,243.8120,476.5885,239.9084,455.3518,243.3020,481.5228,241.5045,449.1822,248.4654,478.7381,240.5268,452.2077,246.4404,476.8595,240.5669,454.0097,246.5092,454.4318,245.8625,477.3038,242.0925,,,471.6448,186.0335,,,,
73485,0,,,,,,,,,,,,,,,,,,,452.1969,191.5751,492.4366,188.2166,463.3493,190.8261,477.5865,190.4528,459.3034,218.6935,478.9764,215.8731,455.2747,242.7400,477.7426,239.6728,,,,,,,,,,,,,,,493.1620,187.6625,452.6200,191.0748,493.7169,187.9545,450.3777,191.2865,477.5815,186.4348,462.7895,187.2729,475.4222,185.0482,466.4934,185.4597,481.5782,212.8914,456.9836,216.5941,474.4615,215.1986,464.6620,217.1235,480.3334,239.3035,453.2174,243.0827,476.3775,240.2524,456.3681,242.6813,481.8168,241.7513,449.7406,247.5822,478.8355,240.6191,451.3520,245.9876,477.1016,240.9401,452.7308,245.9462,456.3938,245.0471,477.2409,242.7313,,,,,,,,
73486,0,,,,,,,,,,,,,,,,,,,454.9531,191.2800,492.9269,187.4385,463.8532,190.1878,477.7758,189.9388,460.2833,218.0322,479.2529,215.9627,456.6914,241.6970,477.6982,239.5919,,,,,,,,,,,,,,,493.2537,186.8916,455.4709,190.6576,494.3756,187.0206,453.1009,190.9588,477.9234,185.8750,463.5204,186.4203,475.6622,184.1570,467.1533,184.5355,482.0305,212.9145,457.9609,216.0952,474.8482,215.1653,465.5622,216.4372,480.2685,239.2027,454.4942,242.0519,476.3509,240.0937,457.9142,241.6548,481.9368,241.5978,451.1313,246.4091,478.9935,240.2810,454.4688,244.2625,477.1941,240.5340,455.8262,244.3884,457.3172,243.9652,477.4901,242.7503,,,,,,,,
73487,0,,,,,,,,,,,,,,,,,,,456.8090,191.2188,493.6542,188.0114,464.5125,190.4929,478.1909,189.5445,460.3734,217.8844,479.1762,215.7024,457.9812,241.4288,478.0960,239.1376,,,,,,,,,,,,,,,493.6364,187.2547,457.2719,190.8494,495.2416,187.8807,455.4017,191.1710,478.1651,185.3016,463.3491,186.7313,476.9678,184.2693,468.1573,184.6728,481.5885,212.5791,458.0295,215.8925,474.6553,214.8589,465.6492,216.0824,480.4664,238.8249,455.6565,241.8840,476.4976,239.6308,459.3218,241.3208,482.0807,241.5762,452.6302,246.0735,479.2833,240.2792,455.4113,243.8284,477.3782,240.5239,457.3074,243.5089,458.7995,243.9082,477.7179,242.0682,,,473.2905,184.4487,,,,
73488,0,,,,,,,,,,,,,,,,,,,455.3771,191.1919,493.8871,187.6267,465.0824,189.7684,478.9117,189.7863,461.9028,217.6211,479.3935,215.6706,459.9611,240.3870,478.3397,238.7732,,,,,,,,,,,,,,,493.6728,186.8885,455.5583,190.6065,495.4994,187.2080,454.2914,191.0663,478.5492,185.3629,463.9029,185.8815,478.2459,184.5201,469.9614,184.8752,482.1170,212.7263,459.2129,215.5338,474.9610,214.6133,466.9862,215.3711,480.6910,238.3286,457.6049,240.8923,477.0961,239.3278,461.0695,240.3051,482.0134,241.7464,454.9532,245.1342,478.7930,241.0629,457.3215,242.8737,476.5213,241.7493,458.3753,242.9190,461.1454,242.8054,478.4817,241.6443,473.1465,184.7055,475.5086,184.6260,,,,
73489,0,,,,,,,,,,,,,,,,,,,455.9554,190.4150,494.5862,187.2464,464.9033,190.0459,478.8555,189.9095,461.8652,217.5528,479.4282,215.8660,460.7416,240.9514,478.2424,239.0964,,,,,,,,,,,,,,,494.7211,186.4156,456.2860,189.9390,496.1315,186.7649,454.6279,190.7552,478.7311,185.3848,463.5908,186.0552,477.7186,184.6139,469.5492,184.9060,482.1553,212.9778,459.1701,215.6156,474.9490,214.8773,466.9525,215.5706,480.4847,238.6275,458.4053,241.4865,476.9937,239.6099,461.9736,240.8702,481.9518,241.8361,455.5542,245.5867,478.8281,241.1787,457.8817,243.3748,476.6686,241.7947,459.1134,243.1607,461.6585,243.5226,478.2862,242.0537,473.5233,184.7515,,,,,,
73490,0,,,,,,,,,,,,,,,,,,,456.3434,190.9055,494.6330,187.1297,464.8198,190.4734,479.1378,189.4625,462.4599,217.8791,479.4563,216.0489,462.3523,240.9907,478.2478,238.8116,,,,,,,,,,,,,,,494.5204,186.4599,456.2754,190.2629,496.2481,186.4924,454.3189,190.0271,479.1536,185.3659,463.7278,186.9616,477.5796,184.7010,468.6574,185.1738,481.8369,213.3249,460.0046,215.9271,474.8531,215.2777,467.6815,216.0923,480.6769,238.4238,460.1601,241.5520,476.5604,239.3643,463.6206,240.9246,482.2416,241.7697,456.6287,245.7521,479.1418,240.9411,459.2243,243.3624,477.0744,241.5796,460.4833,243.1545,463.5029,243.3845,478.4597,241.6216,471.8724,185.0383,474.1802,184.8812,,,,
73493,0,,,,,,,,,,,,,,,,,,,494.9366,188.5414,493.8730,186.2878,480.3517,189.6140,477.7502,189.5720,479.8482,217.6363,464.4960,216.2545,478.6674,240.9268,465.0229,239.4650,,,,,,,,,,,,,,,493.6846,185.3932,494.0657,187.8105,495.2248,185.4876,496.9859,187.8771,482.0346,185.1663,477.1296,185.7735,474.3689,185.4830,476.6089,184.8723,461.5024,213.3933,482.3388,215.6244,470.7301,214.5047,473.4020,215.1761,462.6341,239.4821,481.4101,241.1951,466.1616,239.8746,476.5160,241.0441,459.0004,243.6854,482.4955,246.3629,460.7429,243.5482,478.3081,245.5987,461.8650,244.2341,475.8635,246.1028,480.1131,242.4461,466.1318,241.1087,,,,,,,,
73494,0,,,,,,,,,,,,,,,,,,,493.9474,188.3045,457.3221,190.2142,479.9002,189.9346,465.4137,190.8322,479.2461,217.7056,464.4640,216.7837,478.5775,240.9393,464.9848,239.4980,,,,,,,,,,,,,,,456.2289,189.8949,493.4467,187.7704,456.7548,190.1789,495.8487,187.7032,463.2269,185.6782,477.1366,185.8747,472.7739,185.1242,476.8124,184.8900,461.7815,214.1389,481.6682,215.7012,469.4621,215.4461,474.1248,215.9708,462.6395,239.5256,481.1990,241.2287,466.1431,239.9287,476.4889,241.0731,459.1377,244.0347,482.2463,246.2014,460.8438,243.6201,478.1668,245.3871,461.8985,244.2754,475.6109,245.9651,479.9347,242.4273,466.4857,241.0568,474.3575,185.0223,,,,,,
73495,0,,,,,,,,,,,,,,,,,,,457.0767,190.4143,493.5361,186.8369,466.8486,190.0008,478.4672,189.6251,463.0293,217.5209,479.5136,216.4839,478.2594,240.7865,465.0422,239.2352,,,,,,,,,,,,,,,493.6134,185.9280,457.0514,189.8728,494.7426,186.2791,455.7415,190.1840,480.0918,184.1846,467.0520,185.4535,475.3972,184.4056,470.7909,185.3401,482.3503,213.0983,461.0549,215.2398,471.5771,214.9760,471.6087,215.2275,462.8721,239.4112,481.0379,241.1346,466.5001,239.6832,473.0063,240.6794,459.1913,243.6830,482.5281,246.3491,461.2459,243.1816,478.0699,245.5938,462.4236,243.7425,475.5777,245.8509,479.4110,242.5876,466.4021,241.0194,473.5042,184.4698,,,,,,
73496,0,,,,,,,,,,,,,,,,,,,493.7292,186.8980,457.9963,190.5324,478.6763,189.4289,466.1457,190.2559,478.8956,217.2367,465.1112,216.2134,478.8575,240.6438,465.0946,238.9693,,,,,,,,,,,,,,,457.4171,190.3736,493.5130,185.9765,457.5574,190.4922,495.1865,185.7515,463.0588,185.6851,474.8982,185.7700,472.9106,185.1416,474.8530,185.0031,462.6438,213.5978,482.1633,214.9817,470.2925,214.4237,472.9884,215.0940,463.3990,238.9975,481.4903,240.9466,466.1402,239.3900,477.3722,240.8199,458.9525,242.8819,482.3097,246.2614,460.6368,242.6823,478.4595,245.2713,461.5401,243.3407,476.1576,245.7620,479.9468,242.3172,467.0547,240.4516,473.6008,185.0661,,,,,,
73497,0,,,,,,,,,,,,,,,,,,,493.0078,187.9132,455.8114,190.0073,478.8918,189.1748,465.7347,189.8007,478.8327,217.0347,464.3543,216.8208,479.1090,240.4842,465.2090,238.8586,,,,,,,,,,,,,,,454.9530,189.7091,492.3171,187.6716,455.1709,189.7801,494.9197,187.3477,463.1224,185.5089,477.4677,185.5442,471.0833,184.1168,478.1884,183.7304,462.1062,214.1213,481.7101,214.8924,468.7082,215.2433,474.3162,215.5711,463.3146,238.8107,481.8057,240.6656,466.2686,239.3271,477.4391,240.7309,459.2427,243.0636,482.3906,246.0376,460.3373,242.7581,478.4552,245.2077,460.9577,243.5621,475.4099,245.9044,480.7296,242.0645,467.1912,240.4680,474.8493,183.8954,474.3500,183.9370,,,,
73498,0,,,,,,,,,,,,,,,,,,,492.6562,187.6436,456.1426,190.6768,479.1724,189.6538,465.5683,189.4862,478.4530,216.8958,464.2719,216.6893,478.7845,240.2542,464.7355,238.9534,,,,,,,,,,,,,,,455.2578,190.2037,492.1579,186.9216,455.8979,190.4606,494.1229,186.7338,463.4204,186.2562,478.4917,186.3361,472.4941,185.7996,478.3007,185.4521,461.9345,214.0582,481.4313,214.9472,469.0999,214.9182,473.2987,215.3500,463.1904,238.8291,481.3482,240.3473,465.8080,239.4129,477.1776,240.4315,458.7422,242.8718,482.1756,245.5247,460.3449,242.7394,478.2423,244.7002,461.2406,243.4487,475.6792,245.3835,480.1130,241.7968,466.6286,240.3388,474.6369,185.6475,,,,,,
73499,0,,,,,,,,,,,,,,,,,,,492.3495,186.6333,454.3090,190.2797,479.0947,188.4821,465.3327,189.1730,478.6441,216.6102,464.3463,216.4182,478.3607,240.2637,465.3300,238.8750,,,,,,,,,,,,,,,453.0186,190.1466,491.5914,186.3366,453.7272,190.1060,494.0659,186.2764,462.2553,184.6449,477.7584,184.7415,471.2576,184.1123,478.3169,183.7659,461.9332,213.9827,481.5084,214.6619,468.6832,214.9021,474.1100,215.2183,463.2385,238.8269,481.1536,240.3971,466.4418,239.2955,476.5919,240.4265,459.0036,243.2977,481.3595,245.7642,460.0372,242.8147,477.3156,244.9535,460.6771,243.6239,473.9827,245.5105,480.2932,241.7724,467.3786,240.5370,474.3981,183.9705,,,,,,
73500,0,,,,,,,,,,,,,,,,,,,491.1529,187.4906,455.5172,189.8227,478.4363,188.2984,464.8394,188.8227,478.1220,216.8219,464.5307,216.2408,477.7339,241.1765,464.9350,239.3898,,,,,,,,,,,,,,,454.5086,189.5018,490.2696,187.0511,454.7932,189.7796,493.1294,187.2010,461.9513,183.9628,476.0850,183.9613,471.1037,183.4770,477.7325,183.1132,462.3720,213.7357,481.2731,214.5952,469.2393,214.5828,473.1504,215.2671,463.0046,239.3705,480.4621,241.4341,466.0019,239.8639,476.1597,241.3816,458.6953,243.3621,481.0390,246.6144,460.1979,242.7767,476.8846,245.5693,461.0629,243.4651,474.0541,245.9323,479.3226,243.0166,467.1339,241.0387,473.7985,183.3393,473.4905,183.3514,,,,
73501,0,,,,,,,,,,,,,,,,,,,491.2445,187.2855,455.4312,190.1356,478.3055,188.0842,464.9533,188.6547,477.9078,217.2237,464.9793,216.1724,477.4057,241.3963,465.1874,239.5265,,,,,,,,,,,,,,,454.6199,189.9614,490.4515,187.1976,455.2081,190.0902,493.2045,187.0483,461.9744,183.5355,474.7767,183.4315,472.3579,182.9712,476.5226,182.8338,462.6752,213.6205,481.2854,215.2696,470.0467,214.5758,472.3912,215.3943,463.3467,239.5709,480.4307,241.8295,466.2914,239.9433,475.7235,241.6601,458.8807,243.5026,480.7614,247.2141,460.6758,242.9224,476.7047,246.1773,461.4882,243.6699,473.8798,246.4508,479.0226,243.3398,467.1142,241.2021,473.8596,182.8903,473.0934,182.9089,,,,
73502,0,,,,,,,,,,,,,,,,,,,453.6822,190.7707,490.9358,187.8566,464.7422,189.5614,477.0107,188.3297,464.7041,217.1700,477.9804,216.1404,465.6253,240.5930,477.2471,239.6413,,,,,,,,,,,,,,,491.1592,187.3229,453.7138,190.4478,492.1356,187.9520,452.2503,190.8016,478.5001,184.0117,465.9203,185.1836,473.6655,182.6967,467.0494,183.9660,480.9147,212.9395,462.5637,215.3682,472.5774,214.7180,469.9295,215.1304,479.9350,239.4449,463.6176,241.0007,475.4651,239.9535,467.0243,240.7118,480.9896,243.1701,460.6168,245.4520,478.4687,242.2638,462.6524,243.5198,476.0091,242.6155,463.5633,243.5084,466.5428,242.8789,476.1841,242.1242,472.0839,182.7329,471.3498,182.7834,,,,
73503,0,,,,,,,,,,,,,,,,,,,454.2269,190.0712,490.5352,186.8336,464.8158,189.0503,477.1558,188.0818,464.5414,216.6665,478.3598,215.7165,465.4280,239.7240,477.7865,238.7478,,,,,,,,,,,,,,,491.1521,186.3500,454.7606,189.5610,491.7173,186.5751,452.9320,190.0935,479.2903,183.4732,465.6650,184.9390,473.6704,182.8101,467.5373,183.0965,480.8680,212.8470,462.3769,214.7669,472.4219,214.4910,470.9408,214.7809,480.2561,238.5914,463.1477,240.2128,475.3746,239.1594,467.4083,239.9386,480.7525,242.4654,459.7251,244.9364,478.7955,241.5688,462.2233,242.8293,462.0051,242.6475,463.2394,242.7636,466.5223,242.4507,476.8159,241.0830,472.3584,182.8747,,,,,,
73504,0,,,,,,,,,,,,,,,,,,,454.2523,190.2901,490.2914,187.0119,465.9812,189.2718,475.3007,187.9663,477.4442,216.6236,465.5886,215.9353,477.5719,239.9540,465.3738,238.8496,,,,,,,,,,,,,,,490.8337,186.5789,454.7707,189.9327,491.2297,187.0105,453.2177,190.1605,478.7908,182.6737,468.5880,184.4607,472.7997,182.8602,470.2881,182.9802,463.0544,213.4820,481.0970,214.5064,470.5429,214.2616,471.7424,214.8666,463.1709,238.9825,480.6362,240.4680,466.8990,239.1259,475.6244,240.1456,458.9608,242.8325,481.1967,245.5561,460.8469,242.1727,476.6599,244.3510,461.6653,242.7482,473.8467,244.3962,479.3396,241.9863,467.3804,240.4396,473.2184,182.8580,,,,,,
73506,0,,,,,,,,,,,,,,,,,,,489.7836,186.6872,455.3145,189.0274,478.5214,188.1730,465.4368,188.5804,477.5349,216.6042,464.1614,215.7492,477.0472,239.8860,464.9289,238.5947,,,,,,,,,,,,,,,454.6416,188.8994,489.1541,186.2369,454.3019,188.6722,491.3260,186.1320,462.7570,184.7343,476.8256,183.3567,471.0614,183.6069,477.4029,183.2858,462.0925,213.1898,480.3417,214.4026,468.9669,214.1597,473.1385,214.8232,462.9517,238.5285,479.9768,240.1859,466.0681,238.9574,475.3138,240.0253,459.3840,242.5634,479.9274,245.3115,460.4401,242.2335,475.5766,244.0793,461.1051,242.9718,472.8077,244.4011,479.0769,241.6762,466.9057,240.2679,,,,,,,,
73509,0,,,,,,,,,,,,,,,,,,,454.7102,190.2019,489.8779,185.4297,465.3440,189.4172,474.0696,188.3668,476.5058,216.5997,465.3042,215.6824,476.4496,239.5087,465.2620,238.6123,,,,,,,,,,,,,,,490.0868,184.7139,455.1097,189.8368,490.7463,184.5855,453.5070,190.2360,478.2774,182.6769,470.4688,183.8042,472.7642,183.1622,469.7820,183.2541,480.5835,211.2189,480.1637,214.5441,471.1072,213.8252,471.9950,214.4810,463.4040,238.7314,479.6559,239.9151,466.2464,238.9003,474.4043,239.6881,459.5972,242.4045,479.5865,244.8351,460.8507,242.0269,474.8511,243.7027,461.5405,242.6004,472.7662,243.8069,478.8872,241.2964,467.3266,240.3935,472.7209,183.0803,472.2372,183.1714,,,,
73512,0,,,,,,,,,,,,,,,,,,,490.6224,188.0324,455.9315,190.0445,478.8397,188.7706,469.4433,188.9004,477.1625,216.1399,465.1334,215.3370,476.6641,240.0069,464.9253,238.7686,,,,,,,,,,,,,,,455.2982,189.7810,489.7847,187.9511,455.5291,189.6168,492.6577,187.8734,463.3079,184.0208,472.8593,183.0465,473.3228,183.3444,476.1409,183.3247,463.1669,212.6695,480.1167,214.4116,469.6359,213.8611,472.7175,214.4708,463.1587,238.8279,479.2627,240.4337,466.0231,239.0802,474.9733,240.1181,458.6458,242.7144,478.7977,245.5248,459.7224,242.3265,474.7795,244.2039,460.2532,243.0773,472.0986,244.6058,478.7775,241.9425,467.7064,240.4934,473.1223,182.4642,,,,,,
73514,0,,,,,,,,,,,,,,,,,,,490.8789,187.8565,457.1499,189.1634,478.7829,188.4802,467.4380,188.9389,477.8426,216.5669,465.0636,216.0498,476.7993,239.9486,464.6853,238.6946,,,,,,,,,,,,,,,456.3459,188.8683,490.1967,187.8812,456.9508,189.1009,492.9035,187.5490,464.2744,184.1425,475.1655,184.2190,472.9320,183.2189,477.4252,182.5913,463.1482,213.6908,480.5683,214.6719,469.7252,214.4824,473.5668,214.8016,463.1556,238.7098,479.5750,240.3630,465.6845,239.0059,475.2135,240.1036,458.8266,242.6455,479.1727,245.4963,459.5814,242.2239,474.9527,244.1620,459.9786,242.9449,472.3931,244.6034,479.0776,241.8745,467.2049,240.3552,473.7766,182.2986,473.8921,182.2665,,,,
73516,0,,,,,,,,,,,,,,,,,,,491.0234,188.4145,457.6967,188.8577,478.7269,188.5517,466.2337,189.0273,477.4496,216.5383,464.9916,215.4611,476.5577,239.6513,464.8131,238.5542,,,,,,,,,,,,,,,456.5374,188.4869,489.9122,188.2161,457.6352,188.5892,493.1453,188.3880,463.3199,184.2477,475.8691,184.5821,472.0367,183.0131,478.5775,183.2879,463.0913,213.0084,480.0096,214.7542,469.0412,214.0788,472.8290,214.7272,463.3578,238.4362,479.0749,240.0660,465.6752,238.9803,474.6952,239.8138,458.7401,242.4204,479.0684,244.9221,459.7348,242.2169,474.9428,244.0521,460.3443,243.0215,472.3561,244.6327,478.1610,241.5012,467.2736,240.0830,474.4789,182.8476,474.6483,182.8633,,,,
73517,0,,,,,,,,,,,,,,,,,,,492.0455,188.0953,456.7171,189.7564,479.2451,189.0821,466.8023,189.2436,477.6488,217.3097,464.8120,216.2142,476.9816,239.8493,464.8918,238.5487,,,,,,,,,,,,,,,455.7300,189.5338,491.1253,187.7612,456.3177,189.6392,494.1790,187.6881,463.9974,184.7717,477.4439,184.4148,471.9939,182.2560,479.0355,182.9230,462.7277,213.6833,480.4825,215.2663,469.2828,214.8392,473.2584,215.3934,462.9197,238.5069,479.6611,240.1632,465.9817,238.9236,475.3143,239.9545,458.6840,242.7998,479.3173,245.4440,459.5567,242.3239,474.9770,244.5009,460.0968,243.1653,471.8268,245.1532,479.3134,241.4260,467.0818,240.3161,474.2248,182.1908,474.9819,182.1959,,,,
73518,0,,,,,,,,,,,,,,,,,,,492.3195,188.2864,456.9529,189.4377,479.5602,188.9997,467.2698,188.9473,477.7562,217.2710,464.7512,216.0471,477.0336,240.1032,464.9357,238.7994,,,,,,,,,,,,,,,455.3304,189.0076,491.1519,187.9030,456.4278,189.1481,494.4276,187.8777,464.1407,184.5919,477.5015,184.3588,472.9225,182.7964,479.8933,182.9080,462.7021,213.4384,480.4646,215.4816,469.1767,214.7400,473.3627,215.3131,462.9936,238.7371,479.7469,240.5094,465.9393,239.2264,475.2470,240.1874,458.4340,242.9254,479.0401,245.8003,459.0313,242.5139,474.5068,244.8578,459.4190,243.4021,471.3674,245.4910,479.4577,241.8013,467.2379,240.5700,,,475.7997,181.9577,,,,
73519,0,,,,,,,,,,,,,,,,,,,490.7601,189.7051,490.7507,187.7041,478.4419,190.2629,469.7712,189.6125,477.2426,216.7575,465.0766,215.5361,476.6160,240.2689,464.7201,239.1987,,,,,,,,,,,,,,,491.4635,187.1699,490.0340,189.5912,491.7644,187.4983,492.7983,189.6030,464.9030,184.2518,472.1724,183.6435,474.6197,183.4450,474.9598,183.9521,462.8006,212.9596,480.5294,214.6664,470.5369,213.8371,472.9785,214.3115,462.9132,239.2389,479.5472,240.5985,465.6474,239.4958,475.0128,240.4540,458.8609,242.9186,479.3386,245.9293,459.9086,242.5303,474.9940,244.6142,460.3972,243.2912,472.4034,244.9914,478.9395,241.9687,466.8181,240.8909,,,474.8278,181.9177,,,,
73520,0,,,,,,,,,,,,,,,,,,,491.3178,189.9080,457.9040,189.9480,479.6877,189.4820,467.4060,189.6553,477.9582,217.5339,464.9224,216.0712,476.6450,240.4965,464.9380,238.7388,,,,,,,,,,,,,,,456.6620,189.8744,490.6149,189.7192,456.8250,189.8504,493.3002,189.8139,464.9887,185.0018,478.2243,184.5162,473.1553,183.3692,479.7047,182.8557,462.9275,213.5931,480.8355,215.6901,469.2407,214.7303,473.7246,215.2297,463.1472,238.6430,479.1951,240.9183,466.0006,239.1475,475.0298,240.5796,458.8593,242.8435,479.0246,246.2425,459.5171,242.4855,474.5899,245.0502,459.8985,243.3351,471.7388,245.5606,478.7884,242.3843,467.2088,240.4278,,,475.6516,181.5851,,,,
73521,0,,,,,,,,,,,,,,,,,,,491.3808,189.8729,457.8667,189.1607,479.8746,189.2431,467.2853,189.2124,477.9454,216.9357,464.9740,215.6182,476.9630,239.9569,464.8728,238.3686,,,,,,,,,,,,,,,456.6952,188.9533,490.9123,189.6480,457.9931,188.8883,493.3170,189.8744,464.8632,184.3070,478.2755,184.1922,473.3606,183.0946,479.9505,182.6769,463.0983,212.9827,480.8160,215.1558,469.3465,214.1741,473.7526,214.6242,463.2375,238.2682,479.4809,240.3227,465.8631,238.7807,475.3491,240.0232,458.7145,242.3097,479.1458,245.4340,459.5744,241.9731,474.9658,244.2080,459.9623,242.8141,472.1306,244.7592,478.9233,241.7743,467.2160,240.1982,,,475.8885,181.3768,,,,
73522,0,,,,,,,,,,,,,,,,,492.5772,180.4959,491.5468,190.6324,490.6178,188.8344,466.8493,190.7549,476.9865,189.8240,477.7107,217.5435,465.7857,215.6081,476.1093,240.2574,465.3727,238.7580,,,,,,,,,,,,,,,491.4894,188.4420,490.3519,190.3145,491.4722,188.7205,492.8491,190.7638,480.0371,184.3983,471.3959,184.4305,475.9072,183.1651,473.8736,184.0330,463.5499,213.2190,481.1104,215.8816,472.0209,214.4518,472.7846,214.8822,463.4747,238.8127,479.1749,240.7804,466.6450,239.0735,474.0757,240.3354,458.7083,242.3481,478.5088,245.8285,459.7434,242.1791,474.4722,244.5502,460.1785,242.9384,472.2041,244.7480,478.3938,242.0298,467.4649,240.3863,,,475.3680,181.3075,,,,
73524,0,,,,,,,,,,,,,,,,,,,490.9905,190.6070,457.2062,189.2400,478.9724,190.9090,467.4771,190.1817,478.1695,217.2248,465.2133,216.2958,476.8927,239.9218,465.2061,238.6705,,,,,,,,,,,,,,,456.3831,188.7390,490.8505,190.3176,457.3307,189.2266,492.9461,190.6957,465.6225,184.5359,477.4398,184.6279,475.0565,183.5542,478.2840,183.5646,463.2710,213.5000,481.2175,215.4765,470.0724,214.8291,473.3353,215.0912,463.4319,238.6880,479.4870,240.4364,466.3978,239.0616,475.1988,240.0063,458.7605,242.5865,479.2631,245.3537,459.8461,242.2230,475.3432,244.0317,460.3591,243.0324,472.5941,244.5081,478.7770,241.7943,467.7374,240.2166,,,476.6465,180.4386,,,,
73525,0,,,,,,,,,,,,,,,,,,,490.9541,190.2532,457.3921,188.5900,479.5521,190.4611,467.2257,189.7906,478.4817,217.3076,465.1530,215.8809,476.6820,240.0066,465.1104,238.7347,,,,,,,,,,,,,,,456.4267,188.3235,490.6976,189.9474,457.5192,188.7762,492.7878,190.3456,465.3946,184.3100,477.7715,184.5034,474.4878,183.2790,479.2212,183.2989,463.2498,213.3681,481.2504,215.6253,469.4080,214.6734,473.3549,215.0954,463.3749,238.6033,479.2616,240.5080,466.0923,239.1523,474.7073,240.0932,458.7278,242.3149,479.0539,245.3962,459.8034,241.9604,475.0977,244.3183,460.4254,242.7940,472.3919,244.7701,478.1756,242.0059,467.5352,240.2483,,,476.7906,180.3221,,,,
73526,0,,,,,,,,,,,,,,,,,,,490.8437,190.2003,458.1967,188.2076,479.8537,190.3354,467.0322,189.8924,478.7023,217.5517,465.0074,215.6740,476.5032,240.0839,465.0335,238.7693,,,,,,,,,,,468.5610,180.3555,,,457.1388,187.7892,490.3037,189.8165,458.3218,188.5989,492.6341,190.3411,465.7350,183.9229,478.6525,184.5676,473.9857,183.1351,479.9348,183.4775,463.1414,213.1387,481.2370,215.7782,469.1503,214.6282,473.2845,215.2418,463.4468,238.6095,479.0632,240.5743,465.9751,239.2401,474.6353,240.1354,458.8161,242.6483,479.0542,245.4514,459.8161,242.4026,475.2649,244.5305,460.4788,243.3575,472.5989,245.0254,477.5813,241.9957,467.3978,240.2195,,,477.3962,180.1444,,,,
73527,0,,,,,,,,,,,,,,,,,,,490.3069,190.0848,458.1507,187.5129,479.6762,190.4163,467.7193,189.4917,478.5998,217.6288,465.1796,215.5889,476.2881,240.5852,465.4250,238.9262,,,,,,,,,,,,,,,457.1285,187.1686,489.8773,189.5529,458.2604,187.7175,492.0858,190.3536,465.8660,183.2585,477.5329,184.2134,474.9620,183.2771,479.7912,183.5218,463.1223,213.1571,481.3206,215.8184,469.7074,214.4222,472.9779,215.0402,463.6383,238.7129,478.9442,241.1638,466.5125,239.4685,474.2780,240.6887,458.7204,242.4773,478.7121,246.2976,459.6768,242.3898,474.7445,245.2203,460.2077,243.2828,471.9929,245.5888,477.8176,242.6424,468.1936,240.5862,,,477.1351,180.3474,,,,
73528,0,,,,,,,,,,,,,,,,,,,490.5668,190.0890,458.2332,187.5620,479.9818,190.0638,466.3399,189.3601,478.9862,217.9095,464.8651,216.0374,476.0591,240.6878,466.1076,238.3500,,,,,,,,,,,,,,,457.0939,187.2573,489.9415,189.5257,458.1638,187.6250,492.2346,190.4855,465.5196,182.9995,478.9256,183.9731,473.8507,182.8073,479.7835,183.2761,462.4727,213.4309,481.5358,216.1620,469.1959,214.8360,473.5378,215.4111,464.3293,238.1437,478.7668,241.1390,466.9640,238.8681,474.2513,240.6769,459.4860,242.0123,478.6522,246.2172,460.8368,241.8009,474.6424,245.1817,461.6164,242.6866,472.0518,245.6076,477.7129,242.5779,468.1642,239.9253,,,476.9148,179.9408,,,,
73529,0,,,,,,,,,,,,,,,,,491.9674,178.4448,490.2732,190.4454,457.5441,188.3321,478.6482,190.4553,467.6078,189.2583,478.7843,217.2933,465.9140,216.1580,476.0840,239.9759,466.8526,238.6906,,,,,,,492.4688,178.3844,,,491.0390,178.4325,,,456.8457,188.0360,490.0164,189.8063,457.6943,188.4155,492.3062,190.7000,466.0495,183.5829,472.7589,183.9437,476.1936,182.6290,475.9122,183.1733,463.6344,213.2624,481.5972,215.4754,470.7935,214.5234,472.7129,214.6873,464.6356,238.5606,479.0781,240.5006,467.9632,239.0888,474.4890,240.1207,460.3092,242.2877,479.1885,245.2766,461.8488,242.0606,475.3413,243.9451,462.6220,242.9212,472.9272,244.3724,477.7167,241.9885,469.0676,240.6078,,,476.5752,179.0609,,,,
73530,0,,,,,,,,,,,,,,,,,491.8834,177.9547,490.3688,190.0836,456.8947,188.3408,480.1282,190.4178,467.8217,189.6349,479.0293,217.4545,466.5580,216.2273,475.9524,239.9512,467.5795,238.8337,,,,,,,,,,,491.2533,178.0094,,,456.4409,187.9728,490.1631,189.5471,456.5785,188.2924,492.3472,190.3539,465.7247,183.2641,473.5805,184.5719,475.3448,182.5012,476.2426,183.1869,464.0135,213.2665,482.0289,215.5484,471.2990,214.6143,472.7858,214.9341,465.2842,238.7300,479.2057,240.4269,468.6947,239.2496,474.1510,240.0826,460.3372,242.6409,479.3785,245.1398,462.3200,242.0610,475.4223,244.0277,463.2555,242.8166,473.0834,244.2917,477.6131,241.9325,469.8003,240.9702,,,475.6010,178.6246,,,,
73531,0,,,,,,,,,,,,,,,490.7456,178.4487,458.9521,179.1385,489.8582,190.0167,456.2626,188.1887,479.9081,190.3779,466.3415,190.4112,478.8212,217.5567,465.5491,216.6132,476.9971,239.9338,466.7291,238.5755,,,,,,,,,493.2034,177.6256,460.5181,178.9695,490.6072,178.5370,455.3431,187.9988,489.2361,189.5064,455.6531,188.1725,491.8265,190.2649,464.4030,184.1978,479.3553,184.4177,472.5405,183.0245,479.0809,183.3882,463.2591,213.8641,481.7750,215.7155,469.9406,215.1177,473.8552,215.2199,464.6223,238.5034,479.5399,240.4424,467.8821,238.9868,475.0760,240.0794,460.5580,242.7499,479.3764,245.3151,461.9212,242.2479,475.0487,244.3088,462.5728,243.0972,472.4587,244.8943,478.6190,241.9416,468.6837,240.4412,,,475.3125,179.0900,,,,
73532,0,,,,,,,,,,,,,,,489.4489,178.4854,459.0446,179.0330,489.0524,190.1635,456.2756,188.8741,479.2236,190.7832,466.0513,190.5756,478.7196,217.6125,465.4835,216.8887,477.1062,239.7315,467.1742,238.2683,,,,,,,457.5551,179.1663,490.1011,177.7354,460.6755,178.9822,489.3630,178.5603,455.3282,188.5845,488.3424,189.7094,455.6198,188.7665,491.0022,190.3142,464.0974,184.6455,478.2982,184.9381,472.4779,183.5504,478.9432,183.7484,463.1827,213.9277,481.5792,215.6404,469.7377,215.2482,473.7523,215.3060,465.0248,238.1540,479.7335,240.2420,468.2134,238.6812,475.2205,239.8443,460.9469,242.1993,479.6171,245.2407,462.3132,241.9095,475.2358,244.1001,462.8983,242.8971,472.5405,244.7552,478.6979,241.7523,468.9705,240.0196,,,475.3452,179.0706,,,,
73533,0,,,,,,,,,,,,,,,489.3301,178.3601,458.8669,178.7309,488.5780,189.8482,456.1456,188.7127,479.4678,190.5782,466.3059,190.1539,478.6281,217.6094,465.5828,216.5119,476.8329,240.0716,466.7873,238.2329,,,,,,,456.7818,178.8472,489.6811,177.4630,460.1562,178.7335,489.6490,178.4284,455.1511,188.4032,487.7996,189.4270,455.3395,188.5335,490.6635,189.8959,464.3860,184.3465,478.6747,184.7902,472.4340,183.0171,478.8562,183.2358,463.2474,213.5552,481.5200,215.6418,469.9205,214.9209,473.6347,215.2413,464.7459,238.1391,479.6309,240.5475,467.9111,238.6772,475.0660,240.2242,460.3995,242.4278,479.4418,245.4860,461.6876,242.0419,475.0878,244.5686,462.3697,243.0226,472.3796,245.1616,478.6850,242.0071,468.8399,240.0240,,,475.3141,178.9048,,,,
73534,0,,,,,,,,,,,,,,,488.3069,178.4161,458.4163,178.8490,488.1718,190.5510,455.8407,189.0803,479.0676,190.2398,466.3309,190.0838,478.6866,217.1243,465.6142,216.7532,476.6428,239.9679,466.8900,238.4469,,,,,,,456.5107,178.9380,489.2110,177.5606,459.4266,178.8352,488.5312,178.4277,455.0601,188.6496,487.6501,190.0489,455.1064,188.9894,489.9873,190.6391,464.2866,184.0965,478.8138,184.7137,472.1289,182.7043,478.4738,182.8563,463.3148,213.9342,481.4725,215.2148,469.8959,214.9789,473.6393,214.8893,464.7052,238.3621,479.2873,240.3418,467.9949,238.8513,474.8228,240.1106,460.5290,242.6908,479.3695,245.3334,462.1187,242.2294,474.9353,244.3797,462.8153,243.0986,472.5052,245.0373,478.5165,241.8013,468.7160,240.2937,,,474.8039,178.8885,,,,
73535,0,,,,,,,,,,,,,,,487.8086,178.2281,458.2911,178.6197,487.7147,191.2716,456.0576,189.0196,478.7264,190.3168,465.9139,190.2274,478.3405,217.3519,465.4445,216.6994,476.9456,239.5812,466.9828,238.1399,,,,,,,456.3840,178.6981,488.4928,177.2738,459.4783,178.5936,487.9618,178.2128,455.2346,188.6454,486.9368,190.8555,455.4601,188.9476,489.5526,191.2777,463.5324,184.3539,477.9738,184.7479,471.5436,182.7613,477.9312,183.1071,463.1455,214.0611,481.1700,215.3932,469.4384,215.1123,473.2344,215.0346,464.7363,238.0919,479.5329,240.0145,468.1328,238.5126,475.1297,239.7210,460.7230,242.4216,479.7456,244.9686,462.1035,242.1006,475.3177,243.9346,462.7814,243.0071,472.5239,244.6282,478.7517,241.3983,468.8705,239.8800,,,474.1726,178.7341,,,,
73536,0,,,,,,,,,,,,,,,487.8659,178.0084,458.1505,178.4839,487.0305,191.1951,455.5947,188.4187,478.5665,190.3744,466.3221,190.2367,478.2875,217.4155,465.5765,216.7397,476.8508,239.7874,466.8669,238.2136,,,,,,,455.8677,178.5514,488.5044,177.1128,459.1986,178.4471,488.3040,177.9777,454.5648,187.8798,486.1253,190.7747,455.0401,188.4013,488.9040,191.1893,463.4379,184.0949,477.6598,184.8245,471.9795,182.6182,478.3839,182.9181,463.4105,213.8918,480.9936,215.4793,469.6226,215.0688,473.3977,215.0999,464.5075,238.1319,479.3962,240.2291,467.9399,238.5803,475.0291,239.9555,460.3977,242.5819,479.4773,245.3509,461.9067,242.3292,474.8614,244.2684,462.6817,243.2039,472.0169,244.9377,478.7265,241.6829,468.6894,240.0357,,,474.4746,178.5318,,,,
73537,0,,,,,,,,,,,,,,,487.7212,178.1984,458.3999,178.5214,487.2115,191.4668,456.6368,187.8507,479.0932,190.5278,466.7384,189.9839,478.3600,217.5089,465.4826,216.6245,477.0037,239.8096,466.9999,238.2059,,,,,,,456.9415,178.5482,488.0131,177.2449,459.7408,178.4408,488.5109,178.2333,455.3040,187.3659,486.1988,191.1102,456.0073,187.8225,489.1989,191.4457,463.5045,184.0822,478.0515,185.1599,472.8646,182.5245,479.3763,182.8915,463.5294,213.7607,480.9636,215.5780,469.5703,215.1010,473.5451,215.1364,464.6210,238.1765,479.5186,240.3194,468.0425,238.5830,475.2138,239.9278,460.3392,242.7021,479.3542,245.4254,461.6005,242.4433,474.6634,244.2941,462.3073,243.2970,471.7835,244.9471,479.2205,241.6753,468.9855,239.9548,,,475.2008,178.8098,,,,
73538,0,,,,,,,,,,,,,,,487.0296,178.1698,457.7076,178.5399,487.2703,191.4842,455.8343,187.8444,478.7597,190.4384,466.4349,189.9281,478.4827,217.0851,465.4501,216.4304,476.8666,239.8819,466.7604,238.2599,,,,,,,456.4125,178.5688,487.7790,177.2115,458.4712,178.4779,487.7336,178.1723,454.6733,187.4265,486.6049,191.0006,455.1640,187.8790,489.3688,191.4026,463.6661,184.0595,478.0578,185.1529,472.4445,182.4427,478.8430,182.9760,463.3097,213.6354,481.1236,215.2004,469.8466,214.9045,473.8166,214.7897,464.2076,238.2014,479.3913,240.3358,467.8956,238.6034,475.1586,239.9605,459.9128,242.7509,479.4975,245.4471,461.3156,242.4330,475.2277,244.1440,462.0995,243.2184,472.2008,244.7057,478.8358,241.6852,468.6308,239.9617,,,474.9528,178.6270,,,,
73539,0,,,,,,,,,,,,,,,486.8799,178.2178,457.7858,178.5187,486.2411,190.9558,456.1886,188.0570,478.4535,190.0125,466.1534,189.7063,478.2984,217.4410,465.3657,216.6777,476.9507,239.7947,466.9051,238.1130,,,,,,,456.5255,178.6021,487.6182,177.2714,458.7533,178.5287,487.4612,178.2359,454.9605,187.6133,485.2845,190.5446,455.5608,188.0834,488.2523,190.9668,463.1849,183.5746,477.3090,184.9072,472.1617,182.1218,478.5793,182.6145,463.2721,213.6735,480.9638,215.4662,469.5346,215.0654,473.5811,215.0360,464.3719,238.0819,479.4971,240.2339,467.9836,238.4763,475.2044,239.8446,459.9916,242.7149,479.3787,245.4894,461.3111,242.4125,475.0362,244.2764,462.0156,243.3214,472.1015,244.9166,479.0092,241.4012,468.8358,239.7801,,,474.1890,178.7687,,,,
73540,0,,,,,,,,,,,,,,,486.8293,178.2357,457.3118,178.6078,485.8201,191.0924,455.7713,188.2450,478.1442,189.8684,466.0556,189.8583,477.9645,217.0208,465.5821,216.4248,476.6954,240.1359,466.7689,238.3985,,,,,,,455.9768,178.6852,487.3464,177.2802,458.2480,178.6070,487.5547,178.2369,454.5562,187.6820,484.7072,190.5404,455.1180,188.2420,487.8106,191.1275,462.4223,183.9125,476.1711,184.7123,472.3396,181.9527,478.6750,182.4284,463.6475,213.5331,480.5673,215.0768,469.3695,214.8323,473.4244,214.6351,464.3806,238.3437,479.2235,240.6344,467.7318,238.7921,474.9624,240.2291,459.8065,242.9753,478.8435,245.8522,460.8184,242.7270,474.1961,244.6929,461.4488,243.6612,471.2410,245.4048,478.9534,241.9784,468.8849,240.2040,,,474.2855,178.7503,,,,
73541,0,,,,,,,,,,,,,,,487.4039,178.1629,458.5094,178.4175,485.2654,191.2964,456.6291,188.4019,478.7281,190.2152,466.2243,189.7715,477.9997,216.7555,465.2707,215.8626,476.9469,239.8542,466.7085,237.9309,,,,,,,457.1912,178.4318,488.0018,177.4717,460.1554,178.3404,488.2068,178.1018,455.2673,188.0027,484.2277,190.6594,456.0355,188.5397,487.4867,191.4549,463.2474,183.5086,477.5832,184.8184,473.0380,181.9045,479.7293,182.6336,463.2822,212.8483,480.6176,214.8782,469.3533,214.0844,473.4865,214.2412,464.2556,237.8595,479.4944,240.3496,467.6817,238.3437,475.1794,239.9057,459.4383,242.7081,479.2596,245.6600,460.7723,242.5113,474.7360,244.4642,461.3715,243.5142,471.7952,245.1519,479.1317,241.5879,468.6736,239.6145,,,475.5953,178.5552,,,,
73542,0,,,,,,,,,,,,,,,487.2998,178.2048,458.2886,178.4613,484.4174,191.1452,456.2761,188.1877,478.3549,190.2668,465.8851,189.8289,478.0423,217.1752,465.1508,216.0804,476.5569,239.8258,466.8123,237.7443,,,,,,,457.1291,178.5104,487.9434,177.5148,459.9062,178.4089,488.0743,178.1544,455.0136,187.7091,483.5046,190.4306,455.6626,188.3554,486.8206,191.3357,462.8102,183.5163,476.9716,184.8851,472.6393,181.8826,479.2922,182.5170,463.1292,213.0553,480.5957,215.1401,469.1398,214.3647,473.2906,214.6261,464.3512,237.6787,479.0840,240.3883,467.8378,238.1655,474.7532,239.8774,459.6314,242.5999,478.8566,245.7221,460.9808,242.4404,474.3003,244.5866,461.6670,243.4649,471.3757,245.3223,478.6632,241.6910,468.7326,239.5301,,,475.0405,178.6037,,,,
73543,0,,,,,,,,,,,,,,,487.3771,178.2960,458.5362,178.4359,484.2072,191.1506,456.2670,189.1572,478.7532,190.5283,466.5884,190.1188,478.1233,217.3722,465.1975,216.4300,476.4719,240.0638,466.5724,238.2979,,,,,,,457.3033,178.4482,487.7696,177.6289,460.2656,178.2830,488.3170,178.2930,454.9687,188.6463,483.1453,190.3855,455.7793,189.2053,486.6840,191.3112,463.1499,184.1883,477.2929,185.1891,473.5562,182.2315,480.0609,182.8458,463.2235,213.2773,480.6078,215.3959,469.1451,214.7641,473.4366,214.8788,464.2937,238.1475,479.0204,240.5265,467.5310,238.7066,474.6670,240.1730,459.4638,243.0198,478.6541,245.9217,460.5811,242.9614,473.8311,244.9666,461.1706,244.0504,470.9890,245.7789,478.9180,241.7449,468.7034,240.0062,,,475.9188,178.8380,,,,
73544,0,,,,,,,,,,,,,,,487.2637,178.4194,458.6070,178.5517,484.0116,191.2055,456.2762,188.9420,478.3085,190.5286,466.2084,189.8575,478.1287,217.0955,465.2059,216.5438,476.3431,240.3490,466.4779,238.5838,,,,,,,457.3727,178.5317,487.5671,177.7463,460.4412,178.3755,488.2450,178.4324,454.7943,188.4103,482.9125,190.3857,455.9655,189.0599,486.4616,191.4487,462.8115,183.8909,476.9422,185.0930,473.0525,182.1425,479.6186,182.9375,463.1844,213.5337,480.6756,215.0468,469.2450,214.7171,473.5252,214.5537,464.1476,238.4586,478.8564,240.9028,467.4066,238.9955,474.5907,240.4230,459.1274,243.3863,478.3820,246.4058,460.5063,243.2966,473.6380,245.3584,461.0028,244.2566,470.7726,246.1496,478.7212,242.0839,468.5029,240.3159,,,475.6352,178.8644,,,,
73545,0,,,,,,,,,,,,,,,487.5897,178.5209,457.9946,179.1671,483.6738,191.6089,455.7937,189.5529,478.4926,190.8727,465.9949,190.4978,478.2405,217.4671,465.1938,217.1422,476.5309,240.1748,466.5132,238.6302,,,,,,,456.3200,178.5624,487.9367,177.7749,459.4786,178.9609,488.5080,178.5723,454.4668,188.9013,482.5044,190.7253,455.3475,189.6235,486.0870,191.9097,462.5797,184.8314,477.0803,185.3907,472.8558,182.5702,479.5957,183.1840,463.2259,214.1779,480.7564,215.4341,469.1775,215.4937,473.4028,215.1099,464.2697,238.4692,479.1042,240.6957,467.5061,239.0017,474.7247,240.3078,459.4078,243.2886,478.7177,246.0620,460.5033,243.1461,473.9615,244.9795,461.1135,244.1929,471.1685,245.7337,478.8082,241.9169,468.6922,240.1794,,,475.2419,179.0916,,,,
73546,0,,,,,,,,,,,,,,,487.7765,178.4462,459.0778,179.1095,483.9835,191.4933,456.5529,189.5320,478.5064,190.7933,466.1720,190.6392,478.0053,217.5372,465.1311,217.2317,476.3924,240.0612,466.8308,238.3661,,,,,,,457.4978,178.5114,488.1542,177.7337,461.0325,178.9120,488.6597,178.4965,455.1665,188.8525,482.8700,190.6176,456.2337,189.5621,486.4075,191.8139,463.1018,184.7464,477.2000,185.2624,473.2907,182.5288,479.7353,183.1592,463.0086,214.1944,480.6617,215.4715,469.1230,215.5688,473.1570,215.1293,464.5492,238.2526,478.9116,240.6015,467.7998,238.7648,474.5780,240.1637,459.6790,243.0688,478.4531,245.9011,460.8285,242.9058,473.7992,244.7789,461.4699,243.9957,471.1893,245.4733,478.7198,241.8103,468.8755,239.9750,,,475.5622,179.0459,,,,
73547,0,,,,,,,,,,,,,,,487.6120,178.4890,458.4885,179.2233,483.9048,191.4714,456.2238,189.5714,478.7853,190.5885,466.2652,190.4104,478.1497,217.1704,465.3863,216.8774,476.5035,240.1388,466.7888,238.4577,,,,,,,457.0676,178.6235,488.2667,177.7755,460.4271,179.0330,488.2490,178.5150,454.7967,188.9629,482.9587,190.7268,455.8703,189.5677,486.2267,191.7539,463.2819,184.6049,477.7815,185.1794,473.2158,182.5452,479.7969,183.1794,463.3529,213.8828,480.6305,215.0584,469.5877,215.0002,473.6531,214.6752,464.4479,238.3748,478.9943,240.6450,467.6910,238.8743,474.7325,240.2379,459.5505,243.2079,478.7256,246.0871,460.7259,242.9853,474.2031,244.8718,461.3552,244.0303,471.5229,245.5986,478.6133,241.9837,468.6937,240.2563,,,475.5414,179.1358,,,,
73548,0,,,,,,,,,,,,,,,487.9204,178.3998,458.6411,178.5783,484.1602,191.1548,455.3518,189.6221,478.3035,190.4341,465.9436,190.6603,477.9382,217.2438,465.3611,216.6242,476.5960,239.9966,466.6741,238.3224,,,,,,,456.8231,178.6536,488.4395,177.7231,460.3148,178.3926,488.5609,178.4101,454.0406,189.0004,483.2751,190.3550,455.1119,189.6719,486.4227,191.4646,462.8539,184.7106,476.8607,184.9692,472.6924,182.3233,478.9510,183.0284,463.3139,213.5212,480.4960,215.1128,469.2964,214.9593,473.1689,214.7438,464.5025,238.1465,479.2067,240.4974,467.5816,238.7328,474.7580,240.1293,459.6985,242.7111,479.0017,245.7688,460.7702,242.4837,474.3653,244.6968,461.3586,243.5360,471.6453,245.4108,478.7605,241.8352,468.6852,240.0849,,,474.6125,178.8827,,,,
73549,0,,,,,,,,,,,,,,,487.7330,178.3983,458.6621,178.4169,484.4824,191.1888,455.4993,189.0838,478.7956,190.7018,466.1090,190.5944,478.0799,217.3863,465.5069,216.7299,476.5003,239.8701,466.6218,238.0614,,,,,,,457.1146,178.4700,488.2944,177.6918,460.3762,178.2757,488.4064,178.4289,454.0825,188.5458,483.4582,190.4214,455.2223,189.0847,486.9308,191.3837,462.8342,184.8035,477.5963,185.3651,473.4302,182.3731,480.0164,183.0258,463.4581,213.5837,480.7041,215.4257,469.5885,215.0338,473.3233,214.8735,464.3617,237.9211,479.0263,240.3851,467.5957,238.4698,474.7369,239.9980,459.6581,242.6783,478.5492,245.8246,460.9084,242.5539,473.9256,244.7102,461.5511,243.6268,471.2415,245.3652,478.8176,241.6613,468.6001,239.8427,,,475.6033,178.9508,,,,
73550,0,,,,,,,,,,,,,,,488.2827,178.3955,458.2339,178.3512,485.2866,191.3265,455.2025,188.7154,479.0881,190.4117,466.0173,190.5943,478.0195,217.3698,465.2721,216.7052,476.5026,240.0871,466.7358,238.2547,,,,,,,456.3771,178.4247,489.0963,177.5990,459.7507,178.2911,488.9546,178.3302,453.9836,188.2141,484.2593,190.6544,454.7845,188.8014,487.6944,191.4931,463.1287,184.6833,478.1240,185.3456,472.7413,182.1860,479.4905,182.9830,463.0368,213.7558,480.7913,215.4058,469.3305,215.2335,473.0580,215.0157,464.4924,238.1161,479.2002,240.6009,467.7082,238.6638,474.6582,240.2236,459.9088,242.7245,479.0870,245.7518,461.1654,242.5791,474.4112,244.6586,461.8981,243.6438,471.7280,245.3217,478.7405,241.9007,468.7853,239.9998,,,475.0438,178.7539,,,,
73551,0,,,,,,,,,,,,,,,488.8897,178.2759,458.1558,178.3539,486.2073,191.7823,454.6938,188.5620,478.1810,191.3168,465.6637,191.2158,478.2180,217.4936,465.4794,216.8609,476.5111,240.0803,466.9805,238.2829,,,,,,,456.0678,178.4331,489.7906,177.5911,459.8432,178.2924,489.9134,178.2830,453.4504,188.1954,485.3604,191.0587,454.3360,188.6278,488.3814,192.0472,463.0919,185.3184,476.9586,186.2621,472.4315,183.3000,479.1835,183.8922,463.5098,213.9621,480.8450,215.6769,469.3624,215.4617,473.3172,215.2957,464.6033,238.1951,478.9829,240.5734,467.9927,238.6912,474.6741,240.1515,460.1106,242.8906,478.6898,245.7799,461.2873,242.5965,474.1316,244.5874,461.8693,243.5410,471.7309,245.2150,478.6235,241.8075,468.9489,240.0863,,,474.9835,178.9927,476.6113,177.4976,,
73552,0,,,,,,,,,,,,,,,488.5134,178.3391,458.2936,178.4207,487.5054,191.3468,454.5642,188.4190,478.3111,190.9828,465.6219,191.1896,478.2452,217.8336,465.6829,217.0617,476.3105,240.2199,467.0957,238.2423,,,,,,,456.6198,178.5210,489.6738,177.6762,460.1784,178.3327,489.0361,178.3807,453.3348,188.0305,486.6865,190.6603,454.1526,188.3481,489.6160,191.6805,463.3394,185.0424,477.2778,185.9564,471.8439,183.2615,478.3961,183.8461,463.5348,214.1976,480.9153,215.9572,469.4139,215.6747,473.2981,215.6714,464.7178,238.0953,478.9543,240.6619,468.1527,238.6942,474.4660,240.3169,460.2999,242.8700,479.2064,245.8107,461.6463,242.6077,474.6096,244.8303,462.3061,243.6563,472.1337,245.5223,478.2333,241.8680,468.8668,239.8839,,,474.3979,178.9832,,,,
73553,0,,,,,,,,,,,,,,,487.8310,178.4071,458.0418,178.4558,487.8748,191.2375,454.5458,188.7478,477.7191,191.1218,465.3862,191.0957,478.1597,217.5003,465.6452,216.9900,477.0282,239.7413,466.7657,238.0397,,,,,,,456.3417,178.5354,488.9401,177.7119,459.7576,178.3889,487.8365,178.4301,453.4628,188.5515,487.4978,190.5991,454.1142,188.6304,489.6739,191.5290,463.2270,185.3091,476.8292,185.8314,470.9727,183.5430,477.1983,183.9572,463.5398,214.1463,480.7660,215.5199,469.6797,215.4416,473.3207,215.3972,464.4887,237.9613,479.5723,240.1650,467.8270,238.3750,475.1864,239.8605,460.5482,242.2811,479.9492,245.0495,461.9576,242.0652,475.6940,243.9969,462.6401,243.0274,472.7673,244.7505,478.5421,241.6725,468.5245,239.7501,,,473.5250,179.0914,,,,
73554,0,,,,,,,,,,,,,,,487.9328,178.3476,457.8993,178.3871,488.7095,191.1428,454.8526,188.4676,478.2513,190.6924,465.7228,190.5193,478.2907,217.5732,465.7905,216.8795,476.6284,239.8740,467.0856,238.1346,,,,,,,456.0940,178.4595,489.1662,177.6163,459.2347,178.4111,487.8183,178.4128,453.9834,188.2364,488.5528,190.6735,454.2506,188.4105,490.3989,191.3835,464.0559,184.6563,477.7128,185.3460,471.4303,183.0697,477.6468,183.5130,463.5222,214.0422,481.1325,215.7249,469.7742,215.3800,473.2292,215.3914,464.8899,238.0581,479.3677,240.2635,468.1769,238.5383,474.7395,240.0275,460.9407,242.3848,479.5597,245.2862,462.3342,242.0974,475.0023,244.3123,462.9658,243.0113,472.5012,244.9715,478.4118,241.5696,468.9425,239.8919,,,474.1868,178.9160,,,,
73555,0,,,,,,,,,,,,,,,487.9860,178.2185,458.0450,178.3659,489.4209,190.7928,454.2764,188.3315,477.5869,191.0580,465.7466,190.3003,478.1495,217.6902,466.0326,216.6137,476.1335,240.0568,467.0434,238.6025,,,,,,,456.2418,178.5298,489.7686,177.0245,459.2210,178.4101,487.7612,178.2680,453.4365,188.0039,489.7281,190.3696,453.8640,188.2098,490.8069,191.0967,464.2481,184.6110,476.2855,185.5204,471.4817,183.3604,476.1210,184.0025,463.6352,213.8612,481.1736,215.8804,470.0278,215.2971,473.0224,215.4491,465.1069,238.4878,478.8776,240.3673,468.1488,238.9819,474.4798,240.1176,460.9562,242.5021,479.2016,245.1390,462.4123,242.0858,475.0740,244.0739,463.0621,242.8683,472.7579,244.6255,477.5295,241.8155,468.9642,240.3430,,,474.0031,178.8680,475.1961,177.6501,,
73556,0,,,,,,,,,,,,,,,487.7473,178.3223,458.7450,178.3052,490.0047,190.6038,454.2215,188.5666,477.2061,191.0007,465.7242,190.4075,478.1739,217.7433,465.7847,216.6342,476.2561,239.9031,467.0445,238.4258,,,,,,,456.7754,178.4464,488.7974,177.5361,459.9101,178.3525,486.9457,178.4468,453.1395,188.0653,490.4157,190.1502,453.8611,188.4454,491.4091,190.7473,463.7339,184.8573,476.4149,185.1227,471.5070,183.3380,476.5050,183.9689,463.2213,213.9901,481.0240,215.9926,469.9726,215.2510,473.1844,215.3790,465.1767,238.3600,478.9780,240.1829,468.0715,238.8130,474.5989,239.9758,460.6993,242.3917,479.3024,244.8590,462.0862,241.9190,475.1888,243.8644,462.6967,242.6267,472.5698,244.4019,477.8853,241.7201,469.0198,240.1240,,,474.1198,178.8097,475.0737,177.5993,,
73557,0,,,,,,,,,,,,,,,487.4391,178.1386,459.2360,178.4270,490.1168,188.9518,453.6939,188.1068,477.0876,190.4785,465.9377,190.1493,478.4078,217.3451,465.7966,216.3793,476.0833,240.1646,467.3127,238.5747,,,,,,,457.3601,178.4980,488.6501,177.1864,460.7376,178.4508,486.2366,178.1915,452.6337,187.5701,491.2472,188.6225,453.6029,188.0788,491.2817,189.2496,463.8185,184.1562,476.2801,184.3619,472.3667,182.7128,476.0413,183.3683,463.0252,213.8501,481.3569,215.3259,469.9866,214.9910,473.1462,215.0851,465.4437,238.5508,478.8200,240.4615,468.2615,238.9356,474.4084,240.1764,460.8379,242.6463,479.0794,245.1900,462.3893,242.1051,475.2050,244.1285,463.0400,242.7722,472.6864,244.6043,477.7285,241.9667,469.3174,240.3100,,,474.2903,178.6517,,,,
73558,0,,,,,,,,,,,,,,,487.1828,177.9771,458.4792,178.4937,491.0347,189.6804,490.3788,187.3721,472.4801,191.0822,466.4254,190.8634,478.2024,217.7813,466.1892,216.8241,475.9727,240.3104,468.1339,238.7367,,,,,,,487.6530,177.2286,452.8866,178.5842,459.7065,178.8670,485.7730,178.2196,490.4188,186.9770,492.3490,189.2669,491.1642,187.4970,491.4708,189.9663,463.9359,185.3470,472.3819,185.9276,473.2567,183.8482,474.0592,184.3469,463.5655,214.3092,481.4211,215.7361,470.6981,215.3911,472.9160,215.5102,465.9427,238.5704,478.8255,240.6014,469.0986,239.1610,474.3314,240.3563,460.5174,242.7966,479.3592,245.4756,462.2339,242.2918,475.3648,244.4727,463.1139,243.0093,472.9378,244.8149,477.6392,242.0045,470.2931,240.6014,,,473.9312,179.5631,475.0616,177.6859,,
73559,0,,,,,,,,,,,,,,,487.3637,177.9099,459.0525,178.4852,490.8605,188.8430,452.7834,188.6764,477.3697,191.0720,465.7202,191.1046,478.2727,217.6077,465.7654,217.0479,476.6068,239.7404,466.9255,238.4244,,,,,,,456.3629,178.5555,489.6882,177.1001,460.1595,178.3616,485.7996,178.0879,451.7281,188.1954,492.3311,188.5565,452.5017,188.6646,491.5910,189.1730,464.2459,185.4712,476.7812,185.5870,471.3761,184.0808,476.4252,184.3589,463.1962,214.3483,480.9699,215.5636,470.3662,215.4259,473.7305,215.4117,465.0671,238.2899,479.3688,239.9545,467.8280,238.8068,474.9907,239.9017,460.8102,242.4524,479.7123,244.8856,462.0602,242.1104,475.8691,243.9486,462.8269,242.9291,473.3109,244.4994,478.4111,241.3931,468.8691,239.8545,,,473.8824,179.6605,475.0456,177.6866,,
73560,0,,,,,,,,,,,,,,,487.6825,178.0969,459.0047,178.5249,491.9477,188.8627,452.9676,188.5740,476.2131,191.0444,466.1694,190.7744,477.9644,217.7671,466.3381,217.1548,476.2522,240.0886,467.3062,238.6580,,,,,,,457.3088,178.5638,489.3642,177.1729,460.4692,179.0502,486.0432,178.2776,452.0508,188.1282,493.3502,188.5625,452.7115,188.5049,492.4783,189.3719,464.5403,185.0106,475.0551,185.3460,472.8150,183.8006,475.6746,184.2686,463.5025,214.4409,480.8869,215.6228,470.6515,215.2773,473.3745,215.2870,465.3519,238.5903,478.9619,240.3536,468.1212,239.0416,474.7169,240.2030,460.6208,242.9445,479.1987,245.4258,462.0067,242.5825,475.3370,244.3933,462.9019,243.3243,472.7465,244.9433,478.2595,241.8445,469.2902,240.1790,,,474.4951,178.7509,475.7940,177.7164,,
73561,0,,,,,,,,,,,,,,,456.7090,179.1211,489.2861,177.2617,451.9385,190.4595,491.4063,186.7651,469.0538,190.4792,476.0252,190.0896,477.9265,216.8577,466.9479,216.4075,476.2396,239.7745,467.9400,238.4864,,,,,,,488.6291,177.2654,455.0289,178.6298,489.3285,177.3419,457.2215,179.2488,491.0009,186.3601,451.6587,189.8859,492.1747,186.8614,451.5755,190.4560,477.3388,184.8149,468.4165,184.8486,475.0652,183.0769,473.7320,183.7491,463.6733,213.7297,480.5213,214.8025,471.0374,214.8119,472.9812,214.8101,465.5598,238.4411,479.4142,240.0843,468.8391,238.8007,474.5840,239.7894,460.8213,242.5385,479.2356,245.0692,462.1201,242.1676,475.2425,243.9162,462.8766,242.7886,472.5015,244.2712,478.6990,241.4797,470.0399,239.8919,,,474.1279,179.1512,,,,
73562,0,,,,,,,,,,,,,,,487.7338,178.0591,459.1727,178.5266,492.2214,189.2411,452.2236,188.6751,476.1178,191.0804,466.3154,190.3498,478.0799,217.8774,466.1090,216.9576,476.2431,240.3933,467.5272,238.7524,,,,,,,457.4901,178.5760,,,460.4897,178.5963,486.4812,178.2888,451.4735,188.1738,493.6344,188.7773,452.2098,188.6863,492.4306,189.7153,464.4698,184.9106,474.4794,185.2963,473.4344,183.6595,475.9585,184.2954,463.6302,214.1791,480.8503,215.8792,470.5017,215.2120,473.4391,215.4337,465.5878,238.5937,478.9871,240.6389,468.3836,239.1501,474.6659,240.5057,460.6789,242.7538,478.9556,245.6936,461.9450,242.4169,475.2227,244.5490,462.6645,243.1429,472.6537,245.0006,478.4714,242.2490,469.7414,240.3172,,,475.3976,178.6126,476.9158,177.7129,,
73563,0,,,,,,,,,,,,,,,488.7876,177.9037,458.9034,178.3919,492.4936,188.8145,452.5097,188.3975,477.4061,190.6498,466.2363,190.2283,478.5222,217.3188,465.8158,216.4653,476.5924,240.1387,467.2859,238.3451,,,,,,,456.7092,178.4665,489.9736,176.9400,460.2181,178.4136,487.5213,178.1293,451.3726,187.7512,493.6781,188.4266,452.4414,188.2588,493.3742,189.3755,464.7719,184.7441,476.3680,184.8408,472.4369,183.2141,476.8162,183.6962,463.5391,213.7424,481.1787,215.3785,470.1561,214.9804,473.9093,215.0809,465.5972,238.1229,479.3437,240.4562,468.1122,238.7828,474.9716,240.2744,461.0222,242.1507,479.4016,245.4341,462.0805,241.9086,475.4758,244.3620,462.6996,242.8503,472.9424,244.8954,478.5832,241.8971,469.2295,239.9093,,,475.0004,179.2258,476.2049,177.5798,,
73564,0,,,,,,,,,,,,,,,456.6314,179.4179,488.6372,177.1433,452.1011,191.2322,492.0511,186.1947,476.4657,191.4403,472.0078,190.4714,478.2615,217.4930,466.5443,216.7484,476.1378,240.0426,467.6682,238.6508,,,,,,,488.5047,177.1437,,,488.0840,177.1822,485.5887,178.4899,491.6399,185.7756,451.7172,190.5419,492.7672,186.2555,451.4387,191.3799,464.5548,185.1813,474.3066,185.4279,473.8328,183.5631,474.8736,184.3854,463.6536,214.0096,480.8582,215.4983,470.9243,215.0285,473.3823,215.2010,465.2366,238.6067,479.3908,240.3517,468.5854,238.9913,474.5268,240.1438,460.8680,242.7795,479.5989,245.3458,462.1440,242.4432,475.5978,244.1934,462.8347,243.0917,473.0285,244.5422,478.2453,241.7084,469.6057,239.9226,,,474.0239,179.4391,474.2555,177.6922,,
73565,0,,,,,,,,,,,,,,,,,458.8571,178.3594,492.3370,189.6401,454.7698,187.1972,476.1318,189.8900,466.5728,189.7256,478.6868,217.3736,466.2609,216.4652,476.0435,240.5806,467.9668,238.7101,,,,,,,,,,,461.5007,178.3452,,,453.6615,186.7194,493.1879,189.1564,454.7121,187.1951,452.1159,190.7900,464.0893,183.5552,475.3081,183.7573,473.1867,182.1152,476.4106,182.6149,463.7070,213.8342,481.5130,215.4442,470.5859,214.9049,473.3893,215.0243,466.0385,238.6444,478.8487,240.9884,468.9521,239.1509,474.4862,240.7383,460.8251,242.8572,478.9702,245.9809,462.5631,242.3725,474.8100,244.8783,463.3407,243.0575,472.4576,245.2574,478.0003,242.3821,470.0427,240.5077,,,474.7032,178.7053,,,,
73566,0,,,,,,,,,,,,,,,456.3982,180.0885,490.9734,177.1676,454.8260,191.0925,490.8752,187.7828,467.2900,190.9410,478.6154,189.6925,465.9867,217.8634,477.9820,215.8379,472.9013,240.1864,473.4164,239.0018,,,,,,,491.7484,177.1566,,,491.2632,177.1734,457.1531,180.3928,490.7166,187.3567,454.4823,190.4862,492.3675,187.6755,453.4067,191.2718,478.2515,184.0145,466.8123,185.0805,477.5943,182.3907,472.8331,184.0057,482.0286,212.8353,462.6296,215.8528,472.9310,214.7036,471.5462,215.0170,476.2280,239.0786,477.9922,240.6727,472.0778,239.3726,472.0873,240.1887,478.3767,242.9075,479.0102,245.9055,475.1679,241.9524,462.8835,243.3796,465.6791,242.7354,463.4964,243.4975,473.5226,242.1629,474.7367,241.2664,,,475.5102,178.9323,,,,
73567,0,,,,,,,,,,,,,,,456.3607,179.9580,491.4874,177.2238,456.5357,190.7145,489.8794,188.0221,467.3798,190.9942,479.1048,189.1721,466.0650,218.1079,478.3478,215.7520,469.3506,240.3861,474.2878,239.3915,,,,,,,492.0208,177.2152,,,492.0495,177.2228,,,489.3614,187.6657,456.2869,190.1591,491.5645,187.9828,455.4096,191.0502,478.8734,183.3323,466.5303,184.8154,478.4893,182.3435,472.7904,183.8332,481.4208,212.8336,463.2850,216.2424,473.7005,214.4559,470.9275,215.0631,477.4768,239.2963,466.5804,240.9510,473.0078,239.7297,470.5101,240.4149,478.1232,242.9664,461.8825,245.3599,474.9523,242.1265,462.6771,243.2740,471.0641,242.2213,463.0715,243.1415,471.2816,242.4795,475.6784,241.6868,,,475.7703,179.0348,,,,
73568,0,,,,,,,,,,,,,,,491.3086,178.6641,459.7414,178.6117,489.1141,191.1516,457.2900,188.1194,479.9661,190.4086,467.1320,190.0013,478.6817,217.6932,465.3688,217.0302,476.5897,240.3216,467.0911,238.7337,,,,,,,456.7284,178.7373,492.2231,177.7944,461.5104,178.5413,491.7852,178.9100,456.1106,188.0246,488.3446,190.4751,456.8527,188.0449,490.9497,191.4664,464.5904,184.0372,478.9784,184.6413,473.6314,182.7846,480.0683,183.3312,462.9930,214.0890,481.3690,215.6517,469.7597,215.3649,473.8449,215.3322,465.4747,238.4832,479.3860,240.6933,467.9125,239.2256,474.9988,240.5250,460.4620,242.8107,479.1757,245.8110,461.4498,242.4671,475.0890,244.8355,462.1330,243.2952,472.3758,245.3717,478.8261,241.9309,469.3642,240.3857,,,476.3015,179.1992,,,,
73569,0,,,,,,,,,,,,,,,490.8394,179.1238,459.5112,178.6770,488.1727,191.4009,457.5732,188.8052,480.0854,191.1280,466.9642,190.2466,478.7756,217.7301,465.7595,216.5822,476.2918,240.6327,466.8784,238.5069,,,,,,,457.6943,178.7877,491.3330,178.2400,460.8555,178.6628,491.5956,179.2247,456.2807,188.6806,486.9414,190.6834,457.1128,188.7673,490.2797,191.7735,464.5137,184.0830,478.9607,185.1912,474.1828,182.7880,480.7954,183.5403,463.6322,213.7612,481.4778,215.9704,469.9350,215.2490,473.6052,215.4954,465.1008,238.3323,479.3226,240.9584,467.7796,238.9983,474.5657,240.7919,460.2515,242.6719,479.3734,246.3109,461.1761,242.4359,474.7834,245.4273,461.7536,243.4054,472.1295,246.0542,478.4251,242.0751,469.3688,240.0070,,,476.4192,179.4730,,,,
73571,0,,,,,,,,,,,,,,,490.2384,179.0918,461.0482,178.5822,485.2118,192.6014,459.4196,189.2990,480.4514,191.5036,467.7576,190.8506,478.5047,217.8930,465.8821,216.7968,476.2555,240.9398,467.1573,238.6605,,,,,,,459.6574,178.5852,490.2554,178.3068,462.5522,178.4654,491.1704,179.2232,458.1556,188.7478,483.8942,191.9446,459.0273,189.2870,487.2801,193.0403,464.8019,184.5668,478.6411,185.8079,474.8843,183.4749,481.4929,184.4137,463.7504,213.6505,481.3294,215.8557,469.8423,215.1547,473.9972,215.2310,465.5428,238.3147,479.2080,241.4159,467.9157,239.1533,474.6459,241.0848,460.4445,242.9130,478.9462,246.6763,461.0581,242.7537,474.5539,245.5506,461.5957,243.7105,471.5329,246.0666,478.9463,242.6693,469.5145,240.2285,,,477.2760,179.6923,,,,
73572,0,,,,,,,,,,,,,,,489.7213,179.1672,460.8433,179.3317,484.7104,192.7803,459.7193,189.6685,480.1496,191.9063,467.7545,190.9154,478.6502,218.1420,465.7860,216.7127,476.1009,240.8233,466.6882,238.4033,,,,,,,459.5018,178.6897,489.5970,178.3389,462.6634,178.5683,491.0245,179.2225,458.3601,189.1123,483.2198,192.0267,459.4509,189.6445,487.0451,193.0697,464.7694,184.8545,478.0936,185.8194,475.2114,183.5250,481.9731,184.5168,463.8371,213.6589,481.2765,216.3872,469.4672,215.5652,473.8837,215.7396,465.0782,238.1760,478.9603,241.2852,467.4242,238.9661,474.4060,241.0432,459.9558,242.7707,478.6942,246.5610,460.7424,242.6305,474.1748,245.6466,461.2653,243.6695,471.3949,246.3265,478.7041,242.4758,469.3908,240.0126,,,478.0539,179.7138,,,,
73573,0,,,,,,,,,,,,,,,489.1773,179.1712,460.8823,179.4503,484.4382,192.3543,459.4135,188.8549,479.9683,191.6328,468.0367,190.3805,478.3641,217.8326,465.8160,216.3558,476.4383,240.4494,466.9408,238.3960,,,,,,,459.3821,178.7370,488.7261,178.3546,463.8108,178.5136,490.5536,179.1962,457.8057,188.4312,482.8820,191.6545,459.1402,188.9977,486.7545,192.5770,464.7813,184.3003,477.7307,185.5880,475.6019,183.5764,482.0968,184.3231,463.9812,213.3481,480.9151,216.0774,469.3320,215.3199,473.5569,215.4635,465.1892,238.1427,479.2010,240.9079,467.6803,238.9187,474.6014,240.6124,459.9876,242.5715,478.5989,246.2890,460.5889,242.3940,473.9644,245.4292,460.9655,243.3888,471.2733,246.2096,478.8662,242.0248,469.4731,240.0454,,,478.4644,179.7160,,,,
73574,0,,,,,,,,,,,,,,,488.6572,179.2475,461.0287,179.6296,484.5012,192.0350,459.8184,189.2486,480.0570,192.1309,467.6212,191.1361,478.6724,217.8671,465.8177,216.9647,476.5742,240.6797,466.6294,238.6205,,,,,,,459.1371,178.7915,488.5778,178.4637,464.7181,179.1234,490.0090,179.2814,458.3236,188.8045,483.2669,191.3660,459.3021,189.4598,486.7765,192.2177,464.5457,185.2291,478.2381,186.2112,475.1268,184.1409,481.7294,184.8945,464.0029,214.0623,481.2848,216.0853,469.4462,215.8474,473.8516,215.6184,464.6452,238.4083,479.2778,241.2598,467.4593,239.1047,474.7045,240.8390,459.7122,242.9487,478.8666,246.6246,460.4166,242.7540,474.2114,245.5130,460.7908,243.7469,471.4357,246.2522,478.7559,242.5054,468.9405,240.2900,,,477.9440,179.9072,,,,
73577,0,,,,,,,,,,,,,,,489.4398,179.1436,459.9258,178.4637,484.3474,192.5875,459.2560,189.5419,479.3759,192.2310,466.5141,191.1218,478.3152,217.5549,465.5031,216.6255,476.5224,240.4132,466.3084,238.6904,,,,,,,458.4841,178.5288,489.9184,178.2326,461.9588,178.3858,490.0324,179.2493,458.0296,189.1777,483.3556,191.8140,458.7946,189.4837,486.4197,192.9846,464.2614,185.0411,478.7863,186.4016,473.8987,183.6986,480.7506,184.6992,463.2167,213.5356,481.0931,215.7285,469.7420,215.0183,473.4388,215.1224,464.4934,238.5712,479.2556,240.8896,467.2075,239.2269,474.7045,240.6381,459.7538,243.0030,478.8097,245.9964,460.6423,242.8338,474.4089,245.2770,461.2930,243.9623,471.6366,246.1133,478.6676,242.0629,468.8313,240.4951,,,476.8346,179.5072,478.9506,177.6121,,
73578,0,,,,,,,,,,,,,,,489.7093,179.1876,460.5235,178.4877,484.8174,192.6251,458.3361,189.3014,479.5238,191.8595,466.9309,191.0619,478.5519,217.6655,465.6494,216.6414,476.1592,240.8009,466.7699,238.7894,,,,,,,459.2429,178.5789,489.9585,178.2815,462.0295,178.4284,490.3385,179.2862,456.7913,188.8752,483.8065,191.8566,457.9819,189.3377,486.7153,193.1655,464.8242,185.0001,478.4694,186.1525,474.0882,183.3942,480.4746,184.4656,463.4074,213.5601,481.2205,215.8772,469.6306,215.1473,473.8793,215.2297,465.1188,238.6385,478.9331,241.2923,467.5545,239.2868,474.5205,240.9773,460.2207,242.9520,478.3866,246.2218,460.9756,242.6776,474.2037,245.4042,461.5761,243.6769,471.3191,246.0361,478.6899,242.6708,469.2139,240.5065,,,476.5852,179.5484,,,,
73579,0,,,,,,,,,,,,,,,489.4300,179.2479,459.7862,178.6104,485.2211,192.7136,457.3101,189.3292,479.2442,192.1985,466.3717,191.1474,478.1393,217.8954,465.6065,216.9020,476.6163,240.3915,466.4563,238.7113,,,,,,,458.5782,178.6907,489.5556,178.3812,461.2277,178.5649,490.1980,179.3273,455.9770,188.9549,484.2097,191.9323,456.7960,189.2691,487.4174,193.0488,464.2546,184.9371,478.4720,186.3712,474.0037,183.3597,480.7742,184.6292,463.3130,213.9272,480.9391,216.1977,469.8369,215.3669,473.2335,215.5500,464.6612,238.5850,479.3303,240.8954,467.4331,239.2212,474.7945,240.5416,459.9417,242.9216,478.7191,245.9590,460.7981,242.7677,474.1739,245.1843,461.3491,243.8300,471.4057,245.9168,478.7985,242.1018,468.9241,240.5024,,,476.8379,179.6210,,,,
73580,0,,,,,,,,,,,,,,,489.4431,179.0442,459.6624,178.6362,485.4400,192.4869,456.5695,189.1998,478.9801,192.0171,466.1216,191.0301,478.3404,217.8788,465.4586,217.0987,476.4137,240.6363,466.4962,238.5965,,,,,,,457.9327,178.7274,489.9557,178.1418,460.9368,178.6455,489.9918,179.1552,455.3972,188.8996,484.5102,191.7188,455.8865,189.0890,487.8017,192.7482,463.8809,184.8596,478.2144,186.0822,473.4756,183.1638,479.9920,184.4225,463.2602,214.2448,481.1593,216.1265,469.7839,215.6012,473.3837,215.7032,464.6351,238.4471,479.2961,241.1136,467.4624,239.1274,474.5595,240.8758,459.8992,242.8313,479.0857,246.1385,460.9127,242.6875,474.4972,245.3791,461.5690,243.8008,471.7201,246.1088,478.5205,242.4717,468.8254,240.3408,,,476.1069,179.3533,,,,
73581,0,,,,,,,,,,,,,,,489.4529,178.9465,459.9455,178.6755,485.5513,192.4979,456.6896,188.6733,479.1636,192.1319,466.1404,191.2169,478.1603,217.9540,465.3659,217.0412,476.4916,240.5431,466.7148,238.5588,,,,,,,458.4920,178.7750,490.0146,178.0878,461.5379,178.5962,489.9825,179.0518,455.5387,188.3916,484.5872,191.6825,456.0821,188.6045,487.8729,192.7880,464.0603,185.1454,478.4249,186.3530,473.7165,183.6866,480.5120,184.6442,463.1790,214.2038,481.0288,216.1833,469.6059,215.6015,473.2557,215.6164,464.9128,238.3941,479.2848,240.9991,467.6691,239.0975,474.6844,240.7333,460.0294,242.6781,478.8977,245.9858,461.0237,242.5616,474.2643,245.2145,461.6559,243.6787,471.4623,245.9953,478.7752,242.2548,469.1490,240.3016,,,476.5895,179.3079,478.7519,177.8324,,
73582,0,,,,,,,,,,,,,,,489.1483,178.9048,459.8357,178.7198,485.4491,192.2057,456.3039,188.8622,479.0877,191.9335,466.0490,191.0987,478.1508,218.0830,465.4832,217.2153,476.4650,240.8655,466.6096,238.8036,,,,,,,458.3861,178.8262,489.8284,178.1096,461.2708,178.6544,489.6368,179.0212,455.1310,188.4243,484.4980,191.5302,455.7970,188.8332,487.8236,192.3834,464.0332,184.9417,478.5157,185.9774,473.4805,183.2095,480.1076,184.3355,463.2313,214.2455,480.9679,216.2174,469.7783,215.6478,473.1867,215.7439,464.7165,238.6603,479.2627,241.3891,467.5480,239.3667,474.6201,241.0840,459.7311,243.0721,478.7968,246.5142,460.7979,242.8878,474.3475,245.6787,461.4764,244.0049,471.5345,246.4043,478.4890,242.7030,468.9787,240.5475,,,476.1392,179.2736,,,,
73583,0,,,,,,,,,,,,,,,488.9253,178.7990,460.1537,178.7398,485.8846,191.3366,456.7412,188.4619,479.0325,191.5921,466.1005,191.0311,478.0272,217.8998,465.5294,216.9927,476.7043,240.6618,466.5102,238.5981,,,,,,,458.8368,178.8004,489.4607,178.0641,461.8854,178.6718,489.2852,178.8502,455.3990,187.9734,484.8923,190.6618,456.5373,188.4887,488.1597,191.4460,464.2479,184.6909,477.9705,185.5443,473.5263,182.8839,479.7470,183.8890,463.2895,213.8593,480.7163,215.9383,469.7177,215.3214,473.1936,215.4688,464.7128,238.4393,479.3463,241.1748,467.3804,239.1607,474.9125,240.8780,459.6956,242.8742,478.6580,246.3874,460.6091,242.7611,474.1660,245.6380,461.2106,243.9318,471.3229,246.4781,478.6626,242.5112,468.9961,240.3953,,,475.9604,179.1942,,,,
73584,0,,,,,,,,,,,,,,,488.9165,178.5120,459.9801,178.6293,485.0193,191.4550,456.8338,188.3431,479.0498,191.4140,466.3053,190.8018,478.0014,217.7286,465.4863,216.8293,477.0371,240.2032,466.5348,238.4507,,,,,,,458.8877,178.6592,489.6748,177.8287,461.8598,178.5735,489.3596,178.5475,455.5072,187.9731,484.1660,190.6619,456.7897,188.3701,487.1202,191.7099,464.6650,184.5755,478.5001,185.6598,474.0659,182.6769,480.5331,183.8480,463.2350,213.6387,480.7185,215.6425,469.5429,215.1600,473.2393,215.1969,464.7102,238.3048,479.5681,240.7519,467.4458,239.0009,475.2101,240.4417,459.8893,242.6711,478.9242,246.0162,460.7966,242.5241,474.3124,245.2100,461.3462,243.6182,471.6741,245.9099,479.2027,241.9385,468.9486,240.2133,,,476.7887,179.0699,,,,
73585,0,,,,,,,,,,,,,,,488.6408,178.5856,459.5247,178.6195,484.8638,191.1931,456.3491,188.2436,478.9228,191.2570,466.3020,190.7959,478.1721,217.8509,465.3511,216.8606,476.7079,240.4825,466.7090,238.4253,,,,,,,458.2186,178.7129,489.0696,177.8746,461.3722,178.5662,489.1563,178.6726,455.0381,187.9142,483.8602,190.3885,455.9912,188.2673,487.1236,191.4058,464.7643,184.4225,478.3837,185.7100,473.7940,182.6641,480.0394,183.9789,463.0906,213.6901,480.8946,215.8448,469.5184,215.2642,473.2314,215.3624,464.8676,238.2675,479.4345,241.0358,467.6198,238.9863,474.8917,240.6796,459.9466,242.7037,478.9594,246.3064,460.8114,242.6301,474.3964,245.4799,461.3368,243.7645,471.6307,246.1469,478.9084,242.2295,469.0542,240.1760,,,476.4501,179.2051,,,,
73586,0,,,,,,,,,,,,,,,488.2707,178.9718,459.7872,178.7537,484.3670,191.3622,456.6463,188.4721,479.0515,191.0861,466.6652,190.6435,478.0130,217.6604,465.3776,216.9309,476.7268,240.2930,466.6658,238.5367,,,,,,,458.5745,178.7656,488.4564,178.1725,461.9909,178.7232,489.1386,179.0829,455.2006,188.0270,483.0741,190.5304,456.5473,188.5670,486.8028,191.5559,464.2507,184.6713,477.7236,185.6129,474.2536,182.8133,480.6350,183.8292,463.3081,213.7178,480.6696,215.7472,469.2071,215.3095,473.3000,215.1435,464.7642,238.3273,479.2881,240.8583,467.4970,239.0861,474.8878,240.5415,459.7418,242.7067,478.6150,246.1920,460.6766,242.5660,473.9034,245.3396,461.1688,243.6764,471.2047,246.0269,479.0458,242.0617,468.9471,240.2722,,,476.6139,179.4645,,,,
73587,0,,,,,,,,,,,,,,,488.4097,178.7969,459.2397,178.8072,483.5932,191.7929,456.5473,188.9571,478.8476,190.9842,466.6087,190.1250,478.0669,218.0084,465.3318,217.1927,476.6242,240.3870,466.7803,238.5353,,,,,,,457.9325,178.7930,488.6955,178.1090,461.1134,178.6349,489.1404,178.8949,455.1359,188.4834,482.3172,190.8775,456.2029,189.0503,485.6621,192.2441,464.0665,184.1125,477.9454,185.2028,473.4219,182.4361,480.0354,183.5652,463.2987,214.2008,480.7640,216.1094,469.0991,215.7615,473.2344,215.6396,464.8482,238.3404,479.1967,240.8615,467.6237,239.0688,474.7700,240.5673,459.8956,242.6600,478.6318,246.2112,460.7963,242.3667,474.1344,245.3930,461.1775,243.3703,471.5279,246.1032,478.8146,242.1209,468.9862,240.2468,,,475.9628,179.5470,,,,
73588,0,,,,,,,,,,,,,,,487.6694,178.8787,459.4074,179.4932,482.3967,191.0607,457.2561,189.5679,478.3206,190.9975,466.5749,190.5164,478.1579,217.9869,465.3758,217.0857,476.4804,240.7645,466.3881,238.7335,,,,,,,457.7449,178.9143,487.7995,178.2124,461.1511,178.7454,488.5526,179.0000,455.7566,189.1594,481.3945,190.2514,457.1407,189.7380,484.3102,191.4084,463.4716,184.6349,476.9946,185.2351,472.8517,182.8137,479.1754,183.7278,463.4198,213.9612,480.8528,216.0451,469.2288,215.4015,473.6854,215.3613,464.4249,238.5059,478.9432,241.3631,467.1955,239.2453,474.7270,240.9206,459.4804,242.8478,478.1443,246.5437,460.1368,242.6146,473.6680,245.6325,460.4584,243.5711,471.0311,246.2806,478.8867,242.7167,468.7230,240.6713,,,474.9443,179.6274,,,,
73589,0,,,,,,,,,,,,,,,487.8796,179.0374,458.7849,179.4599,481.6050,191.4606,456.1658,189.4607,478.5421,191.3778,466.3615,191.2020,477.9983,217.4830,465.2642,216.9209,476.7557,240.1049,466.4593,238.3574,,,,,,,457.1670,178.8991,488.2151,178.1763,460.1296,178.6680,488.8199,179.2387,454.9415,188.8146,480.7811,190.5484,455.6908,189.6134,483.3248,191.9819,463.5463,185.1676,477.6834,185.9738,473.1218,183.0099,479.7247,184.0777,463.1849,213.8153,480.6400,215.5570,469.2480,215.3256,473.2842,215.1417,464.5469,238.1284,479.2290,240.7021,467.3050,238.7601,474.9451,240.1777,459.9080,242.3654,478.8577,245.8027,460.8571,242.0698,474.2878,244.5371,461.2683,242.9743,471.7908,245.1108,478.8566,242.0523,468.6946,240.1370,,,475.7363,179.5604,,,,
73590,0,,,,,,,,,,,,,,,486.8539,179.1131,458.3436,179.5749,480.8029,191.2661,455.3257,189.3376,478.0039,191.5966,465.7844,191.0607,478.0645,217.4993,465.4711,217.1573,477.0688,240.0950,466.4477,238.3236,,,,,,,456.7951,178.8569,487.4722,178.2179,459.6563,179.4415,487.5265,179.3064,454.2426,188.7394,479.8891,190.3577,454.5669,189.4893,482.4439,191.8761,463.1393,184.9007,476.8830,186.0930,472.3791,182.9483,478.8065,184.0522,463.3384,213.9713,480.6369,215.5146,469.4979,215.2331,473.6413,215.0916,464.3550,238.1589,479.5521,240.7086,467.3605,238.7254,475.3322,240.1581,459.8840,242.6047,479.0318,245.9230,461.0130,242.3244,474.4993,244.5991,461.5551,243.2372,471.8582,245.2328,479.2630,242.0118,468.6372,240.1695,,,474.8458,179.6805,,,,
73591,0,,,,,,,,,,,,,,,486.9928,179.0109,459.1187,179.6276,480.6735,191.0753,456.1488,189.5151,478.0677,191.3819,466.0495,190.8888,478.0949,217.3892,465.4142,216.7327,476.5568,240.6362,466.5700,238.5383,,,,,,,457.6134,178.6633,487.5090,178.1047,460.7206,179.5905,487.8955,179.2052,455.1241,188.9137,479.6832,190.1269,455.5750,189.7519,482.3699,191.6685,463.0596,184.7576,476.6031,185.6953,472.5897,183.0773,479.1264,183.7878,463.4957,213.6213,480.6707,215.4216,469.2865,215.0560,473.5645,215.0653,464.5646,238.3558,479.0520,241.2637,467.4007,238.9876,474.8311,240.7142,459.8346,242.8851,478.1692,246.4257,460.6189,242.7835,473.6578,245.3239,461.1450,243.8583,471.1542,245.9783,479.0944,242.4416,468.9600,240.2331,,,474.7517,179.6501,,,,
73592,0,,,,,,,,,,,,,,,486.5796,179.1039,458.2236,179.8341,480.5312,191.0353,456.1980,189.8510,477.7732,191.1554,465.7262,190.8026,477.7027,217.4987,465.3860,216.9572,476.6622,240.3103,466.5512,238.3224,,,,,,,456.4900,178.8570,486.8234,178.2211,459.4056,179.8778,487.5391,179.2710,455.2676,189.3580,479.5378,190.1491,455.4239,190.1261,482.1834,191.6140,462.6645,184.9167,476.3748,185.6492,472.1912,182.8089,478.7361,183.5413,463.2716,213.8258,480.2642,215.4960,469.3057,215.1156,473.2571,215.1061,464.4156,238.1775,479.0643,240.9052,467.4468,238.7809,474.8955,240.4357,459.7003,242.7188,478.4730,246.0717,460.7715,242.4830,473.8228,244.9827,461.4234,243.5401,471.2569,245.7070,478.8688,242.2175,468.7888,240.2609,,,474.4492,179.7282,,,,
73593,0,,,,,,,,,,,,,,,486.4536,179.0442,458.0351,179.8333,480.4541,191.3319,456.0283,189.7910,478.1656,191.4140,465.9596,190.8030,477.9538,217.3739,465.3450,217.0128,477.0108,240.4059,466.7148,238.4252,,,,,,,456.5533,178.7226,487.0688,178.1610,459.4270,179.8221,487.2614,179.2103,454.9434,189.2374,479.5231,190.4544,455.1509,190.0527,482.1342,191.9441,462.9527,184.9670,476.7194,185.9001,472.2892,183.1252,478.8518,183.9283,463.2594,213.8889,480.6345,215.3440,469.4503,215.0604,473.6278,215.0057,464.4808,238.2793,479.4545,240.9504,467.5664,238.8694,475.3530,240.4875,459.8905,242.7958,478.8206,246.1957,460.8931,242.6295,474.2449,244.9978,461.4470,243.6030,471.5033,245.6251,479.2796,242.3388,468.7314,240.2667,,,474.5067,179.7492,,,,
73594,0,,,,,,,,,,,,,,,486.8125,179.0181,458.2575,179.6549,480.2931,191.7899,456.0840,190.3622,478.3319,191.7898,465.8468,191.2212,477.8836,217.5401,465.1855,216.7907,476.8820,240.3896,466.3916,238.5317,,,,,,,456.5201,178.6096,487.2891,178.0717,459.8942,179.6002,487.7636,179.0660,454.9579,189.7718,479.3165,190.8439,455.3790,190.5351,481.9804,192.3911,462.7023,185.5034,476.8626,186.3391,472.4403,183.6918,479.2187,184.3551,463.1553,213.6172,480.4951,215.4919,469.2376,214.9412,473.4539,214.9972,464.1485,238.3439,479.3109,240.9662,467.1943,238.9949,475.1988,240.5218,459.2374,242.8835,478.7287,246.2078,460.1200,242.6437,474.2073,245.0078,460.6406,243.6585,471.3795,245.6505,479.1612,242.3279,468.5333,240.3699,,,474.9242,179.6247,476.6337,177.7060,,
73595,0,,,,,,,,,,,,,,,486.9625,178.9885,457.8912,179.7317,480.4641,191.8923,455.7087,190.3901,477.9061,191.5302,465.0860,191.1279,477.9770,217.2809,465.0686,216.9064,476.7032,240.1586,466.2618,238.7549,,,,,,,455.8821,178.6250,487.4265,178.0447,459.6026,179.7165,487.8254,179.0620,454.5691,189.6792,479.5070,190.9744,454.9730,190.5361,482.2489,192.5237,462.1826,185.6012,476.6854,186.2908,471.5776,183.2958,478.4047,184.0755,462.9548,213.8753,480.6343,215.2735,469.2650,214.9617,473.5469,214.7872,463.9092,238.6285,479.0937,240.6357,467.2331,239.1366,475.0252,240.2317,459.2553,243.1977,478.6338,245.9325,460.5244,242.9074,474.2668,244.7192,461.1711,243.7804,471.5369,245.3558,478.9201,241.8990,468.2499,240.5102,,,474.1662,179.5281,,,,
73596,0,,,,,,,,,,,,,,,487.0225,178.9724,457.7759,179.5555,481.2985,192.3028,456.3809,190.3958,477.6924,191.5976,464.9080,191.4032,477.8073,217.7918,465.0791,217.4631,476.5145,240.7749,466.3524,238.7387,,,,,,,455.6905,178.6107,487.4688,178.0775,459.3154,179.4807,487.8251,179.0485,455.2353,189.7515,480.3024,191.3448,455.7375,190.4770,483.1285,192.8131,461.7623,185.9940,476.0286,186.3559,471.6042,183.3007,478.4489,184.1105,462.9344,214.4222,480.3974,215.7813,469.0882,215.7121,473.3144,215.4079,464.1455,238.5719,478.8668,241.3667,467.2043,239.2082,474.7575,240.8219,459.3122,243.0634,478.2404,246.5909,460.3346,242.8492,473.6302,245.4266,460.7707,243.7343,470.8688,246.0553,478.8007,242.6301,468.4798,240.4299,,,474.1324,179.5389,,,,
73597,0,,,,,,,,,,,,,,,486.9902,178.7570,457.5478,178.4049,481.0634,192.7117,456.3807,189.9592,477.5788,191.6389,464.9898,191.1144,477.7763,217.4404,464.8358,217.0201,476.5705,240.4080,466.3537,238.8756,,,,,,,455.3953,178.5026,487.3802,177.9236,459.1744,178.3221,487.6959,178.8769,455.2784,189.2519,480.1008,191.7534,455.7145,190.0664,482.9441,193.2202,461.7671,185.3293,476.0576,186.2891,471.5955,183.0508,478.3868,184.0252,462.6810,214.1028,480.4856,215.4813,468.9525,215.3475,473.2511,215.0535,464.0432,238.7241,478.8957,240.9813,467.2160,239.3626,474.8635,240.4549,459.5844,243.2561,478.2691,246.2464,460.6734,243.0428,473.8312,245.0680,461.2284,243.8870,471.1858,245.6884,478.9016,242.1976,468.2143,240.6234,,,474.0536,179.2756,,,,
73598,0,,,,,,,,,,,,,,,486.7337,178.5110,456.8843,178.4825,481.7399,192.8381,456.3625,190.0157,477.4497,191.8635,464.8008,191.5433,477.5670,218.0694,464.8342,217.3350,476.5243,240.7109,466.4301,238.9281,,,,,,,454.6475,178.5225,487.1490,177.8445,457.9997,178.4170,487.4334,178.5975,455.2336,189.2797,480.7758,191.9064,455.7331,190.1232,483.6246,193.3457,461.2689,185.7128,475.3933,186.6308,471.2164,183.6245,478.2165,184.0886,462.7577,214.3907,480.2373,216.1002,468.7846,215.7646,473.1768,215.6774,464.0789,238.7660,478.9150,241.2792,467.2654,239.3925,474.8141,240.7398,459.4527,243.4794,478.2110,246.6023,460.5479,243.3565,473.6858,245.5121,461.0319,244.2581,470.9748,246.1142,478.9716,242.4330,468.3706,240.4792,,,473.5526,179.1525,475.6526,177.5839,,
73599,0,,,,,,,,,,,,,,,486.7676,178.8011,457.0789,179.3954,482.1322,193.5990,456.0300,189.8860,477.3444,192.5799,464.6034,191.8009,477.6046,218.4832,464.7745,217.9882,476.1536,241.2133,466.2175,239.5974,,,,,,,454.8834,178.7470,486.9849,178.1324,458.3398,178.6292,487.4743,178.8485,454.9331,189.2949,481.1149,192.7547,455.2734,189.9511,484.0390,194.0765,461.6272,186.0988,475.8902,187.1872,471.4842,184.1613,478.2521,184.7689,462.5604,215.0478,480.5450,216.5407,468.8407,216.1235,473.0756,215.8891,463.9467,239.4407,478.6431,241.7991,466.9976,240.0999,474.4253,241.3031,459.4773,244.0323,478.0531,247.0283,460.6706,243.9279,473.5067,245.9963,461.1491,244.8457,470.7258,246.6052,478.4988,242.8133,468.2315,241.1265,,,474.1783,179.5125,476.4716,177.7580,,
73600,0,,,,,,,,,,,,,,,486.4383,179.0085,456.3659,179.5817,482.1949,193.7027,455.2686,190.7671,477.1094,192.7751,464.1900,192.1022,477.5073,218.7669,464.5508,218.0163,476.3611,241.4631,466.3999,239.4627,,,,,,,454.0175,178.8012,486.7617,178.2709,457.4208,179.3561,487.2103,178.9608,454.1219,190.2106,481.2762,192.9734,454.3990,190.7129,484.0171,194.0455,461.0251,186.7578,475.7581,187.5206,471.0631,184.8445,478.0009,185.2093,462.4446,215.2052,480.2940,216.9503,468.7590,216.3854,472.8379,216.6371,464.0580,239.3137,479.0940,242.0025,467.2616,239.9159,474.6575,241.5184,459.8603,244.0814,478.6213,247.2601,460.8327,243.8738,474.2107,246.1948,461.4423,244.5887,471.1459,246.6684,478.9874,243.2104,468.3861,240.8644,,,473.7099,179.7734,475.5028,177.8492,,
73601,0,,,,,,,,,,,,,,,486.3663,178.9697,456.5640,179.3085,482.5359,194.2068,455.5081,190.1054,477.2749,192.7133,464.2251,191.7220,477.2882,218.2675,464.7704,217.5251,476.6898,240.8745,466.3168,239.2025,,,,,,,454.5757,178.7279,486.6433,178.2305,458.0901,178.6314,487.3084,178.9597,454.2110,189.8385,481.4949,193.7168,454.9124,189.9707,484.6365,194.3593,460.4389,186.2652,475.3293,187.8302,471.6453,184.1358,478.7774,184.7840,462.6756,214.7913,479.9012,216.5279,468.7372,215.9448,472.6367,216.1896,463.9767,238.9979,479.6028,241.2691,467.2190,239.6422,475.0144,241.0467,459.5658,244.0648,479.0370,246.8011,460.5599,243.7731,474.4497,245.8471,461.1868,244.4769,471.2940,246.2880,479.5755,242.3923,468.3520,240.5284,,,474.4758,179.6927,,,,
73602,0,,,,,,,,,,,,,,,485.2401,178.8973,455.3676,179.6054,483.5325,193.8997,454.0733,190.8454,476.2344,192.1314,463.5725,191.5664,476.8840,218.3295,464.2850,217.5109,476.7183,240.5377,466.4956,239.0774,,,,,,,453.1957,178.7998,485.8493,178.1950,456.7346,179.4432,485.6693,178.8307,452.8611,190.5659,482.5805,193.6168,453.4776,190.6727,485.5042,193.8677,460.3484,186.2396,474.8802,186.5689,470.0662,184.1323,477.1468,184.5179,462.1479,214.8724,479.3843,216.5375,468.3235,215.9300,472.1929,216.0585,463.9786,238.9400,479.6151,240.8954,467.5228,239.5028,475.1019,240.7366,459.6611,244.0943,479.6017,246.3013,460.8955,243.6220,474.8922,245.4396,461.5826,244.3344,471.4796,245.9246,479.6524,242.0166,468.2391,240.4437,,,472.6570,179.6353,474.5026,177.8320,,
73603,0,,,,,,,,,,,,,,,485.2671,178.8824,455.9318,179.9895,483.8247,193.6378,454.6607,191.4907,476.9279,192.6000,464.4394,192.3558,476.9330,218.8253,464.4316,218.6434,476.9167,240.3411,466.4502,239.2830,,,,,,,452.6877,179.5407,485.9460,178.1129,457.4708,179.6935,485.6631,178.8313,453.3018,191.2658,482.8259,193.3938,454.2265,191.3477,485.9669,193.5624,460.5628,187.2050,475.9576,187.2748,470.7651,185.2329,477.7312,185.2310,462.1126,215.9849,479.6373,217.0146,468.3752,216.9963,472.0987,216.9056,464.0091,239.0405,479.8335,240.7060,467.4288,239.7099,475.3329,240.5324,459.9576,244.0830,480.0122,246.0452,461.2147,243.6511,475.4578,245.3714,461.9739,244.2782,472.1820,245.9398,479.6012,241.8839,468.0238,240.2689,,,473.3690,179.7758,474.8266,177.7407,,
73604,0,,,,,,,,,,,,,,,484.8636,178.5431,455.4418,179.6178,483.9079,193.6006,453.9335,191.1639,476.0819,192.3214,463.8019,191.8170,476.2722,218.6864,463.9460,217.9531,476.6364,240.6242,466.5489,239.1191,,,,,,,452.4137,178.7529,485.3498,177.8490,456.5968,179.3384,485.5526,178.4328,452.7208,190.8922,483.0270,193.3441,453.4548,191.0874,486.0794,193.4772,460.3582,186.8047,474.7846,187.1707,469.9091,184.9423,476.5332,185.1310,461.8461,215.3256,479.0430,216.7872,467.7248,216.2801,471.4855,216.4818,464.2114,238.9416,479.3708,240.9712,467.5211,239.5450,475.0710,240.7711,460.0935,243.7187,479.6309,246.1136,461.3594,243.1477,475.2416,245.3663,461.9577,243.7836,472.1004,245.8728,479.4163,242.1368,468.2042,240.2429,,,472.2959,179.9407,473.9910,177.7537,,
73605,0,,,,,,,,,,,,,,,485.1455,178.7098,455.8559,180.1367,484.2145,193.4077,453.3278,191.8018,475.4725,192.7556,463.5668,192.3534,475.6832,219.2525,463.7928,218.2685,476.5857,240.6266,466.4873,239.0558,,,,,,,453.1416,179.6338,485.3603,178.0751,457.5565,179.8243,485.8860,178.6064,451.9651,191.5206,483.0527,193.0811,452.8829,191.5485,486.4411,193.2352,459.8646,187.4126,473.6785,187.7742,469.9999,185.3367,476.6529,185.5020,461.6306,215.5042,478.4656,217.4745,467.2725,216.6534,470.9829,217.3940,464.3003,238.8712,479.2173,240.9717,467.3362,239.5213,474.9250,240.7893,459.9785,243.5966,478.9749,246.3741,460.5920,243.3205,474.3648,245.7217,460.9986,244.0804,471.2505,246.3393,479.6109,241.9426,468.6129,240.1166,,,472.4896,179.7576,474.3939,178.0357,,
73606,0,,,,,,,,,,,,,,,484.2759,179.0125,455.7567,180.3901,484.0573,193.0679,453.1263,192.1498,475.6433,192.4342,463.4228,192.3210,475.1898,219.4025,463.6206,218.4719,476.1319,240.5950,466.5140,239.2194,,,,,,,453.0138,179.8954,484.5481,178.3856,457.1655,180.1510,485.1936,179.0079,451.6678,191.7574,482.8945,192.8039,452.7037,191.9181,486.2970,192.8587,459.8582,187.5096,473.8163,187.2972,469.5376,185.2065,476.3469,185.3235,461.4349,215.7204,477.8404,217.6757,467.1063,216.7917,470.3583,217.6094,464.1515,239.0017,478.7696,240.9315,467.4806,239.6607,474.4571,240.7129,459.9477,244.0358,478.7485,246.2590,461.0023,243.5789,474.2627,245.5208,461.5977,244.3768,471.2528,246.0650,479.1570,241.9219,468.3988,240.2660,,,471.7426,180.3078,,,,
73607,0,,,,,,,,,,,,,,,483.9603,179.2086,454.6996,180.6476,484.0896,193.2567,452.3141,192.2259,475.1621,193.1351,463.0069,193.0291,474.4845,219.3365,463.4081,218.1393,475.8520,240.0704,466.5836,238.9462,,,,,,,451.7519,180.1186,484.2098,178.5573,455.9375,180.6095,484.3527,179.2565,450.9595,191.7592,483.0555,192.9218,451.9581,192.0080,486.0146,193.1392,459.8215,188.2433,473.7077,187.8235,468.9771,186.0189,475.4684,186.2971,461.1607,215.3662,477.2813,217.7570,466.8115,216.5777,469.5876,217.6995,464.2977,238.8312,478.4772,240.2175,467.5039,239.3787,474.1987,240.1920,460.2146,243.5614,478.6124,245.5197,461.2267,243.0052,474.3136,244.9556,461.7516,243.5597,471.2391,245.5983,478.4058,241.2078,468.5380,239.9706,,,471.3141,181.1009,,,,
73608,0,,,,,,,,,,,,,,,484.4547,179.2377,454.3053,180.5810,483.5910,193.4167,451.2784,192.3689,475.4104,192.8505,463.1449,192.8437,473.9261,219.8299,462.9273,218.6812,475.1845,240.7149,466.4811,238.7897,,,,,,,451.2934,179.9640,485.1523,178.5487,455.6894,180.4249,485.6088,179.2283,449.7912,192.0767,482.8239,193.1434,450.6811,192.1658,485.6286,193.3521,459.9167,188.3376,474.3728,187.7896,469.1306,186.0768,475.8703,186.2089,460.6859,215.9144,476.9116,218.1346,466.4114,217.4704,469.0178,218.4473,464.2702,238.6242,477.7962,240.8504,467.3050,239.3036,473.4632,240.8602,460.3480,243.5535,477.6840,246.3360,461.2751,243.1488,473.0966,245.6809,461.9740,243.8797,469.8898,246.2326,477.9538,241.6950,468.4691,239.7338,,,471.6264,181.1566,473.1171,178.3965,,
73609,0,,,,,,,,,,,,,,,484.5329,179.3760,453.8052,180.1319,483.3228,193.3862,450.9136,191.5698,474.9477,192.3058,463.0528,192.4433,473.2754,219.5366,462.6851,218.1943,474.9846,240.1150,466.2391,238.1016,,,,,,,451.3197,179.4131,485.0751,178.6297,455.2028,179.9628,485.6370,179.3361,449.2140,191.2439,482.4033,192.9952,450.4961,191.3431,485.3819,193.2930,459.3327,187.7619,473.4590,187.1990,469.2242,185.2012,475.7721,185.3521,460.5866,215.2876,476.0538,218.1060,466.1831,217.0427,468.5684,218.0131,464.1838,237.9455,477.6494,240.2736,467.0395,238.6533,473.1603,240.2460,460.0272,242.9390,477.4615,245.8967,460.9903,242.6422,472.8249,245.1643,461.7673,243.4164,469.5271,245.8719,477.4578,241.0615,468.3438,239.2512,,,471.4042,181.3470,,,,
73611,0,,,,,,,,,,,,,,,482.5054,179.5965,452.7685,180.3214,483.4456,192.5036,450.5110,191.5724,474.3533,191.5002,462.3027,191.7544,471.1233,218.7668,462.5105,218.2635,472.7271,239.8239,466.4913,237.9435,,,,,,,450.1487,179.6701,482.8446,178.8270,453.8994,180.3089,483.2346,179.5623,449.1271,191.2495,482.3990,192.3173,449.7457,191.3686,485.4594,192.2170,458.3565,186.9026,472.6978,186.7066,468.5825,184.4569,475.1753,184.3904,460.3793,215.5328,473.9822,217.1288,466.6852,216.8226,466.4577,217.4246,464.6094,237.6841,475.3659,240.1495,466.9450,238.7376,471.0624,239.9118,460.4998,242.9428,474.5946,246.1056,461.4515,242.9856,470.0941,245.4361,462.3642,243.8985,467.3830,246.3200,474.6924,240.8454,468.5735,238.8934,,,470.5923,180.6680,,,,
73612,0,,,,,,,,,,,,,,,482.5816,179.2774,452.8491,179.6381,483.5299,192.2114,450.3611,190.9849,474.2727,190.8952,462.1500,191.2564,470.3515,218.0081,462.4695,217.3004,471.1626,240.2953,466.1596,238.3795,,,,,,,450.4458,179.7284,482.8457,178.2470,454.3110,179.5056,483.1746,179.2985,448.8270,190.7071,482.4772,191.9987,449.7502,190.8576,485.5539,191.8310,458.1735,186.3343,472.4822,186.0218,468.7053,183.9343,475.3854,183.7127,460.4678,214.5352,473.3163,216.2934,466.2036,215.8486,465.5622,216.5523,464.4533,237.7891,473.6486,240.5144,466.6833,239.0801,469.4416,240.5005,460.2596,242.9584,472.3989,246.2944,460.8433,242.8691,468.0504,245.7528,461.3212,243.7941,465.9651,246.6936,473.7062,241.2715,468.6239,239.0841,,,470.8579,180.0749,,,,
73613,0,,,,,,,,,,,,,,,482.6466,179.5754,452.8013,179.8887,483.8628,193.6526,449.2849,191.6147,474.0198,191.5359,461.7094,192.2571,469.5797,217.8457,462.4456,217.9288,470.3708,240.0287,466.9200,238.1244,,,,,,,450.2262,180.0238,483.6042,178.9734,454.1761,179.8214,482.6678,179.6162,448.0103,191.3992,483.2114,193.3149,448.5314,191.5079,485.7779,193.4676,458.2411,187.1858,473.0982,186.4813,467.6820,184.9579,474.2523,185.0869,459.9639,215.4322,472.8607,216.0857,466.5129,216.1869,465.0033,216.3530,464.6319,237.7632,473.0360,240.2689,467.7198,238.6440,468.7163,240.1909,460.4997,242.5012,472.4260,245.6938,461.8715,242.2635,468.0337,244.8679,462.7254,243.2135,465.9075,245.4937,472.5126,241.6210,468.6525,239.3824,,,469.8820,180.6453,,,,
73614,0,,,,,,,,,,,,,,,481.3819,179.8037,450.9947,180.2036,482.8535,194.5520,449.2695,191.6174,473.2816,191.9983,460.8671,192.5568,469.4001,217.8204,462.6230,217.6629,469.0930,240.7169,466.3998,238.2752,,,,,,,449.2041,180.3718,481.5897,178.7068,451.6208,180.7996,481.1408,179.9247,448.6403,191.2979,482.3849,194.3752,448.6408,191.5988,484.8209,194.6852,458.7408,187.5225,472.8671,186.9886,467.8249,185.0720,471.3312,185.7740,459.8721,215.3495,472.6299,216.0842,465.6874,215.7428,465.5385,215.9281,464.8130,237.9125,471.2562,241.2277,466.5848,238.7799,467.9830,240.8126,460.4055,242.5153,470.6745,246.2552,462.0462,242.3080,467.0355,245.2116,462.6545,243.2432,465.2832,245.6408,471.2425,242.7665,467.5877,239.5360,,,468.8602,181.2033,,,,
73615,0,,,,,,,,,,,,,,,481.8631,180.4858,451.7116,181.1294,484.1263,194.2473,448.8595,191.1871,473.4604,192.1426,460.4144,192.7256,468.7171,218.5756,462.3440,218.2997,467.7538,242.6082,465.8493,238.4834,,,,,,,449.5989,180.7221,482.5980,179.8536,453.1422,181.0858,482.0222,180.5564,447.5025,190.9602,483.4427,194.1064,448.2168,191.1442,486.0631,194.0216,457.0852,187.4842,472.1063,187.3426,466.7918,185.4992,473.8087,185.3963,460.0098,216.0484,472.1126,216.9564,466.6085,216.6346,464.1173,217.1753,463.4047,238.1310,470.2126,242.9583,466.6996,238.8814,466.2971,242.4591,459.5928,242.8336,469.3727,248.1964,460.8609,242.8796,465.5724,246.8284,461.5562,243.9496,462.9590,247.1092,469.7732,244.8371,467.7710,239.3877,,,469.1967,181.7763,,,,
73616,0,,,,,,,,,,,,,,,480.7061,180.3305,451.6803,181.1175,483.7156,194.3211,448.5223,191.4900,472.5601,192.4515,459.7563,193.1942,469.2077,218.2571,461.9209,217.8840,467.3425,241.2012,465.9518,238.1524,,,,,,,449.8873,180.6485,482.0942,179.7123,452.9299,181.1903,479.9266,180.4957,447.5377,191.3614,483.6017,194.0914,447.8743,191.2963,485.2067,194.2720,457.2296,188.3906,471.5640,187.4143,465.7654,185.4766,472.2190,185.8453,459.6716,216.0205,472.1966,216.5538,465.9217,216.2012,464.7361,216.6147,463.8500,237.6145,469.6416,241.8215,466.5075,238.5560,465.9082,240.8548,460.2859,242.2094,469.0082,246.4487,461.4569,242.1302,465.2027,245.0334,462.0191,243.1271,462.7672,245.2341,469.3506,243.4999,467.4909,239.0849,,,468.1876,181.3594,,,,
73617,0,,,,,,,,,,,,,,,480.5176,180.6524,450.8668,180.6957,483.0376,195.3053,448.4572,191.5999,472.3354,193.1413,459.4513,193.6887,468.4145,218.9264,461.9540,217.6539,466.5023,241.1072,465.9112,237.2825,,,,,,,448.9783,180.7794,481.7070,180.0140,451.9398,181.2716,479.4758,180.8103,447.5878,191.4193,482.6108,195.1258,447.4785,191.3263,484.7214,195.4245,457.3505,189.0809,472.3789,188.2053,465.5443,186.4297,471.0737,186.7536,459.2766,215.8970,471.9854,217.3104,465.8378,215.9906,464.4409,216.9651,464.1837,236.7244,468.8244,241.9258,466.6591,237.6730,465.1267,240.8555,460.4825,241.5344,468.6785,246.2142,462.2006,241.5810,464.7694,244.5200,462.7021,242.8803,462.2457,244.6144,468.2699,243.7312,467.0299,237.9135,,,467.7938,181.7225,469.3459,179.8941,,
73619,0,,,,,,,,,,,,,,,480.6429,181.5008,450.9719,181.7287,482.5877,196.5468,448.7020,191.9944,471.2768,194.6830,459.2096,194.7400,467.8143,220.2057,461.8707,218.3908,465.7387,242.1894,465.5663,238.2388,,,,,,,449.9633,181.0705,481.5036,180.8302,452.6294,181.7364,480.6451,181.5280,447.6185,191.8552,481.4509,196.4123,448.1322,191.8591,484.9666,196.7718,456.2528,190.2335,470.5210,189.5044,465.0882,187.4745,470.4484,187.8714,459.3395,216.3352,471.5327,218.7675,465.1343,217.1051,464.1640,218.3466,463.7701,237.5496,468.0126,243.0974,466.1980,238.6279,464.3579,241.9761,460.0311,242.0746,467.8490,247.3423,461.4409,242.2482,464.2269,245.6640,461.9238,243.6336,461.5203,245.7271,467.4035,244.6433,466.5230,238.8700,,,466.8742,182.7203,,,,
73620,0,,,,,,,,,,,,,,,449.1666,183.1903,480.9413,180.5219,449.0089,195.6324,483.1955,191.8956,459.0933,194.3906,469.4000,194.1818,463.6896,219.0344,466.4763,218.8958,465.7988,241.6142,464.7326,239.3710,,,,,,,482.7007,179.8745,448.1487,182.5096,479.8612,180.7101,448.8737,183.2224,484.2266,191.4797,449.4685,195.4831,484.1768,191.3434,447.8860,195.6843,472.0986,189.0185,460.1098,189.2198,466.6065,187.2404,462.1962,187.9307,471.8494,215.7769,460.5678,216.9870,464.5149,217.4430,465.0057,216.7970,465.1507,238.8900,466.2287,242.4045,464.1557,239.7900,465.5186,241.2450,461.5149,242.6007,467.7581,247.3465,462.6921,242.4681,464.1539,245.0253,462.4630,243.2911,462.8749,245.4120,467.4095,244.0390,464.9934,240.5219,,,465.6413,182.5400,,,,
73621,0,,,,,,,,,,,,,,,449.6723,183.2316,481.8201,180.6227,448.3796,195.6148,482.6547,192.6230,459.4953,194.5864,468.7774,194.3849,464.4887,219.3102,464.2875,218.5483,465.6790,242.0049,464.6186,238.5049,,,,,,,482.9310,179.9444,448.4612,182.5488,481.4820,180.7106,449.9362,183.2097,482.8543,192.4182,448.5463,195.7007,483.9010,192.2655,447.4170,195.6522,470.9486,189.2913,459.7327,189.3234,466.9726,187.3868,463.5656,188.1078,461.1557,216.1634,461.5290,217.3003,464.7314,217.0404,464.1621,217.1328,464.0897,238.0523,467.0336,242.7562,464.5940,238.8261,465.1412,241.6712,460.7961,242.4863,467.6659,247.6962,461.9431,242.5400,464.5213,245.8956,462.0789,243.7479,462.8224,246.5906,467.5600,244.2319,465.2389,239.6167,,,466.6342,182.6860,468.3074,180.5864,,
73622,0,,,,,,,,,,,,,,,480.6895,181.2870,450.7912,181.4485,482.2432,196.4625,448.2492,191.4964,470.0807,194.8102,458.6389,194.6449,467.2901,220.6330,461.0879,219.5355,465.6671,243.1333,464.5523,237.8003,,,,,,,448.4076,181.7169,481.5489,180.6735,452.3521,181.5185,480.5166,181.2867,447.2694,191.4395,481.8905,196.2359,447.8851,191.4462,484.1235,196.1544,456.0690,189.4301,468.2155,189.1834,464.1800,186.9902,469.4812,187.6369,458.8097,216.9399,470.9212,218.9953,464.8957,217.6459,463.3769,218.7326,462.2008,237.2392,468.1556,243.8241,465.3044,238.2667,464.0582,242.9862,458.7205,242.5094,467.9233,248.7260,460.4607,242.9570,463.9039,247.4809,461.2261,244.2682,460.9019,248.2291,467.6550,245.3856,465.5639,238.4128,,,466.5947,182.4280,468.1756,180.6249,,
73623,0,,,,,,,,,,,,,,,448.4430,182.2338,481.6048,179.5314,447.3512,194.7879,482.1469,191.8058,459.3139,194.3226,466.3462,193.6741,466.8390,220.1884,461.8887,219.1105,465.4602,242.6463,463.7793,237.6136,,,,,,,483.3515,179.4926,,,481.0533,179.5894,,,482.5440,191.4551,447.8609,194.6960,483.2056,191.4206,446.3912,194.8107,471.5735,187.4743,462.0505,188.8310,465.8936,186.4594,466.2659,187.4506,458.6338,216.3678,470.8741,218.6035,463.8754,217.2328,463.7387,217.9067,462.0835,236.6771,467.5895,243.9228,463.6754,238.2786,464.4999,242.4865,458.4472,241.8128,467.8855,249.1015,460.4563,242.5567,464.3422,247.5147,461.1451,243.9594,461.9877,248.1418,467.1236,245.1537,464.2665,237.7613,,,466.2107,182.4402,,,,
73624,0,,,,,,,,,,,,,,,479.5939,180.6647,481.7010,179.4192,481.1020,196.3086,447.7669,190.3520,470.5904,194.1534,457.8142,193.5939,467.7971,220.8907,459.0747,220.3504,464.5928,244.1160,463.4436,236.3518,,,,,,,482.6615,179.3503,480.4423,179.9287,481.1911,179.4331,478.6761,180.6561,446.9818,190.4376,480.1686,196.2248,447.4355,190.4712,482.8657,196.0574,455.2226,187.3053,468.4628,187.9938,463.9611,185.7840,469.2628,186.4814,456.7733,217.4998,471.2555,219.1841,462.7370,218.0694,463.4595,218.8384,461.1199,235.9059,467.3397,245.0636,464.0847,236.9503,462.9369,244.2459,457.7932,241.4885,467.6620,250.6024,459.7271,242.4813,463.1788,249.4767,460.5038,244.0799,459.8007,250.1515,466.2030,246.9864,464.6826,236.5303,,,466.1509,182.2164,,,,
73625,0,,,,,,,,,,,,,,,480.5629,180.8831,449.0029,180.7647,482.0000,195.4322,447.7153,190.2540,470.6980,193.8124,457.1050,192.9309,468.6001,221.2641,457.0947,220.3327,464.9358,244.6768,462.9933,235.5286,,,,,,,447.7324,180.8533,481.6149,180.2425,449.7996,180.7644,480.1204,180.9320,446.8471,190.0498,481.5439,195.2731,446.8362,190.3861,483.9370,195.1817,454.8819,186.5347,470.2470,187.7082,462.8597,185.9917,470.1627,186.7930,454.6406,218.0468,471.9322,219.6489,460.9760,219.0143,463.3362,219.3802,460.0391,235.1403,467.6573,245.4022,463.8363,236.3271,463.2198,244.7943,456.5363,241.7890,467.7697,250.3663,458.8896,243.0805,463.8593,248.9878,460.3114,244.7364,460.8264,249.4429,466.1395,247.1038,464.6545,234.9438,,,466.2615,181.4812,,,,
73626,0,,,,,,,,,,,,,,,480.6864,180.3052,449.2114,180.4050,481.1893,195.5305,446.7670,189.7201,470.1838,193.7118,456.7151,192.5419,468.1796,222.2776,455.2619,220.5308,464.0732,245.5173,462.1739,234.5525,,,,,,,447.6465,180.5041,481.6749,179.5848,450.2361,180.4027,480.5302,180.2923,445.5233,189.5843,480.4735,195.3837,446.2898,189.8239,483.0917,195.3515,454.4663,185.8967,469.0661,187.3812,462.8144,185.2706,469.9218,186.2329,452.6423,218.6764,471.6580,220.2948,459.0152,219.5714,463.1835,219.9198,459.5362,234.2562,467.0843,246.0938,463.0165,235.4370,462.1871,245.5513,456.1192,241.1968,467.2288,251.2582,457.9682,242.9226,462.7823,249.8155,459.3789,244.7914,459.4123,250.3491,466.0439,247.8750,463.9725,232.9477,,,466.0906,181.2033,,,,
73627,0,,,,,,,,,,,,,,,479.8404,180.7965,480.9645,178.9996,480.1195,196.0494,447.1356,189.7027,470.1011,193.9903,456.6085,192.7090,468.1620,222.2167,454.4981,220.2904,463.6209,245.5010,461.1898,233.6850,,,,,,,,,480.6832,179.8518,480.4226,178.9886,479.4658,180.8703,446.0183,189.6909,479.1241,195.9292,446.6060,189.8117,482.5621,195.9046,454.8022,186.3063,469.0767,188.0619,462.7611,184.9636,468.9805,186.3703,451.7847,218.5564,471.3661,220.5650,458.5304,219.5054,462.7345,219.8204,458.1962,233.2544,466.4393,246.1388,461.8997,234.4954,461.9506,245.7204,455.4404,240.2105,466.8715,251.6353,457.3330,242.4022,462.3364,250.4413,458.7552,244.7179,459.1984,251.0697,465.0135,247.9570,463.5464,232.3498,,,465.5637,181.0508,,,,
73628,0,,,,,,,,,,,,,,,479.7601,180.5827,449.0430,180.2135,480.3375,195.7838,447.0131,189.4148,470.7400,193.5700,456.4558,192.1997,468.1361,222.5842,453.2397,219.9437,464.1275,244.7411,459.7260,235.0777,,,,,,,,,480.8528,179.6523,451.0950,180.1058,479.4820,180.6920,445.5283,189.2536,479.9132,195.5348,446.7079,189.5902,482.3375,195.7517,454.6907,185.9849,470.4564,187.4840,463.1485,184.6739,470.0667,185.7658,450.2566,218.5057,471.0972,221.0453,457.7055,219.1509,462.7017,219.8086,457.0158,234.4941,466.8231,245.2688,460.5886,235.8756,462.6490,244.8283,453.6519,241.8993,466.6743,250.6011,455.5163,243.8458,462.4161,249.2257,457.1178,246.0270,459.3653,249.4978,465.8943,246.9522,462.2174,234.1853,,,465.8404,180.9719,,,,
73629,0,,,,,,,,,,,,,,,479.3208,180.7972,481.0193,178.7483,478.9921,195.9638,446.9456,189.8169,470.1752,194.1073,455.9870,192.8988,467.8251,221.9422,452.1738,219.7278,464.1959,244.1839,458.6277,234.6530,,,,,,,447.7661,180.1137,480.4478,179.9235,480.9143,178.5862,478.7134,180.9295,445.6427,189.4049,478.2597,195.7540,446.5982,190.0479,481.3399,196.0112,453.9502,186.9229,469.4137,188.5426,462.5975,186.0739,469.1046,186.9947,449.2079,218.0820,470.9184,220.4210,456.6583,219.2594,462.1794,219.4971,456.2460,234.2033,466.8630,244.7340,459.3546,235.4616,462.7996,244.1578,453.9033,240.6503,466.8261,250.3229,455.3197,242.6564,462.5051,248.8767,456.4467,244.9243,459.5207,249.0868,465.8836,246.1394,461.5015,234.2597,,,465.3969,181.4156,,,,
73630,0,,,,,,,,,,,,,,,480.0275,180.3891,448.3739,179.8563,478.5032,195.5791,446.2890,189.9386,469.3710,193.4803,455.0994,192.1096,466.8981,221.5852,451.4951,219.2095,464.0973,243.6798,457.2559,236.0046,,,,,,,447.2513,179.8758,480.6455,179.5077,450.1581,179.7599,480.0773,180.4567,444.7257,189.6154,477.5228,195.1786,445.9243,190.1139,480.5782,195.3688,452.5847,186.0956,468.4626,187.7028,461.7967,185.1169,469.5576,186.1230,448.8813,217.2159,470.2067,219.8014,455.9369,218.7039,461.7454,219.1603,454.7274,235.4369,466.8755,244.3419,458.2099,236.8879,462.5963,243.7334,452.1713,242.4815,466.5208,250.0450,453.3727,244.2287,462.3735,248.8121,454.4133,245.9184,459.4154,249.1802,466.0065,245.5461,459.8083,235.7571,,,464.8897,180.7636,,,,
73631,0,,,,,,,,,,,,,,,479.2819,180.3179,447.9116,179.8104,477.7924,195.4532,445.8584,190.1546,468.0483,194.1332,454.3898,192.7017,466.7527,222.3156,450.7011,219.7437,463.6927,244.8428,455.3079,239.4107,,,,,,,446.6309,179.8895,479.7339,179.4353,449.9060,179.6636,479.4997,180.3881,444.3610,189.8389,476.6453,194.9352,445.4612,190.3418,479.9608,195.3406,452.0571,186.2292,467.0341,188.0353,461.3417,186.0019,468.5787,186.6921,448.3910,217.6398,469.9767,220.1685,455.0844,219.0392,461.7154,219.6667,453.1329,238.9441,466.7164,245.4266,456.4139,240.0977,462.2180,244.9392,449.7400,244.7585,466.6406,250.6156,450.7451,245.6803,462.4419,249.4273,451.4871,247.3737,459.5762,249.8919,465.7364,247.0652,457.4383,240.2321,,,464.5237,180.7147,466.3436,178.9721,,
73632,0,,,,,,,,,,,,,,,478.9180,180.3610,448.1032,180.5833,477.0832,195.1443,446.0628,191.1291,467.2211,194.3891,453.8211,193.1246,466.4682,223.0138,449.7972,220.4464,462.7980,245.2971,452.7964,241.4658,,,,,,,446.7204,179.9270,479.6715,179.5331,450.5202,179.8354,479.1834,180.3905,444.5915,190.8508,476.2534,194.6348,445.6921,191.2880,479.0408,195.3256,451.5176,187.0269,466.3515,188.9265,460.9118,186.2374,467.7735,186.9983,447.3146,217.9694,469.7130,220.7694,454.5488,219.4824,461.3710,220.4036,450.7087,240.8969,466.0341,245.7270,453.7420,242.1987,461.3000,245.4429,446.5146,246.7253,466.3170,250.8395,447.8504,247.1675,462.0606,249.9579,448.7009,248.7901,459.3383,250.6339,464.9191,247.1481,455.1283,242.8030,,,464.1932,180.7761,465.9173,179.0380,,
73633,0,,,,,,,,,,,,,,,478.4675,180.2471,447.6993,179.8582,476.4733,195.0023,445.6433,191.1956,467.0715,194.3323,453.6215,193.2651,466.6411,222.6681,449.7770,220.7434,462.6752,245.3590,451.8209,242.5074,,,,,,,446.3680,179.8604,479.2732,179.5035,449.9253,179.8302,478.6161,180.3592,444.1234,190.9664,475.6117,194.4005,445.2533,191.0155,478.4739,195.1264,451.1609,186.7962,466.4517,188.6353,460.6042,186.0888,467.5238,186.8361,447.1932,218.3339,469.8315,220.6038,454.5494,219.6334,461.4828,220.2977,449.5290,242.0579,465.9787,245.7764,452.7014,243.1300,461.0943,245.6243,445.2010,247.7620,466.2406,251.0302,446.4720,247.8881,462.0295,250.0795,447.3624,249.2583,459.2724,250.6660,464.8018,247.2795,454.1506,243.7733,,,463.9053,180.6666,465.7712,179.0031,,
73634,0,,,,,,,,,,,,,,,478.1220,180.3388,447.4126,180.1908,476.2536,194.7477,445.5562,190.9487,466.3526,194.4005,452.7221,194.0103,465.9432,222.4456,449.1200,220.7199,462.7176,244.8003,449.2847,244.5876,,,,,,,445.8186,180.1967,479.1591,179.5995,449.7920,180.0992,478.1895,180.4343,444.1189,191.0104,475.5699,194.0834,445.2935,190.9607,478.2108,195.0016,450.3505,187.3495,465.3353,188.3014,459.6698,186.5253,466.6001,186.8687,446.6526,218.1407,469.1155,220.2478,454.1388,219.5999,460.7870,220.2422,446.6491,244.2784,465.9624,244.9904,450.3240,245.0994,460.8814,245.1066,441.7976,249.2307,466.6035,250.5906,443.5605,248.6889,462.3308,249.9818,444.5190,249.4819,459.6139,250.7344,464.7752,246.0723,451.2238,246.8560,,,462.7800,181.5710,464.5365,179.3711,,
73635,0,,,,,,,,,,,,,,,478.0841,180.9291,447.6691,182.0456,475.6120,194.5899,445.2567,191.8606,466.7330,194.2346,452.8148,194.1736,465.9487,222.4097,448.5410,221.1199,462.8632,245.2885,447.6344,245.9524,,,,,,,446.8898,180.6410,478.4431,180.1028,449.5941,181.4177,478.7589,181.0303,443.6443,191.8459,474.5104,193.7900,444.9227,191.3976,477.7986,194.8089,450.4253,187.6086,465.2049,188.2360,460.1847,186.3585,467.2781,186.6655,446.2874,218.3902,468.8699,220.2013,453.7267,220.1693,460.6410,220.4976,444.9501,245.7134,466.0749,245.4527,448.6391,246.3901,461.1296,245.6339,439.5264,249.8640,466.9117,250.9644,440.7812,248.9898,462.6805,250.3144,441.6008,249.6483,460.2394,251.1280,464.8168,246.6754,449.6334,248.5743,,,462.9468,181.6854,,,,
73636,0,,,,,,,,,,,,,,,477.2661,181.0842,446.3589,182.4079,474.8287,194.9977,445.3969,192.6598,466.1946,195.0585,452.0243,195.2723,465.5549,222.8189,447.9578,222.2802,462.8314,245.3494,446.4292,246.6130,,,,,,,445.0028,180.9046,478.0334,180.3051,448.3610,181.8279,477.8182,181.2393,443.9309,192.2098,473.8742,194.0997,444.9727,192.2871,476.9345,195.3709,449.3650,188.8582,464.8374,188.7584,459.2306,187.4717,466.4056,187.4598,445.5638,219.6919,468.5124,220.8046,453.0311,220.6090,459.7965,219.7563,444.0220,246.4904,465.8526,245.4552,447.3227,247.1212,461.0129,245.5529,438.3253,249.7863,466.6689,250.9104,439.1859,248.4958,462.4014,249.9511,439.5956,248.9128,459.9229,250.6419,464.8795,246.8666,448.3188,249.8490,,,462.0658,181.9758,464.5379,180.0311,,
73637,0,,,,,,,,,,,,,,,477.3140,181.1739,446.1284,182.2289,473.0679,194.7160,445.7566,192.9347,465.6539,195.1230,451.7044,195.1317,465.2429,222.6441,447.1067,221.4264,462.7963,245.2499,444.9543,246.5430,,,,,,,444.8256,181.1716,477.8167,180.4612,448.3421,181.7946,478.1826,181.3660,444.2207,193.0111,472.0866,193.8302,445.0439,193.0702,475.2408,195.2027,449.2775,189.1844,464.8387,189.0536,458.7885,187.7998,466.0922,187.6407,444.8657,218.7845,468.0876,220.5705,452.3392,220.2874,459.5370,220.7985,442.4537,246.5443,465.9353,245.4127,445.9786,246.9314,460.7612,245.4238,437.0427,249.7908,466.5619,250.9074,438.1145,248.2114,462.3456,250.1338,438.7588,248.4195,459.8925,250.8340,464.8079,246.3397,446.8365,249.9928,,,461.8179,182.1202,463.6811,180.3133,,
73638,0,,,,,,,,,,,,,,,476.8576,181.5153,444.7929,182.3090,471.8824,194.9547,444.7621,193.5304,464.2356,195.7530,450.6485,195.8081,464.7815,223.2948,446.0734,222.1835,463.3152,245.0472,444.4275,247.3308,,,,,,,443.9554,181.1485,477.3050,180.6674,446.5992,181.0539,477.7719,181.6297,443.3107,192.9679,470.8584,194.0785,444.0755,193.5030,474.0231,195.4592,448.1756,189.8651,463.4773,190.0185,457.4522,188.0588,464.6718,187.9878,443.8654,219.4833,467.5820,220.9897,451.3780,221.3153,459.0454,221.6133,441.8535,247.1781,466.1538,245.1909,445.5690,247.7430,460.8637,245.3049,436.7756,250.5513,466.4503,250.7720,437.9895,249.1255,462.3871,250.0584,438.7138,249.3866,459.7827,250.7244,465.0804,245.9243,446.1400,250.7679,,,460.4778,182.4115,462.0716,180.2900,,
73639,0,,,,,,,,,,,,,,,474.1273,181.6465,441.9910,182.1170,469.6753,195.2521,442.1799,193.4525,462.4705,196.3778,448.9578,196.9698,463.6426,223.1747,444.8438,222.6885,463.3255,245.2548,443.8530,248.1017,,,,,,,440.6917,182.1251,474.8481,180.5012,444.4439,182.4489,474.9303,181.9608,440.7429,193.6182,468.8105,194.3016,441.4208,193.5813,471.7168,195.6758,446.3966,190.8477,461.6349,190.7490,455.7592,188.8323,462.9778,188.4851,442.5151,220.0533,466.2243,221.1661,449.8008,221.6012,457.6853,221.9346,441.1945,247.8592,466.1753,245.3957,444.9581,248.4901,461.4130,245.4318,435.9056,252.1793,466.3175,250.9738,437.4153,251.1419,462.2164,250.3280,438.3580,251.6015,459.5052,251.0376,465.3644,246.4543,445.6509,251.4136,,,458.7261,182.6981,460.1484,181.0869,,
73640,0,,,,,,,,,,,,,,,472.9160,182.0556,442.2946,182.2019,468.4771,195.4943,440.9617,194.0097,461.9524,195.7861,448.0235,196.4637,462.7220,223.1692,444.2278,222.8848,462.9243,245.4303,443.4581,248.8610,,,,,,,440.6301,182.2161,473.7055,181.3993,444.3944,181.9984,473.7278,182.0848,439.3723,193.9642,467.5801,194.6163,440.5138,193.9287,470.5692,195.9520,444.6267,190.4987,460.5080,189.8403,455.3491,187.8217,463.3282,187.8043,442.2053,220.3737,465.5173,221.0278,449.1377,221.4711,457.0681,221.4369,441.1248,248.6271,465.6172,245.5404,444.3432,249.2265,461.0714,245.6029,435.4641,253.4820,465.7399,251.2512,436.7255,252.4108,461.4144,250.6372,437.4930,253.0555,458.4786,251.4701,465.2320,246.5658,445.9970,251.9743,,,458.2523,182.4455,460.0148,181.3073,,
73641,0,,,,,,,,,,,,,,,471.1080,181.9362,441.0057,182.1716,467.1569,195.8959,438.8527,194.1295,459.9531,196.3789,446.1811,196.6700,461.7347,223.3129,442.8057,223.4398,462.2084,245.0711,443.1079,248.9744,,,,,,,438.8417,182.2830,472.0265,181.3150,442.9260,182.1533,471.8138,181.9618,437.2864,194.1549,466.2532,194.9146,438.4571,193.9584,469.3728,196.3958,443.2102,190.5374,458.6767,190.8513,453.7925,187.8744,461.3409,187.9521,440.5126,220.9341,464.5943,221.1859,447.8270,221.9185,456.0351,221.8719,441.1150,248.7016,464.7649,245.0780,443.9611,249.3558,460.4263,245.4396,435.9571,253.6204,465.4249,250.8684,436.9603,252.9379,461.3154,250.7309,437.6925,253.8937,458.4558,251.8364,464.3274,245.7624,445.5650,251.6294,,,456.9096,182.1930,458.7266,181.3406,,
73642,0,,,,,,,,,,,,,,,470.0404,181.7504,440.4682,181.8915,466.3084,196.0193,437.3842,194.0243,459.5380,195.6345,445.0035,195.7699,460.5071,223.4595,442.1969,223.5927,461.5493,245.2795,442.8032,249.2665,,,,,,,438.6657,181.8305,470.4682,181.0662,442.6434,181.7799,470.9766,181.8128,435.6114,194.0355,465.4048,195.0259,437.2604,193.6852,468.4999,196.4043,441.8448,189.5318,457.5962,189.7106,453.3152,187.0951,460.9929,187.5080,440.0523,220.8813,463.3833,221.2819,447.0003,221.8490,454.8165,221.9713,440.9390,248.9624,464.0569,245.3789,443.6438,249.6842,459.7288,245.6382,436.1298,253.6453,464.3931,250.9277,436.6740,253.0144,460.0132,250.7502,437.2102,254.0746,456.7915,251.8925,463.9098,245.9353,445.4884,251.9554,,,456.0121,182.1254,458.2020,180.9626,,
73643,0,,,,,,,,,,,,,,,468.6836,181.2037,440.4018,181.4661,465.4001,195.5702,435.9827,194.0232,458.4411,195.3449,444.7992,195.1015,459.1007,223.6421,441.8600,223.3172,460.6651,244.5137,442.5511,249.2367,,,,,,,437.4542,181.5296,468.4362,180.1461,445.0352,181.2395,469.6614,181.2699,434.1070,193.8532,464.1001,194.6121,436.0926,193.5989,467.8119,195.8272,441.3293,188.4813,455.6656,189.0391,454.0926,186.3750,460.8634,187.0874,439.7696,220.3402,461.7628,221.9278,446.5073,221.5748,453.5556,222.3136,440.7272,248.9172,463.1691,244.6252,443.3754,249.6473,458.7668,245.0425,435.9773,253.8697,462.9702,250.9535,436.4721,253.3785,458.1847,251.2176,436.9233,254.3953,454.7401,252.6840,463.2214,244.6874,445.4079,251.7479,,,456.6365,181.6166,,,,
73644,0,,,,,,,,,,,,,,,467.8326,181.0691,435.3166,181.5668,464.5938,195.0675,432.4346,194.5353,457.3171,194.7763,443.4192,194.7992,457.6294,224.0145,441.0422,223.9601,460.0562,243.1731,442.4366,249.3467,,,,,,,432.7046,181.5514,467.2450,180.1272,437.5295,181.4262,469.3635,181.1037,430.3766,194.4398,463.2665,194.1981,432.2838,194.1256,466.9860,195.1235,439.4733,188.8684,454.4855,188.6080,451.9535,186.0497,458.9796,186.3268,438.5586,221.1029,460.2938,222.1307,445.6351,222.2663,451.6898,222.9989,440.4287,249.1705,462.5134,243.0877,443.3076,249.8057,458.2007,243.7723,435.8769,253.7797,463.3621,249.5595,436.6106,253.3279,459.4679,250.2763,437.2233,254.4163,456.3470,251.8749,462.3899,242.5683,445.3250,251.8839,,,453.7841,181.5455,,,,
73645,0,,,,,,,,,,,,,,,467.1481,180.9276,432.9522,181.5416,464.0340,195.1109,431.1720,195.0718,456.4304,195.1000,442.0021,195.2505,457.1678,224.4828,440.9641,224.1227,459.5788,242.2747,442.4629,249.4379,,,,,,,429.2376,181.6592,467.3946,179.9710,434.8915,181.4270,468.1786,180.8980,429.3446,194.9232,462.7740,194.3378,430.6109,194.7479,466.3732,195.2133,438.2231,189.2810,453.6271,189.0403,450.2204,186.8443,457.7982,186.8745,438.6821,221.2157,460.0306,222.7230,445.1397,222.6847,451.5139,223.3583,440.1438,249.3309,462.2199,241.7774,443.4879,249.9546,457.4250,243.3209,435.5205,254.3572,463.2570,249.0858,436.0913,253.7216,459.2185,250.4339,436.7964,254.6562,456.5653,252.4833,461.7373,240.8013,445.1355,252.0079,,,452.6584,181.5421,454.5732,180.5252,,
73646,0,,,,,,,,,,,,,,,466.3554,180.5271,432.3208,181.0791,463.3567,195.2029,429.5203,195.2217,454.5763,195.3854,440.2303,195.6577,456.1770,224.8329,440.4815,224.4372,457.5505,244.3449,442.5790,249.1796,,,,,,,428.8997,181.1974,466.8245,180.0326,434.4784,180.9482,467.3594,180.5902,427.6487,194.4863,462.2725,194.5464,428.7814,194.7570,465.6525,195.3962,436.2856,189.4531,452.1051,189.7895,447.9917,187.2159,455.7241,187.1548,438.0407,221.5982,458.9603,222.9110,444.7315,222.8476,450.2912,223.8482,440.0466,249.0733,460.5800,244.1195,443.7700,249.6586,455.7205,245.1511,435.6446,254.3049,461.3687,250.7044,436.6010,253.6903,457.1169,251.8438,437.4902,254.4494,454.1207,253.6734,459.5896,243.4797,444.9445,251.4899,,,450.5284,181.5982,,,,
73647,0,,,,,,,,,,,,,,,465.5703,180.3787,432.1385,182.0207,462.7662,194.7411,429.1466,195.0151,454.2569,195.2569,440.3170,195.6414,453.9480,225.0369,440.0590,225.0062,456.0488,245.3522,442.4543,249.3792,,,,,,,428.0940,181.1929,465.8230,179.4857,433.9829,181.6138,466.4637,180.4634,427.0327,194.3733,461.4800,193.9605,428.6071,194.9070,465.0891,194.8612,436.0141,189.5596,451.5503,189.4198,447.7676,187.0375,455.3768,186.9749,437.7670,221.9403,456.9404,223.1744,444.1419,223.1808,448.5061,223.9185,439.9307,249.2201,459.0150,245.4530,443.5313,249.9641,454.0946,246.0446,435.0243,254.4597,459.0737,252.0878,435.8262,253.9194,454.1479,253.0457,436.4125,254.8042,450.7554,254.9866,458.2768,244.9621,444.8214,251.4683,,,450.2207,181.4868,,,,
73648,0,,,,,,,,,,,,,,,464.6052,180.5001,430.7343,181.7911,462.7282,194.2654,428.6819,193.9538,453.3755,194.9274,439.0278,195.5569,452.4684,225.0401,439.6076,224.8288,454.9277,245.1854,442.3444,249.5277,,,,,,,426.3655,181.0069,464.8276,179.9240,432.4900,181.4800,465.4232,180.4611,426.6690,193.3759,461.6320,193.6154,428.0641,194.0112,464.8851,194.2125,434.7972,189.3579,450.9650,188.9080,445.9434,187.1638,453.6231,187.1625,437.1918,221.9497,455.5181,223.2774,443.6462,223.1211,446.9636,223.7935,439.7718,249.3481,457.7279,244.8377,443.2905,250.0716,453.1025,245.9434,434.7190,254.5921,459.2185,251.5290,436.0209,254.1332,454.7560,253.0331,436.9390,254.9661,452.0199,255.0700,456.9774,244.1602,444.3402,251.7743,,,448.2227,182.1591,,,,
73649,0,,,,,,,,,,,,,,,462.8107,180.8683,429.8680,180.8588,462.4119,194.8561,428.1336,193.3721,452.3753,194.4005,438.8572,194.8699,450.6004,225.0934,439.1903,224.6660,453.8206,245.5888,442.6888,248.7209,,,,,,,428.0160,180.9542,463.5393,180.1563,431.3556,180.7183,463.4743,180.8132,426.1374,192.8449,461.6253,194.1677,427.5030,193.2493,464.8677,194.8523,434.9213,188.8603,450.5555,188.6674,445.5943,186.1062,452.7725,186.5909,436.8747,221.8273,453.6575,223.5502,443.2860,223.2994,445.2419,224.0052,440.2924,248.4428,456.7096,245.2848,443.7167,249.3315,451.9477,246.2360,435.1443,254.1671,458.2307,252.2671,436.2584,253.6228,453.9173,253.3143,436.7991,254.7657,450.7876,254.9243,455.7479,244.9097,445.0742,250.6003,,,447.8265,181.9409,,,,
73650,0,,,,,,,,,,,,,,,461.7297,180.9231,429.6113,181.8780,462.5303,194.2445,426.0209,192.0909,451.1259,194.0973,437.2383,194.5935,447.6196,225.1650,438.7062,224.2803,450.2678,248.4043,442.5566,247.2474,,,,,,,,,,,431.1040,181.0343,462.3071,180.9289,424.0114,191.6498,461.6203,193.6610,425.1822,192.1975,464.9694,194.2346,432.7296,187.9322,449.3762,188.1096,444.3686,186.0064,451.5559,186.2849,436.1905,221.1352,451.1347,223.5208,442.9442,222.8440,442.6444,223.5172,440.3387,246.8149,453.3757,248.6999,443.3967,247.9109,448.3077,248.6303,435.6909,253.2728,453.2852,255.3822,436.7457,253.1448,448.1331,255.1665,437.3076,254.4044,445.1724,256.1828,452.8390,248.9177,444.9350,248.3765,,,446.7326,182.0554,,,,
73651,0,,,,,,,,,,,,,,,460.4240,180.7224,427.5193,181.1925,461.7997,194.7827,425.1304,192.4353,450.4136,194.3584,436.3645,194.7148,446.7504,224.9246,438.0410,224.2398,447.1440,250.7472,442.7864,247.9085,,,,,,,425.2554,181.3217,461.1439,179.6673,429.2764,181.0643,461.0079,180.6479,423.2205,192.1264,461.1122,194.3393,424.5470,192.6581,463.9813,194.5733,431.5048,187.7705,448.1213,187.7079,443.2075,186.0954,450.9626,186.3525,435.6157,221.2782,450.2187,223.4645,442.3785,222.7339,441.6005,223.2348,440.6706,247.4322,450.2137,251.0724,443.4098,248.4404,445.4397,250.9819,435.9807,253.1383,449.6104,257.2475,436.5012,253.2568,444.6280,256.3363,436.8697,254.8079,441.9084,257.4311,450.3073,252.7363,445.3017,249.2541,,,445.5217,181.8214,,,,
73652,0,,,,,,,,,,,,,,,460.4413,180.7594,426.4722,181.4318,461.3567,195.9263,424.1841,192.3006,450.0582,194.9304,435.8183,195.1735,445.0709,225.6151,437.9036,225.4745,444.4324,252.8124,442.3602,249.1665,,,,,,,424.7047,181.4845,461.6668,179.8344,428.3409,181.3297,461.0410,180.7004,422.1704,191.9319,460.8006,195.3696,423.9607,192.6610,463.6572,195.6494,430.8068,188.4323,447.3880,188.2716,442.8241,186.5868,450.6531,186.9577,435.3544,222.8193,448.5285,224.0920,442.2821,223.6631,440.1423,223.9964,440.0965,248.6343,447.4960,253.0596,443.2750,249.6081,442.7826,253.1167,435.7787,254.0547,446.4113,258.8236,436.2885,254.0301,441.9642,257.9130,436.7486,255.5435,439.0156,258.6142,447.4413,255.3510,444.5695,250.5096,,,445.1629,181.8672,,,,
73653,0,,,,,,,,,,,,,,,459.5766,181.1768,425.3075,181.8986,461.0747,196.0114,422.3615,191.7318,449.2368,195.3171,434.7630,195.6123,443.6561,225.5527,437.3653,225.4784,442.8004,253.2528,442.2490,248.5070,,,,,,,423.7211,181.9489,460.7443,180.2637,427.2132,181.8432,459.8104,181.1119,420.5832,191.3112,460.6865,195.5183,421.7767,192.1980,463.1445,195.6579,430.8804,189.0009,447.5573,188.6023,441.5602,187.1794,449.5310,187.5061,434.3868,222.8523,447.1850,223.7378,441.9043,223.6409,438.8884,223.8754,439.9965,248.0852,445.9220,253.5478,443.5808,248.7726,441.0058,253.3446,435.9174,253.2053,444.8549,259.3609,436.6822,253.5513,440.3479,258.1760,437.1928,255.2751,436.8461,258.8531,445.4425,256.2197,444.8333,249.3633,,,444.3030,182.3803,,,,
73654,0,,,,,,,,,,,,,,,459.1847,181.5905,425.0363,181.9434,460.4864,197.0915,421.6355,191.3766,448.2957,196.1023,433.8678,196.2932,442.7294,226.0046,436.6659,225.3602,441.3009,254.0744,442.6461,248.3401,,,,,,,423.4615,181.9630,460.1956,180.9615,426.7060,181.8853,459.5004,181.5132,419.8037,190.9842,460.2850,196.5505,420.9149,191.8300,462.5307,196.7440,429.8949,190.0511,446.1070,189.9270,440.7086,187.7860,448.1122,188.1592,433.9879,222.9621,446.0497,224.2522,440.4829,223.6742,438.0487,224.2524,440.6688,248.0250,444.4449,254.2888,444.0572,248.6185,439.3695,254.1662,437.1414,253.0932,443.7680,259.6186,438.0291,253.4240,438.9618,258.3748,438.4378,255.1833,435.2708,258.8287,443.5642,256.8034,445.6102,248.7027,,,442.9807,183.1855,,,,
73655,0,,,,,,,,,,,,,,,458.6324,181.6551,424.2091,182.1824,460.3073,197.1737,420.9087,191.8618,447.1157,196.3954,433.3201,196.8650,441.9988,226.1320,436.3148,225.1612,440.8337,253.1021,443.3379,247.7095,,,,,,,421.8690,182.2979,459.5175,181.1274,425.7927,182.0775,458.8775,181.5884,419.3602,191.6458,459.8533,196.6716,420.3877,192.2323,462.6126,196.5817,429.2427,190.2024,444.7186,190.1826,439.6862,188.1273,446.9578,188.6829,433.5366,222.7740,445.2263,224.4934,439.9961,223.3831,437.4342,224.1662,441.1572,247.5726,444.3150,253.5156,444.6519,248.0809,438.8532,253.0683,437.0183,252.7657,443.3778,258.6465,437.6098,253.0663,437.5588,256.8175,438.2105,254.8602,433.7953,257.1644,443.9173,256.1954,446.6183,248.3772,,,442.2331,183.2628,,,,
73656,0,,,,,,,,,,,,,,,458.6891,182.2330,423.9782,182.5340,459.7853,198.3255,419.8824,191.9990,446.3265,198.0210,432.7435,198.1090,441.0595,227.2916,435.6933,226.0343,440.1143,252.8677,442.8696,248.0526,,,,,,,421.9198,182.6398,459.3294,181.6661,425.8243,182.3797,458.7976,182.1692,418.4194,191.5472,459.1726,197.8205,419.3022,192.3244,461.9285,197.9775,429.1486,191.1812,444.0559,191.5290,439.1962,189.4276,446.2144,189.8923,433.0445,223.5045,444.3586,225.2871,439.7280,223.6802,436.6191,225.0186,440.5859,247.8061,443.7167,253.0405,444.4669,248.4888,438.3556,252.7762,436.3646,252.9025,443.1662,257.9254,436.8945,253.3377,436.9178,256.1170,437.6033,255.0780,433.1735,256.4331,443.4395,255.0655,445.8917,249.0780,,,441.9510,184.0471,443.6843,181.6023,,
73657,0,,,,,,,,,,,,,,,458.8692,183.0760,423.8107,182.9488,460.2096,197.8664,418.8866,192.0687,446.3940,198.7050,432.5955,198.7317,440.0895,228.3243,435.9661,227.2621,439.3955,253.9769,443.3721,248.7086,,,,,,,422.2279,182.9778,460.0134,182.2639,425.8718,182.8429,459.5954,182.9832,417.3309,191.8316,459.3870,197.4665,418.3675,192.4448,462.8548,197.2465,428.8951,192.3110,443.9540,192.4639,439.6478,190.2273,446.7922,190.5944,432.9623,224.6259,443.3540,226.2549,439.5039,225.0387,435.8789,226.2654,441.1475,248.2953,442.4336,254.1082,444.7605,249.2651,437.5201,253.8773,436.3009,253.6167,442.1410,258.8641,436.6794,254.0535,436.3497,257.1875,437.2713,255.6312,432.6562,257.4039,442.3840,256.1510,445.9896,250.4485,,,442.0215,184.9655,,,,
73658,0,,,,,,,,,,,,,,,457.8847,184.0611,423.9267,183.5459,459.1873,199.6131,417.2541,192.9182,444.3925,200.0303,431.6652,199.5789,439.0843,229.0119,435.9171,227.0880,436.1589,256.0475,442.5394,249.4302,,,,,,,,,458.0429,183.4009,425.8949,183.5910,458.5389,184.0008,416.0031,192.7311,458.3488,199.1968,416.5919,193.2083,461.6295,198.7074,428.0345,192.7294,441.8944,193.2553,438.8245,190.6804,445.3027,191.2853,433.1160,224.9465,442.5336,227.2428,439.2628,225.5332,434.7599,227.1911,440.5641,248.9239,439.5196,256.6049,443.8037,250.0127,433.9061,256.0244,435.7558,254.5628,439.4258,261.1852,436.3935,255.0115,434.3085,259.3709,437.3148,256.4163,430.8380,259.3233,438.4399,259.1781,444.9389,250.7131,,,440.9879,185.9272,,,,
73659,0,,,,,,,,,,,,,,,457.2045,183.9787,421.4651,184.4311,458.8987,200.1188,417.3668,193.6965,444.2044,199.8123,430.6531,199.1716,438.1668,229.5785,434.5659,227.0602,434.8333,256.3457,440.9712,247.9885,,,,,,,,,457.6916,183.5781,423.1687,184.3139,458.1691,184.0951,415.6985,193.3904,458.0706,199.9115,416.6521,194.0975,461.5240,199.3503,426.3897,191.8691,441.7186,193.2358,438.1872,190.7881,445.2640,191.1874,431.4030,224.8966,441.3655,227.9398,438.1319,225.6493,433.3669,227.4388,439.3707,247.3363,438.5222,256.7973,441.9711,248.5889,432.8646,256.3897,434.7653,253.9111,438.1540,262.0448,435.1624,254.4517,432.7595,260.4896,435.5066,256.0118,429.2999,260.9499,437.8826,259.4029,443.6390,248.7975,,,440.4632,186.2004,,,,
73660,0,,,,,,,,,,,,,,,455.9171,184.1259,456.8968,183.2011,417.1230,199.5240,457.5418,195.8935,440.3413,200.9116,431.5104,200.1954,436.8141,229.8149,434.1973,227.2891,434.2216,257.2577,439.5450,248.0381,,,,,,,457.5077,183.1703,,,457.2193,183.2406,,,456.4361,195.5765,417.2239,199.2153,459.5238,195.3662,416.6652,199.5875,425.7658,191.9547,436.7892,194.6742,439.8533,191.0397,442.3523,191.9230,431.6428,224.8438,438.6320,228.3487,435.0023,226.1405,433.3753,227.4539,438.8303,247.4026,436.8370,257.6709,440.1815,248.6384,432.4500,257.1134,435.2003,253.7916,437.0429,263.1061,434.6460,254.4824,432.2620,261.4319,434.3294,256.1288,428.9080,261.8169,437.2087,259.5447,442.2106,248.6933,,,439.7765,186.1493,442.1150,183.7125,,
73661,0,,,,,,,,,,,,,,,455.1576,183.8767,419.7789,184.5922,457.0881,200.9320,416.1852,196.0645,441.4284,200.4666,428.6077,200.3720,437.5336,229.6674,431.4269,228.5942,433.2531,257.2173,439.7357,246.5401,,,,,,,416.7997,184.7336,456.2136,182.9882,421.2388,184.6427,455.1870,183.8763,414.4133,195.8086,456.6431,200.7321,415.4308,196.1176,459.0496,200.4014,424.6693,193.3766,439.5319,193.9811,435.9767,191.7002,443.1388,192.0285,428.6316,226.2957,440.6643,227.8566,434.5321,227.0696,432.3956,228.3271,437.6966,245.9628,436.9438,257.5637,440.6354,247.2624,431.3516,257.1306,434.1057,253.1359,436.8457,263.2173,434.9239,254.3228,431.2376,261.8458,435.7366,256.0159,428.0903,262.3548,435.6122,259.7046,442.7047,246.2618,,,439.0467,185.9469,440.6385,183.5782,,
73662,0,,,,,,,,,,,,,,,453.5553,183.5324,418.3943,184.1053,455.9191,200.7203,415.7442,197.3372,441.6187,200.0460,427.9920,199.7722,437.2130,229.8046,427.8687,229.2987,433.8511,257.8608,438.0880,244.2865,,,,,,,416.0614,184.2254,454.7612,182.3787,419.7867,183.9691,453.6405,183.5126,413.9243,196.7433,455.5600,200.5261,415.3562,197.1453,458.0287,200.0667,424.0168,192.8729,439.5625,193.3817,435.2791,191.3056,442.8785,191.4703,424.8895,227.6120,440.2111,228.4027,431.5248,227.9616,432.0639,228.3963,436.1168,243.6939,437.2443,258.1684,439.0799,244.9137,431.8741,257.7809,433.4190,251.5234,437.2808,263.8749,434.3060,253.2246,432.0930,262.5010,435.3219,255.1490,428.2154,263.3226,435.4261,260.8261,441.0852,243.3175,,,438.1992,185.3777,439.9609,183.0194,,
73663,0,,,,,,,,,,,,,,,451.8864,183.3515,416.9567,185.5475,454.3011,200.9845,415.0935,198.8728,440.7394,200.3685,427.0120,200.2033,437.8370,230.5618,425.5597,229.6735,433.9520,257.6914,436.7027,243.4518,,,,,,,414.1699,184.1769,453.4181,182.6217,417.5179,185.1967,451.6439,183.4137,413.9292,198.5957,454.1540,200.8073,414.3635,198.9303,456.0541,200.5995,423.2450,193.7446,437.8414,194.0089,434.2398,192.1280,440.3518,192.2378,423.3190,227.8071,440.8707,228.9946,428.7177,228.6873,432.6748,228.7919,434.6611,243.0457,436.9370,257.9019,437.7642,244.2106,432.1379,257.5439,432.8536,250.7925,437.2089,264.1092,433.7326,253.0713,432.6144,262.4047,434.4501,255.2400,428.6629,262.8379,434.7692,260.2194,439.3121,241.7431,,,436.1736,185.6538,438.1414,182.3088,,
73664,0,,,,,,,,,,,,,,,452.2167,182.9246,416.1488,184.9781,454.0013,199.9418,414.6960,197.6357,441.4341,199.3081,426.8354,198.9258,437.4028,231.3682,423.4613,229.7035,433.3672,257.7894,435.5085,244.4432,,,,,,,413.8343,183.4507,453.4056,182.2727,417.2467,184.6234,453.1451,182.9828,413.4436,197.3573,453.4700,199.6896,414.1220,197.5055,456.5689,199.5988,423.0688,192.7129,438.5361,192.8709,434.0322,191.1894,441.3417,191.1792,421.1330,227.6038,440.5957,229.8442,426.8636,228.8813,431.6779,229.2806,433.5427,243.8753,436.3907,258.2194,436.5155,245.2794,431.3808,257.8044,430.7918,251.3828,436.1198,264.4070,431.7917,253.5621,431.5044,263.0597,432.6584,255.8385,427.6338,263.7784,434.1719,260.5559,437.8834,243.3554,,,436.2142,185.0699,438.4632,182.3148,,
73665,0,,,,,,,,,,,,,,,452.0802,183.1757,416.4605,185.1554,453.5720,199.7567,414.9478,199.7993,440.9362,199.2672,426.0069,199.5939,436.9848,231.8565,421.3410,229.8804,431.8050,259.1571,432.9835,244.2449,,,,,,,413.7869,184.3183,454.1440,182.2318,418.2329,184.6947,452.9726,183.2247,413.5773,199.7280,453.0786,199.3982,414.0907,199.6008,456.2747,199.4264,422.4567,193.6072,439.4257,193.3785,433.1067,191.6906,440.8491,191.7203,418.6537,227.9968,440.2490,230.2465,425.5542,229.3837,430.6660,229.8889,430.6347,243.6838,435.2983,259.5046,434.0203,245.2422,429.5534,259.3117,427.4324,251.1816,435.0218,265.5199,429.3911,253.6008,429.7581,264.2079,430.7079,255.8625,425.8059,264.7947,433.2829,261.4975,435.6666,243.0437,,,435.7330,185.0981,437.1109,182.0350,,
73666,0,,,,,,,,,,,,,,,452.3998,182.6990,415.5821,183.9904,451.8856,199.5039,414.3733,198.5175,440.4990,198.3530,425.4101,198.4358,436.5072,231.9268,419.8526,229.5798,431.8752,258.9374,430.6224,245.9982,,,,,,,413.0826,183.0002,454.2890,181.9307,417.5836,182.7968,453.3567,182.5621,412.8565,198.5250,451.5560,199.0596,413.6579,198.1674,454.0948,199.3089,421.0526,192.3399,438.1050,192.0248,432.5985,190.4307,440.6274,190.2640,417.1560,227.6463,440.0438,230.1191,423.7422,229.1585,430.4571,229.8047,428.2119,245.5095,435.3266,259.4230,431.6107,246.9352,429.7085,259.0365,424.5260,253.5545,434.9403,265.7424,425.9306,255.8239,429.7551,264.3729,426.5459,258.0675,425.6849,265.0963,433.5756,261.7393,433.3083,244.7763,,,434.8788,184.0377,436.1533,181.9809,,
73667,0,,,,,,,,,,,,,,,452.1409,182.0414,415.2841,182.3476,450.8204,198.8692,413.3410,196.8893,438.7004,198.8855,424.2499,198.5968,435.8752,232.3714,418.6568,229.2991,432.6095,257.9407,427.9531,247.6242,,,,,,,412.8600,182.4068,454.2851,181.2166,417.3774,182.1648,452.8408,181.9149,411.9679,196.6045,450.6177,198.2026,412.7569,196.8047,453.0885,199.0360,419.9073,192.1200,436.6747,192.2746,431.2068,190.7463,438.8904,190.7718,415.9071,227.3888,439.2084,230.6199,423.2542,228.8428,430.6426,230.2768,425.1527,246.8679,435.6475,258.5086,429.1045,248.7786,430.9598,257.8770,421.7918,255.1267,435.6237,264.7863,423.1494,256.8048,431.0143,263.4081,423.6694,258.9924,427.4055,264.0660,434.2894,260.4605,430.8153,247.0466,,,434.0370,184.5973,435.1846,181.3507,,
73668,0,,,,,,,,,,,,,,,452.1880,182.2101,414.9985,182.5499,449.7318,197.8231,413.2069,197.9969,437.7301,198.3266,422.1726,198.3242,435.3264,231.2722,417.3967,229.0439,432.1982,257.7989,423.9039,250.6540,,,,,,,412.6046,182.7249,454.1503,181.4500,417.4852,182.5432,452.7405,182.2167,411.8238,197.7982,449.3337,196.9963,412.7466,197.9235,451.8270,198.1750,418.3703,191.7912,435.9646,191.5672,429.5392,189.9230,437.8825,189.9298,414.6168,226.9167,438.6015,228.9743,422.3465,228.5595,429.8865,228.9163,421.2255,250.2489,435.5715,258.1662,425.1281,251.4886,430.4770,257.7810,417.8787,257.5367,435.5090,264.6752,418.9614,258.7117,430.8919,263.5538,419.7896,260.6813,427.4729,264.3047,434.4613,259.9426,426.2677,250.9024,,,432.5230,183.3288,433.3006,181.6866,,
73669,0,,,,,,,,,,,,,,,453.0400,182.0005,415.4084,182.6972,448.6811,197.2646,412.8903,197.2392,437.8520,198.4202,421.6691,198.2930,435.2651,232.2311,416.1329,229.6011,432.1848,258.4298,422.7719,253.3059,,,,,,,412.9043,182.7991,454.9458,180.7861,418.1063,182.5570,453.8200,181.7999,411.5231,197.1365,448.0934,196.4160,412.5196,197.1883,450.9612,197.6112,418.3286,191.4790,436.1340,191.0537,429.5911,190.1457,437.7964,190.0151,413.1319,227.2779,438.6291,229.7164,421.1474,228.8025,429.8016,229.6187,420.0891,252.7869,435.7283,258.8430,424.0920,254.0433,430.4299,258.5084,416.2666,259.5494,435.8162,265.3122,417.8111,260.5727,431.3468,264.6047,419.0875,262.5481,428.0816,265.4709,434.3508,260.2388,425.0095,254.5842,,,432.5685,183.8857,433.7308,181.6814,,
73670,0,,,,,,,,,,,,,,,451.8614,182.4401,414.7328,182.9305,447.3890,196.7202,411.9301,197.6764,437.6045,198.3689,421.2447,198.3102,435.3027,231.5034,415.0023,229.7901,431.5405,258.5125,419.4463,255.6094,,,,,,,412.0155,182.9158,453.5942,181.7076,417.5163,183.4784,452.7330,182.4237,410.1748,197.5570,446.9478,195.8123,411.7341,197.5438,449.4645,197.0582,418.0434,192.1500,435.8149,191.2455,429.6081,190.5882,438.0053,190.1924,412.0265,227.6375,438.3119,229.1873,420.3984,228.7973,429.4783,229.3559,416.9553,255.2670,435.3177,258.6598,420.4032,256.3078,429.6745,258.8950,412.1765,261.6368,435.4792,265.3999,413.1472,262.0229,430.4333,264.5573,414.1552,263.6482,427.0346,265.5582,434.1120,260.3372,422.3030,256.9851,,,432.7179,183.4797,434.5631,181.8349,,
73671,0,,,,,,,,,,,,,,,451.0801,182.7797,414.7423,183.2205,445.7677,197.3755,411.3011,198.4080,436.5183,199.2578,420.3701,199.4139,434.4163,232.7812,413.5507,230.9959,431.4266,258.6482,415.7799,258.3281,,,,,,,412.0217,183.2577,452.3577,181.5563,417.4792,183.0319,452.0399,182.7467,409.4440,198.1077,444.9455,196.2411,411.1718,198.3492,448.1200,197.8363,417.4213,192.9190,435.2294,192.2320,428.8453,191.3129,437.0326,191.1971,410.7487,228.3683,437.4505,230.5359,419.3484,229.9604,428.7941,230.6695,412.6540,258.2313,435.1329,258.8815,416.9680,259.1253,429.5200,258.9397,407.1635,264.5055,435.5956,265.8554,408.9284,264.4328,430.7439,264.8069,410.1542,265.6222,427.2924,265.8243,433.4944,260.2835,417.6720,260.7425,,,431.8463,184.7547,433.5636,182.2717,,
73672,0,,,,,,,,,,,,,,,450.2011,183.4833,412.4128,183.9243,443.9033,197.7715,409.7919,198.6967,434.9375,200.1786,418.6735,200.4505,433.7160,233.1201,412.6758,231.7669,430.9270,258.7647,412.6856,260.8463,,,,,,,409.8897,183.8670,451.8721,182.6594,414.9526,183.7874,451.1246,183.4693,408.2615,198.3096,443.3979,196.7971,409.3161,198.6439,446.1115,198.2603,416.1914,193.4962,434.0728,193.2886,427.1579,191.7482,435.3984,191.7507,409.7131,228.9462,436.9869,230.7203,418.9156,230.4734,428.0164,230.7698,409.6420,260.8160,434.5755,258.6846,413.8173,261.5651,428.7496,259.2021,403.7887,265.7088,435.4309,265.6486,405.5506,264.9196,430.4281,265.1148,406.9484,265.7679,427.0878,266.1079,432.8046,259.9674,414.2555,264.2843,,,430.6810,185.4447,432.6493,182.7877,,
73673,0,,,,,,,,,,,,,,,447.3232,183.9421,410.1803,185.9521,442.9755,197.9076,409.2380,199.4915,434.2234,200.4568,417.8762,201.2842,433.3612,232.8456,412.4794,232.0613,431.2236,258.6405,409.6952,261.7312,,,,,,,407.3352,184.1826,448.7554,182.3414,412.6827,185.3268,448.1389,184.1950,407.6639,199.2773,442.1292,196.9716,408.6332,200.0928,445.2772,198.1696,414.9340,193.9423,433.5244,193.6056,425.7807,191.9886,434.4026,191.8037,409.6904,229.5157,436.6672,230.3771,419.0167,230.5069,427.1745,230.4981,406.7047,261.8820,434.8044,258.7436,410.9674,262.3980,428.9144,258.9586,400.6925,265.7185,435.5079,265.4050,402.2256,264.1364,430.2815,264.9599,403.5815,264.4180,426.8659,265.8095,433.2038,259.9554,411.1198,266.1128,,,429.2342,185.4637,430.7198,183.1007,,
73674,0,,,,,,,,,,,,,,,445.5888,184.3125,408.6674,186.2891,440.4962,198.7259,407.5689,200.5078,432.8903,201.2838,416.2029,202.3991,432.5330,232.8025,410.5942,233.1255,431.4768,258.5405,406.5076,262.3987,,,,,,,405.7185,184.7235,447.1067,182.8991,411.1266,185.7678,446.5201,184.5161,406.0735,200.4002,439.4656,197.6295,406.9252,201.0725,442.8758,198.9490,413.1713,195.1223,432.3614,194.5217,424.2634,192.9013,433.3104,192.6575,407.9526,230.3904,435.6978,230.4523,416.8850,231.6459,426.2167,230.9047,403.7096,262.6909,434.8950,258.7048,407.7383,262.7675,429.1255,258.8029,397.5066,265.6479,435.4692,265.3741,398.8424,263.4235,430.2945,264.8057,400.1995,263.0663,426.5972,265.6756,433.1583,259.8890,407.9221,267.2579,,,427.7916,187.0140,429.3569,183.6650,,
73675,0,,,,,,,,,,,,,,,444.0426,185.1871,408.1935,186.6543,438.7317,198.8304,405.5593,201.2951,431.4692,201.3711,414.7838,202.4638,431.8964,232.8084,409.1210,233.3027,431.4917,258.9403,405.6613,263.4168,,,,,,,405.3620,185.5777,444.9173,184.4101,410.7652,185.2919,445.3403,185.1084,403.7438,201.0699,437.4569,197.8483,404.8277,201.6534,441.2704,199.1177,411.6399,195.0644,430.6763,194.1689,423.2208,193.1290,431.9937,192.6775,406.3481,230.6282,434.9712,230.3453,415.2740,231.5435,425.4966,230.6919,402.8162,263.8413,434.8983,259.1078,407.0513,263.8948,429.2608,259.1028,397.0352,267.4222,435.5588,265.7995,398.2825,265.7224,430.6682,265.1006,399.6648,265.5282,426.8171,266.2500,433.0026,260.3775,407.3263,268.1989,,,426.3709,186.9256,428.4086,184.4393,,
73676,0,,,,,,,,,,,,,,,443.1766,185.6172,406.3848,187.7343,437.0636,200.1887,403.2939,201.7848,429.7213,202.9311,413.0464,203.3762,431.2631,234.3599,406.9116,234.6034,430.8947,258.7523,404.0012,265.4293,,,,,,,403.2712,185.8308,444.1300,184.7127,408.7886,186.6600,444.3181,185.6133,401.7707,201.7154,435.8949,199.2688,402.5375,202.3578,439.4025,200.4308,410.4107,196.7795,429.3704,196.1871,421.0719,194.1111,429.7128,193.7405,404.1354,231.8147,434.5824,231.6799,413.1591,233.0879,424.8997,232.6239,401.2537,265.7625,434.2744,258.8410,405.3234,265.8928,428.8320,259.1162,395.1373,269.7728,435.0740,265.9600,396.6396,267.9872,430.3942,265.5344,398.0619,267.6636,426.9371,266.6525,432.5579,260.0525,405.9714,269.8753,,,424.4270,187.7335,426.2075,184.6223,,
73677,0,,,,,,,,,,,,,,,440.8976,186.1416,404.3559,187.7560,435.2419,200.6836,401.5694,201.3757,427.9252,202.1549,410.8724,203.0231,430.0378,234.2074,406.1007,235.0602,431.2707,258.7798,403.1910,265.9879,,,,,,,401.8692,186.5079,441.6644,184.6805,407.1324,186.3203,441.9774,186.2846,399.8455,201.2762,434.0243,199.6377,401.1962,201.8105,437.4939,200.8872,407.7558,195.6452,426.9097,195.2637,419.1324,193.1355,427.8120,192.8810,403.3842,232.1983,433.3952,231.6047,412.1156,233.1648,423.4574,232.4583,400.4888,266.1460,434.6420,258.5947,404.3574,266.4809,429.1605,259.1584,394.0114,270.8911,435.6904,265.5471,394.8480,269.2125,430.5658,265.6365,395.6685,269.1623,427.1902,266.8027,433.5484,259.5334,405.8536,269.8709,,,422.4195,186.4452,424.3862,185.3710,,
73678,0,,,,,,,,,,,,,,,439.1955,186.3579,401.5515,188.0445,433.7341,200.7267,400.1956,202.2708,425.9253,203.0278,408.4468,204.1236,429.1475,234.8553,404.4969,236.6306,430.7008,258.5645,402.3978,266.5564,,,,,,,399.5370,186.9054,440.3021,185.0563,403.8779,186.8826,440.7597,186.5298,398.7430,202.3891,432.4884,199.5491,399.4747,202.6049,436.1201,200.8737,405.5276,197.2882,424.9753,196.8142,416.3995,194.2041,425.3528,194.3116,401.5872,233.8936,432.2094,232.2418,410.5997,234.4698,422.6610,233.7985,399.6398,266.6876,433.9195,258.3955,403.4103,267.0377,428.5812,258.9499,393.0825,271.8598,434.9262,265.1219,394.3999,270.0592,430.2770,265.3629,395.6113,269.9825,427.1313,266.5264,432.3301,259.2846,405.3329,270.1846,,,420.2140,187.0829,422.6556,185.8211,,
73679,0,,,,,,,,,,,,,,,436.9441,186.0358,400.1198,187.8298,431.9231,200.9785,398.7784,202.7751,423.9569,202.9811,407.3842,203.8701,427.4165,235.4475,403.1532,236.5237,430.3307,256.7880,402.0491,266.3247,,,,,,,397.2183,186.9002,437.7727,185.0823,402.8557,186.6654,438.6862,186.0611,397.1839,202.6315,430.6023,199.9704,397.8938,202.5248,434.1929,200.9725,404.2584,197.0476,422.1357,196.5535,415.5718,194.2514,423.8974,194.2685,400.4054,233.4851,430.4730,233.1617,409.2303,234.1813,420.8084,234.6098,399.5217,266.4156,433.6913,256.5553,403.0492,266.7649,428.2164,257.1900,392.9761,271.7117,434.5620,263.7260,394.2395,270.4377,429.7377,264.5055,395.1369,270.9039,426.4388,266.1620,432.6783,256.4621,405.2604,269.9557,,,419.0348,186.8972,420.7134,185.8178,,
73680,0,,,,,,,,,,,,,,,435.4145,185.8970,399.4316,187.6317,430.1799,200.7676,397.2277,203.3508,422.2655,202.1538,406.0700,203.2249,425.2282,236.3031,402.1508,236.1001,429.3864,256.2002,402.3036,266.8004,,,,,,,396.0187,186.9557,435.8480,185.1653,402.5813,186.7605,437.6258,185.8749,395.2175,203.2803,428.8533,199.9600,396.6192,203.0524,432.3906,200.6554,402.6901,196.1963,419.6398,195.0746,415.0679,193.5596,423.2330,193.3351,399.6460,233.1310,428.1068,233.9569,408.0244,233.7399,418.5984,234.8921,400.0260,266.8024,432.7340,255.8276,403.1579,267.1496,427.2908,256.7123,393.4820,272.7576,433.6125,263.3938,394.2073,271.5158,428.6149,264.7900,394.7353,272.2063,425.2867,266.8515,431.7511,255.5298,405.7785,270.3276,,,417.7940,187.0517,419.7825,185.8647,,
73681,0,,,,,,,,,,,,,,,434.7194,185.9684,399.6264,187.8350,429.7270,200.4083,395.8106,202.6034,421.8873,201.8815,405.7370,202.5022,424.3407,237.0010,401.6266,235.9462,428.4065,254.7602,402.1097,266.2522,,,,,,,396.3094,186.8325,435.5741,185.0613,403.6768,186.5485,437.0390,186.1015,393.8079,202.8218,428.3502,199.5784,395.5312,202.5670,432.0830,200.2819,401.9778,195.5543,419.2808,194.8455,415.2869,192.7663,423.2547,192.8051,398.9975,232.6908,427.1847,234.8584,407.3262,233.6702,417.6544,235.4908,399.8074,266.1044,431.8101,254.3589,403.0206,266.7020,426.3213,255.3865,393.4685,272.1898,432.8113,262.6027,393.9723,271.3634,427.8663,264.5468,394.4611,272.4184,424.6338,266.9432,430.6096,253.0152,405.7905,269.5219,,,417.8289,187.1074,,,,
73683,0,,,,,,,,,,,,,,,433.0278,185.1476,397.0332,186.9651,426.8111,199.7483,390.8370,201.1108,419.5672,201.1831,403.1231,201.9191,420.0138,237.5545,400.1703,236.8031,424.9833,253.5003,401.9444,266.5160,,,,,,,394.2274,186.1021,433.3999,184.4360,399.5213,186.4383,435.2275,184.3406,388.8774,200.8671,425.5928,198.9685,390.3481,201.0055,429.1322,199.7048,399.1405,194.6938,417.0544,193.8645,412.0194,192.9176,420.4972,192.4195,397.3967,233.4575,423.3357,235.2601,405.3857,234.3693,413.3987,236.2572,399.5817,266.5381,428.2661,253.2733,402.8206,267.3018,423.1589,254.4081,393.3394,271.9761,430.6731,261.8245,393.6452,271.2944,426.5457,264.5116,394.0553,272.0058,423.6181,267.4228,426.2919,251.0489,405.2945,269.5043,,,414.5241,185.2492,416.5413,185.0605,,
73684,0,,,,,,,,,,,,,,,431.4067,185.0536,395.0742,187.1518,425.8308,199.4273,389.5383,200.6520,418.1961,201.7651,401.7916,202.5998,417.7470,237.2866,399.9074,236.7588,422.4609,255.7422,402.0162,266.5795,,,,,,,392.6506,185.7829,431.5371,184.1215,397.5165,186.5015,434.2464,184.9450,387.6584,200.4148,424.5120,198.5867,389.1367,201.0547,428.3921,199.2995,397.9512,195.2866,415.9117,194.6349,410.8147,193.4865,419.3003,193.2196,397.0594,233.9027,421.1777,235.3233,405.1678,234.4218,411.2685,235.8557,399.4289,266.4680,425.7861,255.2140,402.9930,267.0911,420.2492,256.7361,393.2533,271.4430,428.1134,263.3679,393.7317,270.6169,423.6803,265.4999,394.3198,271.5326,420.5336,268.1698,424.1364,253.9265,405.0199,269.3769,,,413.7740,186.4225,415.4071,184.7464,,
73685,0,,,,,,,,,,,,,,,429.7712,184.3207,393.6451,186.0425,425.5910,199.4534,387.6752,200.6572,417.1007,201.0863,400.6620,201.8502,415.5301,236.7356,399.7807,236.8359,419.1742,257.9247,401.7152,266.3565,,,,,,,390.9885,186.1855,429.9812,184.3166,396.1500,185.8876,431.7059,184.2144,385.6501,200.0501,424.5213,198.7293,387.4542,200.5277,428.1062,199.4767,396.9838,194.4999,414.8988,193.7387,409.3378,192.7767,417.6771,192.5005,396.9298,233.6454,419.0197,234.7100,404.6314,234.4374,409.4316,235.1180,399.2110,266.3343,422.7423,257.1079,402.8113,266.8825,416.9320,258.8505,393.2172,271.8320,425.0008,265.4860,393.6156,271.5511,420.3815,267.4791,394.2274,272.7049,417.3643,269.9434,421.0257,256.2090,404.7893,269.0788,,,412.3544,185.0660,414.0812,184.9685,,
73686,0,,,,,,,,,,,,,,,428.8674,184.5956,392.0830,185.8335,424.8916,199.1756,386.5409,199.0332,415.8861,200.3443,399.9634,200.6714,413.5508,236.7671,399.5153,236.2543,416.7922,262.9463,401.9292,265.7633,,,,,,,390.0257,185.7714,429.1231,184.0841,394.4190,185.6295,431.6173,183.9200,384.4121,198.3614,424.0552,198.3204,386.0935,198.8511,427.2487,199.1623,396.0819,193.3850,413.4310,193.0668,408.6690,192.1085,416.7267,191.9353,397.0718,232.9021,416.9330,234.7521,404.1438,234.1595,407.7291,235.1237,399.2253,265.5574,420.4170,262.6539,402.9674,266.3834,414.5818,263.4515,393.5136,271.4058,421.9345,269.9362,393.9616,270.9938,417.0635,270.3101,394.4758,272.1357,413.8334,271.7773,419.4218,263.0435,404.7809,267.9519,,,411.4401,184.7952,413.2061,184.6423,,
73687,0,,,,,,,,,,,,,,,427.1205,185.0517,392.1258,186.0965,424.8579,198.6400,385.1531,197.9899,414.5095,199.7635,399.6482,200.0027,410.8732,236.6761,398.6444,235.3207,411.5138,264.9507,401.5938,263.9331,,,,,,,390.3318,186.0998,427.2466,184.5027,395.6428,185.9330,429.3990,184.4069,383.1219,197.2303,423.8628,197.6866,384.7165,198.0198,427.4818,198.7053,395.4670,192.9935,411.7220,193.0921,408.2084,191.7082,415.5071,191.8029,396.0708,232.0525,414.1847,234.4409,403.1816,233.1951,405.3860,234.6725,399.1254,263.5626,415.0996,265.2205,402.7668,264.4599,409.4763,265.4026,393.5470,270.3011,415.7150,272.2700,394.4588,270.2462,409.7022,271.7991,394.9045,271.4925,406.5038,272.9159,414.4914,266.5774,404.5414,266.1616,,,410.7990,185.1996,413.0794,185.0671,,
73688,0,,,,,,,,,,,,,,,426.7509,185.3742,390.9769,187.0458,425.0029,198.4941,384.8040,197.2009,413.6091,198.9183,398.9237,199.6987,408.3078,236.2256,398.8880,235.7308,408.8132,266.6546,402.0930,265.3919,,,,,,,389.0819,187.0504,,,396.9667,186.7242,427.7819,185.2842,382.5416,196.3614,424.0743,197.5715,384.4716,197.3318,427.6334,198.4992,394.6935,191.9554,411.0666,191.7858,407.4204,191.1493,415.2150,190.7054,396.2046,232.7904,411.8229,234.1937,403.4825,233.4155,402.9579,234.2238,399.4137,265.2595,412.4374,266.7569,403.0725,265.7675,406.9791,266.9129,393.7599,271.8125,411.5536,273.8064,394.4691,271.5361,405.6891,273.3863,394.7395,272.7879,402.4162,274.4543,412.4266,268.6401,404.9683,268.0577,,,409.8051,186.0591,,,,
73689,0,,,,,,,,,,,,,,,426.5823,186.4765,389.9888,187.5333,424.4683,199.2227,383.7757,196.9142,413.2231,199.1424,398.6529,199.5847,407.0167,236.3384,397.8490,236.1967,406.9642,268.4018,401.7574,266.0882,,,,,,,,,,,397.9180,187.1025,427.7002,185.7931,381.5045,196.0145,423.2397,198.3491,383.5407,197.1055,427.2756,199.2368,393.9241,192.4121,410.4250,192.2805,407.2074,191.5461,415.0640,190.9862,395.0667,233.1948,410.4183,234.1442,402.4886,233.6760,401.7887,234.5882,399.2330,266.0343,410.4549,268.6826,402.7691,266.5067,405.1470,268.4619,393.8430,272.1342,408.9880,275.5820,394.1026,271.8499,403.2327,274.5270,394.2403,273.0377,399.3899,275.2204,410.6141,270.8913,404.7212,268.8797,,,409.3087,186.6111,,,,
73690,0,,,,,,,,,,,,,,,425.8271,186.4994,,,424.4169,199.0220,383.2768,196.4014,412.5486,198.9123,397.6482,199.2862,405.9448,236.2677,397.2330,236.4964,405.2949,268.8632,401.1726,265.8354,,,,,,,,,,,397.9021,187.0309,,,380.7833,195.6451,423.3315,198.3298,382.9352,196.6331,427.1966,199.0500,393.2178,192.2358,410.0412,192.2165,406.1052,191.7866,414.0614,191.1696,394.0717,233.4623,409.5939,233.8414,402.1115,233.8850,400.7102,234.3954,398.4521,265.8291,408.6565,269.2759,402.1646,266.2501,403.4368,268.7485,392.8034,271.7860,406.9868,275.8833,393.5892,271.4378,401.1490,274.4291,393.9734,272.5947,397.0601,275.4183,408.6507,271.9438,403.8171,268.5117,,,408.1952,186.6676,,,,
73691,0,,,,,,,,,,,,,,,425.1268,185.9895,388.9218,187.7376,424.0470,200.1631,382.5739,196.8480,411.5529,199.7641,396.3396,200.4082,405.4948,236.4772,396.1645,236.1984,403.6287,268.8889,401.2817,264.9018,,,,,,,387.5598,186.8816,425.9412,185.1962,393.7746,186.5314,426.0040,185.8042,380.4330,196.0577,423.0260,199.4711,382.3984,197.0168,426.4733,200.1188,393.2748,192.5197,409.7461,192.6347,405.0040,191.3907,412.5128,191.3912,393.1704,232.8996,409.0593,234.1811,400.8330,233.4386,400.5434,234.2843,398.3967,264.8548,407.0252,269.1618,402.3662,265.3151,401.4529,268.7179,392.9607,270.8800,405.1046,275.4374,394.2916,270.8740,399.3195,273.4853,394.7490,272.2506,395.3708,274.0910,406.5563,271.8803,403.6799,267.2334,,,407.4781,185.9916,,,,
73692,0,,,,,,,,,,,,,,,424.5155,186.1371,388.1754,187.7585,423.4214,200.9535,382.6275,197.4894,410.6023,202.0167,395.4933,202.2036,404.4899,237.2176,395.9807,236.5570,402.2342,269.0722,401.1075,264.4418,,,,,,,386.7005,186.9267,425.2787,185.1923,390.5779,187.5039,425.9102,185.9972,380.5625,196.7077,422.0984,200.3841,382.3199,197.5692,425.7974,200.9669,392.5346,193.7743,408.5660,193.9549,404.4163,192.9548,411.8371,193.1499,392.9855,233.1064,407.9856,235.0960,400.7080,234.0304,399.4328,234.8985,398.1915,264.2882,405.7951,269.5957,402.2214,264.9826,400.0622,268.9257,392.6440,270.3492,403.3806,275.3512,393.8781,270.8251,397.3218,273.1171,394.2385,272.3508,393.5163,273.6241,405.4053,272.4722,403.5155,266.5292,,,407.1481,186.8800,,,,
73693,0,,,,,,,,,,,,,,,423.7764,186.3394,389.0214,187.9638,423.7125,201.2791,382.5577,197.6216,410.7124,201.3697,396.0614,201.7175,404.0463,237.0304,395.5743,236.2769,402.0109,268.6891,401.2482,264.2722,,,,,,,387.5019,187.0544,424.7669,185.4057,393.3813,186.7850,424.5748,186.2277,380.3729,196.7406,422.5062,200.7620,382.4247,197.7409,426.0906,201.2486,392.9158,193.5393,408.6832,193.7004,404.5882,192.3511,411.9931,192.3781,392.7668,233.0707,407.3923,234.9583,400.0985,233.9578,399.0437,234.7146,398.3779,264.0582,405.6045,269.2703,402.4181,264.8017,399.8070,268.5010,393.8550,269.7254,403.0473,274.5698,394.8286,270.0226,396.8509,272.4351,395.0574,271.6726,393.1791,272.6855,405.1366,272.5943,403.8832,266.2211,,,406.9207,186.9175,,,,
73694,0,,,,,,,,,,,,,,,423.6773,186.6476,389.2358,188.2220,423.3675,202.2225,382.4869,198.2477,409.9911,202.0887,394.9261,202.2079,403.3670,236.9840,395.0728,236.6917,401.3042,268.6933,401.2839,263.6324,,,,,,,387.2983,187.2912,424.4089,185.6218,393.8557,186.8356,424.7375,186.5727,380.5034,197.3966,422.0784,201.5989,382.2408,198.2784,425.6254,202.1683,392.6708,194.4201,408.4306,194.5338,403.5123,192.8880,411.0588,193.0736,392.2326,233.4862,406.7873,234.7350,399.6795,234.2365,398.6324,234.6639,398.8129,263.2370,404.7559,269.0036,402.4724,264.1615,399.0479,268.4515,394.8299,269.0984,402.3213,273.9830,395.5750,269.1203,396.0477,272.0112,395.8208,270.6371,392.5503,272.0438,404.5466,272.4022,403.6452,265.3368,,,406.0311,187.3414,,,,
73695,0,,,,,,,,,,,,,,,423.3671,187.4842,389.2822,189.2403,423.0410,202.7211,383.4534,200.7751,409.9837,202.8871,395.1462,203.2995,402.3502,237.6798,394.3958,237.0506,400.6342,269.2293,401.0658,264.4988,,,,,,,387.0034,187.8972,423.7424,186.1959,396.2340,188.2566,424.4307,187.5448,381.2931,199.7199,421.6945,202.1146,383.0452,200.5027,425.5667,202.6077,392.5258,194.4186,407.8872,194.9506,403.9071,193.0779,411.3134,193.1483,391.3689,233.9195,405.8171,235.5169,398.9155,234.7116,397.3532,235.4432,398.5317,264.0826,404.3098,269.6189,402.4478,265.1592,398.2265,268.9599,393.8280,270.0379,401.7235,274.8708,394.2351,270.1974,395.1619,272.8850,394.0576,271.7354,391.3235,272.8794,404.3752,272.6575,403.7272,266.6376,,,406.1871,188.2436,,,,
73696,0,,,,,,,,,,,,,,,422.5757,187.0237,389.5496,189.7067,422.2760,203.6131,382.7739,201.4307,408.5794,203.3448,394.2480,203.7802,401.1847,238.2655,393.9692,237.7278,399.9647,269.7599,400.2899,264.9144,,,,,,,386.7622,188.7195,423.3003,187.0192,393.9240,188.3656,423.4915,187.6936,380.6737,200.8839,421.2649,202.9682,382.4108,201.4728,424.3505,203.5341,391.2011,195.6038,406.6158,195.7037,403.1822,193.9117,410.3970,194.1000,391.0878,234.5988,404.6553,236.0532,398.3960,235.2479,396.2210,236.0101,397.8473,264.5987,403.5845,270.1051,401.6022,265.5277,397.7979,269.4890,393.2810,270.5582,401.1364,275.5480,393.4845,270.6989,394.3245,273.5451,393.4251,272.2410,390.3881,273.5170,403.9698,273.1484,402.9388,267.1267,,,405.6242,188.5902,,,,
73697,0,,,,,,,,,,,,,,,422.6757,188.3898,388.8066,190.7289,421.6971,203.6897,383.2560,203.1309,408.3187,204.0052,394.1137,204.4276,400.2422,239.0202,394.1753,237.9971,399.0655,270.5237,400.3926,265.2172,,,,,,,385.8309,189.2911,423.0556,187.6071,395.1321,189.5464,423.7923,187.5252,381.1185,202.6389,420.1392,203.1405,382.8111,203.0819,424.3090,203.4233,390.7866,196.0751,406.0731,196.2669,403.2542,194.2870,410.7258,194.4781,391.2936,234.8828,403.7659,236.6688,398.2098,235.8976,395.4547,236.7774,397.9299,264.9109,402.7428,270.9114,401.8080,265.8423,396.8216,270.3400,393.1719,270.8052,400.1297,276.9317,393.4380,271.0532,393.0179,274.9189,393.3542,272.5906,388.9077,274.8677,402.4694,273.8507,403.2701,267.5643,,,405.8229,189.2385,,,,
73698,0,,,,,,,,,,,,,,,421.3402,189.4631,387.7785,191.2684,420.9330,204.5966,382.5086,204.0822,407.5928,205.0092,393.2082,205.3464,400.3999,239.9153,393.6859,238.9807,398.4456,271.8556,400.8539,265.5339,,,,,,,385.0700,189.7965,421.6086,188.7497,394.2698,190.3858,422.7278,189.1352,380.4708,203.7697,419.4274,204.1257,382.0383,204.0896,423.4786,204.2140,389.6629,196.8334,405.0319,197.5313,402.5767,195.1348,410.0778,195.6132,390.8119,235.7189,403.8604,237.4381,397.8461,236.6949,395.4386,237.7858,398.5720,265.2251,402.1948,272.2683,402.1035,266.0858,396.2687,271.8463,393.8587,271.1061,399.1858,278.3684,393.8517,271.4009,392.1230,276.2807,393.8993,272.9863,388.2645,276.1564,402.1372,275.3585,403.8352,267.9947,,,404.9879,190.1662,,,,
73699,0,,,,,,,,,,,,,,,420.7728,191.2173,389.4577,192.7777,419.8324,205.5654,383.0291,205.3030,406.1151,206.6455,393.0454,206.6485,399.7923,241.7146,393.8338,240.3677,397.7491,273.4359,401.4102,265.6358,,,,,,,384.4774,191.4836,420.7550,189.8358,394.2492,191.9243,421.8981,191.0203,380.5919,205.0037,418.6815,205.1865,382.4966,205.5367,422.2374,205.4614,389.2008,198.6882,403.0832,199.4847,402.1708,197.3143,408.8367,197.7696,390.8114,237.4597,403.0321,239.2041,397.3622,238.5969,394.6471,240.0849,399.0844,265.3547,401.3974,273.6575,402.3038,266.1988,395.2484,273.6090,394.5237,271.4132,399.4687,280.0467,393.9245,271.8013,392.0384,278.6838,393.5287,273.5270,387.9667,279.2233,401.2493,276.4240,405.1786,267.3951,,,404.5363,192.0412,,,,
73700,0,,,,,,,,,,,,,,,420.5906,191.4342,389.5866,193.0103,419.6569,206.3777,382.5157,205.5938,406.2300,206.6197,392.6309,206.6387,399.8463,242.0887,393.3496,240.3924,397.1477,274.3519,400.7632,265.8621,,,,,,,384.7763,192.1410,420.6078,190.3117,393.4208,191.5877,421.9373,191.3451,380.1708,204.9336,418.3311,205.9171,382.0450,205.5043,422.3317,206.1565,388.3514,198.4061,403.0930,199.2993,401.7787,197.0745,408.8141,197.2442,390.2360,237.4129,403.3023,239.5884,396.7845,238.7809,394.8099,240.2025,398.4974,265.5397,400.9513,274.5614,401.6844,266.5899,394.7741,274.5944,393.7345,271.8049,398.9053,281.3112,393.0240,272.5845,391.4813,280.3132,392.8202,274.1903,387.2718,281.0694,400.4508,277.0589,404.5683,267.5931,,,404.1498,191.9786,,,,
73701,0,,,,,,,,,,,,,,,419.9953,191.3968,389.6323,192.0415,418.8845,206.7190,382.2004,205.2454,404.9479,205.9313,391.6627,205.6620,399.8329,241.7097,392.8947,240.3513,396.5218,274.9871,400.9124,265.6128,,,,,,,384.9310,192.2868,419.8515,190.6312,393.2420,191.8341,420.7535,191.3093,379.6259,204.6094,417.8526,206.1865,381.7364,205.0009,421.2747,206.6726,387.8726,197.5546,402.3662,198.4756,400.7207,195.8190,407.6603,196.6831,389.6775,237.3478,403.0766,239.2751,396.3165,238.8750,395.0612,239.7005,398.7045,265.2102,400.4274,275.1468,401.7232,266.4109,394.2627,275.1014,394.0925,271.7330,398.5992,282.0608,393.6185,272.6726,391.3165,281.0623,393.3676,274.6083,387.3648,281.7775,400.0572,277.6085,404.5658,267.1582,,,403.2464,191.3926,,,,
73702,0,,,,,,,,,,,,,,,419.2954,190.5906,389.3728,192.0732,418.5246,206.4139,382.4148,205.0819,405.2288,205.2969,391.3234,205.2270,399.8714,241.2327,391.8564,240.3614,396.9461,274.3203,400.1188,264.8084,,,,,,,384.7433,192.3231,419.7609,190.5402,392.4856,191.7810,420.3129,190.5546,380.0561,204.2683,417.2464,205.9502,381.8790,205.0888,421.0123,206.1639,387.7849,197.4104,402.4396,197.8810,400.3987,195.4215,407.8160,195.9006,388.7274,237.4894,402.9232,238.5923,395.4862,238.7737,395.3091,239.2655,398.0149,264.2498,400.3893,274.4543,400.7986,265.6574,394.6177,274.5434,393.3090,271.1627,398.3852,281.7054,392.9931,272.2345,391.4036,280.8487,392.9439,274.2568,387.5554,281.7072,400.4815,276.8290,403.5463,266.1942,,,403.1083,191.3068,,,,
73703,0,,,,,,,,,,,,,,,417.8705,190.8351,388.7029,192.1269,417.4249,206.1833,381.8442,205.5170,405.0110,206.0352,390.6036,206.1974,399.0757,242.0902,390.3952,241.3052,396.5481,275.0308,398.6614,263.9858,,,,,,,386.0302,192.2263,418.4974,190.7214,390.9307,191.9736,418.2699,190.6716,379.3354,204.8609,416.1197,205.8006,381.2811,205.5292,420.0287,205.9218,386.9821,198.2408,402.4678,198.4045,399.8768,196.1526,407.5358,195.9007,386.9163,238.5603,402.7755,239.4616,394.2360,239.5063,394.1578,240.1531,396.2091,263.3338,400.0994,275.1940,399.6621,264.7964,394.1972,275.1066,392.2708,270.6269,398.0647,282.2988,392.9631,271.8908,391.0054,281.4881,393.4826,273.8666,386.4720,282.3054,399.6629,277.6349,401.7852,264.9971,,,402.5593,191.3457,,,,
73705,0,,,,,,,,,,,,,,,419.1596,191.4661,390.1854,192.6339,416.8081,205.6421,383.0646,204.2826,406.8258,205.4426,392.4379,205.4025,400.3071,242.7815,385.7665,241.0750,396.2142,275.3667,396.1654,263.1637,,,,,,,,,419.2534,190.5656,392.7471,191.7113,420.5333,191.2627,380.8009,203.3580,415.6467,205.2485,382.7717,204.1358,419.3927,205.4739,388.7395,198.1738,403.8080,198.2602,401.5115,196.4844,409.5058,195.3413,383.0247,237.7277,403.9579,240.3629,390.1843,239.9472,395.2063,240.8087,393.8832,262.4129,400.0968,275.2294,396.7733,264.0574,393.7507,275.3429,389.4102,270.1286,398.1421,282.5854,389.9306,271.7932,390.8793,281.6803,390.2038,274.1283,386.0534,282.6939,399.6380,277.4640,399.3757,263.4804,,,403.9519,191.2146,,,,
73706,0,,,,,,,,,,,,,,,418.5277,191.6658,389.1988,192.0327,416.4467,205.4494,382.3289,204.0738,405.6519,205.8176,391.5063,206.0822,400.5332,242.3990,384.5184,240.3976,396.6185,274.8695,393.4893,262.8597,,,,,,,,,418.5979,190.7828,392.0778,191.8606,419.7068,191.4628,380.2286,204.2283,415.2219,205.0435,382.1163,203.7261,419.1187,205.2124,387.8012,198.1253,402.2427,198.5012,401.0541,196.4543,408.6680,195.5306,382.2329,237.0485,404.1210,240.0875,389.1569,239.4382,395.2793,240.3765,390.8396,262.2603,400.4666,274.7450,394.0707,263.7652,394.1257,274.8382,386.8827,269.7141,398.1593,282.4547,387.3908,271.4711,391.2677,281.3600,387.3429,273.6144,386.0900,282.2961,400.5284,276.5597,396.8327,263.2203,,,403.3142,191.3451,,,,
73707,0,,,,,,,,,,,,,,,417.3757,191.7502,390.0268,192.7224,415.5981,205.5836,382.6607,204.3049,405.7498,206.1768,391.6635,206.4368,400.3172,242.6678,383.4996,241.1627,396.3139,275.3644,393.1586,263.9862,,,,,,,,,,,392.3016,191.8695,418.2927,191.4902,380.5157,203.6468,414.0605,205.0920,382.4938,204.2084,418.3587,205.4185,388.3052,198.2919,402.2461,198.7968,401.0885,196.8432,408.8448,195.7939,381.2562,237.7037,403.8042,240.1827,388.5628,240.1024,394.9866,240.6368,390.4426,263.3777,399.9214,275.3447,393.9279,264.7468,393.9220,275.3991,385.8797,270.6945,397.6828,282.7714,386.0227,272.5737,390.6304,281.6836,385.5031,275.2741,385.2809,282.7434,400.4164,277.3787,397.2569,264.4701,,,403.2743,191.2674,,,,
73708,0,,,,,,,,,,,,,,,417.1644,190.9004,389.4264,192.1198,414.9217,205.2945,382.4868,203.8562,405.9027,204.7369,392.1196,205.1129,400.1468,242.3008,383.4187,240.2099,396.8807,274.8676,391.8945,265.8300,,,,,,,,,,,392.2624,191.9529,418.5981,190.8126,380.1789,203.2300,413.3167,204.8110,382.4699,203.6530,417.6401,205.1357,387.8338,197.6968,402.0914,197.9239,401.3133,196.1877,409.5692,194.8188,381.8818,236.5635,403.6459,239.7722,388.1407,239.1667,394.9219,240.3443,389.3887,265.4255,400.0853,274.8561,392.6523,266.4704,394.7653,274.8524,383.7185,272.4380,397.8706,282.2799,383.8523,273.9809,391.1089,281.2021,383.6054,276.3572,385.8594,282.4487,400.7319,276.9734,395.4888,266.9213,,,403.8814,191.4926,,,,
73709,0,,,,,,,,,,,,,,,416.9476,190.9226,389.2207,192.1511,414.6587,205.1250,383.1083,202.6715,404.9802,205.6300,390.3530,205.9591,399.7237,242.6314,384.0774,240.8045,397.0213,275.0407,390.7392,268.1012,,,,,,,,,,,391.9917,191.9650,418.0798,190.8606,380.8563,202.4380,413.1750,204.5089,382.7340,202.6450,417.2057,205.0248,386.7319,198.0734,401.6722,198.6381,400.2143,196.1513,407.9538,195.4657,382.0291,237.1067,403.0978,240.3971,388.5720,239.6696,394.7369,240.3317,388.3467,267.6967,400.0315,275.2591,391.4927,268.9738,395.0439,274.8686,382.3004,274.5541,397.5489,282.4855,382.2537,275.7194,391.3672,281.3129,382.3706,277.8283,386.6321,282.2152,400.5863,277.3695,393.9395,270.3370,,,402.6700,191.3908,,,,
73710,0,,,,,,,,,,,,,,,416.4809,191.0472,,,413.8741,204.7947,382.9207,202.5185,405.8496,205.2403,391.5170,204.9359,400.0080,242.2436,383.3896,240.7166,396.7328,274.8989,389.0102,268.9625,,,,,,,,,416.1008,191.1085,391.6820,192.1074,417.6782,190.9517,380.6075,202.2786,412.4579,204.1367,382.4890,202.5529,416.4966,204.6233,387.5970,197.8369,402.4855,198.3263,400.7092,196.1603,408.6755,195.4048,381.3074,236.9939,403.3151,239.8656,387.8324,239.5118,394.7863,240.1034,386.6321,268.4801,399.7388,275.1498,389.8436,269.8653,394.7549,274.8874,380.3278,275.3068,397.2793,282.7623,380.3372,276.1102,391.1238,281.7666,380.4303,278.2165,386.4064,282.5425,399.9975,277.1159,392.4390,271.4090,,,404.0475,192.3039,,,,
73711,0,,,,,,,,,,,,,,,415.8847,191.1489,,,413.4161,204.4077,382.3484,202.7695,405.2922,205.2207,390.5761,205.1880,399.3783,242.8596,382.6090,241.1777,395.8426,275.1286,385.8242,270.5791,,,,,,,,,,,390.5693,192.2343,418.5713,191.0575,379.8599,202.4914,411.7794,203.8018,382.1895,202.8227,416.0281,204.2024,386.2435,198.1750,401.0760,198.4782,400.8127,195.7314,409.2368,194.7956,380.8118,237.2161,402.7214,240.4668,386.7805,239.8972,394.2866,240.5514,383.6721,270.0881,399.1075,275.4572,386.4554,271.4479,393.8911,275.1322,376.8346,276.1191,396.1597,282.7985,376.1272,276.6880,389.9687,281.7583,375.5835,278.6094,385.4736,282.6343,399.7484,277.3749,389.7345,273.6995,,,403.5530,192.4680,,,,
73712,0,,,,,,,,,,,,,,,415.2627,191.1237,387.0641,192.2475,412.5742,205.1665,381.3679,203.0225,404.7374,206.0310,389.7916,205.6264,399.4278,243.1271,382.1600,241.3540,395.1176,275.4947,383.2824,272.0585,,,,,,,,,,,389.4108,192.1050,418.0118,190.9493,379.1691,202.6035,411.1515,204.5633,381.4415,203.0697,415.2107,205.0646,385.5361,198.3051,400.7526,198.9171,399.8942,196.5156,408.1428,195.9241,380.4476,237.7920,403.0361,240.8836,386.5939,239.9923,393.8793,240.9295,381.2643,271.4603,398.6680,275.7009,384.1098,272.8255,392.9508,275.6049,374.1215,277.5745,395.9194,282.9665,373.4962,277.5301,389.6405,281.8939,373.0307,279.2275,384.9915,282.7158,399.0232,277.6589,387.0684,275.2656,,,402.9708,192.3798,,,,
73713,0,,,,,,,,,,,,,,,413.7692,191.3326,,,411.3450,204.8018,381.1956,202.2173,404.3291,205.2538,388.8700,204.8707,398.7696,242.6520,381.6428,241.9219,394.5436,276.0731,381.3811,273.0350,,,,,,,,,,,,,,,378.4957,202.3234,409.8369,204.2583,381.0072,202.4308,414.0292,204.5775,384.7526,197.9832,400.3146,198.2957,398.9531,196.0516,407.9478,194.3338,379.7075,238.1587,402.4844,240.1666,386.3647,239.7839,393.5377,240.1955,379.4230,272.3666,398.2615,276.2929,382.2212,273.7822,392.2417,276.2285,371.9694,278.6277,395.8438,283.2530,371.7381,278.3861,389.1792,282.3088,371.3748,279.8845,384.6696,283.0534,398.5710,278.5081,385.4450,276.4644,,,401.9945,192.5252,,,,
73714,0,,,,,,,,,,,,,,,413.6012,191.8261,385.2492,192.4487,410.1542,205.2860,380.4245,202.8983,403.6014,205.8974,388.5866,205.4225,398.4601,243.7733,381.6268,242.5292,394.2363,276.6146,380.0381,273.8048,,,,,,,,,,,387.4147,192.3177,416.6082,191.0145,377.8619,202.8970,408.6407,204.6863,380.2578,203.0404,412.7707,205.1262,383.7592,198.5787,399.5739,198.9375,398.4245,196.4321,407.1374,195.6931,379.6751,238.7300,402.2369,241.1193,386.2743,240.2753,393.1866,241.0073,378.1337,273.1468,397.8895,277.0434,380.7991,274.5090,391.8679,276.7531,370.9429,279.2432,395.2710,283.9917,370.7945,278.7752,388.5488,282.9463,370.4962,280.1642,384.1012,283.5317,398.1440,279.0694,384.2155,276.9738,,,401.2890,192.4163,,,,
73715,0,,,,,,,,,,,,,,,,,,,409.2856,204.5127,381.1873,202.6346,403.5485,204.6534,387.6034,204.4676,398.7258,242.6711,381.6989,241.9473,394.6755,276.3480,379.5990,274.0240,,,,,,,,,,,,,,,378.8903,202.5799,407.6260,203.8656,380.8288,202.5968,412.0166,204.3274,382.8142,197.5782,399.3982,198.3807,397.4743,195.4214,407.0494,193.9547,379.5013,238.1202,402.4430,240.0060,386.6654,239.3882,393.5179,239.7420,377.5063,273.4617,398.2948,276.9042,380.5530,274.7451,392.3211,276.5010,369.8560,279.5965,395.9145,283.8878,370.1708,279.1824,389.0761,282.9723,370.3835,280.6461,384.4543,283.6575,398.1851,279.1518,383.8720,277.5495,,,400.4291,192.0888,,,,
73716,0,,,,,,,,,,,,,,,410.2260,191.8077,382.3500,191.9925,408.4429,205.1812,380.1840,204.5823,402.6615,205.3000,386.4063,205.4440,398.8060,243.2920,381.3474,242.8699,394.7098,276.2187,379.9562,273.9251,,,,,,,,,,,384.5494,191.8749,,,377.8799,204.3644,406.8990,204.5751,379.9285,204.6584,410.9220,205.0893,381.2811,198.6233,398.6911,198.9562,395.7772,196.2190,405.5775,195.4660,378.7882,239.1455,402.4503,240.6286,386.6943,240.2557,393.1261,240.4913,377.5840,273.3795,398.3842,276.7714,380.9159,274.6254,392.3052,276.4005,370.0984,279.2862,396.1739,283.5675,370.3632,278.9613,389.5360,282.6901,370.4190,280.4995,385.0708,283.4133,398.1386,279.0222,383.9742,277.4352,,,399.1560,192.1935,,,,
73717,0,,,,,,,,,,,,,,,410.0036,190.7132,,,407.5868,205.2838,380.7825,204.4020,401.5580,205.9037,385.5351,205.5499,398.6033,243.3571,381.3344,242.5037,394.3889,276.2213,379.6960,273.8926,,,,,,,,,,,384.4221,191.6128,408.9621,190.7238,378.3551,204.3219,406.0768,204.5281,380.1116,204.6716,410.2056,205.0191,381.2679,197.9299,398.6906,198.8182,395.6005,196.0319,404.3330,195.6372,378.6965,238.9627,402.3071,240.6682,387.1061,239.9831,393.0336,240.5641,377.4159,273.5021,398.0903,276.6837,380.6096,274.5425,391.9054,276.3148,369.9284,279.2914,396.3935,283.2397,370.1826,278.7630,389.6033,282.6052,370.2536,280.3235,385.3933,283.2823,397.3901,278.9411,383.6343,277.5745,,,399.1117,191.8456,,,,
73718,0,,,,,,,,,,,,,,,409.6606,190.0771,,,407.2658,204.6202,381.1753,204.1430,401.1912,204.9302,385.6214,204.5024,398.2225,243.0634,380.9817,241.6768,393.9850,276.3808,379.2577,274.1067,,,,,,,,,,,384.0786,191.1902,410.9179,190.0732,378.5768,204.1061,405.6360,203.9376,380.7725,204.4265,409.8547,204.5751,381.1111,197.0754,398.4661,198.3208,395.3872,194.9522,404.3217,194.5613,378.4495,238.1264,401.8111,240.6532,387.1578,239.3073,392.5766,240.0820,376.9204,273.8067,397.7384,276.8334,380.0847,274.8001,391.4122,276.6009,369.4070,279.8009,396.0150,283.7633,369.7338,279.3335,389.1421,283.1502,369.7900,280.8237,385.1639,283.9084,397.0191,278.9698,383.1575,277.5513,,,398.9264,190.5469,,,,
73719,0,,,,,,,,,,,,,,,408.9997,190.5177,380.8166,191.0001,405.4490,204.6546,380.3588,204.8930,400.3655,205.5702,384.5183,205.0470,397.3917,243.9969,380.3952,242.6947,394.1690,276.2527,379.2753,273.8295,,,,,,,,,,,382.2043,190.7958,410.5803,190.3519,377.6586,204.7776,404.0832,203.8891,379.6825,205.1596,408.2389,204.6550,380.1848,197.3798,398.1333,198.7808,394.1397,195.5405,403.0799,195.4427,377.5705,238.9469,401.4569,241.4841,386.4743,240.1795,391.5822,240.8905,376.8129,273.5407,397.7862,276.6981,380.1401,274.4922,391.7612,276.3248,369.6749,279.5229,396.3658,283.8446,369.8177,279.2524,389.4822,283.0035,369.7623,280.7380,385.4093,284.0085,397.4082,278.6841,383.1593,277.0868,,,397.9967,190.8451,,,,
73720,0,,,,,,,,,,,,,,,408.3824,190.4891,,,404.2795,204.3487,379.5278,205.4545,399.9722,205.3717,384.2198,205.6591,397.3656,243.8388,379.9212,243.0129,394.2773,276.1998,379.3420,274.2828,,,,,,,,,409.0922,189.4999,381.3258,190.6635,410.2444,190.4152,376.7244,204.9250,402.9086,203.4665,378.7761,205.3937,406.9745,204.4267,379.7980,198.5961,396.9675,199.2930,393.3319,196.1980,402.4928,195.7934,377.3325,239.5523,401.0529,241.4228,385.6344,240.7540,391.4600,241.1713,376.8701,273.9965,397.8546,276.6317,380.1282,274.9234,391.9187,276.3748,369.9816,280.2128,396.5611,283.9477,369.8924,279.9920,389.7370,283.1106,369.7497,281.5133,385.5720,284.3909,397.3562,278.6067,383.1862,277.3716,,,397.0149,191.0884,,,,
73721,0,,,,,,,,,,,,,,,408.4490,190.2778,378.9570,190.2362,402.9213,204.6574,379.2701,203.9752,399.5117,205.6502,382.6130,206.2458,396.8652,243.9766,379.2074,242.4973,394.3147,276.6685,379.5604,274.7028,,,,,,,378.2597,190.2445,409.5646,189.1043,380.1903,190.1728,410.7450,190.1573,375.9215,203.6432,401.4476,203.7592,378.0887,204.2713,405.6211,204.7546,379.3380,198.2511,397.1355,198.5784,392.0154,196.3941,401.3362,196.1892,376.3751,238.5051,400.7317,241.4435,385.3625,240.0430,391.0518,240.9419,376.9136,274.4131,397.8222,277.2054,380.3604,275.2959,392.1000,276.9354,370.1486,280.4343,396.5382,284.2582,370.1482,279.8823,390.2253,283.0025,370.1514,281.1393,385.9100,283.7396,397.4265,279.2279,382.9133,278.1254,,,395.8836,190.3857,,,,
73722,0,,,,,,,,,,,,,,,408.3092,190.1549,376.9192,190.6989,401.9025,204.5036,375.5774,204.5682,399.0708,205.1990,382.3486,206.1548,396.7476,243.8334,379.2475,242.5553,394.4444,276.6798,379.8009,274.4799,,,,,,,375.5474,189.8666,409.9171,188.5800,379.1393,190.6503,410.8158,190.0223,373.3401,204.5141,400.5965,203.5038,374.6196,205.0155,404.5725,204.6400,378.5166,198.3427,396.0009,198.3265,391.1400,196.6324,400.1865,196.1056,376.4838,238.8734,400.3759,241.3700,385.2392,240.3126,390.8323,241.2166,377.1089,274.1613,398.0868,277.1503,380.6108,275.0391,392.2045,276.9630,370.3568,280.1069,396.7621,284.4078,370.5689,279.5436,390.3197,283.2149,370.7105,280.7729,385.8867,283.9364,397.6777,279.2364,383.2037,277.7415,,,394.7381,190.3822,,,,
73723,0,,,,,,,,,,,,,,,407.5839,189.8808,376.1812,190.8360,400.6044,204.7111,372.4700,204.7589,397.2154,205.6424,381.2623,206.0118,395.9025,243.5918,378.6491,242.3776,394.3449,276.9299,379.4203,274.2309,,,,,,,373.5592,189.6201,408.1202,188.1779,378.5318,190.3979,409.3556,189.6893,370.4673,204.3550,399.3013,203.6839,372.0139,204.9695,403.4373,204.6882,377.7059,197.8416,394.9363,198.1566,390.6014,196.5236,399.2718,196.4646,375.7224,238.6714,399.4019,241.2296,384.6339,240.0365,390.1992,240.8812,376.7493,273.9880,397.9488,277.3610,380.2741,274.7768,392.1769,277.1705,370.2256,280.0027,396.2960,284.6425,370.4263,279.5030,389.5508,283.4787,370.5621,280.6782,385.0878,284.1877,398.3469,279.1930,383.0239,277.5289,,,394.4969,189.9986,,,,
73724,0,,,,,,,,,,,,,,,407.1621,189.2326,375.2892,190.1954,399.5969,205.0426,371.0331,205.6658,396.5236,206.3276,380.3593,206.8347,395.6901,244.2101,378.2264,243.3356,394.3991,276.6495,379.4164,273.8094,,,,,,,371.9530,189.0371,407.2512,187.6364,377.7884,189.7242,409.2525,189.0376,368.9564,204.9860,398.1837,203.9060,370.6318,205.5376,402.3806,205.0309,376.6512,198.7288,393.9792,199.0010,390.3755,196.8755,398.5405,196.9941,375.4093,239.2946,399.0614,241.9546,384.1042,240.8587,389.9048,241.7368,376.7560,273.5030,397.9861,277.0421,380.3206,274.3696,392.0782,276.8522,369.9373,279.9015,396.2757,284.3252,370.3135,279.4975,389.6066,283.3531,370.4118,280.7200,385.1203,284.1380,398.1705,278.8245,382.7399,277.0828,,,393.8138,189.4346,395.1521,187.9379,,
73725,0,,,,,,,,,,,,,,,407.0778,188.5358,374.9255,189.7294,399.5888,205.0656,369.7648,205.3390,395.9593,205.8203,379.6326,206.4604,395.2902,244.3000,377.9662,243.5572,394.3724,276.8794,379.0695,274.2025,,,,,,,371.5413,188.5280,407.4016,187.0521,377.1725,189.2526,408.9943,188.3064,367.6302,204.7454,398.2230,204.0992,369.4066,205.3681,402.5133,205.0299,375.8043,198.2691,393.2794,198.4266,389.9093,196.1687,398.1408,196.3306,375.0577,239.2182,398.7176,241.9071,383.7910,240.7889,389.4133,241.6034,376.4117,273.9003,397.7264,277.2260,379.9432,274.8077,392.1063,277.1524,369.5821,280.4021,396.1147,284.5724,370.2397,280.1032,389.6253,283.6041,370.5192,281.4113,385.2348,284.4004,398.2566,278.9627,382.3668,277.4802,,,393.2382,188.7595,394.3504,187.5915,,
73726,0,,,,,,,,,,,,,,,407.3927,188.3023,374.6460,189.5967,399.1305,205.6966,368.2834,205.4802,395.4813,205.9272,379.0923,206.4311,395.2595,244.3155,378.1094,243.4678,394.1687,276.9589,379.1851,274.3863,,,,,,,371.4777,188.2676,407.2381,186.7789,377.1532,189.1225,409.1529,188.2183,365.8756,204.8593,397.7302,204.7646,367.9519,205.4813,402.1042,205.6503,375.4161,198.4053,392.8051,198.8793,389.3224,196.2667,397.7901,196.4672,375.4636,239.3167,398.6280,241.9551,383.7485,240.8510,389.3997,241.8077,376.6809,274.0164,397.6352,277.2585,380.0169,274.9585,391.8601,277.2088,369.9147,280.3982,396.0093,284.6342,370.4327,280.0074,389.5417,283.6375,370.6177,281.2078,385.1041,284.4252,397.9537,279.0177,382.6157,277.5008,,,393.0919,188.6860,394.6541,187.3041,,
73727,0,,,,,,,,,,,,,,,407.2248,188.1068,374.1581,189.4216,398.9044,206.3744,367.2477,205.3071,395.0566,206.1919,378.5401,206.4035,394.9888,244.2824,377.8231,243.7115,394.1534,276.8923,379.1557,274.2066,,,,,,,370.2913,188.0578,406.9471,186.4371,376.7968,188.9629,409.0280,188.1104,364.5601,204.6942,397.6681,205.4183,366.7929,205.0970,401.7800,206.4019,374.9680,198.4792,392.0039,199.0032,389.0420,196.3261,397.4816,196.5913,375.1874,239.5248,398.2731,242.0009,383.4258,241.0492,389.1382,241.8779,376.6075,273.8315,397.5125,277.1953,380.0921,274.8531,391.8404,277.1146,369.9619,280.3551,395.8818,284.5730,370.3354,280.0470,389.4302,283.5055,370.4569,281.2986,384.9179,284.2329,397.9656,279.0809,382.7417,277.3289,,,392.9000,188.7588,394.7491,186.9042,,
73728,0,,,,,,,,,,,,,,,407.1548,187.9779,373.9365,189.4282,399.1467,206.6644,366.1423,205.7112,395.0485,206.3239,378.3009,206.6029,394.8790,244.4143,377.5738,243.5704,394.1684,276.7242,379.1542,273.8334,,,,,,,368.9925,187.8460,406.8046,186.2072,376.5327,189.0070,408.9045,187.9789,363.4626,205.0986,397.9741,205.7328,365.7019,205.5498,401.9933,206.7409,374.6790,198.7333,392.4686,198.8792,388.5807,196.4322,397.3621,196.5319,374.8784,239.4507,398.3239,242.1501,383.2351,240.9800,389.0903,241.9070,376.5724,273.5464,397.5683,276.9847,380.0406,274.4744,391.8523,276.9262,370.0166,280.0046,395.9585,284.3723,370.5357,279.6910,389.5296,283.3032,370.7462,280.9104,385.0557,284.0241,397.9971,278.9045,382.5672,276.9322,,,392.5362,188.8677,393.9378,186.6807,,
73729,0,,,,,,,,,,,,,,,406.8548,188.1357,373.6911,189.7660,399.3687,207.1110,365.1738,206.1378,394.8194,206.7118,378.1837,206.9922,394.8173,244.8278,377.3204,243.9211,394.0976,276.9823,379.1085,273.9084,,,,,,,367.7936,188.7544,406.3173,186.1208,376.0107,189.1881,408.5604,188.1158,362.3725,205.5783,398.0399,206.0671,364.6428,206.0625,402.3160,207.2393,374.5312,198.9927,392.0917,199.4325,388.3754,196.8159,397.2108,196.9593,374.6354,239.7255,398.2219,242.5113,382.9883,241.2336,388.9978,242.2769,376.5095,273.5972,397.4573,277.3262,379.9656,274.5766,391.7548,277.2008,369.8551,279.9908,395.6848,284.6325,370.4114,279.6937,389.1715,283.4731,370.5877,280.9295,384.6164,284.1110,398.1298,279.2216,382.6048,277.0368,,,392.3938,189.3580,393.8098,186.5833,,
73730,0,,,,,,,,,,,,,,,406.9898,187.9135,373.7701,189.7360,400.0384,207.1646,364.7676,206.0997,395.1691,206.3427,378.5004,206.4851,394.7591,244.7169,377.4567,243.4999,393.9393,277.0330,379.2093,273.7001,,,,,,,369.0017,188.5978,406.4063,185.8347,376.3886,189.1933,409.0030,187.8317,361.9289,205.4604,398.7405,206.0777,364.4730,206.0575,402.9331,207.2743,374.7720,198.6981,392.3813,198.8400,388.8924,196.4368,397.5177,196.5793,374.6579,239.3717,398.1514,242.3905,383.1532,240.8458,389.0592,242.1554,376.5590,273.3411,397.3923,277.3155,380.1219,274.3799,391.5582,277.2427,369.9437,279.8834,395.8010,284.6285,370.4958,279.5524,389.2038,283.5191,370.6992,280.8244,384.6773,284.2021,397.9918,279.2085,382.5238,276.8671,,,392.5885,189.3983,393.8803,186.3202,,
73731,0,,,,,,,,,,,,,,,407.1911,187.8021,372.8918,189.8167,400.3261,207.7040,364.0267,206.5750,394.4900,206.8068,377.7419,206.9998,394.6856,244.5225,377.4569,243.7968,393.9954,276.9230,379.2033,274.4641,,,,,,,367.5725,188.8428,406.5205,186.6925,375.1324,189.3604,408.9193,187.6860,361.3935,206.0397,398.8685,206.6244,363.6153,206.5911,403.1977,207.7471,373.8746,199.2987,391.8851,199.4758,387.7691,196.7104,396.7980,196.6189,374.6332,239.7811,398.0958,242.1294,383.2349,241.0161,388.8025,242.0405,376.4726,274.1779,397.5944,277.1120,380.2438,275.1009,391.6460,277.1345,369.8528,280.5787,396.1611,284.4685,370.4679,280.1776,389.7054,283.4757,370.7576,281.4690,385.1841,284.2457,397.7117,279.0381,382.4894,277.6487,,,391.5769,189.2370,392.9496,186.0376,,
73732,0,,,,,,,,,,,,,,,407.2363,187.8782,372.8521,189.8604,400.7446,207.8514,363.1535,206.5408,394.3654,206.9544,378.1819,207.0498,394.6844,244.4397,377.6485,243.2444,394.0734,277.0217,379.3408,274.1352,,,,,,,367.8685,188.9391,406.2306,186.7433,375.2550,189.3863,409.0165,187.6914,360.3259,206.0036,399.2417,206.6912,362.8898,206.5960,403.5843,207.8299,373.8630,199.3069,391.1909,199.7389,388.4462,196.4803,397.1159,196.5130,374.7933,239.3019,397.9578,242.1109,383.2165,240.7168,388.7659,241.9613,376.6204,273.7769,397.5441,277.2733,380.2974,274.8067,391.7105,277.2450,369.9276,280.2147,395.9882,284.6216,370.5301,279.9687,389.3994,283.5328,370.8081,281.3541,384.8046,284.2418,397.9681,279.3243,382.6486,277.2467,,,391.8998,189.3278,393.1369,185.8573,,
73733,0,,,,,,,,,,,,,,,407.0556,187.3740,371.1072,189.3893,401.1917,207.4582,363.6585,204.8616,393.8823,206.7387,377.5662,206.6472,394.6779,244.1942,377.3884,243.6326,394.1454,276.6460,379.0442,274.3541,,,,,,,366.6791,188.1547,406.4018,186.4277,374.4472,188.6153,408.0660,187.0976,360.9325,204.2431,399.8194,206.2556,363.1174,204.9112,404.0700,207.4274,373.8604,198.2437,390.9506,198.6050,387.7814,195.9313,396.6255,196.0428,374.4229,239.3314,398.0040,241.8617,383.2287,240.6283,388.8353,241.5081,376.3517,274.0369,397.7256,276.8661,380.0423,275.0497,391.7786,276.9211,369.5695,280.5121,396.5239,284.3195,370.2976,280.2224,390.0000,283.4681,370.6433,281.5430,385.5483,284.2908,397.7795,279.0132,382.4056,277.5511,,,391.5299,188.7449,393.1883,185.9614,,
73734,0,,,,,,,,,,,,,,,407.4843,187.3703,370.5144,189.2028,402.1173,207.5959,363.2372,204.3838,394.5625,206.4761,377.9317,206.2910,395.0173,244.3997,377.2155,243.7344,394.0784,276.5738,379.2160,274.2231,,,,,,,366.4008,187.9885,406.7582,186.4456,373.7574,188.3915,408.8933,187.1191,360.4982,203.8071,400.7862,206.6291,362.6577,204.3876,405.0519,207.5261,373.7933,198.3449,391.0690,198.6223,387.8909,195.8534,396.8998,196.0452,374.4905,239.6909,398.3587,242.1985,382.9852,241.0937,388.9355,241.9630,376.5643,273.8721,397.6573,276.7976,380.1084,274.8681,391.7811,276.8024,369.8008,280.2925,396.2118,284.2522,370.4325,280.0476,389.6564,283.3692,370.7811,281.3599,385.1337,284.1816,398.0391,278.8619,382.5935,277.1276,,,391.7170,188.8208,393.1290,185.8109,,
73735,0,,,,,,,,,,,,,,,407.8812,187.2644,369.0604,189.2677,403.0621,206.9677,362.6374,204.4356,395.1750,206.5612,377.9306,206.4324,395.1931,244.5991,376.6826,244.3815,394.0878,277.0047,379.3128,274.4693,,,,,,,365.7111,187.8808,407.9824,186.3364,372.1180,188.5314,409.2794,187.0543,360.2320,203.8885,401.8117,206.0027,362.0257,204.4653,406.2028,206.9806,373.7381,198.5714,392.1161,199.0000,387.6691,196.1433,397.1081,196.2145,373.9048,240.4678,398.6003,242.2588,382.5044,241.6899,388.8457,242.1398,376.4744,274.1530,397.5812,277.3577,380.2511,275.1371,391.8303,277.2377,369.5709,280.5217,396.4160,284.6380,370.3950,280.2123,390.2534,283.4459,370.9148,281.5198,385.8352,284.1203,397.5254,279.5816,382.4602,277.5078,,,391.3595,189.7782,393.3383,185.8072,,
73736,0,,,,,,,,,,,,,,,408.2210,187.2865,370.5328,189.2125,403.4109,206.9932,363.9729,204.0648,395.2005,206.6136,377.9376,206.5904,395.1760,244.5308,376.7774,244.5090,394.1918,276.9452,379.4131,274.6638,,,,,,,366.4358,187.9562,408.3562,186.3889,373.6833,188.4929,409.9268,187.1914,361.3550,203.7080,402.2107,206.1287,363.3539,204.1302,406.5054,206.9910,373.7602,198.6266,392.4156,199.1927,387.5954,196.4696,397.0238,196.5031,374.0702,240.6773,398.5954,242.2285,382.5796,241.7685,388.8866,242.1280,376.6146,274.3305,397.7168,277.2757,380.3535,275.3116,391.9187,277.1625,369.5856,280.7496,396.5492,284.5211,370.3887,280.4723,390.3601,283.4676,370.8874,281.7869,385.8490,284.1722,397.5651,279.3629,382.6439,277.6994,,,391.3886,189.8628,393.5112,185.8112,,
73737,0,,,,,,,,,,,,,,,408.4715,187.6047,371.6117,189.6449,403.4932,207.2991,364.6629,204.2231,395.6682,206.6059,378.1639,206.5748,395.3047,244.8926,376.4538,244.9194,394.1424,277.2064,379.4039,274.6517,,,,,,,367.1254,188.1315,408.7138,186.6406,374.6953,188.8339,410.3174,187.4903,361.9669,203.8275,402.3068,206.4878,363.9275,204.1597,406.5448,207.3397,373.9074,198.7679,392.8495,199.2494,387.9226,196.4544,397.4748,196.6490,373.6148,241.0697,398.7783,242.5248,382.2115,242.2077,388.8209,242.5273,376.6070,274.3642,397.6279,277.5157,380.3750,275.3251,391.8549,277.4100,369.7524,280.6122,396.3052,284.7064,370.5011,280.3846,390.0365,283.6426,370.9582,281.6770,385.5832,284.3161,397.7634,279.4644,382.5771,277.6920,,,391.8498,190.1473,394.0086,185.7526,,
73738,0,,,,,,,,,,,,,,,408.6318,187.5834,370.9665,189.5140,403.7160,207.5215,365.2347,204.2386,395.6427,206.6528,378.1427,206.6292,395.2833,244.5889,376.4586,244.6519,393.8510,277.1802,379.3867,274.6034,,,,,,,366.3128,188.1371,408.9946,186.5636,374.2315,188.7771,410.3034,187.4677,362.6349,203.8524,402.5245,206.7591,364.3396,204.1680,406.7232,207.6005,373.6329,198.7192,392.8149,199.3304,387.5157,196.6466,397.0591,196.6928,373.6263,240.9641,398.7549,242.2581,382.3426,241.9624,388.8144,242.2092,376.5003,274.3370,397.2958,277.5045,380.3866,275.2361,391.6130,277.4202,369.8071,280.6342,396.1309,284.7754,370.6529,280.3488,389.9528,283.6868,371.1459,281.6410,385.4782,284.3730,397.2836,279.6107,382.5239,277.6437,,,391.2649,190.1843,393.0922,185.7460,,
73739,0,,,,,,,,,,,,,,,408.5221,187.6124,372.4640,189.4953,403.6847,207.6092,366.0800,203.3645,395.4502,206.4673,378.1982,206.2531,395.2369,244.6362,376.6027,244.6869,393.9076,277.2719,379.3431,274.7719,,,,,,,367.6443,188.3257,409.0895,186.5642,375.9651,188.8318,410.1409,187.4965,363.4803,202.9639,402.5638,206.8782,365.3650,203.3714,406.7380,207.6393,373.9947,198.4670,392.3769,199.2009,387.6090,196.1164,396.9759,196.3071,373.8844,240.8032,398.6984,242.3112,382.6173,241.8627,388.7789,242.2187,376.3841,274.5105,397.3904,277.6282,380.3375,275.4797,391.6654,277.5384,369.6422,280.7079,396.1162,284.9378,370.4408,280.4418,389.7932,283.8637,370.9674,281.6997,385.2900,284.5597,397.3974,279.6962,382.4711,277.8311,,,390.9063,189.8545,393.3134,185.7272,,
73740,0,,,,,,,,,,,,,,,409.0082,187.6441,372.0512,189.5881,403.6083,208.0933,366.7766,203.9016,395.4579,206.5512,378.2176,206.4180,395.2754,244.7339,376.7171,244.5421,393.9662,277.2609,379.2601,274.8145,,,,,,,367.6202,188.3474,409.7445,186.5344,375.8904,188.9091,410.6746,187.4658,364.3287,203.4465,402.4869,207.2694,365.9723,203.7727,406.6531,208.2506,374.0327,198.8990,392.4610,199.3987,387.8381,196.3411,397.0744,196.5042,373.9938,240.6600,398.7260,242.4443,382.5276,241.8565,388.8601,242.3449,376.3080,274.6369,397.4895,277.5953,380.2732,275.4934,391.7029,277.5115,369.7259,280.8072,396.3241,284.9228,370.5437,280.4976,390.0448,283.7841,371.0643,281.6587,385.5288,284.4487,397.3085,279.5986,382.4923,277.8667,,,391.3754,188.8550,393.6850,185.6925,,
73741,0,,,,,,,,,,,,,,,409.1368,187.4629,371.8709,189.3188,403.7788,207.5856,367.1119,202.9466,395.7842,205.9730,378.4473,205.9768,395.2161,244.5234,376.6163,244.3937,394.0574,277.1221,379.4109,274.7047,,,,,,,367.4624,188.1515,410.0490,186.4621,376.9381,188.5789,410.9916,187.2702,364.7584,202.5632,402.7091,206.8453,366.4451,202.8685,406.7837,207.7072,374.0984,198.3191,392.9200,198.5342,388.2387,195.8457,397.5653,195.8567,373.7815,240.4002,398.6631,242.2051,382.5010,241.6182,388.7275,242.0656,376.4693,274.4743,397.5305,277.4994,380.4386,275.3732,391.7577,277.3640,369.7485,280.7956,396.0722,284.8053,370.7112,280.4550,389.6826,283.6680,371.2480,281.7184,385.2576,284.3210,397.5601,279.5520,382.6425,277.7538,,,391.8057,188.7191,393.3252,185.7605,,
73742,0,,,,,,,,,,,,,,,409.0407,187.5455,371.7074,189.4058,404.0016,207.7399,367.2338,203.3259,395.8634,205.9555,378.6319,205.7720,395.2632,244.6235,376.8910,244.1306,394.0653,277.3256,379.6011,274.5651,,,,,,,367.3729,188.1869,410.0423,186.4722,376.8242,188.6493,410.7728,187.4344,364.6351,202.9308,402.8439,206.9327,366.4447,203.2049,407.1516,207.7890,374.3992,198.4093,392.9997,198.6712,388.6066,195.4971,397.7685,195.7116,374.0375,240.1416,398.7247,242.3658,382.7173,241.5036,388.9171,242.2665,376.6482,274.2848,397.5756,277.7302,380.5557,275.2289,391.7354,277.5738,369.8695,280.6564,396.2458,285.1548,370.7794,280.3987,389.7966,283.8745,371.2672,281.6988,385.3155,284.5563,397.4921,279.8325,382.8304,277.6591,,,392.1816,188.7623,393.4774,185.7740,,
73743,0,,,,,,,,,,,,,,,409.4542,187.5916,372.3175,189.4573,403.6634,208.2598,367.1880,204.3000,395.8233,206.2614,378.8744,206.2230,395.4344,244.5763,376.8190,244.2831,393.9626,277.1917,379.4676,274.7094,,,,,,,367.2402,188.2817,410.0825,186.5124,375.7211,188.7393,411.1596,187.4470,364.7042,203.7752,402.4403,207.3952,366.3044,204.1200,406.7195,208.2807,374.5393,198.8550,392.6527,199.2303,388.7227,195.8826,397.8436,196.0418,373.9757,240.3430,398.7299,242.3269,382.6370,241.6423,389.2027,242.2476,376.5764,274.4201,397.4292,277.5899,380.3816,275.3850,391.6369,277.4692,369.7761,280.8226,396.0687,285.0038,370.6938,280.4853,389.6519,283.8413,371.2097,281.7640,385.2265,284.5246,397.3660,279.6483,382.6951,277.7373,,,392.7231,188.7954,394.2928,185.7147,,
73744,0,,,,,,,,,,,,,,,409.2505,187.7078,372.3166,189.4811,403.8049,208.0529,367.0163,204.9307,395.7728,206.2980,378.7364,206.4303,395.4847,244.8645,376.9118,244.5133,393.9927,277.1753,379.4449,274.7413,,,,,,,366.9821,188.2896,410.0669,186.5771,375.5326,188.7930,411.1451,187.4782,364.6115,204.3452,402.6160,207.2322,366.0404,204.7513,406.9161,208.0673,374.3017,199.0288,392.7788,199.1793,388.6614,196.1415,397.8855,196.1798,374.0356,240.5569,398.8682,242.5467,382.6758,241.8467,389.1421,242.5785,376.5270,274.4469,397.5013,277.5464,380.3532,275.4148,391.6580,277.4222,369.7742,280.8139,396.3015,284.8855,370.6030,280.5276,389.9517,283.7146,371.1012,281.8140,385.4280,284.4567,397.2838,279.5592,382.6990,277.7695,,,392.4549,188.9670,393.9501,185.7377,,
73745,0,,,,,,,,,,,,,,,409.0733,187.7820,371.2833,189.8014,403.9552,208.3092,367.1891,205.7004,395.5637,206.4264,378.5582,206.7294,395.1664,244.7925,376.5492,244.7616,394.0945,277.3274,379.5604,274.7747,,,,,,,365.7472,188.8079,409.2436,186.7293,374.1272,189.0688,410.9894,187.5220,364.6210,205.1038,402.5953,207.5772,366.1685,205.5823,407.0622,208.3096,374.2802,199.3713,392.5865,199.7645,388.0376,196.4444,397.4434,196.5875,373.8335,241.0484,398.5928,242.4872,382.3296,242.1442,388.9659,242.5293,376.8269,274.3863,397.6203,277.5910,380.5452,275.4674,391.7995,277.5579,369.9008,280.7739,396.4398,284.9545,370.6406,280.6038,389.9141,283.9190,371.0559,281.9332,385.3628,284.6389,397.5847,279.7014,382.7263,277.7772,,,391.8066,190.0911,393.6487,185.7305,,
73746,0,,,,,,,,,,,,,,,409.1322,187.8815,372.2363,189.8547,404.1538,208.1101,366.8890,206.2579,396.0144,206.3463,378.6416,206.7214,395.3890,244.8499,376.5377,244.6229,394.0536,277.1605,379.5857,274.4593,,,,,,,366.6547,188.9190,409.5659,186.8067,374.5470,189.2092,411.1478,187.6904,364.4319,205.4776,402.8161,207.3728,365.7602,206.2518,407.2290,208.1274,374.3729,199.5612,393.0197,199.5948,388.0951,196.5370,397.7198,196.5565,373.7666,240.8345,398.8906,242.4869,382.3084,242.0231,389.0362,242.5634,376.8771,274.0211,397.7340,277.4199,380.5097,275.1263,391.7843,277.4136,370.0037,280.3895,396.8698,284.8401,370.7233,280.2792,390.3961,283.7627,371.1144,281.6356,385.8194,284.5369,397.4177,279.5907,382.7229,277.3707,,,391.8205,190.1879,393.5185,185.8084,,
73747,0,,,,,,,,,,,,,,,409.2961,187.8566,372.3640,189.7981,404.2676,208.0660,366.4625,206.1601,396.1478,206.0852,378.8451,206.4579,395.3580,244.8755,376.5913,244.7050,394.0349,277.1830,379.7160,274.7833,,,,,,,367.0116,188.8267,409.9184,186.7859,374.6875,189.1421,411.2655,187.6439,363.9631,205.4088,402.9599,207.3583,365.4640,206.1747,407.3094,208.0987,374.5949,199.1873,393.4460,199.1297,388.2606,196.2809,397.7839,196.2846,373.8217,240.9142,398.8984,242.4652,382.4473,241.9464,388.9998,242.4796,377.0150,274.4095,397.6050,277.4586,380.6920,275.4251,391.7370,277.3975,370.0588,280.7053,396.6845,284.7390,370.7413,280.4401,390.2453,283.6982,371.1634,281.7106,385.6841,284.4555,397.2891,279.5417,382.9043,277.7088,,,392.1224,189.0969,393.7837,185.7758,,
73748,0,,,,,,,,,,,,,,,409.1296,187.7657,372.5060,189.6755,404.2889,208.0288,366.2926,206.2801,396.2668,206.5269,378.9237,206.7690,395.4349,244.8252,376.6774,244.8154,394.1619,277.2920,379.7247,274.8110,,,,,,,367.2555,188.6299,409.4336,186.7102,374.5462,188.9860,411.0749,187.5714,363.9273,205.6567,402.9951,207.3871,365.2999,206.3140,407.2286,208.0373,374.5347,199.6864,393.2187,199.9594,388.2522,196.8165,397.7038,196.7132,373.9400,241.0521,398.9606,242.4508,382.5053,242.1052,389.1502,242.4687,376.9475,274.4691,397.7532,277.5589,380.7059,275.4481,391.8826,277.5206,370.0190,280.7725,396.6556,284.8010,370.7239,280.4451,390.2239,283.7216,371.1527,281.6825,385.6650,284.4393,397.5683,279.7136,382.9672,277.7854,,,391.7298,190.2071,393.3525,185.6534,,
73749,0,,,,,,,,,,,,,,,409.1192,187.7426,372.2101,189.8452,404.3638,207.5809,365.5156,206.1427,396.3496,206.1844,379.3074,206.5530,395.3879,244.7077,376.6263,244.5534,394.1891,277.2063,379.7098,274.6455,,,,,,,367.1299,188.9943,409.6193,186.6618,374.5487,189.1955,411.2034,187.4646,362.9583,205.2973,403.0543,206.8825,364.6102,206.2260,407.3631,207.4876,374.8038,199.2697,393.2689,199.2178,388.7600,196.2633,398.1274,196.2245,374.0134,240.7989,398.9014,242.3439,382.3514,241.9184,389.1734,242.2844,377.0100,274.2556,397.6000,277.4913,380.6976,275.3071,391.9003,277.4214,370.1264,280.6310,396.4683,284.7380,370.7425,280.3904,389.9803,283.7232,371.1404,281.6853,385.4592,284.4236,397.5602,279.6065,382.9609,277.5400,,,392.4247,189.9098,394.0048,185.6327,,
73750,0,,,,,,,,,,,,,,,408.9770,187.7241,372.2189,189.7990,404.5400,207.4216,365.3681,205.7834,396.2898,206.2312,379.1017,206.5072,395.4021,244.9420,376.7234,244.8303,394.0956,277.2708,379.7254,274.7694,,,,,,,366.9820,188.7169,409.6424,186.6238,374.4243,189.0105,411.2979,187.4325,362.8425,205.0204,403.1971,206.6969,364.4637,205.9039,407.4760,207.3023,374.6306,199.3032,393.2362,199.3451,388.2191,196.5472,397.6438,196.4209,374.0526,241.0302,398.9238,242.5495,382.5459,242.0993,389.1752,242.5376,376.9881,274.3695,397.5674,277.5376,380.7177,275.4394,391.7888,277.4918,370.0407,280.6933,396.5588,284.8183,370.7824,280.3774,390.1812,283.7540,371.2394,281.6405,385.6746,284.4791,397.3265,279.6925,382.8963,277.6261,,,391.8113,190.0867,393.4535,185.6887,,
73751,0,,,,,,,,,,,,,,,409.1666,187.5370,371.8686,189.7955,404.3225,207.3790,365.1025,205.8991,395.7272,206.1649,378.6550,206.1494,395.4283,244.8080,376.8990,244.5989,394.0219,277.1733,379.6917,274.5092,,,,,,,367.1722,188.7662,409.7979,186.4776,374.6473,188.9717,411.4606,187.2341,362.5315,205.0772,403.0937,206.6456,364.3890,206.2526,407.3715,207.2162,374.4324,198.7242,392.6281,198.9856,387.7722,196.2016,397.0577,196.1135,374.2531,240.6359,398.9136,242.3987,382.6793,241.7938,389.2622,242.3579,376.9374,274.1909,397.5456,277.4496,380.5852,275.1538,391.7525,277.4134,369.9769,280.6001,396.7013,284.7775,370.6386,280.2524,390.3486,283.6600,371.1171,281.5009,385.7975,284.4120,397.2724,279.6240,382.9023,277.4650,,,390.8793,189.9307,392.9530,185.7572,,
73752,0,,,,,,,,,,,,,,,408.9040,187.4677,371.5682,189.8071,403.9955,207.3454,364.3622,206.0119,395.8093,206.0970,378.7640,205.9820,395.5213,244.8178,376.6949,244.4902,394.2122,277.1840,379.7234,274.5256,,,,,,,366.6849,188.6490,409.7341,186.4281,374.0919,188.9757,411.1607,187.1918,361.9408,205.1213,402.7386,206.5335,363.5777,206.2258,407.0852,207.1916,374.4480,198.8290,392.8294,199.0735,388.2189,196.2043,397.4338,196.2188,374.0123,240.6252,398.9659,242.4598,382.5709,241.8161,389.3514,242.4706,376.9075,274.1806,397.7398,277.4385,380.6760,275.1619,391.9185,277.3947,369.8680,280.5946,396.5193,284.7412,370.7734,280.2373,390.1221,283.7352,371.2734,281.4541,385.6350,284.4877,397.5731,279.6197,382.8096,277.4318,,,391.8793,189.8513,393.6813,185.7441,,
73753,0,,,,,,,,,,,,,,,409.0190,187.6644,371.9030,189.8567,404.0577,207.1963,364.5117,205.9985,395.8542,206.4139,378.6005,206.5717,395.4634,244.7408,376.6954,244.4189,394.2335,277.0879,379.6108,274.3549,,,,,,,367.0906,188.8344,409.7378,186.5749,374.5622,189.1184,411.2044,187.3623,361.9664,205.1767,402.8851,206.3831,363.8228,206.1248,407.1627,207.1048,374.1471,199.4184,392.6763,199.6670,387.8918,196.6581,397.1305,196.5387,374.0636,240.5726,398.9686,242.3802,382.3353,241.8183,389.2644,242.4429,376.8556,274.0074,397.8202,277.3527,380.5371,275.0036,391.9251,277.2966,369.8631,280.4646,396.6532,284.6885,370.5897,280.1393,390.2807,283.6337,371.0412,281.3887,385.7644,284.3668,397.5685,279.5496,382.7601,277.2895,,,390.9665,190.2089,393.0183,185.7590,,
73754,0,,,,,,,,,,,,,,,409.0786,187.5986,371.4701,189.9262,404.0803,207.4877,363.6308,206.3833,395.8044,206.5473,378.4697,206.7258,395.4199,244.8050,376.7386,244.6181,394.2507,277.1674,379.6310,274.6787,,,,,,,366.9738,188.7355,409.6095,186.5188,373.8575,189.0754,411.1511,187.3112,361.2923,205.8088,402.7554,206.6280,362.8872,206.5555,407.1458,207.4001,373.9402,199.7967,392.6381,199.8787,388.0392,196.7521,397.2247,196.6409,374.0828,240.8376,398.9031,242.4726,382.4836,241.9508,389.2085,242.5162,376.9078,274.3729,397.8239,277.4150,380.6091,275.3236,391.9734,277.3700,370.0111,280.7120,396.7945,284.7090,370.6362,280.3812,390.4288,283.6359,371.0277,281.6102,385.8910,284.4174,397.5473,279.5946,382.7994,277.6728,,,391.4130,190.1592,393.1406,185.7606,,
73755,0,,,,,,,,,,,,,,,409.0703,187.6041,371.1751,189.6451,404.0540,207.1453,363.9456,206.3193,395.4258,206.3258,378.2211,206.5168,395.3522,244.7205,376.8083,244.7050,394.1539,277.2411,379.6266,274.7103,,,,,,,366.7718,188.6616,409.9406,186.5170,374.1309,189.0478,411.2657,187.3341,361.4432,205.5663,402.8326,206.3046,363.3777,206.4677,407.2018,207.0148,373.8354,199.3111,392.3884,199.3054,387.6976,196.4256,396.8890,196.3471,374.0953,240.8603,398.8389,242.3411,382.5732,241.9761,389.0891,242.5053,376.8765,274.4004,397.6741,277.4654,380.5979,275.3757,391.8846,277.4989,369.9275,280.7491,396.7211,284.7904,370.5744,280.3962,390.3060,283.8284,370.9743,281.6298,385.7247,284.6425,397.5188,279.6511,382.7971,277.6248,,,390.9185,188.8811,392.7780,185.7087,,
73756,0,,,,,,,,,,,,,,,409.1389,187.3354,370.9284,189.5348,403.8639,207.3821,363.2470,206.6734,395.7687,206.4911,378.7253,206.5874,395.4338,244.8031,376.7466,244.7099,394.1435,277.1634,379.6688,274.6492,,,,,,,366.5881,188.5282,409.8164,186.3552,373.6373,188.9161,411.0378,187.1446,360.8704,205.9222,402.5237,206.4536,362.5944,206.7847,406.9892,207.2976,374.0145,199.3603,392.5857,199.6817,388.0282,196.5476,397.2562,196.5073,374.0892,240.7912,398.8808,242.4067,382.5853,242.0061,389.1457,242.5209,376.9131,274.2867,397.7224,277.4158,380.6406,275.3018,391.8257,277.3956,369.8545,280.7319,396.6977,284.7295,370.6877,280.3661,390.3168,283.6274,371.1223,281.5785,385.8235,284.3849,397.4425,279.5775,382.7329,277.4735,,,391.3635,189.9659,392.9143,185.6941,,
73757,0,,,,,,,,,,,,,,,408.8117,187.6359,369.5621,189.7566,403.3729,208.2507,362.8861,206.3244,395.3169,206.9136,377.7928,206.9058,395.4965,244.7005,376.4534,244.7333,394.1793,277.3491,379.3687,274.6175,,,,,,,366.1048,188.5373,409.0266,186.4735,372.2756,189.1603,409.8489,188.6009,360.4268,205.7815,402.0819,207.0938,362.3470,206.2649,406.4200,208.1641,373.7995,199.3729,392.5353,200.1430,387.6875,196.5138,397.1122,196.6712,373.6893,240.8967,398.9079,242.3044,382.3882,242.0919,389.2591,242.3675,376.4813,274.3366,397.6524,277.6689,380.3371,275.2618,391.9368,277.5747,369.6834,280.6709,396.5232,284.9758,370.3269,280.3416,390.2316,283.8355,370.8052,281.5706,385.8039,284.4757,397.5518,279.8439,382.5025,277.5296,,,391.4668,190.3202,393.3713,185.6390,,
73758,0,,,,,,,,,,,,,,,408.7725,187.5019,369.9050,189.6628,403.4840,207.9279,363.0734,206.0121,395.5043,206.5835,378.0847,206.7291,395.4261,244.6234,376.5304,244.4465,394.1586,277.2968,379.3143,274.4103,,,,,,,366.6269,188.4711,408.8831,186.4457,372.5171,189.0616,410.4487,187.4057,360.5459,205.5137,402.1582,206.7914,362.5957,206.0352,406.5851,207.9344,373.8242,199.2609,392.4281,199.7884,387.9013,196.2747,397.3043,196.4165,373.7618,240.5884,398.8452,242.2772,382.4122,241.8103,389.2727,242.2025,376.4793,274.1488,397.6050,277.6453,380.2654,275.0522,391.9229,277.4854,369.6646,280.4746,396.3293,284.9563,370.3004,280.1338,389.9176,283.7825,370.8108,281.3129,385.5836,284.3600,397.6039,279.9117,382.4740,277.3857,,,391.5835,190.1149,393.5337,185.7315,,
73759,0,,,,,,,,,,,,,,,408.8613,187.6024,370.4079,189.7862,403.2839,207.7682,363.3251,206.1471,395.7090,206.9577,378.2676,206.8070,395.4160,244.9535,376.4563,244.5870,394.0625,277.3571,379.4033,274.4484,,,,,,,366.9496,188.7238,409.0103,186.4537,373.1399,189.2632,410.5024,187.5219,360.7638,205.6451,401.9310,206.6947,362.8628,206.1372,406.3321,207.7437,374.0390,199.2506,392.7388,199.9871,387.9405,196.6624,397.2887,196.7345,373.6674,240.7476,398.8853,242.5276,382.3503,241.9672,389.1985,242.4511,376.5309,274.1726,397.4766,277.6700,380.3749,275.1112,391.8314,277.5789,369.6389,280.4121,396.3036,284.9777,370.3725,280.1650,389.9564,283.8804,370.8489,281.4386,385.5313,284.5239,397.6259,279.9447,382.4857,277.4002,,,391.6639,190.3285,393.6001,185.7515,,
73760,0,,,,,,,,,,,,,,,408.6147,187.4359,370.1459,189.6591,403.3317,207.8722,363.4609,205.8833,395.1033,206.9243,378.0709,206.8954,395.2793,244.9226,376.6207,244.4220,394.0170,277.2774,379.4137,274.3270,,,,,,,366.7120,188.5147,408.8877,186.3659,372.7473,189.0279,409.9537,187.2120,360.9184,205.3712,402.0549,206.8522,363.0407,205.9450,406.3762,207.8610,373.7626,199.4253,392.1912,200.1994,387.6870,196.6295,396.9206,196.7266,373.9119,240.5622,398.7075,242.4690,382.3146,241.9177,389.0571,242.4660,376.6285,274.0330,397.4593,277.5392,380.3403,275.0036,391.7848,277.4867,369.7381,280.3147,396.3750,284.8997,370.3933,280.0896,390.1048,283.8625,370.8379,281.3759,385.6864,284.5583,397.3324,279.7744,382.5591,277.1869,,,391.3321,190.2533,393.5890,185.7328,,
73761,0,,,,,,,,,,,,,,,408.4959,187.7661,369.9786,189.9390,403.3339,208.1779,363.8528,205.9252,395.1289,207.0856,378.0657,206.9832,395.2853,244.9727,376.6462,244.7626,394.1825,277.2601,379.4101,274.4526,,,,,,,366.8084,188.8811,408.7219,186.5748,372.6585,189.4282,409.6478,187.4783,361.3040,205.4380,402.0832,207.1865,363.4439,206.0477,406.3188,208.2043,373.9560,199.4272,392.4891,200.2643,387.7915,196.7048,396.8760,196.8046,373.9160,240.9388,398.7516,242.4875,382.4137,242.2060,389.0827,242.5889,376.5424,274.2327,397.5872,277.5085,380.3812,275.0751,392.0217,277.4929,369.8525,280.4613,396.4535,284.7637,370.4226,280.1963,390.1779,283.7587,370.8117,281.4449,385.7751,284.4464,397.6498,279.7351,382.5527,277.3844,,,391.4401,190.3195,393.7456,185.7520,,
73762,0,,,,,,,,,,,,,,,408.7229,187.8614,371.1312,189.9094,403.2370,208.4873,364.7114,205.8291,395.4859,207.0349,378.2544,206.6081,395.2661,245.2538,376.5351,244.6232,394.1642,277.3122,379.3886,274.4054,,,,,,,367.3315,188.8821,408.9699,186.7022,374.0991,189.3051,409.6483,188.8583,362.0167,205.5381,401.9307,207.4664,364.2088,205.9055,406.2705,208.4313,374.1095,199.1129,392.9649,200.1763,388.1577,196.4378,397.5568,196.5956,373.8458,240.6597,398.7993,242.7676,382.2407,242.0802,389.1394,242.7422,376.4912,274.1646,397.6761,277.6062,380.3782,275.0433,391.9473,277.5117,369.6919,280.3865,396.4661,284.9192,370.5442,280.1042,390.1174,283.8192,371.0570,281.3641,385.6635,284.4780,397.6683,279.7756,382.4270,277.3083,,,392.2724,190.1997,394.3418,185.6562,,
73763,0,,,,,,,,,,,,,,,408.6338,187.7115,371.4549,189.8086,403.1647,208.1158,364.5921,205.2166,394.9975,206.8734,377.9469,206.4344,395.3424,244.9203,376.5541,244.4163,394.0595,277.2185,379.3783,274.3638,,,,,,,367.8267,188.6152,408.7047,186.6460,374.6232,189.0025,410.1849,187.6209,361.7388,204.7322,401.7854,207.1272,364.2243,205.3717,406.2930,207.9988,374.1033,198.6695,392.5176,199.7368,388.0879,196.2792,397.2564,196.5232,373.9105,240.4063,398.7314,242.4540,382.1904,241.8351,389.2267,242.3905,376.5615,274.1010,397.5473,277.5116,380.3425,275.0091,391.8310,277.4279,369.7192,280.3123,396.3155,284.8670,370.3648,280.1134,389.9743,283.7235,370.7522,281.3765,385.5470,284.3687,397.5203,279.7304,382.5156,277.3589,,,392.2209,189.9776,394.4993,185.8490,,
73764,0,,,,,,,,,,,,,,,408.6316,187.7466,371.6597,189.9531,402.9255,208.4403,364.8543,205.7402,394.8356,207.1235,377.9094,206.6988,395.2644,244.9793,376.4924,244.5996,394.2596,277.1288,379.3651,274.3357,,,,,,,367.3392,188.7350,408.4741,186.6997,374.4309,189.0469,410.1615,187.6830,362.0914,205.2521,401.5709,207.4482,364.3788,205.8804,405.9239,208.3547,373.8450,199.1895,392.2300,200.2081,387.8647,196.6737,396.9736,196.8461,373.8620,240.7504,398.7042,242.5577,382.1590,242.0533,389.1332,242.5306,376.6141,274.0569,397.6778,277.3973,380.3074,274.9731,392.0309,277.3153,369.7638,280.2155,396.4435,284.6609,370.4348,280.0064,390.1991,283.5908,370.8749,281.2794,385.7545,284.2426,397.6842,279.5411,382.5253,277.2800,,,391.7506,190.2345,394.1190,186.0414,,
73765,0,,,,,,,,,,,,,,,408.5165,187.6600,370.9247,189.7169,402.9376,208.3145,365.2341,205.6133,394.7690,206.9249,377.7401,206.6702,395.2214,244.9935,376.5757,244.6092,394.1795,277.2050,379.3439,274.4781,,,,,,,367.0573,188.5711,408.4491,186.6341,373.9789,188.8860,409.4060,188.6236,362.6573,205.1606,401.6516,207.3316,364.6832,205.7378,405.8636,208.2408,373.9850,198.9585,392.1060,200.0114,387.6070,196.5335,396.7107,196.7412,373.9582,240.6806,398.6629,242.5215,382.2859,241.9148,389.2127,242.4829,376.4673,274.2724,397.5956,277.4735,380.3217,275.0983,391.9854,277.4011,369.8227,280.4777,396.3674,284.8054,370.5331,280.1859,390.0406,283.6916,371.0115,281.3919,385.7091,284.3182,397.6159,279.7228,382.4267,277.3966,,,391.7088,190.1578,394.2683,186.1372,,
73766,0,,,,,,,,,,,,,,,408.6492,187.8526,370.3367,189.9954,402.9942,208.4150,365.4192,205.2782,394.7352,207.0187,377.5559,206.8529,395.3798,245.1745,376.5685,244.8208,394.1577,277.5029,379.4287,274.6460,,,,,,,367.1501,188.8257,409.0008,186.8248,373.6334,189.1955,409.8985,187.6810,362.7962,204.8935,401.7758,207.4511,364.8046,205.4440,406.0415,208.3625,373.7605,199.4558,392.1530,200.1571,387.4566,196.7802,396.5684,196.8647,374.0084,240.9448,398.8038,242.7110,382.1733,242.2847,389.2485,242.7617,376.5480,274.4227,397.4923,277.7672,380.3958,275.2779,391.9541,277.6859,369.8752,280.5092,396.3198,284.9949,370.5732,280.1719,390.0306,283.7903,371.0158,281.3664,385.7033,284.3878,397.6170,280.0879,382.5056,277.4797,,,391.3459,190.3193,393.8515,186.3180,,
73767,0,,,,,,,,,,,,,,,408.4473,188.0358,370.7802,190.1775,402.8595,208.2161,364.9852,205.4409,394.9302,207.0020,377.6276,206.8125,395.3268,245.1762,376.5396,244.8206,394.0536,277.3153,379.4290,274.4879,,,,,,,367.2787,188.9390,408.6944,187.0265,374.1614,189.3178,409.6358,187.8743,362.3058,204.9871,401.6607,207.2890,364.4524,205.6068,406.0461,208.1178,373.9069,199.4580,392.4716,200.2187,387.5462,196.7940,396.7118,196.9022,374.0187,240.9426,398.7873,242.7815,382.1324,242.3264,389.1518,242.8131,376.6407,274.1958,397.5327,277.5725,380.3402,275.1549,391.8426,277.5328,369.9018,280.3328,396.4242,284.8942,370.5082,280.2081,390.1087,283.8054,370.9315,281.5412,385.6900,284.4935,397.3259,279.8435,382.5462,277.2839,,,391.5083,190.4267,393.8947,186.5014,,
73768,0,,,,,,,,,,,,,,,408.5714,188.1811,370.2284,190.3209,402.7952,208.2872,365.0019,205.5597,395.0606,206.5567,377.7486,206.4695,395.2609,245.2389,376.7349,244.4820,394.1749,277.1859,379.3274,274.4231,,,,,,,367.1475,189.0496,409.3629,187.1603,373.4112,189.4773,410.1737,188.1084,362.5362,205.2706,401.5992,207.3073,364.3064,205.8094,405.8309,208.3365,374.1348,199.1223,392.5902,199.4178,387.7040,196.3771,396.8534,196.3498,374.0913,240.5276,398.8073,242.7250,382.4108,241.9612,389.0709,242.6906,376.4165,274.1805,397.5580,277.4561,380.3076,275.0646,391.9992,277.3810,369.7528,280.3503,396.4845,284.7860,370.4632,280.1412,390.1687,283.6835,370.9066,281.4030,385.7377,284.3535,397.4021,279.7161,382.3871,277.3237,,,391.1586,189.2901,393.2688,186.7680,,
73769,0,,,,,,,,,,,,,,,408.2896,188.7093,370.2337,190.8703,402.4971,208.7656,365.2366,205.3577,394.9485,207.2998,377.6867,206.9432,395.3575,244.7402,377.1287,243.7482,394.1352,277.3345,379.4402,274.3494,,,,,,,367.3091,189.7610,408.3604,187.5822,373.7660,190.2428,409.2491,188.4902,362.7702,204.7608,401.2522,207.7225,364.4785,205.5967,405.5984,208.7950,374.4149,199.2001,392.7422,199.8681,387.8134,196.1021,397.1159,196.4862,374.3913,239.6382,398.8864,242.3871,382.9008,241.1404,389.2532,242.0717,376.4991,274.1270,397.5177,277.5879,380.3728,274.9845,391.9559,277.5368,369.8050,280.3300,396.3501,284.8563,370.5297,280.1706,389.9225,283.8159,370.9537,281.4503,385.5148,284.4844,397.3156,279.8715,382.5135,277.3419,,,391.2229,189.7201,393.3342,186.9195,,
73770,0,,,,,,,,,,,,,,,408.6378,188.8951,371.0510,191.0580,402.5469,208.9728,365.2148,205.3450,395.0026,207.0326,377.8558,206.5352,395.6056,244.8644,377.1150,244.1406,394.0520,277.2529,379.4271,274.5033,,,,,,,368.0869,190.0302,408.7335,187.7484,374.9188,190.2885,409.9356,188.6607,362.7121,204.7291,401.2804,207.9607,364.5230,205.6075,405.5008,208.9783,374.5637,199.0370,392.5147,199.5391,388.1174,196.1240,397.3274,196.5134,374.3643,239.9054,399.0435,242.5035,382.7131,241.4193,389.3643,242.1872,376.6085,274.2060,397.4881,277.5262,380.3676,275.1698,391.8202,277.4472,369.8071,280.4282,396.3845,284.7037,370.2574,280.3251,390.1082,283.6070,370.5204,281.7287,385.6565,284.2887,397.2274,279.7618,382.5997,277.4892,,,391.5723,189.7828,393.5417,187.0684,,
73771,0,,,,,,,,,,,,,,,408.8125,188.7752,371.1681,190.8828,402.6567,209.0364,365.3092,205.4240,395.3776,206.7027,378.2060,206.5151,395.4625,244.5526,377.0005,243.9846,393.9855,277.2423,379.5025,274.4578,,,,,,,367.9461,189.6944,408.6296,187.6686,374.9034,189.9257,410.4572,188.6297,362.7886,204.9644,401.3255,208.0836,364.6518,205.7603,405.5763,208.9789,374.5106,198.8511,392.5235,199.3648,388.3708,196.0372,397.7180,196.2438,374.3955,239.7605,398.9230,242.2262,382.6709,241.2872,389.3730,241.8214,376.8376,274.1712,397.3896,277.5330,380.3593,275.1370,391.7843,277.4282,369.8898,280.4531,396.1409,284.7525,370.0943,280.3297,389.6930,283.6520,370.2270,281.6577,385.3045,284.3102,397.4350,279.7901,382.8941,277.4619,,,392.0535,189.4175,393.6261,187.0175,,
73772,0,,,,,,,,,,,,,,,408.9711,189.1595,370.9801,191.3846,402.8853,208.8778,365.4210,206.2683,395.8936,207.0721,378.5737,206.9386,395.5650,244.6203,377.1175,244.1905,394.0400,277.3439,379.4706,274.3902,,,,,,,367.8623,190.7709,409.1090,187.9607,374.2923,190.6192,410.8144,189.0022,362.9508,205.9852,401.5453,207.9304,364.6631,206.2962,405.9123,208.8041,374.7318,199.3249,393.1941,199.8665,388.5460,196.4389,397.9277,196.7149,374.4621,240.0166,398.9860,242.2910,382.9799,241.4842,389.4700,242.0546,376.6377,274.0622,397.4720,277.6139,380.4074,275.0454,391.8560,277.5563,369.5442,280.4159,396.2749,284.8154,370.1993,280.2072,389.9103,283.7673,370.5471,281.5397,385.4391,284.4608,397.5813,279.9565,382.6103,277.4127,,,392.4790,190.0402,393.8028,186.9950,,
73773,0,,,,,,,,,,,,,,,409.2201,189.1369,370.7545,191.3227,403.0854,208.9977,365.3777,206.4615,396.0950,207.1697,378.8074,206.8254,395.6487,244.6127,377.1526,244.0609,394.0739,277.2985,379.5315,274.2964,,,,,,,367.5829,190.4372,409.3066,187.9040,374.2920,190.4676,411.1964,188.9694,362.7709,206.2401,401.6617,208.0556,364.5917,206.4916,406.2022,208.8781,374.7265,199.3999,393.0165,200.1187,388.8949,196.5706,398.2514,196.8983,374.5377,239.8508,399.0223,242.3001,382.8705,241.4393,389.5173,242.1349,376.7771,273.9712,397.5251,277.5670,380.3529,274.9323,391.8581,277.4871,369.8705,280.2762,396.3051,284.8597,370.2135,280.1534,389.8639,283.7288,370.3416,281.5372,385.4190,284.4248,397.6670,279.8060,382.7760,277.2587,,,392.8470,190.0679,394.0359,187.0595,,
73774,0,,,,,,,,,,,,,,,409.1453,189.0448,370.8799,191.2633,403.1834,208.9206,365.0406,206.6561,396.1532,207.4209,378.7851,207.2488,395.6308,244.7839,377.0845,244.2097,393.9849,277.1482,379.4278,274.4721,,,,,,,367.6350,190.3963,409.2473,187.7756,374.0885,190.4941,411.0561,188.8419,362.6437,206.3581,401.8113,207.9440,364.2801,206.6340,406.2190,208.8387,374.9369,199.5166,393.4883,200.2284,388.7795,196.9832,398.0373,197.1045,374.5726,240.1316,399.1073,242.4094,382.8420,241.6330,389.4555,242.2374,376.5408,274.2115,397.4802,277.4183,380.3888,275.0957,391.7780,277.3415,369.7506,280.5494,396.3946,284.6675,370.3341,280.3040,390.0684,283.6479,370.7070,281.6038,385.6154,284.3714,397.2869,279.5731,382.6255,277.4335,,,392.9040,190.1581,394.2644,187.0472,,
73775,0,,,,,,,,,,,,,,,409.5110,188.9601,372.9053,191.1274,403.2158,208.8244,365.4870,206.1622,396.5388,207.2806,379.3749,206.8996,395.7308,244.7600,377.3001,243.8200,393.8347,277.2709,379.3109,274.4473,,,,,,,368.7372,190.2929,409.5205,187.6877,376.4537,190.2628,411.5922,188.7593,362.9175,205.9127,401.8079,207.8888,365.0309,206.0691,406.1894,208.7305,375.4629,199.3397,394.2328,200.0711,389.4503,196.5238,398.8422,196.9717,374.7897,239.8065,399.2186,242.4216,383.1696,241.4125,389.5352,242.1742,376.4616,274.1884,397.2779,277.5551,380.2732,275.0800,391.6286,277.4493,369.6303,280.4207,396.1260,284.8436,370.1996,280.2008,389.8332,283.6249,370.5725,281.4878,385.4785,284.2323,397.0758,279.7670,382.5870,277.4679,,,394.1407,190.0205,395.1158,186.9643,,
73776,0,,,,,,,,,,,,,,,409.5119,189.0726,372.3352,191.3130,403.4522,208.8168,365.8417,206.4685,396.4873,207.1169,379.6690,206.6533,395.8233,244.5195,377.5361,243.6977,394.0036,277.1984,379.3645,274.4594,,,,,,,368.3337,190.4977,409.4417,187.8406,375.7322,190.5586,411.6777,188.8269,363.4159,206.1621,402.0644,207.9435,365.2507,206.4030,406.4351,208.6218,375.5877,199.2876,393.9316,199.9048,389.6608,196.3795,398.8603,196.8891,374.8748,239.7083,399.3142,242.2402,383.3721,241.2892,389.5749,242.0103,376.4958,274.1571,397.4649,277.4637,380.3234,275.0938,391.7852,277.3877,369.5460,280.5178,396.3157,284.7085,370.0771,280.2446,389.9361,283.6017,370.4344,281.5658,385.5055,284.2591,397.3575,279.7054,382.6608,277.4748,,,394.2018,190.0750,395.2146,187.0327,,
73777,0,,,,,,,,,,,,,,,409.7342,188.9678,371.6206,191.1085,403.4790,208.3720,365.4740,206.1602,396.7562,206.6766,379.7579,206.3140,395.8545,244.5069,377.7859,243.3748,393.7960,277.2038,379.4824,274.4467,,,,,,,368.4071,190.0948,409.7952,187.6850,375.4942,189.9918,411.9061,188.6352,362.8022,205.9098,402.2193,207.4370,364.9490,206.1409,406.4578,208.2639,375.2219,198.9438,393.8365,199.3710,389.8516,196.0030,399.1291,196.5798,375.0274,239.4523,399.2724,242.2376,383.3882,241.0123,389.4885,241.8577,376.6735,274.1411,397.2604,277.5111,380.4066,275.0976,391.5331,277.3823,369.6872,280.4824,396.1080,284.8528,370.0441,280.2948,389.5211,283.7839,370.2737,281.6795,384.9997,284.4308,397.0181,279.8309,382.8062,277.4529,,,394.3679,189.7971,,,,
73778,0,,,,,,,,,,,,,,,409.7405,188.8687,371.6687,191.1442,403.8670,208.8131,365.9946,206.0833,396.7446,206.7353,379.9926,206.2310,395.8259,244.6210,377.7098,243.4551,393.6661,277.1702,379.5058,274.5614,,,,,,,368.2651,189.9817,409.7507,187.7177,375.6015,190.2400,411.9104,188.6711,363.3412,205.7697,402.6020,207.8526,365.4220,206.1099,406.9729,208.7992,375.4550,198.9052,393.8451,199.3763,389.8529,195.9750,399.1346,196.5775,375.1138,239.7196,399.2162,242.4101,383.1923,241.2101,389.4580,241.9725,376.7281,274.2407,397.0824,277.4837,380.3985,275.1665,391.3157,277.3244,369.8809,280.4424,396.1848,284.7360,370.2095,280.2361,389.7775,283.5839,370.4119,281.5508,385.2913,284.1651,396.7533,279.7611,382.9198,277.4835,,,394.3298,189.8000,,,,
73779,0,,,,,,,,,,,,,,,409.6481,188.5884,372.2192,190.7428,403.5078,208.8292,366.5372,206.1818,396.7981,206.9480,379.8756,206.6030,395.9230,244.2922,377.6060,243.4056,393.8911,277.0818,379.3917,274.4527,,,,,,,368.4884,189.6182,409.5037,187.5481,375.6549,189.6473,411.5454,188.4132,363.8838,205.8178,402.1538,207.7441,365.8730,206.0699,406.5468,208.8179,375.4271,199.1675,393.4407,199.7084,389.7810,196.5121,399.0232,196.7993,375.0627,239.5159,399.2456,242.0662,383.1134,241.0247,389.7160,241.5970,376.6367,274.1959,397.2835,277.3978,380.3350,275.0670,391.6543,277.2570,369.7944,280.5298,396.0674,284.7226,370.0343,280.2620,389.5313,283.6438,370.1496,281.5907,385.1350,284.3291,397.1903,279.7270,382.8101,277.5053,,,393.8396,189.4939,395.3762,187.1636,,
73780,0,,,,,,,,,,,,,,,409.6727,188.8448,373.5613,191.0470,403.5441,209.1021,366.1591,206.4103,397.0235,207.3464,380.1669,206.8817,395.9379,244.4258,377.6484,243.5835,393.9686,277.0169,379.4798,274.5754,,,,,,,369.0961,189.9748,409.6127,187.6696,376.4673,190.0625,411.5964,188.6731,363.4142,206.0372,402.1926,208.0445,365.5145,206.3324,406.4686,209.1218,375.6074,199.5148,393.7565,200.2400,390.1534,196.8035,399.3183,197.2074,375.1576,239.7627,399.2690,242.2007,383.0703,241.2863,389.7287,241.8168,376.7872,274.2987,397.3986,277.3175,380.3929,275.1938,391.7389,277.2216,369.8492,280.5307,396.1159,284.6135,370.1268,280.2787,389.6214,283.5017,370.2837,281.5668,385.1712,284.1276,397.2216,279.6488,382.8353,277.5743,,,394.4498,189.8381,395.7277,187.1356,,
73781,0,,,,,,,,,,,,,,,409.8819,188.5878,372.7911,190.6070,403.7174,208.6275,366.4932,205.5937,396.5706,206.5265,379.3522,206.1315,395.8845,244.5949,377.7030,243.6144,394.1233,277.3844,379.6868,274.4597,,,,,,,368.7030,189.3424,410.0745,187.4060,376.8650,189.8804,411.7344,188.4436,363.7001,205.2880,402.3932,207.5366,365.9261,205.6760,406.8742,208.6850,375.7040,198.6438,394.0388,199.3876,389.7978,196.1824,398.9189,196.6010,374.8833,239.3494,399.4573,242.3514,383.5558,241.0089,389.6731,241.9447,376.7670,274.1326,397.6691,277.7015,380.5311,275.1407,391.8551,277.6305,369.8701,280.4859,396.6648,285.0022,370.3653,280.1664,390.3299,283.8644,370.6480,281.5297,385.8132,284.6363,397.0379,279.9481,382.8558,277.5610,,,394.2293,189.4846,,,,
73782,0,,,,,,,,,,,,,,,410.2778,188.4988,374.0791,190.3191,403.6906,208.7099,367.5965,205.5652,396.9142,206.3191,379.7408,205.8734,395.9255,244.6545,377.7928,243.5733,393.9641,277.1673,379.5191,274.5564,,,,,,,369.0863,189.2086,410.2154,187.3927,377.4062,189.5813,412.3337,188.3570,364.9645,205.2045,402.3859,207.5672,367.0679,205.5329,406.8003,208.7981,375.8573,198.6012,394.3293,199.2931,390.1164,195.9365,399.3782,196.4412,374.9481,239.4369,399.5647,242.3910,383.6845,240.9890,389.6933,241.9468,376.5648,274.1913,397.5462,277.4831,380.4278,275.2103,391.6647,277.3750,369.7027,280.5817,396.6482,284.8785,370.3662,280.2479,390.2166,283.7696,370.7737,281.5910,385.7646,284.5142,396.9424,279.5896,382.6875,277.5739,,,394.8564,189.4220,,,,
73783,0,,,,,,,,,,,,,,,410.1526,188.6797,374.7009,190.4506,403.5809,208.9921,368.1289,205.5865,396.9321,206.7696,380.0203,206.2663,396.1975,244.7064,377.5752,243.9508,393.8878,277.4918,379.5428,274.6177,,,,,,,369.4656,189.2639,410.2276,187.5586,378.2394,189.7232,412.0834,188.5096,365.4646,205.3250,402.2978,207.8786,367.5583,205.5039,406.7371,209.0500,376.3984,198.6158,394.5902,199.5469,390.4769,196.3423,399.5283,196.8280,374.7488,239.8092,399.8542,242.4215,383.3695,241.3114,389.9053,242.1624,376.6194,274.2822,397.3453,277.8030,380.4249,275.2636,391.5437,277.7090,369.8937,280.5505,396.3453,285.1069,370.4841,280.2630,389.8950,283.9012,370.8054,281.6064,385.3692,284.6442,396.9362,279.9877,382.8125,277.4837,,,395.1364,189.7236,,,,
73784,0,,,,,,,,,,,,,,,410.2990,188.5176,375.3854,190.1880,403.5436,209.0822,367.2919,205.6760,397.2650,206.8819,380.4138,206.2443,396.2217,244.4756,377.3078,243.8160,393.8483,277.4368,379.5871,274.4889,,,,,,,369.7980,189.0690,409.7539,186.5462,378.3069,189.5631,412.2122,188.3784,364.5402,205.3149,402.0959,207.9107,366.8231,205.5361,406.7942,209.0961,376.8262,198.7319,394.8914,199.7336,391.0085,196.2267,400.0762,196.8827,374.5823,239.7164,399.7867,242.2311,382.9002,241.2211,389.9109,241.9597,376.6196,274.1609,397.3272,277.7634,380.4595,275.1467,391.5414,277.6541,369.8306,280.4359,396.1302,285.1265,370.3233,280.1254,389.5601,283.9200,370.6360,281.4553,385.0425,284.6125,397.1371,279.9430,382.8816,277.4207,,,395.7404,189.5331,400.0679,186.9017,,
73785,0,,,,,,,,,,,,,,,410.0727,189.1947,375.7475,190.7010,403.5655,209.2420,368.4660,205.4571,396.9269,207.0489,380.1925,206.4715,396.2441,244.8151,376.8173,244.3852,394.1068,277.5481,379.1774,274.8573,,,,,,,370.3173,189.3380,409.9696,187.9239,378.5475,189.7582,411.7340,188.8948,365.8245,205.1187,402.2444,208.1809,367.9279,205.3624,406.6469,209.2853,376.7548,198.8755,394.8640,199.7712,390.7227,196.3412,399.6485,196.9204,374.0831,240.1663,399.8031,242.4721,382.3139,241.6189,389.8013,242.3151,376.2194,274.5929,397.6806,277.8658,380.0165,275.4910,391.8841,277.8203,369.2292,280.5502,396.6047,285.2047,369.6539,280.0662,390.1586,284.0119,369.8832,281.3462,385.5318,284.7426,397.2969,279.9314,382.4716,278.0241,,,395.2530,189.8665,,,,
73786,0,,,,,,,,,,,,,,,410.1832,189.0047,375.9469,190.5686,403.3736,209.2660,368.3119,205.5204,396.9557,207.2075,380.1456,206.4676,396.1364,245.0081,376.5120,244.4579,394.0968,277.5571,378.9101,274.7541,,,,,,,370.7863,189.2921,409.6711,187.8375,378.5341,189.7622,411.9551,188.7702,365.6650,205.1836,401.8371,208.0957,367.6777,205.4478,406.4661,209.3123,376.9711,198.8434,394.7270,199.9767,391.1237,196.4050,399.9194,197.1142,373.8345,240.2650,399.6979,242.6753,381.7147,241.9342,389.7506,242.5871,376.0798,274.5077,397.6785,277.8203,379.5656,275.4489,391.8835,277.8141,368.9545,280.2249,396.3722,285.0976,369.0010,279.7279,389.9358,283.9673,369.0119,280.8887,385.3355,284.7008,397.3444,279.8387,382.3280,278.0875,,,395.7984,189.5790,399.8324,187.0100,,
73787,0,,,,,,,,,,,,,,,409.9139,188.9617,376.4338,190.0424,403.2543,208.9029,369.3367,204.3712,396.7948,207.1537,380.5597,206.0788,395.6756,245.0064,376.1533,244.1260,394.1791,277.0614,378.1870,274.4282,,,,,,,371.3885,188.2959,409.5858,187.8451,379.3946,189.3694,411.9817,188.6537,366.7638,204.0854,401.6550,207.6775,368.8285,204.3017,406.3613,208.8686,376.7798,198.4634,394.0578,199.6077,391.8011,196.1023,400.1721,196.9286,373.5088,239.9529,399.2675,242.6966,380.8431,242.0219,389.2352,242.6272,375.7304,274.0314,397.7978,277.3035,378.6833,275.1284,392.0377,277.3363,367.8791,279.6161,396.5312,284.8441,367.1992,279.2491,389.8306,283.8802,366.7555,280.6681,385.1492,284.8704,397.5518,279.2966,382.0988,277.9615,,,395.9486,189.4433,,,,
73788,0,,,,,,,,,,,,,,,409.1180,188.7542,376.8089,189.6922,402.9587,208.9266,369.1068,204.2477,396.0930,206.7411,380.1493,206.0269,395.3905,244.9664,375.6529,243.8783,394.2454,277.3958,377.8464,273.9232,,,,,,,373.3332,188.1248,408.9310,187.7568,379.4222,189.0203,410.7975,188.4771,366.7218,203.9665,401.5107,207.7766,368.8135,204.0807,406.0378,208.8937,376.5118,198.3505,393.3366,199.6182,391.1140,196.0302,399.3177,196.6342,373.2214,239.8230,398.8664,242.6597,380.1399,242.0675,389.1283,242.7295,375.4575,273.4824,397.7887,277.6334,378.2847,274.6903,392.0968,277.6447,367.8302,279.0787,396.4628,285.1866,366.7333,278.7721,389.8057,284.3068,366.0388,280.2407,385.0628,285.3026,397.8726,279.4369,381.7428,277.4519,,,395.0184,188.8706,398.1437,187.0052,,
73789,0,,,,,,,,,,,,,,,408.6649,188.5483,377.0901,189.4266,402.5102,208.6737,369.7182,203.7921,396.0585,206.2075,380.3622,205.7537,395.0437,244.1971,375.5531,243.3776,394.0081,277.0013,377.4222,273.7588,,,,,,,373.9837,188.1682,408.1281,187.6615,379.7681,188.8444,410.2999,188.3724,367.4538,203.4525,400.8648,207.6437,369.5219,203.6309,405.5156,208.4743,377.0447,197.9315,393.0398,199.0033,391.4884,195.9176,399.4597,196.3037,373.0461,239.2531,398.5297,241.9181,380.0325,241.3555,388.6446,241.7802,375.1453,273.4960,397.4868,277.2320,377.9188,274.5071,391.8948,277.2173,367.4615,278.8276,396.1051,284.8825,366.5595,278.3141,389.3828,283.8999,365.8973,279.5984,384.7209,284.8753,397.6928,279.1357,381.4713,277.5602,,,395.1920,188.7569,397.5611,187.1242,,
73790,0,,,,,,,,,,,,,,,407.3659,188.8902,376.6352,189.8393,401.5671,208.8211,369.5619,204.2179,394.9951,206.5025,379.6899,206.0321,394.6577,244.3632,375.0633,243.0516,393.9484,277.0208,377.3657,273.4211,,,,,,,373.8820,188.3144,406.5790,187.9433,379.3810,189.2276,408.6390,188.5475,367.4329,203.8640,399.6729,207.8564,369.3442,204.0177,404.6274,208.5054,376.4479,198.2207,392.1248,199.4494,390.7628,196.1986,398.4321,196.5306,372.5971,239.0135,398.0110,242.0096,379.6523,241.0528,388.4149,241.9581,374.9585,273.0355,397.4630,277.2700,377.8287,274.1360,391.8585,277.2551,367.2214,278.5959,395.9952,284.8342,366.4232,278.2615,389.3624,284.0365,365.8045,279.4786,384.6460,284.9053,397.5440,279.0262,380.9703,277.0061,,,394.6044,188.8681,397.4085,187.2171,,
73791,0,,,,,,,,,,,,,,,407.1316,188.3948,375.4923,189.4536,401.0314,208.6845,369.3199,203.8938,394.6714,206.1704,379.2505,205.5398,394.4076,243.5190,374.2125,242.0123,393.7705,276.4357,376.7532,272.2671,,,,,,,372.9591,188.2931,406.3337,187.6783,378.0309,188.0121,408.8016,188.2761,367.1163,203.4902,399.4772,207.6254,369.1113,203.6874,403.9915,208.3546,376.1109,197.3100,391.9850,198.8002,390.7397,195.2422,398.3053,195.7884,371.9759,238.2560,397.6621,241.1242,378.8606,240.3679,388.5023,241.2290,374.4826,271.8790,397.2608,276.5479,377.1389,273.0612,391.4549,276.6796,366.4315,277.4935,395.4934,283.9336,365.5201,277.4676,388.7924,283.3315,364.8568,278.9135,384.0851,284.3498,397.6072,278.5865,380.2929,275.7127,,,394.6502,188.2783,397.7871,187.1913,,
73792,0,,,,,,,,,,,,,,,406.3323,188.1971,375.5742,189.1501,400.0107,208.4710,369.0183,203.1273,393.7734,205.7524,379.2682,205.4154,394.0863,243.0518,373.7247,241.4687,393.6267,276.3464,376.6586,272.3390,,,,,,,373.4073,187.8566,405.3965,187.4377,378.1295,187.6615,408.1145,187.9790,366.7240,202.7295,398.1859,207.3488,369.1321,203.1246,403.1313,208.2757,375.5181,197.2188,390.3829,198.6359,390.6251,194.7477,398.0050,195.1267,371.6802,237.6994,397.1910,240.6663,377.7600,240.2811,387.8731,240.8752,374.8787,271.7999,397.2571,276.4361,376.7865,273.2284,391.2988,276.6343,366.5255,277.6251,395.7577,283.9185,364.7968,277.7648,388.9336,283.2437,363.7384,279.2665,384.0872,284.3124,397.3036,278.6307,380.4774,275.4519,,,394.0195,187.8453,397.1394,186.8306,,
73793,0,,,,,,,,,,,,,,,404.7881,189.8742,375.0503,189.5604,398.7654,209.3563,369.4257,203.1923,392.5583,206.8895,378.5768,206.1390,393.6017,243.0150,373.4618,241.3772,393.9497,276.3755,376.1028,271.7037,,,,,,,373.1727,187.8929,403.8597,187.7538,377.8796,188.7810,406.0468,189.5072,367.0910,202.6562,397.2911,208.2359,369.6909,203.3634,401.6700,209.2577,374.9420,198.1125,388.6556,199.6478,389.4586,195.7872,396.8217,196.5372,371.6315,237.6705,396.4151,240.5769,377.2016,240.3565,387.8447,240.8932,374.6586,271.1554,397.3978,276.3760,376.2714,272.5167,391.7446,276.6157,366.5235,277.1620,395.9376,283.8310,364.5233,277.5402,389.0425,283.2498,363.2876,279.2868,384.3138,284.3351,397.6189,278.3978,380.2370,274.1385,,,393.2685,189.4420,396.7389,186.8714,,
73794,0,,,,,,,,,,,,,,,403.6676,189.8471,374.5825,189.3891,397.0539,209.2995,368.5688,203.4436,392.1987,206.3098,378.8736,205.2025,393.3792,243.0113,372.8031,239.9927,393.6151,276.1144,376.2783,269.2759,,,,,,,372.6688,188.2205,403.2124,187.0169,377.5074,188.0673,405.6700,189.3998,365.9915,203.0821,395.6133,208.1681,368.8541,203.5075,399.8392,209.1787,374.6967,197.5665,388.0846,199.2050,389.6937,195.0457,396.8136,195.9383,371.1182,236.4814,396.1303,240.5104,376.2604,239.5670,387.4589,240.8623,374.7310,268.7707,397.2147,275.9926,376.4226,270.2498,391.3204,276.2779,366.9592,274.8799,395.9575,283.3872,365.0910,275.6551,389.1257,282.9139,363.8715,277.6951,384.5876,284.1688,397.1616,278.1388,380.4779,271.5812,,,393.8418,188.3582,397.3352,187.0720,,
73795,0,,,,,,,,,,,,,,,403.4763,190.0731,374.2567,189.5941,395.4064,208.5963,368.3177,203.3597,391.3248,206.3466,378.7190,204.6632,392.2942,242.5190,372.5672,238.1479,393.4364,276.3443,376.2810,266.9494,,,,,,,372.6823,188.8364,402.7009,187.6650,377.1063,188.6055,406.4344,188.6755,365.7846,202.8277,393.7640,207.4395,368.7286,203.1549,397.8288,208.4255,374.9233,196.8374,386.9875,198.5778,390.8788,193.8372,397.2777,195.2530,370.9961,234.4852,395.1109,240.0600,375.6908,237.9173,386.8350,240.0843,374.6685,266.2466,396.7112,276.3446,376.3155,268.1007,391.2144,276.4115,367.4218,272.2673,395.3368,283.6984,365.7687,273.2870,388.4832,283.1502,364.4841,275.5103,383.9447,284.4343,396.9673,278.3514,380.1486,269.2976,,,394.2563,188.7638,398.6355,187.6699,,
73796,0,,,,,,,,,,,,,,,402.0197,190.5876,372.6645,189.3847,394.4372,208.0675,367.2823,202.5843,391.5864,205.7133,378.4867,204.0671,392.1276,242.3703,372.4798,238.1075,393.3482,276.5329,375.8714,266.6483,,,,,,,371.2648,189.3984,400.7184,188.2373,375.1219,189.2866,404.7012,189.1778,364.8967,202.3352,392.7585,206.8591,367.4701,202.4310,396.8122,207.9530,374.2508,197.0084,386.7401,198.4127,389.8085,193.8798,396.4091,195.2296,370.8925,234.4838,394.8729,239.8899,375.7741,237.6512,386.4693,239.9374,374.1923,265.9060,396.6261,276.6173,376.1400,267.8284,391.2047,276.5746,367.1667,271.9089,394.9769,284.0109,365.9785,272.8116,388.2402,283.4052,365.0641,274.9070,383.6039,284.6067,396.8807,279.1266,379.5676,269.0676,,,392.9641,189.1545,,,,
73797,0,,,,,,,,,,,,,,,402.1442,189.4020,372.4797,189.6903,393.8083,207.4801,366.6501,203.2660,392.4990,204.9747,379.1840,203.7933,391.8266,242.0389,372.9558,237.5162,392.9165,277.0201,375.5860,266.3546,,,,,,,370.5438,189.8327,401.2072,188.6010,374.6726,189.6231,403.7154,188.3763,364.2126,202.6957,392.1569,206.3641,366.9519,203.0326,396.3862,207.4011,373.8785,196.6217,387.2389,197.9233,390.3248,194.1688,397.3680,195.0373,371.5145,233.5552,394.6253,239.0595,375.6713,237.1903,385.6977,239.7708,374.2181,265.3947,396.3016,277.2491,375.8639,267.5122,390.7937,277.1010,367.3244,271.5924,394.1441,284.4608,366.3360,272.3960,387.3646,283.9545,365.6053,274.3765,382.5625,284.9734,396.8154,279.6456,379.5040,268.7448,,,392.6426,189.5183,,,,
73798,0,,,,,,,,,,,,,,,402.0519,189.9779,371.1740,190.1842,393.3879,207.3893,365.9947,203.3621,391.9687,205.0289,378.3596,204.0392,391.8325,241.2306,373.3460,237.2230,393.0298,277.1568,375.2342,266.7510,,,,,,,369.8926,190.2386,401.6298,188.9768,372.9617,190.0490,403.7471,189.6802,363.6873,202.8679,391.9606,206.3125,366.1110,203.0730,395.8259,207.1973,373.5721,196.4071,387.0973,197.9397,389.6021,194.2874,396.4847,194.9684,371.8236,233.2027,394.6440,238.4327,376.6713,236.8433,385.9340,239.0546,373.3866,266.0576,396.2526,277.2925,375.6315,267.8766,390.9139,277.1991,366.5891,272.1172,393.8886,284.6563,366.1151,272.7161,387.0691,284.2565,365.6342,274.5525,382.0830,285.3698,396.6967,279.8338,378.8389,269.2812,,,392.1091,189.9935,,,,
73799,0,,,,,,,,,,,,,,,401.6735,190.0344,370.5161,190.6041,393.1691,206.4553,364.5576,203.8143,392.0010,203.6245,377.3680,202.6911,391.5794,240.3853,373.8286,236.7225,392.6505,277.2210,375.5509,266.6083,,,,,,,369.1844,190.6449,401.7569,189.2377,372.0064,190.5521,403.4157,189.7983,362.4338,203.2031,391.7267,205.3348,364.4989,203.5468,395.8621,206.4085,372.7457,195.8687,387.6968,197.3019,388.2629,193.0886,395.7281,193.8426,371.8557,232.6509,394.3894,237.5042,377.4702,235.9286,385.7634,237.9220,373.6682,266.0114,396.1004,277.3125,376.0773,267.7761,390.4748,277.2770,366.6516,272.0833,394.0212,284.7888,366.5412,272.7659,387.2535,284.4101,366.1606,274.7483,382.1044,285.5222,396.0697,280.0183,379.2824,269.4733,,,391.0373,189.5982,,,,
73800,0,,,,,,,,,,,,,,,400.0865,189.9433,369.8028,190.5888,392.4577,205.9339,364.0221,204.3234,391.8190,202.6416,377.5601,202.2226,391.2542,239.8382,373.9838,236.8144,392.2750,276.1644,375.9253,266.7461,,,,,,,367.8242,190.5767,400.1571,189.2050,371.5090,190.4576,402.1567,189.7846,361.9817,203.8872,390.8127,204.8268,363.7950,204.1700,395.1599,205.7922,372.4619,195.8739,387.6469,197.0780,387.6950,193.0268,394.8718,193.6836,371.9332,232.8259,394.2337,236.8932,377.8665,235.6105,385.4120,237.4572,373.8083,266.1854,396.0099,276.1659,376.4641,267.7766,389.9301,276.2928,366.9372,271.9418,394.9539,283.3867,366.4899,272.5936,388.0139,283.3205,366.0107,274.4144,383.3945,284.5176,395.3872,278.7639,379.4948,269.6571,,,390.3649,190.3168,,,,
73801,0,,,,,,,,,,,,,,,399.6796,189.8577,369.4421,190.5539,392.7995,205.2884,363.5074,204.0219,391.5092,202.2391,377.2827,201.8310,391.1449,239.3953,373.6717,236.6797,392.4659,275.6445,376.1021,266.7252,,,,,,,367.6554,190.5973,400.2854,189.0874,371.1572,190.4299,401.2432,189.0771,361.5340,203.3332,391.3923,204.2343,363.0890,203.8038,395.2820,205.1845,372.3570,195.3902,387.2955,196.4108,387.8704,192.4179,394.9725,192.9641,371.6339,232.4334,394.0415,236.8370,377.2793,235.4591,385.4161,237.2299,373.9403,266.1152,396.0796,275.6096,376.6800,267.8541,389.9900,275.7514,366.8091,271.8978,395.1455,283.0418,366.6156,272.5979,388.0835,282.9562,366.0604,274.5890,383.4958,284.3139,395.0884,278.2978,379.6719,269.8128,,,390.0765,189.5112,,,,
73802,0,,,,,,,,,,,,,,,399.6820,190.3979,368.8172,190.9336,392.5721,205.0359,363.0319,203.3766,391.8655,201.8708,377.3732,201.1090,391.1852,239.6661,373.6714,237.2013,391.8456,275.3856,375.9578,267.0695,,,,,,,,,400.0091,189.6652,370.4196,190.7870,401.5008,189.5028,361.1035,202.9394,390.9141,204.0031,362.6848,203.2641,395.2426,204.8142,372.5102,195.0953,388.1678,196.4729,387.7463,192.6106,394.9461,193.1256,371.5954,232.9246,394.1910,237.0023,377.6153,235.8339,385.2241,237.3888,373.9369,266.4572,395.7891,275.4877,376.5527,268.2582,389.4951,275.4942,367.1142,272.0445,395.9278,282.7628,366.4831,272.6859,388.9084,282.7046,365.8025,274.6227,384.3007,284.1531,394.3009,277.7302,379.7874,269.9912,,,390.3507,189.9392,,,,
73803,0,,,,,,,,,,,,,,,399.1374,190.4043,368.4675,190.7632,392.3297,205.2231,362.5491,203.8805,391.3973,202.4348,376.3551,201.6716,390.4884,239.5086,373.6352,237.7824,391.1163,275.4010,375.6552,267.2183,,,,,,,366.3262,190.8467,399.6183,189.5250,370.5143,190.6181,400.8017,190.2024,360.4628,203.5642,390.8675,204.2427,362.1375,203.6133,394.9414,205.0515,372.1425,195.0084,387.9240,196.4166,387.0233,192.5804,394.3604,192.9635,371.4466,233.4161,393.6528,236.8199,377.8441,236.0206,384.6249,237.2558,373.5349,266.8593,395.0865,275.3033,376.0893,268.4742,388.8821,275.5928,366.3447,272.4360,395.0543,282.6492,365.9213,273.0627,388.6426,282.6400,365.3568,274.8253,384.2769,284.2834,393.4646,278.0952,379.2578,270.4540,,,389.5565,189.8114,,,,
73804,0,,,,,,,,,,,,,,,398.6907,190.4212,368.7312,190.6137,392.2147,205.5623,362.0759,204.2746,391.2455,203.2918,376.4567,202.6360,390.2810,239.7797,373.4528,237.5707,391.3843,274.5498,375.9557,267.3421,,,,,,,365.9913,190.8017,398.6599,189.3714,370.4664,190.4486,400.5169,190.2422,359.8890,203.8254,390.7448,204.5850,361.6275,204.0815,394.8858,205.3918,372.2052,195.7769,387.3210,197.2717,386.8039,193.4241,394.0976,193.6524,371.1802,233.3546,393.3673,236.9351,377.8398,235.9979,384.3806,237.6074,373.8226,266.8548,395.3016,274.4246,376.2412,268.5680,389.1987,274.8677,366.6774,272.4225,395.5611,281.5394,366.0962,273.0111,389.4746,281.5237,365.3951,274.7433,385.3592,283.0078,393.6910,277.2756,379.3039,270.7070,,,389.4327,189.6232,,,,
73805,0,,,,,,,,,,,,,,,398.8641,189.3646,367.3613,189.9955,392.1571,204.8672,361.8733,203.2944,390.2627,203.0950,375.3712,202.2867,389.5677,239.6702,373.2418,237.9224,391.0262,273.2137,375.6834,267.5323,,,,,,,364.1818,190.0978,399.7784,188.5597,369.4335,189.7353,400.5035,188.4593,359.8417,203.0948,390.9362,203.8937,361.0350,202.9804,394.5170,204.7436,371.0252,195.2663,386.5518,196.3477,385.4101,192.0600,392.8308,192.4346,370.7483,233.9104,392.7233,236.8652,377.7372,236.2400,384.2618,237.2583,374.0765,266.9618,394.8193,272.8374,376.1369,268.6355,388.8025,273.4501,366.6900,273.1934,395.0888,280.1491,366.3345,273.5270,388.7349,280.0232,365.8202,275.2633,384.5956,281.5680,393.8168,275.1896,379.3908,270.5763,,,388.1959,188.9135,,,,
73806,0,,,,,,,,,,,,,,,398.4394,189.0185,367.8801,189.3262,392.6451,204.7312,362.8526,202.9714,390.3383,203.4179,375.7308,202.5245,390.0424,239.6163,373.6649,237.6744,391.1925,272.7347,375.5038,267.8031,,,,,,,364.9328,189.4632,399.2307,188.0448,370.0984,189.1626,400.4075,188.7461,360.6391,202.7917,391.2315,203.9083,362.3430,202.6516,395.2776,204.5124,371.3437,195.1762,386.0891,196.3740,385.8993,192.3819,393.3096,192.8029,371.4881,233.7258,393.1103,236.7413,377.7852,236.1307,384.7127,237.0476,374.0396,267.2703,395.0343,272.4717,375.9341,268.8495,389.0092,273.0874,366.7971,273.3104,395.1286,279.5298,365.7378,273.6080,388.7662,279.7572,364.9517,275.2022,384.7294,281.3379,394.0832,274.6328,379.8286,270.6696,,,388.2467,188.3910,,,,
73807,0,,,,,,,,,,,,,,,398.1097,188.0527,368.3895,188.5679,392.4870,203.9216,363.4002,201.8385,390.0006,202.4805,375.8485,201.5933,390.0295,238.8126,374.4353,236.8679,392.4014,270.1811,375.5187,266.7967,,,,,,,365.8787,188.6666,397.9770,187.2829,370.3646,188.3566,399.7752,187.1491,361.4678,201.4322,391.1001,203.1269,362.7617,201.7308,394.9870,203.7408,371.6777,193.9250,386.4854,195.2525,386.2968,191.3396,393.5345,191.7373,372.1289,232.6042,393.0479,236.0767,378.7353,234.6600,384.8900,235.9257,373.9734,266.3569,396.0958,270.0359,376.0520,267.8801,390.2220,270.5761,366.6418,272.3750,396.6079,277.6145,366.0231,272.3386,390.1852,277.9695,365.3734,273.7857,386.3244,279.4832,395.1723,272.0382,379.5664,269.9991,,,388.7497,187.5646,,,,
73808,0,,,,,,,,,,,,,,,398.7884,187.4142,369.2803,188.4985,392.1980,203.6220,364.3387,202.2985,390.9216,202.9672,376.9321,202.3845,390.5477,238.5172,374.6375,236.7511,393.5446,268.9002,375.4182,266.4338,,,,,,,366.9571,187.6164,398.6760,186.2944,371.1052,187.3471,400.4788,187.1800,362.4467,201.8411,390.8062,202.7369,363.8843,202.1858,394.6391,203.6313,372.4182,194.1264,387.1618,195.4824,387.0041,192.0062,394.1023,192.4608,372.3156,232.4382,393.4264,235.9774,379.0367,234.8112,385.4104,235.9728,373.7693,265.9635,397.1341,268.7944,376.0982,267.6260,391.4703,269.2776,366.6405,272.2745,397.1691,276.4552,366.4638,272.1101,390.8948,276.7960,366.1423,273.5969,387.1752,278.4177,396.2861,270.6719,379.2850,269.1361,,,389.3711,187.2774,,,,
73809,0,,,,,,,,,,,,,,,399.5977,186.8511,370.1529,188.0919,392.1603,204.0326,365.3839,203.3087,391.4938,203.6470,377.2180,203.5341,391.5946,238.6225,375.0197,237.9942,395.4103,267.0759,375.9557,267.1095,,,,,,,367.0310,187.1430,399.0651,185.8519,372.1910,187.6397,401.2242,186.6500,363.6198,203.0263,390.6771,202.9621,364.8262,203.1237,394.6580,204.1112,372.3470,196.1562,387.2195,196.5176,387.4962,193.2554,394.8575,193.8258,372.6442,233.8495,394.4160,236.2200,379.3323,235.5554,386.1503,236.1614,374.2238,266.8699,398.9007,267.0951,376.6355,267.9906,393.2821,267.5585,366.9506,272.6538,399.2123,274.4979,366.6466,272.1890,393.4560,274.7807,366.2812,273.2746,389.5881,276.3828,397.5626,268.6169,379.8361,269.8882,,,389.7824,187.2628,393.4578,185.9340,,
73810,0,,,,,,,,,,,,,,,399.5422,185.9527,370.4416,187.1107,392.4606,203.8551,366.0253,203.4016,391.6820,203.6356,377.8301,204.0989,392.6201,238.0870,375.4072,237.5271,397.3908,265.7761,376.2007,266.8422,,,,,,,366.6159,187.2956,399.0234,185.9242,372.3098,187.0869,400.4378,186.7604,364.3264,203.1919,391.0045,202.8152,365.3244,203.5330,394.9576,203.9416,372.7449,196.5140,387.3955,196.4020,387.9281,193.5281,395.1214,193.7034,372.8683,233.7297,395.4575,235.7501,379.6797,235.1921,387.0471,235.7774,374.3862,266.6946,400.7135,265.5247,376.8893,267.6510,395.3154,266.2128,367.4390,272.4449,401.1899,272.7113,367.0433,271.8847,395.5417,273.1528,366.7096,272.9516,391.7411,275.0779,399.4493,266.8601,379.9849,270.0087,,,390.2316,186.1832,393.7795,186.0050,,
73811,0,,,,,,,,,,,,,,,400.4129,188.4385,372.6321,188.2209,392.6767,204.3799,366.9910,202.2340,392.2828,204.4033,378.1834,204.9176,393.9515,238.3570,374.9150,237.4442,398.9255,264.6635,377.0674,266.6421,,,,,,,367.9554,187.5758,400.1575,186.3174,374.6626,187.2731,402.1622,187.1598,364.5981,202.0280,391.1801,203.5591,366.3348,202.2094,394.7717,204.3714,374.5811,196.7566,388.2769,197.1523,387.6252,193.9352,395.1438,193.9573,373.0953,233.6506,396.4852,235.9892,378.9899,235.2964,388.5605,236.0131,374.9521,266.6321,402.2288,264.4833,377.3383,267.6332,396.9930,265.0125,367.6993,272.3927,402.5634,271.7603,366.6456,271.9596,396.8924,272.3005,365.7817,273.4258,392.8995,274.0774,400.9647,265.5035,380.6599,269.8988,,,389.9175,187.3192,,,,
73812,0,,,,,,,,,,,,,,,400.6279,188.4319,373.8925,188.3597,392.2678,204.9179,368.1662,203.9128,392.9400,204.9891,379.2538,205.2416,395.8921,238.0148,375.4378,237.3408,400.3037,263.3518,376.7434,267.2941,,,,,,,369.5056,187.5747,400.2226,186.3948,375.9793,188.0286,401.9412,188.1140,365.8104,203.6207,390.5596,204.1177,367.7384,203.9764,394.6435,204.9072,375.1690,197.5994,388.5001,198.1912,389.3277,194.4403,396.3597,194.3206,373.5489,233.9881,398.2045,235.7388,379.4575,235.6440,390.2878,235.8631,374.7180,267.3528,403.5100,263.3558,377.0167,268.1275,398.4513,263.7942,367.2133,272.6633,403.6068,270.8518,366.0252,272.4408,398.0303,271.4833,365.2937,273.6765,394.1743,273.1284,402.3660,264.0803,380.3977,270.3812,,,391.5978,187.4504,391.8966,186.5946,,
73813,0,,,,,,,,,,,,,,,400.8435,188.6099,373.6532,188.3460,392.2446,205.2200,368.9778,204.4910,393.0387,204.6635,379.7859,204.8926,396.2602,237.5361,375.7403,236.8234,401.0827,263.9773,377.5658,266.3107,,,,,,,369.2006,187.6151,400.5048,186.4111,375.7895,188.0390,401.9849,187.6405,367.0052,204.3115,390.5926,204.3389,368.6026,204.5823,394.5672,205.2051,375.5089,197.3931,388.7404,198.0279,389.5090,194.2667,396.3789,194.0962,373.7814,233.5182,398.5580,235.4386,379.8978,234.8721,390.6708,235.2369,375.2834,266.3732,404.1930,264.0685,377.8466,267.2059,399.2419,264.2789,367.9761,272.0957,403.9934,271.2145,367.1247,271.6435,398.2178,271.4989,366.4080,272.9356,394.0957,272.9946,403.3543,265.0455,380.8254,269.8945,,,391.5590,188.5383,392.2843,186.6026,,
73814,0,,,,,,,,,,,,,,,401.3409,189.0409,375.0595,187.5436,392.8178,205.6728,371.2734,203.6039,394.4691,204.9998,381.4702,204.7313,397.6373,236.9496,376.5635,236.3719,401.5736,263.9069,377.4134,266.8394,,,,,,,370.6246,187.7255,400.9540,186.5902,377.2298,187.4529,402.7049,188.7529,369.1500,203.7588,391.2846,204.7505,370.8869,203.7448,395.1801,205.7290,377.1702,197.6179,390.4252,198.4196,391.0109,194.4049,397.6626,194.4218,374.5509,233.2523,400.0955,234.7517,381.1427,234.8866,391.9993,234.8049,375.1717,266.8460,404.7857,264.0689,377.8006,267.7579,399.6730,264.2441,367.4427,272.3060,404.5493,271.3803,366.6775,271.9447,398.7647,271.3822,366.1150,273.1509,394.6838,272.7633,404.0155,265.2446,380.8998,270.1298,,,393.4003,187.7939,394.9477,186.6489,,
73815,0,,,,,,,,,,,,,,,402.6169,189.6541,376.9712,187.6044,393.6224,206.3623,372.5539,202.6410,395.1259,205.0890,381.7586,204.6668,398.3937,236.6823,377.2144,236.3387,401.7579,264.0086,377.6966,266.3032,,,,,,,374.9921,187.6776,402.6225,186.5540,379.7194,187.4533,403.6298,189.2883,370.3608,202.6543,392.2928,205.2794,372.3625,202.5699,395.9813,206.4623,378.0647,197.2739,391.6009,198.5803,391.8642,194.2849,398.4700,194.3825,375.0428,233.0068,400.8965,234.1357,382.1678,234.4814,392.9113,234.4762,374.9847,266.4099,404.9595,264.2384,377.9873,267.3974,399.8836,264.3851,367.6446,271.9203,404.5122,271.4156,367.0733,271.5566,398.5195,271.4613,366.6247,272.8362,394.2944,272.9491,404.2428,265.6489,380.7791,269.9645,,,394.5247,188.0436,,,,
73816,0,,,,,,,,,,,,,,,403.3365,189.6839,378.0947,187.9549,393.7692,206.6214,373.9717,201.9067,396.9143,204.3200,383.5543,203.9541,399.8058,236.0326,377.5402,236.6458,401.2319,265.1870,377.3705,266.1477,,,,,,,375.8954,188.0656,403.2056,187.0509,380.8144,187.9080,404.6706,189.4136,371.5166,201.8608,392.4497,205.5646,373.7061,201.8596,396.0532,206.7539,379.5697,196.9101,393.3015,198.0303,393.0848,193.7520,399.4756,194.0499,375.5467,233.5542,402.4208,233.6001,382.1140,235.2605,394.1475,234.3647,374.8410,266.1191,404.3600,265.3068,377.7038,267.1890,399.0671,265.5819,367.7346,271.6194,403.6054,272.5738,367.2689,271.4616,397.5439,272.4736,366.6972,272.8558,393.4211,273.8436,403.9674,266.8683,380.5126,269.5907,,,395.5400,188.2406,,,,
73817,0,,,,,,,,,,,399.9188,187.1801,,,403.8557,190.6048,378.9508,188.1569,394.7005,207.6733,375.6087,200.9113,399.2596,205.0166,384.9025,204.8930,400.8567,236.5631,377.8850,236.4869,401.2108,265.6983,377.9081,265.3728,,,,,,,378.0365,188.0821,404.1166,187.7461,381.3827,187.9105,404.9981,190.4227,373.4802,200.7835,393.4357,206.5342,375.3084,201.0561,396.7800,207.9977,380.7932,197.6419,395.4256,199.0531,394.3542,194.7769,401.0978,194.9541,375.6036,233.2351,403.6082,234.1893,382.9897,234.7840,395.1134,234.4495,375.4212,265.3366,404.3519,265.7676,378.1995,266.4644,399.0549,266.0304,368.0245,271.0336,403.8903,272.7726,368.0011,270.7253,397.9128,272.4429,367.7992,272.2012,393.9453,273.5844,404.5098,267.3735,380.5370,269.1427,,,396.9626,189.1242,,,,
73818,0,,,,,,,,,,,,,,,404.0721,190.4949,379.5965,188.1299,395.9342,207.7068,376.4444,200.6135,400.6798,203.6080,385.1057,203.1911,401.7707,236.2123,378.6572,235.2003,401.1130,266.2795,378.1770,264.9392,,,,,,,378.6244,188.1420,404.4791,187.0269,382.0728,187.9784,405.3765,190.0820,374.2401,200.5997,394.6143,206.5620,376.2485,200.7650,398.0222,207.9506,381.1352,196.4524,396.5751,198.2548,394.6489,193.1847,401.7755,193.8374,376.2701,231.9213,404.7651,233.8800,383.9992,233.4831,395.7558,233.9921,375.4225,264.8824,404.4579,266.3297,378.5484,266.0322,398.8875,266.5934,368.0350,270.7602,403.4412,273.3653,368.3326,270.4388,397.5969,272.9853,368.3081,271.8319,393.6924,274.0396,404.4605,267.9190,380.7548,268.3465,,,397.8146,187.2707,,,,
73819,0,,,,,,,,,,,,,,,405.3936,190.0627,380.7091,187.7294,398.1441,207.7039,377.8671,200.5784,401.1530,203.3543,384.8672,203.0429,402.0980,235.5949,379.4391,234.4231,401.5596,264.9548,379.5015,263.9681,,,,,,,379.7142,187.6335,405.6359,187.3844,383.0857,187.6188,406.7321,189.6455,375.8143,200.7186,396.4886,206.5552,377.6917,200.7546,400.2695,207.8428,381.3832,196.1349,397.0048,197.5756,394.9218,193.1698,402.2570,193.5200,376.9971,231.0710,405.2487,233.3209,384.7873,232.9367,396.1216,233.3135,376.8573,263.8030,405.0307,264.9262,380.0344,265.0116,399.3067,265.2336,369.3045,269.6170,404.3820,272.1318,369.5533,269.1339,398.5261,271.8317,369.5671,270.5458,394.5713,273.0075,404.5847,266.4099,382.1388,267.0036,,,398.1660,186.8184,,,,
73820,0,,,,,,,,,,,,,,,405.7027,189.2332,380.7343,187.4110,398.8416,207.6614,379.7528,200.5665,401.3999,202.3780,385.6036,201.7570,401.9456,235.5248,380.4034,233.5154,401.2114,265.5189,380.8524,263.1354,,,,,,,379.4342,187.3751,405.6653,186.4368,382.9749,187.3119,407.0845,188.8482,376.9201,200.5489,397.0642,206.5275,378.9753,200.5059,401.0176,207.4675,381.7464,195.1745,397.9225,196.8936,395.7642,191.5742,402.9762,192.3081,378.0332,230.0451,405.1795,233.3174,385.5747,232.2407,396.4916,233.0243,378.1205,263.0469,404.6490,265.3874,381.2153,264.2988,399.0061,265.8090,370.8711,268.6646,404.4391,272.7675,371.1472,268.2110,398.6278,272.7027,371.2025,269.5815,394.5891,273.9761,404.3818,266.9004,383.4430,266.5002,,,399.0951,186.4495,,,,
73821,0,,,,,,,,,,,,,,,408.2336,188.9085,380.2082,187.2384,400.9781,207.3292,378.0317,199.7433,402.6796,201.5764,386.9907,201.0795,402.2945,235.3272,381.3612,233.6543,400.9529,265.5300,382.1019,262.6540,,,,,,,378.1330,187.4007,407.9442,186.1533,382.3824,187.1178,409.7098,188.4359,376.2926,200.4334,399.3985,206.0099,377.2882,200.1695,403.2121,207.1837,382.6917,194.6050,399.7556,196.3060,396.1337,190.9815,403.6989,191.9026,378.7428,230.3089,405.6513,233.0541,386.7167,231.9634,396.6573,232.4259,379.3375,262.3629,404.3728,265.3870,382.6713,263.7297,398.8400,265.8314,371.9579,268.3017,404.1496,272.6226,372.5761,267.9825,398.7480,272.5295,372.8964,269.3965,394.9238,273.7907,403.6416,267.2173,384.4429,266.0544,,,399.9851,186.3571,,,,
73822,0,,,,,,,,,,,,,,,408.7287,188.6714,380.6729,187.1502,401.8178,207.7270,377.8133,200.0704,402.3089,202.0245,387.2546,201.3163,402.2473,235.1809,381.7062,233.3803,401.2258,265.3358,382.8574,262.0710,,,,,,,378.3133,187.3545,408.2868,186.1306,383.1993,187.0139,410.1651,188.2692,375.8187,200.5932,400.4219,206.5523,377.0778,200.4438,403.8986,207.4873,382.6800,194.3121,399.1884,196.1370,397.0589,190.7109,404.4044,191.7903,379.2878,230.1780,405.5018,232.8997,386.7237,231.8935,396.7909,232.2557,380.1006,261.9334,404.5353,265.2876,383.3839,263.1919,399.0949,265.6575,373.2352,267.9186,404.0256,272.6125,373.5540,267.7626,398.5184,272.4454,373.7602,269.1566,394.6633,273.7857,404.0282,267.1405,385.3628,265.5422,,,400.6031,186.2791,,,,
73823,0,,,,,,,,,,,,,,,409.2653,188.7819,380.9921,187.1046,402.7598,208.0271,377.1926,200.7992,402.1977,202.5068,387.2065,202.5653,402.2771,234.7678,382.1330,233.5912,401.3412,265.0370,383.9348,261.8862,,,,,,,377.6944,187.3163,408.5746,186.0434,383.8422,186.9980,410.8428,188.4244,375.1095,201.3229,401.5307,207.2934,376.6968,201.1785,404.8226,207.8543,382.5536,195.4004,399.1906,196.9531,397.2818,191.8033,404.6009,192.3939,379.5774,230.4007,405.4553,232.5461,387.0929,231.8778,396.7913,232.1905,381.1362,261.7744,404.8745,264.9832,384.4678,262.8581,399.2753,265.3397,374.2822,267.8075,404.6054,272.2964,374.6612,267.6717,399.1076,271.9240,374.9559,269.0547,395.2905,273.1622,404.0869,266.8976,386.5022,265.0950,,,400.5855,186.2390,,,,
73824,0,,,,,,,,,,,,,,,410.0081,188.4653,381.5162,187.2752,404.3104,207.7299,377.0622,200.1671,402.1735,202.5342,387.2104,202.1719,402.5628,235.6257,382.1423,233.6640,401.2943,265.2337,384.8896,261.7176,,,,,,,378.3649,187.3505,409.0292,186.0889,384.3138,187.1806,412.0002,187.2692,374.8494,200.4252,402.9475,207.2156,376.5933,200.4508,406.8188,207.5966,382.4556,195.1061,398.5451,196.7151,397.2757,192.0722,404.7554,192.7768,379.7142,230.4778,405.6985,233.4181,386.7949,232.3231,396.8754,232.8729,382.3843,261.4331,404.9339,265.1628,385.4403,262.6248,399.1613,265.4985,375.7251,267.5982,404.6689,272.6663,375.8466,267.6539,398.9885,272.4557,376.0676,269.0377,394.8826,273.8861,404.2724,266.7916,387.7841,264.6412,,,400.3773,186.3758,,,,
73825,0,,,,,,,,,,,,,,,410.0065,188.7244,381.3383,187.4816,405.0357,207.6949,377.3834,200.2578,401.9183,202.7845,386.8849,202.2140,402.5869,235.3288,382.4987,233.4556,401.3046,264.8653,385.2455,261.4728,,,,,,,378.4958,187.5560,409.4094,186.2613,384.6216,187.3839,411.6941,188.3939,375.3466,200.3328,403.8793,207.2714,376.9121,200.6132,407.4802,207.6237,382.2935,195.3095,398.6974,196.9226,396.4979,192.5150,404.2554,193.2656,379.9576,230.2652,405.7131,233.1669,387.1206,231.8496,397.0865,232.5134,382.8236,261.2025,404.8979,264.7962,385.8638,262.4324,399.2629,265.1475,376.2902,267.4466,404.6073,272.1902,376.4608,267.2809,399.1912,271.8728,376.6536,268.7362,395.3162,273.0578,404.1908,266.6426,388.2833,264.3389,,,399.6271,186.6304,,,,
73826,0,,,,,,,,,,,,,,,410.0206,188.8662,382.4080,188.4610,405.6714,207.8614,377.3527,200.2663,402.8909,203.2239,387.9450,201.9200,402.8989,235.9796,383.3103,233.6884,401.4130,264.9910,386.3403,261.8526,,,,,,,379.8586,187.3665,409.0394,187.2056,385.3040,187.1398,412.1015,187.5192,375.0653,200.3524,404.2004,207.3226,376.8520,200.2217,408.3312,207.7740,383.1660,195.5204,399.0203,197.2362,398.0278,192.5884,405.6558,193.4914,380.9716,230.5221,405.9982,233.6797,387.3947,232.4407,397.2654,233.1037,384.2114,261.5126,405.0192,264.8747,387.0042,262.7948,399.4085,265.2487,377.4806,267.5581,404.7284,272.2651,377.1213,267.2936,399.4482,271.9303,376.9140,268.6385,395.5169,273.0664,404.3991,266.7025,389.7946,264.5528,,,401.0831,187.0933,405.4691,186.1917,,
73827,0,,,,,,,,,,,,,,,410.2437,187.7991,381.5431,188.6358,406.1528,207.6788,376.7295,201.0335,403.1096,203.2500,387.4424,201.9949,402.6389,235.9731,384.0934,233.9916,401.0583,265.0211,386.6604,261.8272,,,,,,,378.5499,187.3958,408.9213,187.1692,384.5602,187.8477,412.0750,187.3797,374.8933,201.3713,404.7317,207.2086,376.1281,200.8645,408.6878,207.5725,383.0309,195.6586,399.9741,197.1553,396.9838,192.4196,405.3123,193.4514,381.2979,230.7071,405.9513,233.7991,388.5109,232.5098,396.8971,233.1132,384.5662,261.6207,404.7774,264.8848,387.4018,262.6491,399.0245,265.2796,377.8390,267.3575,404.6566,272.3157,377.9713,267.0112,399.4446,271.9778,378.0044,268.1263,395.7614,273.0261,404.3137,266.7460,390.1366,264.3288,,,400.1018,186.4635,405.4376,186.1814,,
73828,0,,,,,,,,,,,,,,,409.7940,187.9938,380.4503,188.7992,407.0207,207.7643,375.2901,202.5332,401.7198,203.4166,386.4446,202.7871,402.2577,235.7846,385.3073,234.5329,401.4056,264.3645,387.0451,261.8410,,,,,,,375.5916,187.8097,409.1942,187.2934,383.7334,187.8056,411.0912,187.5462,373.3203,202.4531,405.7978,207.3511,374.6028,201.9644,409.5416,207.4826,381.8840,196.5502,398.9111,197.5492,395.9544,192.4096,404.0641,193.1033,382.0947,230.9861,405.4627,233.6361,389.6774,232.5944,396.6339,232.9422,384.6950,261.8507,405.2576,264.1742,387.9247,262.7708,399.3330,264.7987,378.1946,267.6408,405.1529,271.6664,378.8259,267.3693,399.8877,271.6635,379.1775,268.5781,396.4286,272.9248,404.2540,266.0836,390.2645,264.5209,,,398.9262,187.0905,402.8341,186.1004,,
73829,0,,,,,,,,,,,,,,,408.2457,187.6891,377.7760,188.6229,407.2486,206.6601,374.7081,202.5974,401.0151,203.1170,385.6965,203.4373,401.6919,236.0851,385.7865,235.0380,400.7534,265.3489,387.4449,262.4351,,,,,,,373.2974,187.6201,408.1127,186.9628,380.9343,187.8730,409.4016,187.2688,372.7779,202.8075,406.1584,206.3189,373.7864,202.0965,409.4551,206.3333,380.7817,197.3883,397.6639,198.0343,394.0997,193.3445,401.8470,193.6112,382.7523,231.2518,404.8298,233.9930,390.1350,232.7241,396.0022,233.3456,385.4275,262.1794,404.7211,265.2010,388.1820,263.1941,398.6533,265.7435,379.1403,267.7340,404.7385,272.3585,379.4217,267.6092,399.3703,272.2333,379.6682,268.9669,395.7350,273.3443,403.9607,267.2922,390.7823,264.6509,,,396.1471,187.7078,397.2683,186.4240,,
73830,0,,,,,,,,,,,,,,,406.0225,187.9293,378.2589,188.7020,406.3450,206.3740,374.7516,203.2727,399.3858,203.4378,384.9389,203.7319,400.4403,236.6844,385.9096,235.7287,400.9497,265.3127,387.8301,262.3272,,,,,,,373.7797,187.5511,405.7307,187.0453,380.7079,187.2141,407.0925,187.4362,372.7524,203.3339,405.0774,206.1924,374.1799,202.8319,408.7511,205.8200,379.9127,197.2025,396.3518,197.6491,393.1474,193.4280,400.4459,193.7768,382.8301,231.7811,403.4206,234.3913,390.2512,233.1061,395.0049,233.8032,385.6705,262.3229,404.4929,265.2597,388.5430,263.3039,398.7076,265.7314,379.2615,267.8347,404.1277,272.3053,379.7458,267.6933,398.3284,272.2601,379.9884,269.2034,394.5392,273.3792,403.8506,267.4443,391.2787,264.8380,,,395.1323,187.3876,395.3278,186.5198,,
73831,0,,,,,,,,,,,,,,,405.6825,187.8723,376.8755,188.6591,405.9485,205.6175,374.0416,203.0163,397.9778,203.2271,384.1195,203.3959,398.3943,235.7117,385.4411,234.7635,401.0388,263.8256,388.3725,261.1928,,,,,,,371.7799,187.6899,405.5757,187.1493,379.7965,187.2934,406.4714,187.4818,372.0047,202.8108,404.5942,205.4430,373.4565,202.6220,408.3322,204.9255,378.7170,196.9528,394.5414,197.2508,392.1663,193.2303,399.3489,193.6291,382.3860,230.5111,400.9002,233.4192,389.3804,232.3454,392.8388,233.0842,385.8669,261.4241,404.5236,264.0425,389.1011,262.2442,398.9096,264.2845,379.6021,267.0485,404.5853,271.1587,379.9894,267.0097,398.0642,271.2001,380.1460,268.5425,394.1625,272.6044,403.7585,266.1446,391.4496,264.1783,,,394.0512,187.4983,394.4523,186.6269,,
73832,0,,,,,,,,,,,,,,,404.9342,187.7697,377.2346,188.5017,405.1941,205.1809,373.5135,202.1343,396.9982,202.4882,383.4320,202.6167,397.1360,236.2908,385.1048,234.6049,400.4619,263.5940,387.8194,260.9237,,,,,,,371.5735,187.6961,404.9268,186.3297,379.9527,187.2781,405.3562,187.3767,371.5527,202.0205,404.0038,204.8778,372.8198,201.6544,407.4295,204.5236,378.3210,196.0948,393.5501,196.4912,391.4373,192.4261,398.6858,192.9786,381.9775,230.7728,399.5402,234.3010,389.2294,232.7077,391.5256,234.1861,385.3661,261.1307,403.7844,263.7388,388.6817,261.8808,398.4266,263.9984,379.0548,266.9788,403.8427,270.7139,379.7793,266.8820,397.5745,270.7316,380.1322,268.3915,393.8355,272.1671,403.1341,265.8169,390.8220,263.8943,,,393.5342,187.3135,,,,
73833,0,,,,,,,,,,,,,,,403.3440,188.0262,375.4330,188.8038,403.4239,205.2526,372.4002,202.5529,395.4475,203.1053,382.3397,203.7734,394.1026,236.7540,384.0397,235.1858,399.7954,263.9926,387.5344,261.3789,,,,,,,370.8274,188.0764,402.6746,186.7827,378.0752,187.7131,403.6734,187.6263,370.2953,202.4574,401.8037,204.9863,371.8264,202.3585,405.6231,204.6198,376.6310,196.7876,390.7946,197.4296,391.3636,193.1280,398.6329,193.7633,381.0756,231.3896,396.5661,234.8678,387.7879,233.3538,388.9348,234.7796,385.0299,261.4071,403.1128,264.1006,388.1603,262.3262,397.7615,264.5328,378.5662,267.0335,403.2588,271.4000,378.6112,267.0883,396.4892,271.5369,378.6257,268.7657,392.9105,273.1077,402.9706,265.7307,390.8380,264.1630,,,393.7256,187.0143,,,,
73834,0,,,,,,,,,,,,,,,401.3032,187.9868,375.0075,188.9301,400.4833,204.8404,371.9456,202.8696,393.1862,204.0862,381.1773,204.3358,391.4164,236.5951,383.3855,235.1591,398.8822,262.7170,386.6940,260.4493,,,,,,,371.9824,187.8998,400.5582,186.7504,377.3199,187.6372,401.7412,187.5960,369.6808,202.8494,398.4995,204.5747,371.5902,202.7197,402.6357,204.1789,376.0913,197.0395,388.4666,198.0362,390.9000,193.3365,397.1782,193.8306,380.5883,231.4714,393.8394,234.9000,386.5727,233.0730,386.7988,234.4609,384.7054,260.5437,402.0467,262.7561,387.3066,261.4196,396.9252,263.3035,379.0451,266.6406,402.6113,270.1134,378.3331,266.9465,396.4498,270.3886,378.1587,268.6511,393.0169,271.9947,401.9615,264.5922,390.1233,263.4998,,,392.1293,187.8616,,,,
73835,0,,,,,,,,,,,,,,,400.6470,187.8914,374.0980,188.3395,397.8458,205.5259,371.3433,202.5793,391.5750,204.8653,379.2894,204.4742,388.1582,237.4032,382.1498,235.1209,395.5476,262.3959,386.2093,261.0606,,,,,,,371.4809,186.5902,400.1001,185.3755,376.3139,187.4707,401.7967,187.4551,368.9102,202.5520,396.6419,205.2810,371.2191,202.5767,399.7295,205.2892,374.8543,197.8693,387.2392,198.6796,389.3859,194.5367,395.5761,194.7569,379.7056,231.4103,390.5522,235.8170,385.8565,233.1152,384.0470,235.3867,383.5107,261.1849,398.3853,262.8223,386.9124,262.0846,393.7571,263.0631,378.3612,266.9115,398.3365,269.4640,377.7580,267.3158,392.3537,270.1712,377.3596,268.7944,388.7257,271.6676,398.8440,264.4593,389.1000,264.1379,,,391.0154,188.1855,,,,
73836,0,,,,,,,,,,,,,,,399.1241,187.6688,372.6642,187.7321,396.2450,204.7259,369.2657,202.2495,389.6407,204.3207,378.4471,204.0818,385.5150,236.2365,381.1300,233.7336,393.0726,260.7652,386.2417,259.9630,,,,,,,369.7833,186.3120,398.6208,185.1336,374.8891,186.9655,399.9345,187.1607,367.0168,202.3090,394.9263,204.4285,369.2654,202.2006,398.4860,204.2791,373.4786,197.4536,385.2746,198.0930,387.9021,194.0142,394.0838,194.2805,378.6743,230.0053,387.8268,234.5307,384.5301,231.4113,381.9261,233.8670,384.0220,260.0002,395.6455,261.4107,386.9721,260.7141,391.3343,261.4027,379.0675,265.4859,394.4165,268.6213,378.4550,265.9671,388.2872,268.2461,377.7584,267.5573,383.8717,269.4966,395.8549,263.2143,389.5730,262.3666,,,389.5358,188.3092,,,,
73837,0,,,,,,,,,,,,,,,398.5749,187.8045,371.8474,188.4698,394.9991,204.9768,368.3429,202.5435,389.2374,204.8406,377.8926,204.4705,384.4471,237.1746,381.1212,235.3504,390.4900,262.2034,386.2471,260.7265,,,,,,,368.9495,186.2386,398.0828,185.0515,373.9203,186.9547,399.4295,187.4276,365.8948,202.6319,393.6627,204.3869,368.3200,202.4655,397.3515,204.7252,372.8083,197.4374,385.0373,198.2754,387.3795,193.8162,393.8487,194.1226,378.5620,231.6093,386.6402,235.4267,384.4096,233.0024,380.7774,234.8861,383.8286,261.0547,393.4509,262.9837,386.6612,261.6058,388.8188,262.9090,379.4261,266.0172,392.5072,269.4833,378.7896,266.2651,386.0664,269.2794,378.1877,267.5506,381.3622,270.6024,393.3439,264.9049,391.1135,262.1378,,,388.9830,187.3619,391.1931,185.2185,,
73838,0,,,,,,,,,,,,,,,397.2809,187.5114,370.2491,187.1876,393.1719,204.3561,366.6598,201.8837,388.3860,204.0531,377.7297,203.9331,382.6629,236.3771,380.4895,234.5419,388.6806,262.7112,384.4707,260.8133,,,,,,,367.4900,186.3527,396.8715,185.0646,372.5050,186.1109,397.8087,187.2059,364.2447,201.7233,391.9379,203.4544,366.5541,201.6422,395.6802,204.1958,371.9798,196.1025,384.6402,197.5129,387.5694,193.3860,393.6309,193.8513,378.1697,230.7677,385.2973,234.6320,383.5401,232.4924,378.7411,234.0932,382.2871,260.8696,391.7136,263.2698,384.8610,261.6635,386.9840,263.1137,378.1134,265.6652,389.8968,269.9683,377.0573,266.2185,383.3799,269.5603,376.3525,267.5055,378.3606,271.1563,392.1408,265.4929,388.7318,262.4771,,,389.2923,187.6232,391.5902,185.2057,,
73839,0,,,,,,,,,,,,,,,396.5008,187.1456,369.3474,185.9856,391.7302,204.2022,365.1529,201.9372,388.4974,203.3707,378.2050,203.4273,381.2762,235.5653,379.6646,233.5302,386.8788,262.8671,385.0556,260.0245,,,,,,,365.7595,186.2152,395.7707,184.9629,371.6471,185.9278,397.3250,186.0545,362.8183,201.6821,390.4835,203.0915,365.0063,201.6232,394.3868,203.9660,371.9870,195.1868,383.5392,196.6481,388.9790,192.2205,394.3159,192.9209,377.7734,230.3182,383.6194,233.9749,381.9922,232.1478,377.4797,233.5822,382.7038,259.9847,389.5909,263.4431,385.3987,260.9139,385.0846,263.2511,379.1397,264.7488,386.7250,270.5217,377.8021,265.3555,379.4400,270.1491,376.9385,266.4068,374.8370,271.1467,391.3157,265.0685,391.1160,261.5155,,,389.7202,185.9707,392.2072,184.9224,,
73840,0,,,,,,,,,,,,,,,393.9858,187.5192,369.0076,186.4301,388.7954,204.0593,364.2978,202.3688,385.4152,203.8090,376.8694,203.8913,379.8216,235.1466,378.8005,233.3404,383.4828,263.1605,386.1366,259.0829,,,,,,,366.5068,186.5119,393.1999,185.3979,371.4377,186.3071,395.2424,186.3182,361.9789,201.8831,387.1902,202.9678,364.6652,201.7168,390.9280,203.9307,370.5156,195.3237,380.1294,196.6091,387.7794,193.1230,391.9539,193.7340,377.2594,230.1597,381.8248,233.6605,380.3248,232.0905,376.8029,232.9723,384.4553,258.9564,385.3797,263.7054,385.7662,260.2937,381.7500,263.6033,380.2832,264.9398,382.1748,271.0718,378.5038,265.2003,374.7236,270.6029,376.8628,266.4148,370.4764,271.2327,389.3076,265.2946,392.8602,261.4645,,,387.8481,186.6981,390.0394,185.4135,,
73841,0,,,,,,,,,,,,,,,392.8381,187.9836,365.0664,188.7976,386.9544,204.1996,361.5597,202.8978,385.6087,203.6321,374.9525,203.6956,378.1657,234.5764,377.7504,232.6867,374.5733,265.8709,388.1434,259.4701,,,,,,,362.0025,187.9164,392.4466,186.6952,367.1092,187.6217,394.2014,187.7542,359.4756,202.6981,385.8747,203.2286,361.1829,202.7739,388.8202,204.1621,369.0111,195.6573,380.5253,196.7864,384.4088,193.1397,389.6797,193.9583,375.6905,230.0536,380.2863,232.7614,379.8183,231.3575,374.3682,232.2849,385.4739,259.2214,377.0462,266.5026,388.3045,260.6331,373.0306,266.4811,379.9359,266.2523,375.3013,272.8917,378.8316,266.5018,368.8081,272.4006,377.4194,268.1549,364.9917,273.1002,378.8682,268.6513,393.0585,261.7574,,,385.3114,187.7573,,,,
73842,0,,,,,,,,,,,,,,,391.9603,188.0305,364.8661,189.0471,386.0395,204.1152,359.2032,202.4943,384.5554,204.0732,373.7874,203.9281,376.4268,235.0655,376.7368,233.4102,369.9919,267.4192,387.2285,259.5752,,,,,,,361.6102,187.8990,390.6030,187.3696,366.5644,187.6476,393.5484,187.8622,356.8669,202.2627,384.6486,203.0618,359.0210,202.2842,388.1525,204.0876,367.8406,195.3620,378.5943,196.0751,383.9349,193.2244,389.0933,194.1453,374.5957,230.6924,378.5674,233.2920,378.8204,231.9537,372.5333,232.6196,384.2579,259.4108,373.1693,267.8728,387.6558,260.8493,368.5299,267.7802,378.8340,266.5919,370.8669,273.9324,377.9670,267.1023,364.3508,272.9667,376.8728,268.7083,359.9151,273.7909,374.1734,270.0908,392.6192,261.8387,,,384.8129,187.7607,,,,
73843,0,,,,,,,,,,,,,,,391.4462,188.1562,360.4383,188.1405,384.4785,204.9919,356.0299,202.6393,380.1953,205.3031,370.0555,204.4455,374.2661,235.0401,375.7846,233.4383,365.1335,268.4907,386.5539,259.5652,,,,,,,358.1509,187.9608,389.3810,186.7754,364.5909,187.7006,393.0134,187.7766,353.7729,202.3194,382.6849,203.7833,355.7858,202.4808,386.7175,205.0876,364.8291,195.6811,375.4766,197.1589,379.9700,193.8736,385.9877,194.0699,373.5968,230.8160,376.4084,233.4256,377.9823,232.1807,370.1693,232.9604,384.9182,259.4828,369.4801,268.8270,386.4820,260.9082,363.3968,268.4203,378.2839,267.1747,364.7033,274.6014,377.5824,267.5216,358.4508,272.5248,377.1963,269.0930,353.7055,272.5111,369.4623,272.1943,391.5832,261.7475,,,381.2123,187.7982,382.0326,186.9031,,
73844,0,,,,,,,,,,,,,,,389.3605,188.4662,360.1346,189.0401,383.0241,205.8226,355.3299,202.9543,379.3820,204.3889,369.8573,204.0241,372.9850,235.6016,374.5629,233.6568,362.5474,269.1634,386.6919,259.6199,,,,,,,357.7805,188.2010,388.1030,187.5808,361.6259,188.1982,391.1082,188.1235,353.2421,202.5765,381.1465,204.7241,355.2616,202.4775,385.5949,205.7166,363.6094,195.7280,374.2050,196.9128,379.9648,193.4837,385.5100,193.9412,372.1237,230.6769,374.8789,234.2358,375.0409,232.8935,368.4709,233.8469,385.1375,259.5640,365.6537,270.0205,386.9555,260.8810,360.8140,268.8947,379.3230,267.1169,361.5635,275.5829,377.8068,267.7344,355.3255,272.5867,376.5651,269.4345,350.9700,272.2480,366.4409,272.8177,391.7315,261.7196,,,381.0276,188.1514,,,,
73845,0,,,,,,,,,,,,,,,388.0764,188.7461,358.8814,189.3479,381.9389,206.3225,353.8476,204.2160,377.7054,205.5684,367.9716,205.7182,370.4867,237.6254,372.1877,234.7118,360.6641,270.6038,386.3269,258.5634,,,,,,,356.6369,188.4985,387.2378,187.9175,360.1034,188.4789,389.1020,188.5433,351.6973,203.7328,380.2442,205.2197,353.7192,203.7798,384.4034,206.1095,361.7565,197.1632,372.3374,198.2945,377.8726,193.9081,383.1224,194.4678,368.7154,231.8800,372.4486,235.9203,374.0735,233.5607,366.3929,235.6251,384.7641,258.3027,364.1570,271.4321,386.4622,260.1901,359.0135,270.4673,378.8006,266.0090,360.4123,277.3112,377.6927,267.1598,352.8626,275.1431,376.3306,269.2429,347.4559,275.4704,364.4927,273.9186,391.4583,260.5694,,,378.5754,188.7374,,,,
73846,0,,,,,,,,,,,,,,,386.8391,188.6012,358.0429,189.2572,380.7074,206.7747,352.3787,203.6447,376.3245,205.1301,366.3176,205.1712,369.5325,237.5706,370.6676,235.3120,360.0342,270.7060,385.7869,259.0537,,,,,,,355.7832,188.4688,386.0931,187.1460,359.2100,188.3867,388.2275,188.5738,350.1284,202.8506,379.0430,205.5991,352.1811,203.0905,383.0567,206.5499,360.4026,196.5163,371.3446,197.7902,376.5228,193.6922,381.8601,194.4696,367.3187,232.8937,371.1165,235.6721,372.6041,234.0942,365.3933,235.6166,384.2665,258.7341,363.4408,271.3886,385.9666,260.4351,358.2377,270.6545,378.4369,266.1929,359.6067,277.3102,377.2002,267.2775,351.8939,275.4500,375.8086,269.4498,346.6592,276.1228,363.5494,274.2635,391.3849,260.6513,,,377.3060,188.5469,,,,
73847,0,,,,,,,,,,,,,,,385.6937,189.2765,356.7291,190.1028,378.8494,208.4287,350.8573,204.7837,372.8196,206.4606,362.8377,205.1172,368.1264,237.8938,367.2585,235.9800,359.9602,270.8942,383.5512,259.3590,,,,,,,353.6880,188.8432,382.8951,188.6521,362.8914,188.5585,387.4561,189.0871,348.5593,204.3773,377.3443,207.7471,350.9217,204.4859,381.0533,208.1990,358.6248,197.0562,369.3429,198.8792,372.8549,195.4296,378.2859,196.1407,364.5435,233.3709,369.9428,236.2649,369.0948,234.7442,363.9060,235.9491,381.1501,259.2917,363.6918,271.3216,383.9698,260.4501,358.3035,270.5760,376.5632,266.3454,359.3573,277.7048,375.6334,267.2930,352.6737,276.4059,375.4798,269.0311,347.2113,277.2509,363.6831,274.2709,388.9380,260.9215,,,374.5306,189.2592,376.5118,187.7743,,
73848,0,,,,,,,,,,,,,,,382.0519,188.9166,355.0928,190.0181,378.3782,208.9174,349.2150,204.9887,371.1793,206.2706,361.1395,205.9658,365.6296,238.6301,362.6829,237.0997,360.1662,270.8561,381.5631,258.9619,,,,,,,352.3642,188.5235,380.7507,188.2743,356.7046,189.1322,383.7296,188.8103,347.1213,204.4368,376.9264,208.4540,348.9979,204.9036,380.8192,208.5188,356.3185,198.1520,367.2099,199.0440,371.4389,195.7418,376.1868,196.4807,361.1709,234.6303,368.0746,236.5160,364.2910,236.1656,361.4632,236.6192,379.4919,258.9780,363.8189,271.1384,382.3161,259.9458,358.5150,270.6119,375.4866,266.8002,359.4905,277.3083,375.2732,267.7652,352.6013,276.1800,375.6333,269.6662,347.3834,277.2326,364.4408,274.1600,386.7642,260.0239,,,372.7487,189.0560,375.4245,187.5298,,
73849,0,,,,,,,,,,,,,,,381.3959,188.7563,354.1843,189.7183,378.3807,208.4946,348.5211,204.2924,370.5781,205.9314,359.7604,205.7201,365.1858,238.4047,360.6740,237.0799,360.0972,270.4509,379.7933,257.5843,,,,,,,351.6995,188.5277,379.8008,188.2099,355.4219,188.4302,383.1114,188.4358,346.4564,203.8121,376.9942,208.1211,348.2679,204.0497,380.8185,208.1280,355.5896,197.6976,366.4363,198.7344,370.9517,195.1121,376.1625,195.5554,359.2506,234.4639,367.4421,236.1338,362.3116,236.1553,361.0329,236.3385,378.0955,257.5959,363.9302,270.7212,380.5337,258.9519,358.5605,270.1791,374.4811,265.8568,359.7851,277.1719,374.0407,267.4333,352.9573,276.2737,374.2711,269.7220,347.4327,277.1980,364.0055,273.7109,384.4024,258.0593,,,372.3777,188.7453,374.4786,187.4903,,
73850,0,,,,,,,,,,,,,,,380.9615,188.5830,353.5450,189.6229,376.0453,207.7671,347.5671,204.1282,369.9980,205.2729,357.7578,204.6707,364.5625,238.5532,356.9938,238.0723,359.2731,270.7480,377.8302,256.6802,,,,,,,351.1768,188.1927,378.0396,187.9767,356.0754,188.8599,382.4613,188.2934,345.3100,203.7843,374.4291,207.2141,347.8650,203.7675,378.3401,207.4721,353.8427,197.3850,365.2617,197.7864,368.0685,195.0445,374.7687,195.7779,354.1614,235.7695,367.4191,236.6302,360.0468,236.8144,360.5439,237.0545,374.5779,256.5589,363.0561,271.0556,378.8820,257.6902,357.2671,270.7560,373.9511,265.3733,359.7816,278.0529,374.3169,267.3052,352.0372,276.8383,374.2641,269.6451,346.6510,277.9132,363.7780,273.4396,382.2977,256.1691,,,370.8406,188.6751,372.9043,187.1809,,
73851,0,,,,,,,,,,,,,,,378.0998,188.1517,350.5439,189.3364,375.2863,207.4882,345.6788,204.2247,368.2015,204.5862,355.9370,204.3531,362.8079,237.9875,352.7941,237.2961,360.0415,269.9239,373.0650,255.8655,,,,,,,348.4249,187.7528,376.2401,187.4446,352.5795,188.7430,379.3516,187.8988,343.5426,204.0355,373.9620,206.9914,345.6779,204.1639,377.8553,207.1554,351.4947,197.4599,363.7394,197.3041,366.2494,194.6202,372.3974,195.1957,350.1487,234.5770,365.6547,236.3216,355.9922,236.0935,358.6409,236.2675,370.3407,255.2976,363.4151,270.6294,374.1411,256.7404,358.2985,269.7851,368.4825,263.3369,360.1706,277.2318,369.3256,265.7368,353.2455,276.1120,369.4921,268.1645,348.0471,276.7439,363.7717,273.3179,377.6176,255.1063,,,368.6164,188.0266,371.3922,186.6791,,
73852,0,,,,,,,,,,,,,,,376.5975,187.6546,349.5727,188.6309,374.1058,206.9911,345.2925,203.6267,367.1842,204.0450,354.6759,204.1223,361.5514,238.2186,349.0781,237.2371,358.6445,270.8043,368.4370,255.9889,,,,,,,347.7612,187.3100,375.1581,187.0074,351.4223,187.9369,378.3073,187.4716,343.0455,203.0390,372.5975,206.4954,345.4254,203.4541,376.4871,206.6067,350.2214,196.2459,361.9377,196.3799,365.2610,194.2184,371.4906,195.1547,346.7306,234.6299,364.3996,236.3436,352.0296,236.1885,356.9932,236.7365,366.0421,255.3287,362.3116,271.3606,369.3296,256.9220,356.5514,270.8235,361.3361,263.3168,359.4553,278.0558,362.2698,265.3955,352.3131,276.7356,363.1727,267.8457,347.0812,277.4098,362.8589,273.8162,374.4483,254.5915,,,367.3145,188.2934,370.3933,186.3008,,
73853,0,,,,,,,,,,,,,,,376.0046,187.8824,349.9504,189.4405,372.0432,206.2481,344.1980,203.0096,365.7583,204.2496,354.2253,203.4877,361.0062,239.6923,346.3826,237.4239,358.8586,270.7859,364.4023,256.9139,,,,,,,347.8383,187.1922,374.1113,187.0906,352.1616,188.6905,378.0917,187.5448,341.9026,202.6722,370.0464,205.4359,344.5541,203.1500,374.6916,206.0325,349.3268,196.7739,360.7383,197.1651,365.0363,194.3288,370.7792,195.1028,344.0693,234.9396,363.3131,238.2450,349.3364,237.0534,355.9361,237.6215,362.1696,256.0910,362.3792,271.3931,365.0300,257.7756,356.2010,270.8450,358.5848,263.2263,359.0281,278.1758,358.7954,265.4067,351.8303,276.9739,359.3810,267.7906,346.7821,277.6020,362.5154,273.6513,369.1989,256.4887,,,367.0196,187.8959,370.1339,185.9825,,
73854,0,,,,,,,,,,,,,,,375.0732,187.6131,348.2674,189.3780,369.8654,205.1206,342.6738,203.4415,363.7964,204.3688,351.7860,204.4308,359.2334,239.1679,343.8509,237.7834,358.0878,270.3099,360.0820,259.9816,,,,,,,346.3586,187.7775,373.5521,186.7949,350.7465,188.4311,377.2224,187.3255,340.3779,202.9837,368.3364,204.1604,342.9730,203.7361,372.2559,205.0737,347.6394,197.0363,358.9531,196.9167,363.0353,194.8038,368.7639,195.3950,341.9066,235.0528,361.6038,237.4595,347.0951,236.9846,354.2401,237.3432,358.1816,259.1907,361.5697,270.7365,360.3349,260.7760,355.6736,270.5343,353.3833,266.0758,357.9893,277.5524,352.8602,267.6925,350.6300,276.8693,352.3681,270.2773,346.0884,277.6385,361.9134,273.3247,364.6623,260.9416,,,365.2302,188.7390,368.0295,186.0459,,
73855,0,,,,,,,,,,,,,,,373.6337,187.1185,345.7865,188.9786,366.1331,205.6385,339.4549,203.2116,361.9954,205.2504,349.1211,205.2938,357.8525,240.9335,340.9912,237.7667,358.2585,270.9521,350.1006,265.2298,,,,,,,344.0536,187.4743,371.9170,186.2572,348.3225,188.0840,375.4487,186.8995,337.0612,202.7995,364.4382,204.5928,339.8439,203.4596,368.3986,205.6433,345.0784,197.8160,357.1752,198.8296,361.0285,195.4710,367.0820,196.0779,339.3988,234.4853,360.7349,238.4478,343.9854,236.5986,352.8055,238.2548,349.0216,264.3090,361.0190,271.2415,350.3368,266.1840,356.3305,271.1523,342.9824,270.5245,357.8100,278.0585,340.9115,271.7918,351.4331,277.2011,339.4125,273.9121,347.2377,278.1495,362.1182,273.6772,354.4515,267.0570,,,363.3470,189.0660,366.0445,185.5083,,
73856,0,,,,,,,,,,,,,,,371.7841,187.1825,344.9182,188.9510,365.0044,204.9506,339.0942,203.8313,361.3155,204.6704,347.5234,205.2300,357.5354,240.5480,339.8479,238.5156,358.1061,270.9727,344.7980,267.5045,,,,,,,342.9326,187.5331,369.8481,186.2616,348.1476,188.0395,373.8319,187.0075,336.7051,203.4864,363.2989,203.8693,339.5606,203.9980,367.5126,204.9300,343.5768,197.8806,356.5129,198.3813,359.3522,195.6256,365.7631,195.9566,338.0056,235.1241,360.3104,238.0791,343.0214,237.0937,352.6759,237.8894,343.2107,267.0033,361.2098,271.3767,344.8973,268.3523,356.1216,271.3598,336.2869,272.5447,358.4340,278.0845,334.4085,272.6429,351.8279,277.3763,333.3826,274.3038,347.8112,278.5948,361.6092,273.7175,348.5050,270.4725,,,361.4832,189.0226,363.5350,185.4802,,
73857,0,,,,,,,,,,,,,,,370.0255,186.7113,342.7066,187.6928,362.9478,204.6214,336.9821,203.1566,359.3453,204.0792,346.4928,203.9799,357.4602,239.2040,338.5526,238.3768,358.2464,270.6746,338.5691,269.2687,,,,,,,340.8352,186.4335,368.5224,185.3140,345.2883,187.1915,371.6585,186.5407,334.7579,202.6482,361.3779,203.5241,337.3079,203.2355,365.5826,204.5864,342.0678,196.4258,354.9253,196.8166,357.8833,194.5859,364.0987,194.9013,337.1239,234.6068,359.9317,236.7485,341.9919,236.6540,352.5588,236.6527,337.2390,268.7300,361.4886,271.0372,338.6731,270.1417,356.1372,271.3039,329.8407,273.7860,359.2100,278.2719,328.2406,273.7761,352.3868,277.7202,326.8962,275.4494,348.1431,279.0690,362.1688,273.2445,342.5871,272.2712,,,359.9210,188.0075,362.6484,185.5133,,
73858,0,,,,,,,,,,,,,,,369.0751,186.8550,339.9504,187.9251,362.0627,203.9314,334.3558,202.8791,357.9704,204.0366,343.7463,204.1837,356.7616,239.2337,337.0492,239.0223,358.1300,270.4571,334.5657,269.7167,,,,,,,337.2643,186.6211,367.9308,185.3841,342.5798,187.5118,371.1009,186.5933,332.2106,202.3090,360.5521,202.8462,334.4701,202.8930,364.7727,203.8121,340.2574,195.8877,354.3857,195.9330,354.3639,194.4932,361.5528,194.7710,335.0406,234.6479,359.4393,236.7836,342.0305,236.4226,351.3441,236.4059,332.6255,269.2944,361.4601,270.7780,335.0811,270.5251,355.9367,270.9827,325.4386,274.8007,359.3220,277.9840,324.7116,274.7390,352.8497,277.4172,324.2666,276.2065,348.3108,278.9040,361.9001,273.1318,338.1316,273.1774,,,357.2321,187.4292,359.3690,185.5765,,
73859,0,,,,,,,,,,,,,,,368.6231,187.0578,338.8579,187.9097,360.9521,203.6605,332.9013,202.4702,356.9847,204.4832,342.5168,204.4683,356.3004,240.0679,335.7276,239.7230,358.1779,270.8603,332.0979,270.6804,,,,,,,335.9373,187.1152,367.7542,185.8509,341.5818,187.7481,370.3240,186.8126,330.9306,201.8363,359.5262,202.5992,332.6659,202.5308,363.4296,203.5843,339.1651,196.0156,354.0626,196.4668,352.1471,194.8751,359.7601,194.8583,333.6731,235.3512,359.1034,237.4018,341.0483,236.9965,350.9412,237.2934,330.1530,270.3701,361.4222,271.2903,332.8776,271.4667,355.9919,271.4568,323.4011,276.3203,359.2227,278.5634,323.2427,275.9525,352.9001,277.9411,323.0438,277.2181,348.2433,279.3226,361.9646,273.6915,335.5125,273.8227,,,355.5776,187.3859,356.7202,186.1258,,
73860,0,,,,,,,,,,,,,,,367.1045,187.1396,337.0717,188.4694,359.8575,203.4245,329.8599,203.7222,355.8091,204.0083,340.8466,204.3650,355.6940,239.9133,334.2631,239.7380,358.0101,271.0968,332.1609,270.6668,,,,,,,333.7792,187.3012,366.2561,186.0201,339.5986,188.0885,368.8128,186.9490,327.6069,203.1544,358.4848,202.3197,329.4826,203.4997,362.3937,203.2744,337.5287,195.8958,352.6361,195.9944,351.2927,194.4367,358.7742,194.4937,332.2295,235.4238,358.3817,237.3664,339.8995,236.8804,350.2569,237.3750,330.0543,270.2483,361.1975,271.3638,332.7886,271.4988,355.9647,271.6497,322.8653,276.1082,358.7749,278.6158,322.5897,275.7940,352.1868,277.9191,322.3059,277.2520,347.8553,279.2004,361.8312,273.6884,335.5322,274.0009,,,354.2833,187.5410,,,,
73861,0,,,,,,,,,,,,,,,365.8150,187.2547,335.3457,187.2370,359.1508,203.5072,328.4517,203.9258,355.1784,204.2933,340.1068,204.6231,355.1596,240.0711,333.6184,239.6711,357.9177,271.1322,332.0582,270.7390,,,,,,,330.3024,187.3658,365.3037,185.9210,338.1506,187.9135,367.5856,187.1404,326.0272,203.2260,357.7778,202.4065,327.8423,203.7223,361.8593,203.4853,336.3123,196.2428,351.9975,196.4596,349.9917,194.7407,357.7979,194.8186,331.3523,235.6377,357.9824,237.6589,339.1642,237.0681,349.4572,237.8022,329.7342,270.2811,361.0838,271.3934,332.8265,271.5674,355.8975,271.6805,322.6806,276.2542,358.9735,278.5734,322.7799,276.0735,352.4689,277.8471,322.7488,277.6723,348.2111,279.1655,361.5727,273.7137,335.2620,273.9990,,,353.1254,187.4635,354.0875,186.3609,,
73862,0,,,,,,,,,,,,,,,365.7462,187.1631,334.3811,188.4466,359.0358,203.3532,326.8045,203.6198,353.9692,203.3654,339.0974,203.5010,354.5795,240.4329,332.8768,239.1181,357.3278,271.2536,332.1022,270.6978,,,,,,,329.2179,187.3996,364.9395,185.9074,336.5923,188.1280,367.8096,187.0918,324.4544,203.0242,357.6723,202.3055,326.3736,203.4827,361.6108,203.4598,335.0549,195.9681,351.1940,196.0238,348.5049,194.5354,356.5097,194.6288,330.5676,235.4261,357.3430,237.9295,338.4086,237.1206,348.7361,238.4191,329.8316,270.1930,360.8666,271.5103,332.9494,271.4682,355.2512,271.7279,322.9143,276.2770,359.1486,278.6018,323.0130,276.2073,352.7064,277.9851,323.0017,277.8773,348.2757,279.2234,360.7391,273.6825,335.4633,273.4865,,,351.8515,187.8069,353.0880,186.3030,,
73863,0,,,,,,,,,,,,,,,364.6442,187.2966,331.6267,188.5524,358.5416,203.8110,324.8571,203.5070,353.6495,203.4314,338.1849,203.4754,353.8537,240.6202,332.2441,239.2281,356.5183,271.3463,332.0021,270.5585,,,,,,,326.8302,187.5024,364.3743,185.9725,334.6509,188.2661,366.4309,187.2290,322.4326,203.0694,357.3683,202.6875,324.2930,203.5569,360.9997,204.0364,334.0976,196.0673,351.1445,196.0095,347.4772,194.8048,355.9393,194.6869,329.8410,235.5998,356.7795,238.0581,337.6808,237.4491,347.9287,238.4881,329.5734,270.2325,359.9663,271.5685,332.9786,271.2968,354.4089,271.8893,322.8648,276.1128,358.2737,278.5198,323.1747,275.9426,352.0451,278.1160,323.2783,277.5438,347.7551,279.3675,359.7680,273.6575,335.5200,273.4318,,,350.9236,187.9338,,,,
73864,0,,,,,,,,,,,,,,,364.3029,187.2205,329.4493,188.7081,358.5465,202.8525,322.4035,202.5573,353.1007,202.7180,337.3107,202.6117,353.5256,239.7976,332.1681,238.5516,354.9212,271.6733,332.0276,270.4678,,,,,,,325.2382,187.6595,364.1963,186.1412,333.3074,188.3261,366.3370,187.1340,319.8990,202.2382,357.1564,201.7847,322.0629,202.4966,361.1898,203.1124,332.4151,195.6355,350.3127,195.1516,346.3686,193.8555,355.1411,193.4389,329.6768,234.8678,356.7632,237.1464,337.6913,236.8815,347.3247,237.7959,329.5612,270.2019,358.9672,271.6737,332.9595,271.3816,352.6453,272.2279,322.6217,276.4539,358.1946,278.7270,323.0669,276.3480,351.9713,278.4390,323.2130,278.0971,347.8678,279.9789,358.1530,273.9084,335.5808,273.1898,,,350.1648,188.0097,,,,
73865,0,,,,,,,,,,,,,,,362.8143,187.1613,324.7264,188.9399,359.1494,201.8931,318.6491,203.4336,352.2508,202.9650,335.9814,203.4503,352.6717,239.6224,332.3914,239.0033,353.2630,272.0575,332.1235,269.9688,,,,,,,321.5401,187.6953,361.9102,186.0840,326.9471,188.6297,364.8606,187.0655,316.6354,202.9387,357.4523,201.0397,318.0621,203.2798,361.9063,201.9440,331.7942,196.1122,349.7913,195.4066,344.8935,193.8516,353.4176,193.5932,329.6501,235.4847,356.2246,236.8018,338.3528,236.7550,346.6330,237.2438,329.1026,269.9403,357.3991,271.9819,333.1387,271.0216,351.1406,272.7289,322.2081,276.3540,358.0763,278.7237,323.2400,276.2162,351.9449,278.9289,323.7319,277.8148,348.0528,280.7570,355.7374,274.7081,335.0031,273.1971,,,348.1176,188.0094,,,,
73866,0,,,,,,,,,,,,,,,362.2473,187.0892,323.2876,189.2085,358.9862,201.7524,317.1455,203.1776,351.7590,202.5674,335.0193,203.1824,352.3430,239.4600,332.4323,238.8020,352.3302,271.3320,332.1300,270.1022,,,,,,,320.4669,187.9170,,,324.9007,188.6562,363.7003,187.0701,315.6010,202.5532,357.7216,200.8620,316.3579,203.0486,361.8274,201.7512,331.2588,195.9213,349.7969,195.1494,343.7629,193.4082,352.5186,192.9661,329.6023,235.3048,356.1057,236.4996,338.6277,236.4473,346.2854,237.0022,329.0348,270.0362,356.6628,271.0912,333.2969,271.0079,350.2889,272.0053,322.3561,276.6033,357.9948,278.0028,323.5391,276.3303,352.1127,278.1218,324.1322,277.8791,348.3927,279.9994,354.4415,273.7844,334.7493,273.0918,,,347.1810,187.9135,,,,
73867,0,,,,,,,,,,,,,,,361.3879,187.1035,322.1198,189.0320,359.9905,201.8075,315.7786,202.3086,351.3821,202.7167,333.9180,203.5032,351.6824,239.2917,332.5793,238.8802,351.5374,269.9172,331.9571,270.2389,,,,,,,319.7154,187.8852,361.6926,186.2927,323.9176,188.5871,361.8842,186.9409,313.9649,201.4625,358.7402,200.9985,315.4333,202.2352,362.6231,201.9675,329.9638,195.9311,348.8975,195.0288,342.4102,193.0263,351.5239,192.3712,329.6430,235.2161,355.2623,236.3973,338.8774,236.3857,345.4860,236.8040,329.0133,270.1878,355.8719,269.7001,333.1466,271.1438,349.5739,270.6761,322.7809,276.5236,357.8377,276.6836,323.8895,276.4865,352.1677,277.0652,324.3381,278.0162,348.7641,279.0191,352.9819,272.1714,334.3237,273.2093,,,345.4517,187.7155,,,,
73868,0,,,,,,,,,,,,,,,361.4604,186.7526,321.9152,187.7614,360.1690,201.6452,314.4179,202.0968,351.0771,202.3812,333.2642,203.8428,351.8908,239.6710,332.2294,239.1152,351.7502,268.9870,332.3120,270.5691,,,,,,,319.2028,187.8034,,,323.8055,187.6784,362.0601,186.0594,312.6843,201.4231,358.9436,200.7208,313.9329,201.9098,362.8100,201.6914,329.5952,196.1787,348.2241,194.9453,341.9765,192.5531,350.9249,191.8587,329.1833,235.4937,355.2912,236.8175,338.3296,236.6693,345.7020,237.2916,329.3863,270.6228,355.9342,268.7713,333.5111,271.4556,349.9232,269.7445,323.4167,276.5797,357.9131,275.8066,324.1299,276.6178,352.4302,276.2244,324.4262,278.1716,349.3176,278.0720,353.4478,270.9805,334.7330,273.5600,,,344.4251,187.5026,,,,
73869,0,,,,,,,,,,,,,,,361.5760,186.5295,322.2893,187.5133,360.6368,201.9318,314.7446,201.9809,350.5264,202.7342,332.9126,203.7794,352.0348,239.3100,332.0752,238.9232,351.7977,268.5128,332.3635,270.3109,,,,,,,319.6407,187.5882,361.8775,185.9899,324.3448,187.4501,362.3366,185.8786,312.9150,201.3212,359.2829,201.1070,314.3562,201.8316,363.3265,201.7600,329.3623,196.1109,347.6633,195.0647,341.3920,192.9051,350.3847,192.3232,328.8087,235.0417,355.4446,236.4568,338.4697,236.2596,346.0087,237.0419,329.3202,270.4914,355.8778,268.4156,333.5473,271.2281,349.9285,269.3577,323.3711,276.4882,357.5878,275.5065,324.2245,276.6221,351.9937,276.0446,324.5903,278.2339,348.7346,278.1023,353.5215,270.5909,334.6944,273.4477,,,344.0499,187.3381,,,,
73871,0,,,,,,,,,,,,,,,362.0525,186.4540,323.8006,187.3562,361.3937,202.0781,315.1932,202.1735,350.2023,202.9536,333.1109,204.0513,352.2617,238.7461,331.4021,238.5721,353.1385,266.2457,332.0615,270.2988,,,,,,,320.7222,187.4707,,,325.8446,187.3065,362.9322,186.3720,313.2154,201.6630,360.0201,201.4919,314.6609,201.7564,364.0433,201.8410,329.1501,196.3041,347.2380,195.2762,342.0313,193.2215,350.6434,193.0017,328.4110,235.0055,355.4520,236.1234,337.2039,236.2511,346.1940,236.8583,329.4410,270.1488,356.9350,266.1823,333.2955,271.0805,351.1611,267.0388,322.8971,276.1490,357.9970,272.9813,323.4161,275.9446,352.7764,273.4457,323.6801,277.4420,349.7260,275.0903,355.2862,267.8886,334.9202,273.3024,,,344.8959,187.6035,,,,
73872,0,,,,,,,,,,,,,,,362.2379,186.1708,324.2405,187.7486,361.9262,202.2648,317.2818,202.0099,351.0125,203.0223,333.3441,203.9085,352.8705,239.1716,331.5697,238.7110,354.2652,265.5595,331.9127,270.0896,,,,,,,321.7235,187.8686,362.2097,186.1122,326.4629,187.6810,363.2075,186.1880,315.2766,201.3671,360.5822,201.6480,317.2039,201.7167,364.8053,201.8715,329.7560,196.2044,348.5786,195.2775,342.2279,193.1161,351.0962,193.0198,328.5085,234.9661,355.9986,236.4254,337.4833,236.2273,346.9206,236.9527,329.3470,269.9597,358.2944,265.5600,333.2553,271.0127,352.3862,266.4566,323.0159,276.1388,358.9244,272.3254,323.4122,276.1666,353.5989,272.8070,323.6276,277.8164,350.4856,274.5115,356.4552,267.2324,334.9855,273.3281,,,345.3335,187.5818,,,,
73873,0,,,,,,,,,,,,,,,362.7604,186.0872,324.4159,187.7062,361.9788,203.2821,317.8876,202.5862,351.0695,203.7521,333.6065,204.8361,353.0520,239.3271,331.5941,239.0961,354.8775,265.2950,331.9568,270.2290,,,,,,,321.5055,187.8272,362.7184,186.0366,326.4111,187.7026,364.0097,186.0925,315.9701,201.8655,360.6867,202.5084,317.7404,202.3449,364.7568,203.0765,329.8209,197.1862,348.6103,196.3413,341.7169,194.3504,350.6585,194.0988,328.5290,235.4333,356.1959,236.6301,337.4626,236.8321,347.2483,237.2384,329.3295,270.1082,358.7379,265.2278,333.2519,271.0852,352.9888,266.1727,323.0876,276.1833,359.3271,271.9164,323.7428,276.2317,354.0521,272.2947,324.0729,277.8099,350.8841,273.8786,356.8633,267.0136,334.7743,273.4112,,,344.8472,187.7887,346.5098,186.7361,,
73874,0,,,,,,,,,,,,,,,363.1612,186.3140,325.8086,187.9885,362.2539,203.8865,319.9169,202.6433,351.6140,203.8663,334.8177,203.9032,353.5925,238.6540,331.7245,238.6141,354.6873,265.5506,331.8991,270.2177,,,,,,,322.9728,188.0490,363.2128,186.2487,328.0827,187.8344,364.5002,187.0285,318.0667,201.9185,361.1209,203.2925,319.7165,202.4803,364.9948,203.5382,331.5913,196.3668,349.7773,196.2383,342.8183,193.9724,351.8289,194.2157,328.8169,235.2226,356.7711,235.9870,337.6387,236.3364,347.5617,236.5165,329.2970,270.1076,358.4905,265.4800,333.1041,270.9886,352.6272,266.3240,323.0385,276.2300,359.1349,272.1828,323.6979,276.1217,353.8330,272.1530,324.1825,277.6342,350.5457,273.3798,356.6759,267.3368,334.7704,273.4568,,,346.5055,187.9788,348.7860,186.9000,,
73875,0,,,,,,,,,,,,,,,364.4338,187.3177,326.2707,187.9612,362.3843,204.4671,321.2765,202.9478,352.1848,204.2304,335.0649,204.4072,353.7211,238.5006,332.0089,238.3158,354.6206,265.5418,331.2827,269.9934,,,,,,,323.9842,188.0902,364.6995,186.3343,328.3498,187.9529,365.4753,187.1793,319.6188,201.9962,361.2698,203.9436,321.0773,202.8192,365.0042,204.1351,332.3281,196.2107,350.5986,196.2511,343.1177,193.8280,352.1474,194.3579,329.1147,234.7328,357.2183,235.6854,338.2663,235.7917,347.6074,236.1522,328.8954,269.8892,358.7353,265.5819,332.3830,270.7572,352.6893,266.3532,322.6813,276.1037,359.2044,272.4153,323.3813,275.9263,353.8554,272.4377,323.9456,277.4634,350.4086,273.6505,356.7072,267.3665,334.1242,273.1819,,,347.0900,188.0003,349.6613,186.9739,,
73876,0,,,,,,,,,,,,,,,364.3380,187.4024,327.3637,187.9590,363.0034,204.7057,322.9860,202.4626,352.5429,202.8291,336.3506,202.6218,353.9290,238.1320,332.5943,237.6067,354.1618,266.0135,331.2898,269.7966,,,,,,,325.2856,188.0980,364.3958,186.4240,330.5493,187.8812,365.2405,187.2299,321.1718,201.8300,361.8869,204.1134,322.6724,202.2459,365.5306,204.3545,333.1765,195.2762,350.4418,195.2212,344.5687,192.7826,353.0873,192.7454,329.9117,234.2520,357.1940,235.4668,338.8592,235.1003,347.7289,235.7205,328.9927,269.7038,357.7449,266.0310,332.4924,270.5189,352.0974,266.6143,322.7555,276.1320,358.5648,272.6801,323.4154,275.9865,353.4062,272.2261,323.9034,277.5389,349.9958,273.3247,356.1024,268.0010,334.3371,272.8289,,,347.8016,188.0545,,,,
73877,0,,,,,,,,,,,,,,,365.4528,187.6762,328.7259,189.2596,363.7292,204.5374,325.4874,202.9527,354.1131,203.3868,338.0831,202.8761,354.6950,237.9761,332.7232,237.2534,354.4149,265.9136,330.6658,269.5435,,,,,,,326.8354,188.1613,365.6328,186.5564,331.7276,187.9197,366.0800,187.6394,323.8354,202.2627,362.7234,203.9581,324.9038,202.4645,366.2783,204.3496,335.0885,195.7621,352.8536,196.0679,346.1464,192.9905,355.0247,193.0777,330.2087,233.7176,358.1246,235.2279,339.1754,234.8808,348.2926,235.5421,328.2243,269.5176,358.2315,266.1647,331.6605,270.2834,352.2745,266.5944,321.9701,275.8885,358.6146,272.9059,323.1215,275.7460,353.3170,272.4260,323.8365,277.3180,349.7704,273.5213,356.8998,267.9323,333.4708,272.6865,,,349.9336,188.0504,,,,
73878,0,,,,,,,,,,,,,,,366.2025,187.6456,330.4362,189.0025,364.3944,204.5405,327.0601,202.6030,355.0746,203.5470,338.2099,203.3361,355.0334,237.9227,333.1546,237.0115,353.8104,265.9307,331.3341,268.2598,,,,,,,328.4293,188.1427,366.5454,186.5478,334.6921,187.7673,366.8873,187.5642,325.2508,201.7873,363.3958,203.9667,326.4009,201.9709,366.8792,204.3398,335.3816,196.2429,353.6600,196.3299,346.4725,193.2390,355.6126,193.4286,330.4784,233.5657,358.6339,235.3800,339.4023,234.7797,348.6443,235.5369,328.5298,268.2913,357.8890,266.2332,332.4779,269.0207,351.6282,266.4951,322.6600,274.5496,358.3618,272.9082,324.1124,274.2239,353.3952,272.2429,325.0508,275.6455,349.7205,273.4276,356.0139,267.9560,334.1116,271.5274,,,350.1355,188.1485,,,,
73879,0,,,,,,,,,,,,,,,366.4706,187.5412,330.7249,187.9324,364.5403,204.4226,327.6829,202.8721,355.0303,203.4948,338.3822,203.3503,354.7806,236.9333,333.6100,236.4996,353.5286,265.7568,332.4805,267.2934,,,,,,,328.4797,188.0018,367.1745,186.3913,334.5754,187.8179,367.0240,187.4267,325.7678,202.0709,363.5935,203.7232,327.0307,202.3334,366.9931,204.3016,335.5309,196.2058,354.0700,196.0866,345.8291,193.8417,355.0438,194.0882,330.8269,233.2066,358.4172,234.4542,339.8533,234.4197,348.5824,234.7562,329.8630,267.1640,357.6506,265.9909,333.6462,268.0006,351.3212,266.3583,324.0315,273.0047,358.5494,272.6476,325.5353,272.6390,353.6612,272.0417,326.5817,273.9354,350.0714,273.2412,355.2531,268.1055,334.9878,270.5247,,,349.5236,187.9368,351.4841,187.0221,,
73880,0,,,,,,,,,,,,,,,366.5463,187.2918,330.7640,187.6993,365.1341,204.1783,327.3753,202.0030,355.4695,203.1994,338.6990,202.4809,354.8389,236.8469,333.7869,235.9645,353.6125,266.1021,334.0099,266.8865,,,,,,,328.9168,187.8255,367.2229,186.2277,333.7489,187.6260,366.4723,187.2206,325.9166,201.4102,364.5702,203.6109,326.3301,201.7483,367.5578,204.1823,336.4048,195.4925,354.9502,195.8521,346.3004,193.6047,355.4039,193.8958,330.9109,232.7416,358.5505,234.4313,340.1340,234.1930,348.6989,234.7706,331.4804,266.5695,357.3806,266.2621,335.1364,267.5134,351.6098,266.6755,325.2183,272.3116,358.3160,272.7348,326.5553,271.9666,353.8859,271.9933,327.3535,273.2496,350.3895,273.0990,355.0632,268.4588,336.5010,269.6145,,,350.0805,186.8757,352.2545,186.7797,,
73881,0,,,,,,,,,,,,,,,367.0806,186.9348,332.1584,187.2073,365.5687,203.4140,329.1688,201.4302,355.8786,202.8246,339.2010,202.6331,354.8667,236.8529,333.8200,236.3923,353.7951,265.7559,334.9421,265.7630,,,,,,,329.8227,187.3909,367.7608,185.8717,335.6066,187.1826,367.5826,186.8098,327.5438,200.9152,364.8049,202.7058,328.2385,201.0929,367.9487,203.3766,336.3738,195.4421,354.7201,195.6587,346.8405,193.4068,355.9874,193.6486,330.9564,233.3038,358.3638,234.3899,339.9126,234.5877,349.0210,234.6825,332.6055,265.6196,357.3555,265.8444,336.2060,266.6262,351.9252,266.3281,326.8907,271.3369,358.5349,272.3304,327.8488,271.4549,354.0817,271.8716,328.7249,273.0870,350.4810,273.2544,355.6176,267.6721,337.7603,268.5825,,,350.4767,187.2541,352.6400,186.3948,,
73882,0,,,,,,,,,,,,,,,366.6903,186.7324,331.2389,186.9982,365.7087,202.9728,328.4614,201.8410,355.6452,201.7815,339.2970,201.8408,355.0807,236.4438,334.6740,235.8436,354.0511,265.1333,336.5024,263.9757,,,,,,,329.1742,187.1343,367.6698,185.5893,334.0214,186.9946,366.7379,186.6405,326.7589,201.0965,365.2614,202.3043,327.6946,201.4277,368.0511,202.8694,336.3423,194.9497,354.4635,194.5275,346.2800,192.7636,355.0450,193.0722,331.7119,232.9331,358.5864,234.0710,340.3967,234.0543,349.2221,234.2124,333.9199,263.8997,357.5540,265.2428,337.7726,264.9335,352.1291,265.5554,328.4757,269.7264,358.6472,271.6418,329.9378,269.9412,354.0246,271.0608,330.9412,271.5109,350.4962,272.2970,355.8338,267.0435,338.9881,266.8413,,,349.8355,187.0743,,,,
73883,0,,,,,,,,,,,,,,,366.7319,186.2871,330.4897,186.6564,365.4709,203.2938,327.7654,202.0741,355.8009,202.3632,339.2815,202.0734,354.9614,236.1244,334.8778,235.6746,353.7446,265.1864,337.3918,262.7722,,,,,,,328.1959,186.7575,367.6692,185.2580,332.4121,186.5849,366.8298,186.2048,326.3897,201.4841,365.0832,202.7919,326.9937,201.4976,368.0330,203.3001,336.2663,195.4942,354.8325,195.4055,346.3969,193.2917,354.9863,193.3486,331.8811,232.8287,358.4256,233.9756,340.4628,234.0532,348.9960,234.0631,334.7204,262.5315,357.7202,265.2237,338.7542,263.4943,351.7532,265.6688,329.7751,268.1790,358.7224,271.7800,331.1132,268.3136,354.0718,271.1505,331.9324,269.6580,350.9186,272.3619,355.4525,266.9681,340.1169,264.5877,,,349.6923,187.5180,351.7027,185.7361,,
73884,0,,,,,,,,,,,,,,,366.7141,186.2363,330.0022,186.6068,365.7482,202.9882,327.3704,202.1120,355.7834,202.2868,339.2351,202.2399,355.1491,235.5680,335.3762,235.5916,353.7576,264.7677,338.7123,260.9036,,,,,,,327.9119,186.6441,367.5745,185.1212,332.0820,186.3845,366.7571,186.1100,325.8666,201.5221,365.1907,202.3722,326.6902,201.3926,368.3255,203.0028,335.7364,195.5719,354.4417,195.2494,346.4178,193.0730,355.1518,193.1415,332.5096,232.6446,358.5858,233.5389,340.5538,233.9841,349.2512,233.5992,336.0939,260.4551,357.6529,264.8445,339.8903,261.7554,351.7156,265.1652,330.9881,266.6739,358.2366,271.3574,332.2059,267.1156,353.4875,270.7980,332.9737,268.8648,350.1442,271.8952,355.5291,266.6478,341.1086,262.6534,,,349.7091,186.5137,351.6684,185.6335,,
73885,0,,,,,,,,,,,,,,,366.7164,185.9585,329.6119,186.4155,365.8808,202.8862,326.4267,202.5854,355.8413,202.6163,339.0154,202.7963,355.1668,235.2673,335.6560,235.4401,353.6042,263.8094,338.9764,259.2732,,,,,,,327.0235,186.5444,367.9125,184.9013,331.6463,186.1958,366.4257,185.8398,325.0693,201.8659,365.5124,202.1756,325.6059,201.5117,368.4905,202.9121,335.8468,195.8856,354.8016,195.5760,346.1344,193.1211,354.9827,193.1493,332.7329,232.3879,358.6690,233.1680,340.8545,233.7211,349.3240,233.3679,336.1111,258.9050,357.5932,264.2263,340.1685,260.1210,351.5855,264.5186,331.3427,265.7525,358.4609,270.9861,332.8378,266.5493,353.7528,270.4479,333.7021,268.2910,350.4180,271.5844,355.1721,266.1646,341.0713,260.8724,,,349.7704,186.4818,351.6671,185.4334,,
73886,0,,,,,,,,,,,,,,,366.1683,185.8117,329.0440,188.0135,365.9954,202.3737,326.0341,202.3090,355.2091,202.0628,338.4441,202.8156,355.0695,235.7333,335.7205,235.4345,353.6061,264.4004,339.2737,257.7626,,,,,,,325.4576,186.7478,367.0570,184.9806,330.6531,186.6066,365.8469,185.7888,324.8480,202.2748,365.3764,201.8752,324.9104,201.7676,368.5632,202.2124,335.2143,196.3241,353.1466,195.2304,345.7345,193.0632,354.2738,192.9237,332.8182,233.2625,358.6010,233.5580,341.1601,233.9603,349.3250,233.7646,336.7158,257.4876,357.7203,264.5794,340.3508,258.6745,351.5874,264.9396,332.0490,264.7152,358.3907,271.3311,333.3610,265.6860,353.3858,270.9682,334.1067,267.7279,349.8378,272.3013,354.9852,266.6497,341.4553,258.9017,,,348.9726,185.7292,350.4724,185.6055,,
73887,0,,,,,,,,,,,,,,,366.1458,185.1028,328.8150,186.6605,365.9796,202.1201,325.0972,201.9050,355.5637,201.5580,338.6015,201.7912,354.9259,233.9551,336.5495,234.1952,353.6190,264.5586,340.1374,256.2851,,,,,,,324.3789,186.8708,367.3526,184.9596,330.4682,186.6135,365.8025,185.1499,323.7005,201.6284,365.3949,201.5754,324.0291,201.6383,368.6192,201.9802,335.2480,195.0945,353.7976,194.2875,345.8464,192.4932,354.5344,192.2542,333.5562,231.8579,358.3690,231.8815,342.0242,232.4113,349.3358,232.2201,337.3266,256.0507,357.6804,264.6222,341.3154,257.1325,351.5523,264.9246,332.8377,263.4644,358.6797,271.5117,334.6383,264.2740,353.4984,270.5325,335.5682,266.1121,349.8435,271.8071,354.9667,266.8722,342.1301,257.2249,,,349.1915,185.7667,,,,
73888,0,,,,,,,,,,,,,,,365.2958,185.3976,328.5359,187.0572,365.5747,202.3769,324.8624,202.2042,354.5783,202.4396,338.1014,203.0946,354.2934,234.0838,337.0480,234.0777,353.8778,264.3206,340.8674,254.9479,,,,,,,323.7599,187.1624,366.6031,185.3500,330.2061,186.8532,364.9005,185.3969,323.5262,201.8479,365.0374,201.8045,323.6875,202.1263,368.1113,202.1687,334.7585,196.3601,352.2116,195.2061,345.5268,192.9513,353.7726,192.6831,334.1651,231.8393,357.8018,232.0858,341.9390,232.5363,348.9307,232.4255,338.0588,254.6653,357.8012,264.1420,342.0386,255.8783,351.8973,264.7085,333.5285,262.0765,358.6635,270.8553,335.3595,263.1849,353.4399,270.2333,336.2753,265.0234,349.8460,271.6642,355.2924,266.6320,342.9432,256.1755,,,348.6142,186.1160,,,,
73889,0,,,,,,,,,,,,,,,364.3292,185.5324,328.4181,187.7961,365.7600,202.4860,324.4393,201.7843,353.7295,202.4203,337.5523,203.1967,354.0645,233.6918,338.2707,233.0367,354.0808,263.7982,341.6163,255.0836,,,,,,,323.0392,187.3058,365.8369,185.4765,330.5024,186.8930,363.2999,185.5683,323.0926,201.5050,365.6157,202.0836,323.6760,201.5758,368.3173,202.3920,334.0989,195.9484,351.7657,194.6430,344.9314,192.0251,353.2371,191.9356,335.2007,229.8991,357.8011,231.4887,343.5491,230.9377,348.6651,231.5592,338.6965,254.9125,358.6214,263.7012,342.6918,255.9991,352.2605,264.3335,334.2764,261.9685,359.4279,270.8914,336.3092,263.0344,353.5203,270.4187,337.1599,264.8484,348.9298,271.9179,355.9681,265.9970,343.1460,256.2680,,,347.9290,186.2326,,,,
73890,0,,,,,,,,,,,,,,,363.8927,185.9968,327.2743,187.6277,365.5069,202.7224,323.5438,202.4497,353.3368,202.2677,337.0477,203.2132,353.7591,233.6890,338.0794,232.7893,354.3459,264.1730,341.2383,255.7451,,,,,,,321.8928,187.8145,365.2675,185.9396,328.9844,187.4961,363.0490,186.0145,322.2638,202.1422,365.0450,202.2111,322.4637,202.3588,367.8517,202.5252,333.3805,196.4067,351.0690,194.9390,344.1902,192.4057,352.3252,192.4227,335.3033,229.6182,357.3440,231.3067,343.0272,230.7988,348.2187,231.6321,338.3977,255.6095,358.7331,264.1337,342.2374,256.7101,352.4414,264.7304,333.6621,262.6312,359.4743,271.2578,335.7070,263.4814,353.6390,270.7171,336.6801,265.0015,349.3030,271.9943,356.6327,266.7545,343.1595,257.4308,,,347.2932,186.6945,,,,
73891,0,,,,,,,,,,,,,,,362.5904,186.5538,327.2175,188.8378,364.1563,202.0248,322.8097,201.3540,352.5394,202.1397,336.6188,203.0897,353.3823,233.6571,338.8775,232.4394,354.6534,263.7338,342.0697,256.1087,,,,,,,319.7412,188.4041,363.3567,186.4906,329.4306,187.8855,362.0947,186.5295,321.1771,201.2016,363.3870,201.4338,321.9965,201.2314,366.4311,201.5619,332.7331,196.2044,349.5765,194.7615,343.6037,192.4505,351.5366,192.1869,335.9322,229.0851,356.7026,231.1154,343.6053,230.2579,347.7132,231.6267,339.7246,255.9372,359.0922,263.9692,343.0056,257.1247,352.5186,264.3823,334.7357,262.6053,359.3839,270.5477,336.4971,263.2625,353.3587,270.0083,337.2394,264.6993,349.3632,271.0378,357.2607,266.4484,344.0318,257.7773,,,346.3664,187.1823,,,,
73892,0,,,,,,,,,,,,,,,361.2609,186.9957,326.6632,188.5244,363.2382,202.3838,322.4876,200.8461,351.8021,202.0098,335.9723,203.2784,352.7411,233.0153,339.2227,232.1206,354.8186,262.5661,342.9822,256.4500,,,,,,,321.9595,188.7861,362.0118,186.9931,328.5098,188.4024,360.9441,187.0338,320.9666,200.8300,362.4079,201.9316,321.8262,200.7491,365.4365,201.7582,331.9762,196.3650,348.2762,195.1119,343.1457,192.2982,350.9668,192.2417,336.2941,228.4209,355.8788,230.8296,343.9027,229.8336,347.3090,231.0323,340.9537,256.2549,358.9653,263.1001,343.7522,257.5752,352.8742,263.1981,335.7454,263.2696,358.9246,269.5072,337.0191,263.6172,353.3136,268.9327,337.6079,265.1075,349.8701,269.8844,357.1292,265.6449,345.1372,258.3302,,,345.7676,187.6048,,,,
73893,0,,,,,,,,,,,,,,,360.2156,186.9999,326.4960,188.5189,362.5297,201.7472,321.4646,200.2168,351.6661,200.9522,335.5258,201.8673,352.5533,232.1789,339.2501,232.4866,354.0880,261.5677,343.1224,256.4305,,,,,,,323.2636,188.6846,360.8080,187.0129,328.1307,188.3825,359.9999,187.0308,319.9779,200.1418,361.6826,201.4465,320.7543,200.1129,364.6919,201.0353,331.4420,195.0450,348.2819,193.9303,343.6705,191.0803,351.9274,190.8506,336.4516,228.3800,355.7082,230.0501,344.4455,229.6292,347.0078,230.3377,341.0056,256.4031,358.2471,262.1455,344.0099,257.7189,352.3446,262.0302,335.3008,263.2917,358.4248,268.3507,336.8411,263.7080,353.1136,267.5456,337.6403,265.2881,349.6739,268.8027,356.4438,264.7747,345.3480,258.7072,,,346.2957,187.5576,,,,
73894,0,,,,,,,,,,,,,,,359.8129,187.3415,325.6682,188.8272,361.8738,200.9399,320.6827,200.1159,351.6844,199.9510,335.6612,200.7872,351.7332,231.1722,339.3713,230.2590,353.5595,260.5749,343.7444,255.9992,,,,,,,,,,,326.6448,188.6223,,,319.3180,200.0062,360.7115,200.7152,320.0355,200.0743,364.2149,200.0935,331.1881,194.3993,347.6250,193.0372,343.3531,190.5214,352.2086,189.1788,336.7469,226.9996,355.2914,229.0348,344.6506,228.2416,346.1737,229.4655,341.4164,256.1324,357.4630,261.1131,344.6283,257.1696,352.0809,261.0829,336.6056,262.6751,357.5535,267.1068,337.9292,263.2154,352.4701,266.2316,338.5211,264.6344,349.0146,267.3845,356.0818,263.8862,345.5249,258.6432,,,345.3924,187.8884,,,,
73895,0,,,,,,,,,,,,,,,359.4800,186.9472,325.2445,188.3607,360.8571,200.2962,319.8134,199.7777,350.9070,199.9827,335.3734,201.0730,350.7201,230.9643,338.8675,231.9394,352.4959,260.2703,343.6494,256.7997,,,,,,,321.3154,188.5384,359.5482,186.8645,326.3630,188.2174,359.9337,186.8357,318.2770,199.6450,359.6455,199.9451,319.1651,199.8075,363.2052,199.5730,330.8739,194.4498,346.7192,193.0263,343.5620,190.6456,351.4201,190.0952,336.1903,227.9302,354.0497,228.9367,344.3003,228.8836,345.3677,229.4419,341.2867,257.0052,356.2174,260.7208,344.3358,257.9222,351.1480,260.6976,336.7845,263.2142,356.0001,266.8342,338.0576,263.4239,351.1850,265.9339,338.4668,264.6898,347.4696,267.3935,355.2806,263.1889,345.1456,259.2986,,,345.3371,187.4413,,,,
73896,0,,,,,,,,,,,,,,,359.0270,186.2607,325.3829,187.5528,360.1408,199.4939,319.6625,198.9509,350.3741,199.7882,335.3973,201.0173,348.7711,231.0556,337.9561,230.3613,350.2182,260.4861,342.1191,256.3204,,,,,,,322.7709,187.6554,358.6271,186.1842,326.2189,187.5335,359.7408,186.1468,317.9828,198.8239,358.6909,199.1901,319.0614,199.0114,362.5775,198.7556,330.3144,194.1681,346.4002,192.9091,343.5943,190.4804,351.3309,189.6704,335.5535,227.0894,352.1860,229.0924,342.5981,228.3970,343.5762,229.2116,339.8322,256.1202,353.7221,260.9409,343.0990,257.2603,348.3483,260.8013,334.4870,262.0562,353.4200,267.1235,335.4384,262.1616,347.5474,266.2079,335.9233,263.5328,343.5406,267.3890,352.6259,263.6501,344.7013,258.8567,,,345.1721,186.7472,,,,
73897,0,,,,,,,,,,,,,,,358.2452,186.5947,324.5763,187.4989,359.1863,199.2067,320.0528,199.0189,350.5180,199.0239,335.5581,200.2555,348.0980,230.4861,337.6428,229.1495,349.8684,258.9520,342.7322,255.9028,,,,,,,322.4143,187.5107,,,325.5951,187.3728,,,318.3321,198.7368,357.7759,198.9284,319.5948,199.1614,361.7655,198.5107,330.0016,193.2379,346.5368,192.3453,343.4165,190.4833,351.5487,188.8226,335.2531,226.3586,351.4537,228.4826,342.3049,227.5430,342.8003,228.7187,340.2021,255.8076,353.1745,259.4148,343.7035,256.5829,348.0127,259.2144,334.9261,261.8046,352.7039,266.0488,335.5343,261.9358,347.1454,265.0927,335.7551,263.3243,343.1499,266.1628,352.4756,261.9302,345.4177,258.6624,,,345.4395,186.5497,,,,
73898,0,,,,,,,,,,,,,,,357.7923,185.8318,324.7897,187.2686,358.7096,198.9253,320.0692,198.8903,350.2712,198.4394,335.5743,199.1724,347.6877,230.9181,337.2040,229.3051,348.9081,258.6614,342.6355,255.9559,,,,,,,322.7801,187.2943,,,326.1876,187.1480,,,318.2992,198.6164,357.3949,198.6383,319.7675,199.0271,361.1147,198.4908,329.7833,192.9332,346.3069,192.0586,343.0333,189.9386,350.8306,189.2722,334.7284,226.3972,350.9261,229.2190,341.6224,227.7211,342.0850,228.8468,340.2239,255.8059,351.9234,259.1555,343.5672,256.6164,347.3010,258.9576,335.0648,261.7455,351.2073,265.7120,335.4384,261.7899,346.1602,264.7468,335.5634,263.0991,342.6301,265.6415,351.6703,261.2113,345.5068,258.4243,,,345.1147,186.2963,,,,
73899,0,,,,,,,,,,,,,,,357.8409,185.4675,324.1192,186.8855,358.6377,198.7549,320.2395,199.1851,350.3541,198.1962,335.5757,199.2024,346.9259,231.1194,337.3286,229.3974,347.9276,257.6726,342.3511,255.8663,,,,,,,321.6671,186.9001,,,325.5240,186.7734,,,318.5271,198.9778,357.2065,198.4205,319.7495,199.1454,361.2542,198.2846,329.3214,192.7497,346.1819,191.9180,343.0473,190.1506,351.2944,188.5150,334.7691,226.6163,350.1417,229.5292,341.7057,227.7334,341.4284,229.0136,339.9360,255.7525,351.1425,258.0458,343.3680,256.4494,346.3128,257.9625,334.7098,261.6668,350.3158,264.4618,335.4056,261.5755,345.0534,263.9519,335.5638,262.8083,341.6944,265.0458,350.7089,259.7584,345.3955,258.1034,,,345.2232,185.9405,,,,
73900,0,,,,,,,,,,,,,,,358.0553,185.8590,323.6874,186.7192,358.8919,199.0831,320.7362,199.7573,349.6088,198.6343,335.2484,199.7773,346.2187,231.1454,337.1418,230.1605,346.6906,257.5561,341.4789,255.9134,,,,,,,320.5467,186.8103,,,325.0517,186.5817,,,319.0307,199.4628,357.4772,198.7431,320.1761,199.6410,361.4030,198.6867,329.1645,193.4424,345.8032,192.3497,342.6427,190.4198,350.6800,189.7029,334.5083,227.1754,349.6774,229.4652,341.6192,228.0066,340.6961,229.0044,339.2647,255.6127,349.7231,258.0694,342.4473,256.5800,344.9851,257.9226,333.8569,261.4564,349.0197,264.3904,334.6402,261.1933,343.1916,263.4203,334.8901,262.5689,340.2907,264.2644,349.1248,259.8421,344.6104,257.9812,,,344.5462,186.4898,,,,
73901,0,,,,,,,,,,,,,,,357.9362,185.4418,324.5560,187.3225,358.5532,199.2073,319.4360,200.0125,349.1578,199.8395,334.7246,201.1606,346.2884,231.6341,336.6783,230.3762,345.5732,258.2800,340.9982,256.2362,,,,,,,321.0343,186.3501,,,326.2555,186.1238,358.4744,184.8151,317.6492,199.6564,357.3438,198.6841,318.9528,199.6922,361.2031,198.7916,329.4649,194.4789,345.4254,193.3455,342.6265,191.1244,350.1587,190.5709,334.3715,227.1156,349.5239,230.0581,341.0707,228.4777,340.6702,229.4323,338.9198,255.9501,348.7713,259.0532,341.9490,256.9706,343.6797,259.0064,333.6175,261.4610,347.0712,265.3928,334.4105,261.4198,342.2606,263.9505,334.6073,262.7794,339.8187,264.8350,348.5532,260.8748,344.1179,258.3748,,,344.3413,186.2991,,,,
73902,0,,,,,,,,,,,,,,,358.3384,185.2869,324.5812,187.0631,358.8820,199.5557,319.4906,200.2225,349.0387,199.5868,334.8191,200.8549,346.2285,232.0556,336.2286,231.3458,345.1474,258.9881,340.6948,256.9122,,,,,,,320.6361,186.1784,358.4823,184.6725,326.5411,185.9357,359.1557,185.1626,317.5919,199.8056,357.5947,198.9484,319.1793,199.8201,361.4654,199.1882,329.2414,194.6461,345.0558,193.4298,342.5350,191.0405,350.2310,190.4874,333.9899,227.7846,349.6098,230.3975,340.5121,229.1426,340.5213,229.9074,338.6050,256.5511,348.4439,259.7508,341.6204,257.6072,343.4594,259.6378,333.4698,262.0692,346.6045,266.0538,333.8999,261.9661,341.7424,264.6292,334.0234,263.3637,339.1832,265.7096,348.5715,261.3301,344.1520,258.8342,,,344.1655,186.2078,,,,
73903,0,,,,,,,,,,,,,,,358.1935,185.2474,323.8942,186.9849,358.4796,199.8770,319.4291,200.3887,349.2117,199.1843,334.1799,200.6302,346.0529,232.0912,334.9986,231.9995,345.4879,258.5115,340.3913,256.8042,,,,,,,321.2419,186.0378,358.5426,184.5100,325.8404,185.8889,359.0291,185.0629,317.6029,200.0195,357.3993,199.3370,319.1113,200.0065,361.0744,199.4052,328.6989,194.2715,345.9114,192.9463,341.9143,190.5399,350.1835,189.8256,332.5545,228.6769,349.4334,230.4118,339.7088,229.7958,340.1601,230.1049,338.0014,256.6011,348.6941,259.2405,341.5606,257.5224,343.6372,259.1016,332.9745,262.2403,347.5735,265.9271,333.7925,262.1812,342.2412,264.4514,334.1953,263.6268,339.5982,265.6334,348.3791,260.6765,343.7842,258.7126,,,343.9743,185.9192,,,,
73904,0,,,,,,,,,,,,,,,358.3838,185.4351,324.0806,187.2263,358.0868,200.7380,319.6604,199.4727,349.5354,199.3848,333.8634,200.5043,347.0697,231.6260,333.4136,231.7875,345.8424,257.7344,339.7378,255.8433,,,,,,,321.2080,185.9938,358.4545,184.4334,325.7382,186.4417,359.1049,185.2337,317.8822,199.3729,356.8046,200.1407,319.2561,199.1966,360.4919,200.3466,329.2419,193.8659,346.3983,192.9203,341.8851,190.2639,350.5114,189.5440,330.5664,228.7446,350.3354,229.8557,337.6690,229.8989,341.2888,229.6182,337.5182,255.4109,348.8507,258.2623,340.7885,256.6462,343.8778,258.3503,332.7198,261.7224,348.1089,265.1004,333.5126,261.8580,342.4174,263.6855,333.8592,263.2968,339.6451,264.7399,348.7643,259.8539,343.0325,257.7702,,,344.1466,185.8202,,,,
73905,0,,,,,,,,,,,,,,,357.7520,185.1810,323.7287,187.0348,357.5159,202.0204,319.8940,199.7786,348.7971,200.0279,333.2458,200.5388,346.4257,232.8438,331.5161,232.6160,345.4947,257.7676,339.2511,255.3732,,,,,,,321.7473,185.8634,358.6750,184.2778,325.5346,186.3087,358.2037,185.0312,318.0990,199.5623,356.4839,201.4205,319.5396,199.6949,359.9326,201.5745,328.7320,194.0538,345.9444,193.4249,341.1347,190.7238,349.5474,190.5070,328.3357,229.7927,349.9020,231.1662,336.0611,231.0060,340.6725,230.8935,337.0745,254.8404,348.5465,258.1753,340.3388,256.1009,343.4814,258.2419,332.2952,261.1225,347.7725,264.7594,333.2209,261.6528,342.4587,263.7403,333.6444,263.3009,339.5658,264.9044,347.7691,259.5207,342.2576,256.7308,,,343.2885,184.9468,,,,
73906,0,,,,,,,,,,,,,,,357.1006,185.3595,323.9152,186.8305,357.5297,202.3919,319.6161,200.1900,348.0152,199.6057,332.8856,199.8184,346.5397,232.3517,329.5026,232.5385,345.4408,257.8872,338.7046,255.2975,,,,,,,322.2787,185.6259,357.8943,184.1826,325.6743,186.4597,357.3260,185.1504,317.7452,199.7043,356.6075,201.8325,319.4078,200.0424,359.9096,201.8784,328.6286,193.7466,345.0677,193.1235,340.5687,190.2358,348.4694,190.2551,326.5174,229.8476,349.9067,230.5468,333.9355,230.7998,340.8519,230.2524,336.6650,254.7047,348.4665,258.3242,339.5886,256.1206,343.3242,258.4441,331.9661,261.1211,347.7205,264.8431,332.5186,261.7019,342.3683,263.9259,332.7495,263.3041,339.3171,265.0621,347.7072,259.6123,342.0924,256.6044,,,342.8050,184.7709,,,,
73907,0,,,,,,,,,,,,,,,356.9567,185.3994,323.8257,186.9236,356.5273,202.7899,319.0801,198.8957,347.1970,199.7934,331.8331,199.8484,346.5312,232.5107,327.7566,232.2260,345.5210,258.4802,337.2243,254.6204,,,,,,,322.1922,185.8428,357.4485,184.3667,325.4612,185.8998,357.1155,185.1954,317.2782,198.6998,355.5935,202.3540,318.8992,198.9371,358.9694,202.3068,328.3061,193.5905,344.9721,193.2039,339.5068,190.6779,347.3868,190.7879,324.7256,230.2236,349.8856,230.6612,332.7037,230.8048,340.7689,230.5451,334.8934,253.7727,348.5990,258.8841,338.0348,255.4180,343.3643,258.9352,330.2661,260.6238,348.4938,265.4447,331.3069,261.4096,343.1609,264.4661,331.8018,263.2149,339.8540,265.3802,347.7554,260.2814,340.2136,255.7461,,,341.8283,184.9968,,,,
73908,0,,,,,,,,,,,,,,,356.0364,185.3054,322.5765,186.7914,356.8946,202.2727,318.6664,198.9610,346.3250,199.8442,331.6873,199.6673,346.0894,231.8504,326.2548,231.4607,345.3909,258.4297,335.1270,254.6026,,,,,,,320.5552,185.7506,356.4090,184.2556,324.3191,185.5747,356.1039,185.1005,317.1257,198.7954,355.8845,201.7978,318.3060,198.9552,359.1582,201.9083,327.4535,193.6527,343.5160,193.1842,338.9493,190.8468,346.7033,190.8303,323.4089,229.3558,349.1316,229.8818,331.3104,230.1804,340.5183,229.7961,332.8042,253.9654,348.7323,258.7710,335.9506,255.4256,343.4407,258.8292,327.9133,260.4510,348.0453,265.1181,328.4914,261.0908,342.7360,264.2268,328.8129,262.8441,339.4580,265.2085,348.1005,260.3173,338.3247,256.1885,,,341.0472,184.9606,342.4103,184.8702,,
73909,0,,,,,,,,,,,,,,,355.8811,185.4402,322.4850,186.9177,355.3716,202.3620,318.4322,198.2779,345.7587,200.1674,331.1917,199.7941,346.3414,231.9536,325.9769,230.8514,345.7673,258.6265,334.0563,255.1273,,,,,,,320.7338,185.8680,355.9228,184.3855,324.0778,185.7060,356.0302,185.2885,316.9082,198.2156,354.2109,201.9461,318.1411,198.4038,357.5048,201.8576,327.4121,193.4434,342.7315,193.1363,338.8365,191.0063,346.4898,191.0729,323.0484,228.5705,349.3156,229.8647,331.1637,229.5052,340.7287,229.7594,331.7380,254.6677,349.1042,259.0124,334.7948,255.8958,343.9303,259.0739,326.3083,260.4449,348.7319,265.3491,327.0817,261.2511,343.3146,264.6917,327.3361,262.9285,339.8637,265.7879,348.5077,260.7261,337.1396,256.9452,,,341.0426,185.0003,,,,
73910,0,,,,,,,,,,,,,,,354.5215,185.3607,323.0239,187.0614,354.3893,201.8387,318.2642,198.2572,344.9722,199.4928,330.7847,199.3414,345.5501,231.3032,325.2011,230.4517,345.3371,258.2774,331.1295,255.9701,,,,,,,321.3633,185.9029,354.7682,184.5904,325.4362,185.7104,354.9599,185.2729,316.4479,198.2159,353.2326,201.3703,318.2666,198.2041,356.3763,201.3552,327.2427,193.0132,342.0755,192.8287,338.5959,190.3301,345.9507,190.3343,322.5766,227.9867,348.1850,229.3792,330.2437,229.2920,340.1814,229.2918,328.6566,255.5935,348.7400,258.6802,331.9852,256.6279,343.4319,258.8099,322.8538,261.4090,348.0573,264.9005,323.5811,261.8042,342.6751,264.3949,324.0251,263.3278,339.2001,265.6130,348.3259,260.3330,333.6478,258.3971,,,340.8635,185.0984,,,,
73911,0,,,,,,,,,,,,,,,354.2856,185.5173,322.5891,185.9957,353.9780,201.9253,317.3579,198.5260,344.3646,199.9715,330.0107,199.7012,345.2086,231.5077,324.9126,231.0914,345.6910,257.9293,327.9575,257.9235,,,,,,,320.6425,186.0587,354.8111,184.6914,328.0426,185.8488,354.7746,185.3794,315.4173,198.3991,353.0910,201.1587,317.1386,198.5401,356.1401,201.5799,326.7416,193.0798,341.6615,193.1339,338.1136,190.4678,345.4081,190.6429,322.5172,228.2650,347.9156,229.4755,330.0298,229.6275,339.6988,229.6458,325.4493,257.6789,349.0769,258.2393,328.7643,258.7325,343.9803,258.4507,319.1845,262.9870,348.7905,264.5995,319.9376,263.2602,343.5797,263.8322,320.2817,264.7210,340.0837,265.0024,348.5185,259.9966,330.2378,260.1533,,,340.8109,185.2686,,,,
73912,0,,,,,,,,,,,,,,,352.9537,185.2271,322.1571,186.4905,352.9468,201.6634,316.5192,199.0538,343.7630,199.7045,329.2584,199.4859,344.8614,232.3768,324.2967,231.8808,345.4432,258.0763,324.5130,259.6427,,,,,,,320.2235,186.5789,353.3381,185.2120,325.6292,186.2666,353.5591,185.2086,314.5952,198.7963,351.8475,200.9463,316.2847,198.9656,355.0478,201.4413,325.9643,192.9702,341.1432,193.1429,337.4239,190.0245,344.8482,190.0350,321.9165,228.7264,347.4776,230.2216,329.5574,230.1894,339.1162,230.6736,322.1358,259.2626,348.7654,258.2505,325.4314,260.2719,343.7397,258.5407,315.3405,264.3094,348.8731,264.5855,315.8290,263.8124,343.6822,263.9665,316.0649,265.0269,340.1336,265.0980,348.0615,259.6748,327.1575,262.3595,,,340.4262,185.7333,,,,
73913,0,,,,,,,,,,,,,,,352.3262,186.0962,320.8153,186.6641,351.7884,201.3099,316.1131,198.4743,342.7792,199.8135,327.8556,199.8079,344.3012,231.8856,324.3445,231.3908,345.2782,258.6563,322.1230,259.7714,,,,,,,319.3689,186.6290,352.3947,185.3714,323.1719,186.5588,352.6919,185.3307,314.2969,198.0689,350.5821,200.5926,315.8504,198.3116,354.0371,201.0288,325.4690,192.5020,340.3999,192.5579,336.5947,189.8591,343.9986,189.4382,322.0274,227.7877,347.0486,229.4732,329.8801,228.9331,338.3442,229.3966,320.2840,259.8474,348.7148,259.0012,322.9802,260.5984,343.4419,259.1310,313.0647,264.3941,348.6436,265.3552,313.8737,263.4220,343.2381,264.8150,314.1824,264.0906,339.2915,266.1017,348.1880,260.7684,324.8346,263.6924,,,339.0535,185.7692,,,,
73914,0,,,,,,,,,,,,,,,351.4109,186.3479,319.7340,186.9727,350.8132,200.4831,314.6904,199.4294,341.7615,199.5046,327.3975,199.4731,343.6049,232.1204,323.2592,231.7912,344.5842,259.4150,320.7337,260.1790,,,,,,,317.9339,186.9792,351.2554,185.6585,322.6165,186.8625,351.9418,185.6120,312.9149,198.9940,349.5817,199.8871,314.4919,199.3542,353.1339,200.0952,324.0935,192.4930,338.6457,192.3534,335.7506,190.0147,343.1034,189.3995,320.9564,228.3523,346.2336,229.7675,328.7315,229.5717,337.5276,229.8818,318.8352,260.2076,347.9679,259.9247,321.5505,261.0688,342.7137,259.9114,311.3674,264.8432,347.6748,266.3270,311.7655,263.7634,342.3147,265.6014,311.8974,264.4276,338.4816,266.5786,347.4623,261.7311,323.5679,264.1338,,,338.1673,186.2609,,,,
73915,0,,,,,,,,,,,,,,,349.3671,187.3879,317.5866,187.7190,348.3683,200.8816,313.0473,200.4203,339.7264,200.2233,325.8530,200.7147,342.6956,232.8193,322.1002,233.0251,344.7505,258.9200,320.1546,261.0169,,,,,,,316.0689,187.7766,348.9337,186.5033,319.2026,187.7455,350.1200,187.0416,311.2877,200.0683,347.1080,200.4353,312.8737,200.2706,350.7181,200.5173,322.2056,193.8912,336.0662,193.6633,333.7569,190.7869,340.5646,190.1423,319.9423,229.6627,345.0869,230.6262,327.0770,231.1045,336.7494,230.9826,318.2243,260.9205,348.2400,259.2538,320.8754,261.7999,342.9798,259.4766,311.2592,265.7247,348.1974,265.8461,311.2749,265.0487,342.6809,265.3157,311.1211,266.0457,339.1804,266.4247,347.9491,260.7428,323.3479,264.4107,,,335.5365,186.9418,,,,
73916,0,,,,,,,,,,,,,,,347.3468,187.1826,317.9632,187.4535,346.9650,201.3455,311.7756,200.9991,338.7158,200.9045,324.7529,201.4989,341.3111,233.5506,320.9754,233.3350,344.6168,258.8872,319.6682,260.9547,,,,,,,315.0939,187.5307,347.0679,186.2922,321.2971,187.3002,348.3956,186.8471,309.6505,200.7131,345.6732,200.8324,311.4132,200.7390,349.2473,200.9791,320.7984,194.7143,335.3601,194.4313,332.4148,192.2780,339.8188,191.5116,318.9214,230.1906,343.8131,231.4057,325.6495,231.4049,335.2933,231.6152,317.3725,260.8512,347.5471,259.1630,320.4862,261.7020,342.3415,259.3079,310.7668,265.9544,347.4518,265.5880,310.7207,265.4258,341.8074,265.1775,310.6098,266.5906,338.2520,266.3210,346.9602,260.4714,322.6693,263.9138,,,334.7980,186.7274,,,,
73917,0,,,,,,,,,,,,,,,346.1823,186.9524,317.3096,188.3447,345.4671,200.7230,310.9957,201.6778,337.5271,200.7394,323.6701,200.9953,339.8034,233.4327,320.0375,233.1056,344.1602,259.3202,319.9536,261.0442,,,,,,,313.6531,187.6188,345.9712,186.3339,320.5411,187.3502,346.9713,186.2645,308.8163,201.5163,344.0969,200.1878,310.5322,201.0428,347.7356,200.3719,319.7759,194.3493,334.0940,194.1270,331.3832,192.1753,338.6967,191.3462,317.9192,229.9801,342.2756,231.1859,324.8208,231.4030,333.7679,231.7692,317.3612,261.0637,347.2680,259.3735,320.8145,261.7311,341.9686,259.6604,310.7992,266.1295,347.3242,265.8391,311.0413,265.6709,341.6457,265.6798,311.2100,266.8820,337.9051,266.8567,346.4991,260.6132,322.7531,263.8746,,,333.7905,186.7545,,,,
73918,0,,,,,,,,,,,,,,,344.6974,186.9639,315.0740,188.3639,344.2944,200.1740,310.0007,201.8971,336.3453,200.7575,322.5169,200.9911,338.3606,234.0661,319.3493,233.1944,344.0992,258.1754,319.7229,261.0660,,,,,,,312.1473,187.6454,,,319.1842,187.4058,345.5947,186.2948,307.9888,201.7036,342.9287,199.6601,309.5433,201.5707,346.7580,199.8398,318.5793,194.3816,332.7101,193.9833,330.3002,192.2381,337.5270,191.4162,317.1200,229.9239,340.8492,231.8528,324.1248,231.1655,332.3854,232.3465,317.0683,261.1229,347.2083,258.2333,320.6528,261.8156,342.0265,258.5447,310.5676,266.2148,347.6614,265.0033,310.9543,265.6910,342.0487,265.1338,311.1725,266.8848,338.1757,266.6423,346.6359,259.2284,322.4605,263.9580,,,332.6939,187.4485,,,,
73919,0,,,,,,,,,,,,,,,343.6904,186.9711,312.9157,188.6037,343.0639,199.8013,308.8113,201.6217,334.3989,200.5797,321.3997,200.8794,336.2357,233.8410,318.8914,233.2275,343.3444,257.8891,319.6632,260.7428,,,,,,,310.7575,187.7623,,,319.0333,187.4642,344.6102,186.4320,306.8784,201.3273,341.6737,199.2476,308.4039,201.3093,345.6110,199.5425,317.4747,194.3040,330.2907,193.7854,329.3311,192.0195,336.1386,191.2275,316.6736,229.7629,338.7541,231.7576,323.4114,230.8592,330.8850,232.3507,317.1747,260.8766,346.4725,257.7747,320.5613,261.4551,341.4103,258.3494,310.7331,265.9896,346.7513,264.4836,310.9012,265.4379,341.2673,265.0008,311.0271,266.5536,337.4996,266.7451,346.1342,258.7007,322.3463,263.7444,,,331.4346,186.9535,,,,
73920,0,,,,,,,,,,,,,,,342.3453,186.3992,311.9155,188.6172,341.7894,199.2555,308.1190,200.7575,333.8044,199.5647,320.7479,199.5902,334.7716,233.5289,318.0508,232.9910,342.1994,257.7966,319.5889,260.8979,,,,,,,310.0677,187.7402,,,314.0442,188.3629,,,306.3519,200.3449,340.3225,198.7915,307.7571,200.6888,344.4616,199.0215,316.3090,193.7023,329.4314,192.7657,328.3709,191.6271,335.4444,190.6105,316.0252,229.8706,337.3241,231.5250,322.4188,230.8337,329.4883,232.1273,317.0723,261.0969,345.3538,257.4828,320.4544,261.5170,340.3069,258.2145,310.3145,266.1609,346.2153,264.3264,310.4972,265.3037,340.8524,265.1662,310.7152,266.1724,336.9415,267.1161,344.9087,258.1051,322.2942,263.8663,,,330.6573,186.9786,,,,
73921,0,,,,,,,,,,,,,,,341.8292,186.2225,311.3546,188.3637,340.8976,199.0007,307.5368,200.4650,332.8360,199.6191,319.3287,199.9086,333.6794,233.0847,317.5215,232.9881,341.4062,256.8667,319.3810,260.4948,,,,,,,309.2903,187.5552,,,317.7156,187.2242,,,305.6711,200.1469,339.5471,198.3745,307.0827,200.0151,343.3953,198.8214,315.3173,193.1769,329.4990,192.6113,327.4469,191.1277,334.7905,190.1410,315.2706,229.4297,336.2269,231.1485,322.3343,230.4452,328.2091,231.5848,316.7336,260.7674,344.5903,256.4812,320.2388,261.3138,339.3213,257.2644,310.2786,265.8224,345.4202,263.7903,310.6401,265.1641,339.9173,265.0072,310.9760,266.0994,336.0998,267.2131,343.7944,256.7464,322.0405,263.8458,,,329.8233,186.8181,,,,
73922,0,,,,,,,,,,,,,,,341.5814,186.8708,310.7159,187.4616,339.3800,198.6946,306.3997,200.1927,332.1546,199.4553,319.2154,199.8181,332.6338,233.3000,317.1726,233.0762,339.6693,256.6125,319.4817,260.5632,,,,,,,308.7420,187.4517,,,315.5323,187.1158,342.3109,186.1254,304.5761,199.8094,338.2321,197.9651,305.9928,199.7734,341.5836,198.6626,315.0665,193.1788,328.7167,192.6558,326.7954,191.2371,334.0365,190.0194,315.0515,229.6004,335.1508,231.4728,321.8685,230.6964,327.1049,231.6952,317.1734,260.6662,342.9194,256.2346,320.2963,261.2079,337.6333,257.1299,310.6678,265.6618,343.6933,263.4976,310.9401,265.1582,338.2513,264.8447,311.1163,266.0913,334.7400,267.0540,342.1604,256.6307,322.3948,263.5729,,,328.8944,186.7129,,,,
73923,0,,,,,,,,,,,,,,,340.5913,186.0959,309.2285,187.4513,337.6660,197.9342,305.6038,199.2863,330.5572,198.4474,317.2978,198.7031,331.0591,232.3049,316.5950,232.2871,337.3236,257.6501,319.1654,259.7516,,,,,,,307.4414,187.4025,,,316.2314,187.0274,341.5280,186.0583,303.7462,198.8764,336.5000,197.0881,305.2090,199.2041,340.0094,197.8981,313.1650,192.0053,327.2756,191.4723,325.0098,189.8128,332.6495,187.9019,314.2586,228.5709,333.7141,230.3296,321.3275,229.8136,325.5090,230.8355,316.8516,259.8393,340.6699,257.3366,319.9257,260.6455,335.3637,258.4342,311.0326,265.7690,341.3141,264.4055,311.4108,265.2276,335.6223,265.4681,311.5356,266.0733,332.5746,267.6774,339.9184,258.1753,322.0789,262.7933,325.9009,186.6432,326.8347,186.6146,,,,
73924,0,,,,,,,,,,,,,,,339.3684,186.1774,307.4734,187.5089,337.0523,197.4593,305.0474,199.0159,330.5298,197.6117,317.6545,197.9154,329.7974,232.2342,316.1609,231.6486,334.8943,258.4187,318.9871,259.0424,,,,,,,305.8343,187.4998,,,315.9129,187.0650,,,302.9623,198.5744,335.5775,196.8177,304.6467,198.8092,339.4422,197.3292,313.1927,191.4285,326.9160,191.1372,324.8802,189.5440,332.4017,187.9566,313.7671,227.9857,332.4704,230.3917,320.6225,229.3561,324.3919,230.6073,316.7711,258.8992,338.2987,258.1078,319.8354,259.7080,332.9808,258.9975,310.2907,265.0029,338.5082,264.8294,310.7970,264.8093,332.7802,265.6181,310.9300,265.9120,329.5529,267.5741,337.8655,259.3075,322.1674,261.5066,326.0922,186.7236,327.4364,186.7038,,,,
73925,0,,,,,,,,,,,,,,,338.3125,186.6222,307.8317,187.8253,335.8948,197.3986,304.4103,198.5382,330.1690,197.7584,316.6109,198.2680,328.4404,232.4389,316.2985,231.9207,332.4741,259.6531,318.9482,259.3770,,,,,,,,,,,314.5562,187.4990,,,302.5141,198.0509,334.4342,196.7415,303.9325,198.3006,338.3707,197.2370,312.6134,191.2822,326.7579,191.3874,323.9265,189.7675,331.8479,188.4588,313.6579,228.0523,331.5494,230.3581,320.8407,229.5152,323.3717,230.5967,316.8637,258.9972,335.8139,259.7792,319.9016,260.0261,330.4845,260.0833,310.2272,265.0742,335.4710,266.5904,310.7711,264.9050,329.6069,267.0379,310.8932,266.2257,326.2514,268.6055,335.3038,261.2448,322.3218,261.7837,327.7338,187.0247,327.1426,187.0725,,,,
73926,0,,,,,,,,,,,,,,,,,305.5125,188.0107,335.2410,197.2161,303.3171,198.3484,329.2964,196.9920,316.1577,197.3278,327.7034,232.2566,316.1391,231.3515,330.3373,260.5581,318.9338,259.1718,,,,,,,,,,,313.8008,187.6129,,,301.2102,198.0682,333.8541,196.6592,302.7753,198.4107,337.5705,197.0495,311.6365,190.8930,325.3305,190.8434,323.4006,189.3786,331.1787,188.1440,313.5669,227.5846,330.7144,229.9920,320.3039,229.0649,322.6095,230.1583,317.0205,258.7582,333.6955,260.7843,319.8366,259.8328,328.3932,260.9276,310.1984,264.8526,332.4991,267.7582,310.5076,264.5861,326.8778,267.1188,310.4647,265.9101,323.3028,268.3953,333.7330,262.7383,322.6414,261.7603,326.7897,187.1530,326.3743,187.0781,,,,
73927,0,,,,,,,,,,,,,,,335.8048,186.7933,306.4225,187.8815,334.2413,197.3939,303.5002,198.3538,328.0038,197.1117,315.3231,197.3797,326.4684,232.0514,316.0124,231.1321,328.0254,261.0126,318.6297,259.0620,,,,,,,,,,,313.3815,187.6430,,,301.5599,197.9863,332.9581,196.9054,302.9569,198.2483,336.5575,197.2572,311.1042,190.6983,324.1952,190.7811,322.4688,189.4404,329.9862,188.1099,313.3918,227.2874,329.5239,229.7741,320.3251,228.5667,321.6325,229.7201,316.5952,258.6528,331.4091,261.3289,319.5175,259.5822,326.1666,261.3461,310.0730,264.4701,329.7980,267.8054,310.3074,264.2959,324.2806,267.1355,310.1475,265.8441,320.4711,268.2799,331.6937,263.6655,322.3909,261.7731,324.5060,187.2498,325.1464,187.1448,,,,
73928,0,,,,,,,,,,,,,,,,,,,333.6070,196.9258,302.6770,198.1940,327.7860,196.2425,315.4329,196.8711,325.5594,231.9474,316.0368,231.4887,326.5925,261.0218,318.9175,259.0798,,,,,,,,,,,313.2987,187.8253,,,300.6075,197.6935,332.2234,196.4946,302.4387,198.1506,335.8569,196.8232,310.8068,190.4344,324.2099,190.1466,322.2422,188.3701,329.9491,188.2041,313.0000,227.4726,328.6126,229.3937,320.1819,228.7040,320.5494,229.6725,316.6937,258.7081,329.5822,261.5390,319.7851,259.7680,324.8743,261.2366,310.4542,264.6996,327.6888,268.3518,310.8576,264.6772,321.8078,267.3863,310.5765,266.5845,318.1546,268.6436,329.9810,264.0485,322.6484,262.0817,326.0505,187.3715,325.3494,187.3175,,,,
73929,0,,,,,,,,,,,,,,,335.3418,187.0472,305.4631,188.2484,333.5786,197.3010,302.1235,198.3605,328.1099,196.8539,315.0665,197.2318,324.8519,232.1807,315.4799,231.1161,325.3650,262.0530,318.8027,259.3592,,,,,,,,,,,312.2995,187.9338,,,300.0962,197.8768,332.1273,196.9311,301.7088,198.2688,335.8236,197.2106,310.3145,190.6242,324.4514,190.6640,322.0473,187.6725,330.0341,188.2319,312.5658,227.6030,327.8766,229.9525,319.7901,228.7721,319.9014,229.8338,316.5627,259.0329,328.1475,262.7657,319.5284,260.0092,323.6500,262.1712,310.2220,265.0144,326.2697,269.4553,310.7692,264.9056,320.7073,268.5856,310.7278,266.4671,317.1994,269.5190,328.4233,265.2663,322.0813,262.2085,325.7994,187.4345,325.2377,187.4000,,,,
73930,0,,,,,,,,,,,,,,,334.6406,187.1916,308.6674,188.2463,333.2032,197.3025,302.0622,198.6583,327.3929,196.5962,314.7962,197.2154,324.1911,231.8196,315.1520,230.9238,324.8022,261.0988,318.7632,259.2454,,,,,,,,,,,312.0030,188.0681,,,300.0775,198.2824,331.8656,196.8464,301.7929,198.6284,335.4660,197.2121,309.6280,191.0133,322.8346,190.7263,321.3441,188.7004,329.2651,188.3564,312.2620,227.4625,327.2433,229.4513,319.5087,228.4273,319.4053,229.3997,316.5075,258.9093,327.5841,261.6174,319.5746,259.8197,323.0402,261.2159,310.2997,264.8288,325.7940,268.2840,310.8683,264.6774,319.9702,267.2909,310.8361,266.2259,316.4760,268.2749,327.9969,263.7558,321.9926,262.1082,325.1261,187.5667,324.5227,187.5251,,,,
73931,0,,,,,,,,,,,,,,,333.8599,187.2922,308.7290,188.2833,332.5176,197.2734,302.2824,198.8792,327.0995,197.0522,314.5037,197.8901,323.9215,231.6236,314.8518,231.0085,323.9149,261.0008,318.3909,258.6774,,,,,,,302.1664,188.5973,,,311.7419,188.1110,,,300.5941,198.4180,331.2805,196.7480,301.7960,198.7492,334.8608,197.2736,309.8798,191.2321,323.2153,191.0678,321.0581,189.8259,328.7292,188.6272,311.6916,227.4834,327.0871,229.3382,319.2491,228.3181,319.0839,229.3231,316.1750,258.3547,326.7161,261.6129,319.1520,259.2183,322.1990,261.1661,310.1648,264.2996,324.8713,268.2661,310.7454,264.0092,319.3841,267.2213,310.8603,265.7079,316.0198,268.2293,326.5880,264.0614,321.4468,261.5049,324.7998,187.6169,324.4079,187.6443,,,,
73932,0,,,,,,,,,,,,,,,333.5433,187.3894,308.4706,188.4017,332.1500,197.3385,301.6706,199.1929,326.6896,197.5375,314.1922,198.4748,323.0808,231.9801,314.5742,231.0353,323.6830,260.4979,318.6355,258.5598,,,,,,,,,,,311.3268,188.2432,,,299.8183,198.7282,330.8450,196.8331,301.2836,199.0621,334.4523,197.3262,309.2667,191.5181,322.7284,191.5155,320.6881,190.1607,328.4997,188.9704,311.4934,227.7215,326.2863,229.7677,318.7948,228.6095,318.1943,229.6858,316.4472,258.2965,326.6113,261.0090,319.3696,259.1647,321.9816,260.5874,310.3483,264.2394,324.4009,267.7936,310.8892,264.0236,318.8417,266.6136,310.9653,265.7709,315.4681,267.6172,326.7787,263.2272,321.6769,261.3756,324.6044,187.7421,323.6617,187.7968,,,,
73933,0,,,,,,,,,,,,,,,331.7817,187.7063,307.0163,188.5978,332.0669,196.8801,301.4872,199.5250,326.1117,197.4917,313.7225,198.7105,323.1111,231.3655,314.4465,231.2895,323.1330,260.8006,318.0618,258.7564,,,,,,,,,,,309.6198,188.4139,,,299.8013,199.0932,330.6999,196.3886,301.0489,199.4621,334.2429,196.7300,308.7107,191.8599,321.9587,191.5209,320.4525,190.3757,327.9538,188.8785,311.3214,228.0827,326.1032,228.8509,318.4903,228.6530,318.2902,229.2449,315.8672,258.5190,325.9853,261.2150,318.7677,259.3193,321.4705,260.8907,309.7241,264.4798,324.0851,267.7975,310.3537,264.1898,318.5834,266.4424,310.4874,265.7301,315.1242,267.3473,326.3144,263.6158,320.9504,261.5439,324.4223,187.8878,323.2493,187.8772,,,,
73934,0,,,,,,,,,,,,,,,332.4286,187.6662,306.0447,188.6991,331.9895,196.8993,301.5513,200.3051,325.9693,196.9350,313.5577,198.2949,323.0823,231.2304,314.3296,231.0669,322.5024,260.8356,318.0240,259.0272,,,,,,,,,,,,,,,299.7464,199.8322,330.7018,196.2244,301.2146,200.1052,334.1531,196.8380,308.6780,191.8792,321.7062,191.2410,320.1558,190.3194,327.6952,188.8924,311.3331,228.0852,326.0904,228.8067,318.4900,228.5499,318.3779,229.1618,315.8792,258.7866,325.4887,261.3612,318.7062,259.5667,320.8868,260.8891,309.5686,264.7135,323.5229,267.7299,310.0388,264.3504,317.9909,266.1102,310.0477,265.8842,314.6750,266.9437,325.6598,264.0545,320.9765,261.8321,323.9376,187.9707,322.8175,187.9643,,,,
73935,0,,,,,,,,,,,,,,,,,306.2157,188.7588,331.3529,196.5461,301.8400,199.6320,325.7978,196.5760,313.6846,198.0769,322.7531,231.4096,313.9728,231.1575,322.2745,260.6172,318.0855,258.9526,,,,,,,,,,,,,,,300.0420,199.0991,329.9914,195.7901,301.5654,199.5626,333.5103,196.4917,308.2647,191.6768,321.1205,190.9653,320.2424,190.0283,327.7845,188.6554,310.9351,227.9113,325.7682,228.9670,318.1954,228.4623,318.0648,229.1008,315.9054,258.7743,325.2643,261.1422,318.6697,259.5126,320.6907,260.7511,309.6188,264.7789,323.3285,267.6550,310.0459,264.5389,317.6553,266.1091,310.0457,266.1876,314.1941,267.0277,325.5494,263.8072,321.0959,261.7113,323.9527,187.9944,322.7595,187.9816,,,,
73936,0,,,,,,,,,,,,,,,332.1168,187.8044,307.0489,188.8031,331.0493,196.8177,302.8851,199.7571,325.5021,197.1905,313.2146,199.0024,322.5355,231.4178,313.7966,231.1836,322.1739,260.7756,318.1119,259.1582,,,,,,,,,,,,,,,301.2745,199.2257,329.7191,196.0194,302.4736,199.6487,333.0922,196.7602,308.3382,192.1223,320.7688,191.2904,320.2414,190.2850,327.6022,188.7320,311.1045,228.1248,325.4975,228.9702,317.8630,228.7351,317.9363,229.3131,315.8690,258.9011,325.0558,261.3035,318.7529,259.7139,320.6148,260.8770,309.9513,264.7322,323.0167,267.4804,310.3605,264.6345,317.6277,266.1042,310.4332,266.2405,314.3722,267.0441,325.3342,264.1890,321.1654,261.8400,324.0341,188.0984,322.6221,188.1054,,,,
73937,0,,,,,,,,,,,,,,,331.4913,187.9313,,,330.7900,196.7325,303.6185,199.2147,324.9653,197.1007,312.7619,198.7081,322.1039,231.0390,314.0719,230.7296,322.1260,261.0007,318.0064,259.0645,,,,,,,,,,,,,,,301.8679,198.9624,329.5081,195.8715,303.3650,199.4363,332.8923,196.6810,307.4036,191.5495,320.8005,190.9233,319.4522,189.6065,327.0363,188.7955,311.4283,227.0768,325.0763,228.2375,318.2532,227.5793,317.7746,228.2123,315.8173,258.8062,325.0267,261.4654,318.6624,259.5557,320.5606,261.0007,309.6935,264.7067,323.1033,267.7363,310.1645,264.6269,317.6440,266.1729,310.1223,266.0558,314.1998,267.1434,325.4804,264.4863,320.8308,262.0417,323.2602,188.2227,321.9836,188.1855,,,,
73938,0,,,,,,,,,,,,,,,328.4319,188.2555,,,330.1920,196.5209,304.2046,200.1750,324.5324,197.4163,313.1994,199.3835,321.8657,231.2193,313.9614,231.2206,321.7627,261.2515,317.8597,259.5940,,,,,,,,,,,,,,,302.3412,199.8985,328.8079,195.6708,304.1747,200.2900,332.2958,196.3040,307.3671,192.6822,319.4638,191.6231,319.9281,189.8982,327.1382,189.9716,311.1367,227.9644,324.6906,228.6337,318.0834,228.3381,317.5660,228.9320,315.9210,259.4257,324.8069,261.6247,318.3377,260.0852,320.2377,261.3392,309.6950,265.3855,322.6921,267.7478,309.7498,265.0985,317.0986,266.1878,309.6213,266.3751,313.5203,267.1419,325.4103,264.6357,320.8799,262.3503,323.3034,188.4274,321.4868,188.4974,,,,
73939,0,,,,,,,,,,,,,,,328.2585,188.4363,,,329.7484,196.7174,304.3321,201.0699,324.1135,198.3417,312.9407,200.1621,321.7754,231.6239,313.9994,231.9558,321.8877,260.9690,317.9449,259.3820,,,,,,,,,,,,,327.1827,188.4697,302.5729,200.7375,328.3164,195.8852,304.2500,201.1030,331.8656,196.5853,307.1820,193.4008,318.9375,192.3235,319.7676,190.9455,326.8904,190.5943,311.1114,228.5919,324.4628,229.1261,317.6877,229.1286,317.3321,229.5561,315.9969,259.1859,324.9576,261.2432,318.4960,259.8494,320.3913,261.0249,309.8863,264.9445,322.7824,267.2506,309.7662,264.8470,316.9934,265.9735,309.5541,266.2044,313.3628,267.0050,325.9869,264.0229,321.1137,262.1629,323.0533,188.6220,321.1444,188.6693,,,,
73940,0,,,,,,,,,,,,,,,328.8996,188.6790,,,329.4653,196.3902,304.4996,200.3980,323.6856,198.1951,312.3088,199.5749,321.8917,231.8462,313.9523,232.0737,322.3891,261.0253,317.7926,259.4748,,,,,,,,,,,,,328.0505,188.7363,302.9656,199.9869,328.0022,195.4676,304.3412,200.5062,331.6797,196.1533,307.0746,192.6515,319.1341,192.0681,319.3288,190.1408,326.3674,190.7126,311.1157,228.4594,324.7886,229.1914,317.8906,228.7872,317.4752,229.5337,315.6561,259.3097,325.3662,261.2979,318.4601,259.8603,320.8348,261.0465,309.8987,265.1974,323.1461,267.6457,310.0280,264.9747,317.6009,266.4316,309.8984,266.2175,313.8142,267.3885,326.0778,263.9630,320.8709,262.2065,322.3938,188.8819,321.1446,188.9376,,,,
73941,0,,,,,,,,,,,,,,,328.5798,188.8585,306.4675,189.7175,329.4106,196.5603,304.6149,200.7160,323.9235,198.1648,313.1324,199.8487,321.4801,231.8279,313.9346,232.0004,322.2272,261.2862,317.9757,259.6891,,,,,,,,,,,,,327.4690,188.8831,302.8465,200.4337,327.9674,195.6822,304.5922,200.9507,331.6468,196.4128,307.4916,193.3418,319.0164,192.2420,319.8496,190.2920,327.0072,190.8841,311.0414,228.4818,324.1646,229.2734,317.4155,229.0297,317.0896,229.6720,316.0427,259.4316,325.1703,261.6284,318.5344,260.1619,320.6522,261.2943,310.1622,265.1827,322.9535,267.8793,309.9826,265.1134,317.1744,266.5663,309.7349,266.4066,313.4957,267.4599,326.1871,264.0943,321.2419,262.4269,322.7381,189.0215,321.4026,189.0467,,,,
73942,0,,,,,,,,,,,,,,,328.0979,188.8955,306.2503,189.7720,328.7313,196.5521,304.7582,201.1810,323.7853,198.0445,313.1689,199.8866,321.6736,232.0362,313.9739,231.9728,322.1731,261.5669,317.7055,259.8721,,,,,,,,,,,,,327.2403,188.9219,303.0272,200.8782,327.0781,195.6512,304.7450,201.2471,330.9239,196.3563,307.3241,193.4297,318.7405,192.2957,320.1046,190.2001,327.0000,190.9712,311.1851,228.4874,324.2521,229.4870,317.3748,229.0018,317.3350,229.8146,315.9379,259.6217,325.0479,261.7306,318.1347,260.3099,320.5590,261.5941,309.9128,265.4310,322.5842,267.9722,309.4238,265.2100,316.6851,266.8748,308.9904,266.4582,312.7716,268.0791,326.1048,264.3884,321.3305,262.6181,323.0369,189.0148,321.5651,189.0802,,,,
73943,0,,,,,,,,,,,,,,,327.3747,189.1175,,,328.4747,196.5757,304.4945,201.0321,322.8950,198.4196,312.4771,199.6663,321.7321,231.7797,313.9661,232.1126,322.9265,261.4208,317.4530,259.6552,,,,,,,,,,,,,326.6153,189.1606,302.8124,200.6387,326.8917,195.7366,304.3060,200.9676,330.6671,196.1105,306.6963,192.8695,318.3750,191.7550,319.8412,189.4035,326.1748,191.2348,311.0805,228.5345,324.5723,229.2754,317.3364,228.8378,317.2943,229.5258,315.6349,259.4717,325.5612,261.6576,318.1195,260.1565,321.2806,261.4079,309.8726,265.2278,323.0280,267.9879,309.6383,265.0906,317.5692,266.7310,309.3173,266.5135,313.3689,267.6439,326.4981,264.3601,320.9586,262.5975,322.0841,189.2503,,,,,,
73944,0,,,,,,,,,,,,,,,327.8674,189.0551,,,328.6597,196.7457,304.9066,200.7485,323.3214,198.3235,312.4434,199.3288,322.0649,231.8474,313.9876,232.0773,322.8822,261.9995,317.5984,259.9894,,,,,,,,,,,,,327.2593,189.0982,303.2605,200.3117,327.0363,195.8884,304.8010,200.7036,330.8507,196.3775,306.5375,192.5682,318.7286,192.4287,320.1264,190.0497,326.6345,191.0263,311.2327,228.4781,324.9102,229.4818,317.4955,228.8708,317.6017,229.7227,315.7981,259.7833,325.5786,262.2282,318.2467,260.4858,321.2984,262.0369,309.9687,265.5536,322.8201,268.4227,309.5520,265.2978,317.5124,267.0312,309.1031,266.6601,313.3316,268.0736,326.7225,264.8747,321.1695,262.9520,322.1951,189.1946,321.4990,189.2109,,,,
73945,0,,,,,,,,,,,,,,,327.5081,189.1181,,,328.3753,196.8113,304.7889,200.4837,322.9959,198.5238,312.0792,199.4496,321.9155,231.7552,314.0046,232.1630,322.9111,261.8602,317.4270,260.0847,,,,,,,,,,,,,326.7842,189.1541,303.1549,200.2188,326.7564,195.8971,304.7210,200.5784,330.5407,196.3998,306.6055,192.7165,318.1280,192.3326,320.0481,189.3904,326.2816,191.2037,311.1541,228.6239,324.7419,229.3131,317.4028,228.7809,317.6092,229.4900,315.6875,259.9008,325.5700,262.0562,318.0579,260.5656,321.3450,261.8780,309.8763,265.7425,322.8151,268.2925,309.3631,265.5677,317.5409,266.9648,308.8629,266.8859,313.2912,268.0449,326.6509,264.7213,321.0725,263.1053,322.1481,189.2795,321.5074,189.2454,,,,
73946,0,,,,,,,,,,,,,,,326.9014,189.0305,,,328.0313,196.5176,304.6923,199.9590,322.6333,197.7926,311.9976,198.6042,321.9550,231.3659,313.9464,231.5223,323.0342,261.6572,317.5487,259.7375,,,,,,,,,,,,,326.0650,189.0536,303.0045,199.7090,326.4540,195.5875,304.7817,200.0048,330.2068,196.1372,306.2323,192.3768,317.6484,191.8986,319.4245,189.3256,326.2814,190.0168,311.1124,228.0004,324.6200,228.9646,317.2138,228.2262,317.5329,229.0800,315.7825,259.5521,325.6715,261.8895,318.2405,260.2420,321.4442,261.6753,310.1849,265.3007,322.9926,268.0762,309.7004,265.1247,317.7005,266.7057,309.2270,266.4245,313.7146,267.6331,326.7082,264.6203,321.1435,262.6927,321.9152,189.2083,320.8781,189.1599,,,,
73947,0,,,,,,,,,,,,,,,,,,,327.7256,197.0189,304.8970,200.5150,322.8839,198.0172,311.5335,198.9740,321.7222,232.0222,313.8319,232.1373,322.7746,262.0532,317.5602,260.1517,,,,,,,,,,,,,,,303.1653,200.1186,326.2555,196.1198,304.9479,200.5546,329.8733,196.6879,305.9107,192.5179,318.1951,192.1519,319.1376,189.4258,326.5067,190.8870,311.1030,228.5633,324.4564,229.6307,317.0550,228.8913,317.4093,229.6803,315.9282,259.9716,325.3835,262.3697,318.1352,260.6558,321.1745,262.0482,310.1101,265.5786,322.6543,268.5397,309.4467,265.4556,317.3787,267.0290,308.8846,266.6959,313.3862,267.8757,326.3723,264.9553,321.1702,263.1042,321.7636,189.3195,320.5090,189.3213,,,,
73948,0,,,,,,,,,,,,,,,,,305.1506,190.1218,327.5776,197.2765,304.8234,200.4670,323.2890,197.1993,312.0386,197.9214,321.8127,231.7441,313.6559,231.8226,322.6622,262.1181,317.7372,260.1045,,,,,,,,,,,,,,,302.9184,200.1388,326.0235,196.4477,304.8005,200.5665,329.8883,196.8979,306.1764,192.3593,318.6964,191.8579,319.8102,190.2134,327.4056,190.0839,311.0254,228.3693,324.4628,229.3523,316.8750,228.6447,317.4386,229.4321,316.1603,259.9663,325.3370,262.4196,318.2937,260.5861,320.9811,262.0863,310.2758,265.6635,322.5513,268.5427,309.2583,265.5728,317.0915,267.2842,308.6061,266.8985,313.0124,268.1997,326.5074,264.9844,321.4099,262.8912,322.1332,189.3366,320.8420,189.2975,,,,
73949,0,,,,,,,,,,,,,,,,,,,326.8014,197.5849,306.6047,200.3963,322.2669,199.0612,311.5942,200.0883,321.5435,232.8224,313.8587,232.4809,322.6106,262.0278,317.5998,260.1461,,,,,,,,,,,,,,,304.7116,200.2562,325.3956,196.7718,306.9974,200.5866,328.7212,197.4513,306.3875,193.1168,317.0680,192.9742,320.2252,190.2912,326.5609,191.3180,311.4532,229.0959,324.0805,230.5950,316.8101,229.6430,317.1685,230.5580,316.1578,259.9162,325.1371,262.2809,318.1019,260.6516,320.9900,261.9774,310.5277,265.5254,322.3419,268.3322,309.2561,265.6606,317.0131,267.2150,308.4369,267.0068,313.1037,268.2708,326.3783,264.8515,321.4123,262.8961,322.4421,189.2396,321.3258,189.3849,,,,
73950,0,,,,,,,,,,,,,,,,,,,326.9296,197.7022,306.6129,200.1895,322.6975,198.3652,312.0314,199.2531,321.5962,232.4544,313.8964,232.3403,322.7410,261.8238,317.6944,259.9511,,,,,,,,,,,,,,,304.6361,200.1016,325.4432,196.9824,306.7837,200.3477,328.8999,197.5009,306.4901,192.7896,317.3174,192.6770,319.9881,190.0551,326.6276,190.9997,311.5279,229.1653,324.1140,230.3145,316.9609,229.4253,317.3717,230.3155,316.2131,259.7297,325.3509,262.0120,318.2452,260.4414,321.0223,261.7658,310.5706,265.2283,322.3779,268.0427,309.4318,265.3210,316.8872,266.9335,308.7444,266.6843,312.9503,267.9814,326.4937,264.6117,321.4911,262.6180,322.3819,189.1605,320.9634,189.3205,,,,
73951,0,,,,,,,,,,,,,,,,,,,326.6896,197.4285,306.0288,200.3880,322.6206,197.7497,311.9297,198.4535,321.3461,231.8515,313.7988,231.6605,322.3727,261.0471,317.7289,259.2255,,,,,,,,,,,,,,,304.1541,200.2133,325.1242,196.5583,306.1501,200.4927,328.9691,197.1856,306.2225,192.2089,317.6579,192.1255,320.1839,190.1085,327.1125,190.0913,311.2159,228.4483,323.8975,229.5964,316.8058,228.7699,316.8924,229.6629,316.1054,258.9644,325.0348,261.2307,318.2769,259.7097,320.5378,261.0063,310.4433,264.8047,322.2702,267.5614,309.2659,265.0241,316.4449,266.6440,308.5649,266.5361,312.5734,267.7691,326.0949,263.7062,321.5950,261.8939,322.4971,189.1545,321.0065,189.2134,,,,
73952,0,,,,,,,,,,,,,,,327.9902,188.6005,,,326.6884,197.7362,306.5250,200.7312,322.4903,198.1889,312.0523,199.2193,321.2971,232.4935,313.8092,232.0628,322.1682,262.6581,317.4328,260.1396,,,,,,,,,,,307.1046,189.3335,,,304.6063,200.4917,325.2188,196.9987,306.8687,200.8282,328.8080,197.5556,306.2864,192.7403,316.9210,192.6152,320.1260,189.8302,327.3245,189.8438,311.4472,228.9277,323.7635,230.3727,316.8310,229.3896,317.3277,230.2876,316.1132,259.8358,324.6573,262.8564,317.8607,260.6948,320.5543,262.6444,309.9406,265.4656,321.4935,268.9088,308.6215,265.5847,316.1152,267.7504,307.8298,267.0558,312.1334,268.8880,326.2804,265.2834,321.6520,262.9360,322.6048,188.7599,320.8783,189.5805,,,,
73953,0,,,,,,,,,,,,,,,328.3303,188.3865,306.6790,189.2426,327.0501,198.1020,306.6421,200.7920,322.8266,199.1776,312.3430,200.0650,321.5316,233.2274,313.7954,232.8510,322.1083,263.0302,317.5133,260.5948,,,,,,,,,,,307.6678,189.2348,,,304.5644,200.4084,325.4453,197.4021,306.9083,200.7097,329.1243,198.0153,306.3917,192.8300,317.5450,192.9250,320.2254,189.5524,327.0627,190.8241,311.3040,229.5917,323.9697,230.8301,316.8632,229.9497,317.3065,230.6479,316.0357,260.3233,324.7052,263.2248,318.1172,261.1707,320.4123,263.1220,309.9586,265.8893,321.7527,269.2928,308.8600,266.0607,316.4147,268.1257,308.1145,267.6010,312.3629,269.2656,326.1452,265.8394,321.5900,263.2751,,,321.3266,188.6850,,,,
73954,0,,,,,,,,,,,,,,,328.4440,188.3353,307.3799,189.1955,327.0305,198.3505,305.9085,200.8929,322.6429,199.3323,312.6318,200.1859,321.2906,233.1574,314.2028,232.7007,322.0544,263.0164,317.4104,260.6746,,,,,,,,,,,308.5610,189.1294,327.4641,188.4330,303.8760,200.3104,325.4167,197.6752,306.2601,200.7948,329.0921,198.2182,306.5348,192.8207,317.2012,192.9355,320.3595,190.5730,326.8097,191.0812,311.6723,229.4461,323.6562,230.7415,317.1087,229.7557,317.2514,230.5213,316.0307,260.3765,324.6197,263.2344,317.9415,261.2565,320.4299,263.1067,310.1927,265.8488,321.7852,269.2230,308.9164,266.1246,316.4483,268.1430,308.1157,267.6434,312.5382,269.3028,325.9493,265.8854,321.4139,263.4263,322.9141,188.5618,321.4011,188.6244,,,,
73955,0,,,,,,,,,,,,,,,329.2188,188.0543,307.5005,188.9397,327.1837,198.5520,305.8320,200.9050,323.1008,199.2146,313.1481,199.9505,321.4765,233.3655,313.6169,232.6866,322.0015,263.3209,317.5318,260.7568,,,,,,,,,,,309.0121,188.8870,330.2494,188.0124,303.8291,200.1917,325.4966,197.8766,306.2055,200.9389,329.2727,198.4906,306.6649,192.9630,317.5094,192.9908,320.8224,190.4562,327.2611,190.8162,311.2651,229.4926,323.8730,231.1111,316.5307,230.0933,317.1898,230.8755,316.2310,260.3779,324.5808,263.6191,317.9378,261.3514,320.4015,263.3392,310.0155,265.8118,321.5092,269.5582,308.7197,265.9677,316.0172,268.2235,307.8504,267.3816,312.0153,269.3192,326.1762,265.9780,321.6740,263.5552,,,321.8593,188.2683,,,,
73956,0,,,,,,,,,,,,,,,328.9026,187.8682,307.4301,188.6688,327.1598,198.8973,305.5490,201.8768,322.9861,200.1444,313.5472,200.8609,321.1127,233.6856,313.9016,232.9962,321.9894,262.7609,317.4797,260.4342,,,,,,,,,,,309.3991,188.6355,329.7965,187.8869,303.6255,201.0426,325.5952,198.1780,305.7115,201.7006,329.2124,198.8338,306.7323,194.0187,317.2178,193.9722,320.7472,190.7675,327.0204,191.1477,311.4464,229.7398,323.6706,231.4521,316.8552,230.4798,316.7028,231.3041,316.1166,260.1313,324.6955,262.8596,317.9241,260.9559,320.3720,262.7916,310.1192,265.7502,321.9424,269.1067,308.9600,266.0066,316.4723,268.1362,308.1763,267.4205,312.4647,269.3084,326.1114,265.1243,321.3688,262.9403,,,321.7605,188.1178,,,,
73957,0,,,,,,,,,,,,,,,328.5316,187.5976,307.2086,188.4093,327.2953,198.8896,305.3211,201.5215,322.7650,200.3158,312.8013,200.9584,320.9731,232.9865,313.7977,232.5087,321.7436,262.6153,317.7302,260.1970,,,,,,,305.1487,188.5216,,,309.1565,188.3425,329.5455,187.5646,303.3874,200.6455,325.6992,198.1278,305.4369,201.2039,329.4170,198.7855,306.5766,193.8031,317.6334,193.7375,320.3129,190.7407,326.7625,190.9132,311.2588,229.1624,323.5965,230.7563,317.1765,229.8308,316.7002,230.5074,316.1204,259.8093,324.5526,262.9038,318.2178,260.7230,320.1370,262.6276,310.2722,265.3429,321.6627,269.2749,309.4058,265.6886,316.0354,268.2623,308.7451,267.0621,312.2244,269.3909,325.7407,265.2600,321.6571,262.8294,,,321.5555,187.8408,,,,
73958,0,,,,,,,,,,,,,,,328.5655,187.4154,306.7403,188.2515,327.1532,199.4340,304.7606,201.5286,322.8299,200.6375,312.6200,201.2446,321.2075,233.6902,313.8124,232.9190,322.0136,262.6394,317.6436,259.9746,,,,,,,,,327.9163,187.4514,308.7330,188.2212,329.7117,187.3672,302.9247,200.8584,325.5588,198.7778,304.8183,201.3111,329.1648,199.3999,306.4887,194.4807,317.3708,194.3464,320.0417,190.9892,326.4876,191.2850,311.3103,229.7775,323.7204,231.6427,317.0518,230.5426,316.6973,231.3969,316.2181,259.6378,324.7708,262.8003,318.1104,260.4709,320.3932,262.6464,310.3709,265.2406,322.2325,269.2153,309.4018,265.4965,316.7420,268.2110,308.7134,266.9980,312.8357,269.3407,325.9811,265.0978,321.4446,262.4089,,,321.1090,187.6795,,,,
73959,0,,,,,,,,,,,,,,,329.2567,186.6181,306.3928,187.5485,327.3679,199.5702,304.0061,200.8499,322.9285,200.0025,312.6676,200.4037,321.1887,233.2777,313.9754,232.5347,321.8218,262.4846,317.9859,259.9180,,,,,,,304.3540,187.6201,328.7355,186.7390,308.6509,187.4210,330.3163,186.5634,302.0560,200.1056,325.8860,199.0359,304.1235,200.6181,329.3128,199.4742,306.8100,193.2091,318.1301,193.4041,320.8324,190.2231,326.9766,190.6241,311.3513,228.8492,323.5818,231.0327,317.2238,229.7617,316.7935,230.5875,316.5192,259.4327,324.6094,262.7447,318.4322,260.5017,320.2374,262.5510,310.4972,264.9472,321.8669,269.1688,309.5558,265.3668,316.0943,268.1029,308.8035,266.8238,312.3451,269.2478,326.0051,265.2344,321.9157,262.3831,,,322.1620,186.8617,,,,
73960,0,,,,,,,,,,,,,,,329.7915,186.5543,305.5372,187.5028,327.4740,200.0719,303.1131,201.1999,323.2956,200.2773,312.8852,200.6602,321.2315,233.5437,313.9370,232.8351,322.2468,262.5165,317.9968,259.9265,,,,,,,303.0319,187.6547,329.7546,186.5249,307.4854,187.3693,330.8758,186.4909,301.2309,200.6893,326.0736,199.6330,302.8738,201.1554,329.4163,199.9705,307.0646,193.6711,318.8429,193.8653,320.6441,190.6297,326.8932,191.0979,311.2207,229.5409,323.6923,231.5291,317.2515,230.3771,316.6200,231.2625,316.4671,259.4904,324.9618,262.7154,318.5425,260.4785,320.6331,262.5775,310.7587,265.1589,322.5883,269.0480,310.1734,265.3789,317.3583,268.0139,309.6289,266.7695,313.6002,269.1542,326.0969,265.1456,321.7221,262.3038,,,322.1086,186.8159,,,,
73961,0,,,,,,,,,,,,,,,329.7537,186.9633,304.9038,187.4363,328.9397,199.9929,302.7270,201.2496,323.7125,200.1508,312.9476,200.7093,321.5716,233.3599,314.2374,232.7647,322.1094,262.9057,317.9365,260.2900,,,,,,,302.0527,187.4375,329.6429,186.3769,306.6747,187.2099,330.2758,186.3316,300.9800,200.7202,327.3698,199.6308,302.2183,201.1272,331.0718,199.7986,307.0666,193.9832,319.8229,193.9736,320.0942,190.5837,326.8118,190.8180,311.7500,229.1300,324.2129,231.2125,317.8455,230.0432,317.0133,230.7412,316.2722,259.8420,324.9542,263.1165,318.5987,260.8240,320.5598,262.9222,310.4948,265.4197,322.3698,269.2627,310.2570,265.6290,317.1255,268.2279,309.9005,267.0380,313.3947,269.3390,325.8168,265.6936,321.5147,262.7004,,,321.6237,186.6144,,,,
73962,0,,,,,,,,,,,,,,,331.1636,186.5859,305.0612,187.0422,329.1259,200.6429,301.0219,201.5447,323.8695,200.6950,312.5805,201.1960,321.5145,233.8591,313.9369,232.8979,322.0297,263.4320,317.9387,260.6863,,,,,,,301.7053,187.0787,331.0915,185.9658,306.9834,186.8522,332.4616,185.9170,299.1310,201.0134,327.6730,200.2661,300.6968,201.4930,331.2059,200.4352,307.0252,194.2931,319.8394,194.5768,320.1348,191.6672,326.8842,191.9572,311.1177,229.5419,324.0801,232.0426,317.3516,230.8341,316.5647,231.6325,316.0649,260.1874,324.7880,263.7275,318.6354,261.2869,320.3672,263.4870,310.3488,265.8091,322.3973,269.9442,310.2563,266.0371,316.9545,268.9348,310.0220,267.4781,313.4199,270.0660,325.6057,266.1414,321.4113,262.9458,,,321.6277,186.2764,323.5968,186.2152,,
73963,0,,,,,,,,,,,,,,,331.6528,185.6049,304.9257,186.7046,329.3757,200.8021,300.2162,200.9596,323.9109,200.9866,312.5833,201.4027,321.4445,234.0236,313.6685,232.9626,321.9011,263.4781,317.7416,260.8033,,,,,,,300.7813,186.8553,331.2138,185.6540,307.0267,186.5263,333.2553,185.5518,298.2320,200.4645,327.8818,200.3628,299.9579,201.1128,331.5686,200.5726,306.8217,194.2013,319.9314,194.6136,319.8147,192.0932,326.6021,192.3741,310.7607,229.5841,324.2448,232.2962,317.3167,230.9353,316.3830,231.6104,315.8831,260.3916,324.7053,263.8045,318.3987,261.4050,320.2073,263.5772,309.9501,266.1824,322.2738,270.2120,309.9969,266.4720,316.7150,269.2351,309.8478,267.8649,313.1167,270.4375,325.6327,266.2070,321.3756,262.9936,,,321.4480,186.0289,323.3830,185.9047,,
73964,0,,,,,,,,,,,,,,,332.5780,185.9378,304.6494,187.1546,330.0792,201.5996,299.1689,201.1845,323.7568,200.9386,311.8316,201.3019,321.4187,234.1460,313.1143,232.6543,321.7110,263.2347,317.8759,260.1720,,,,,,,300.1680,186.3779,332.3385,185.1582,306.5496,186.0420,334.2306,185.7452,296.9993,200.6011,328.6034,201.1258,298.9044,201.0807,332.2268,201.3592,306.3217,194.3777,319.6860,194.5741,319.3742,191.8158,326.1001,192.1161,310.2842,229.4144,324.1452,232.3939,316.7752,230.9582,316.3101,231.8260,316.0482,259.7693,324.6294,263.5643,318.5507,260.8152,319.9992,263.3618,309.9896,265.8355,322.2572,269.9166,309.8445,266.1158,316.6268,268.9959,309.5889,267.6079,313.0334,270.1192,325.4032,265.9859,321.4855,262.3353,,,321.2091,186.3120,323.0841,185.4580,,
73965,0,,,,,,,,,,,,,,,332.7507,185.5793,304.6936,186.9805,330.6954,201.2676,299.4074,200.6797,323.7379,200.8847,311.5766,201.2747,321.4535,234.0518,313.1903,232.9158,321.8769,263.2343,317.6792,260.2845,,,,,,,300.3631,185.9845,332.7166,184.7564,306.8424,185.6461,334.1035,185.3980,297.3976,200.0611,329.1119,200.7084,299.1081,200.7498,332.8855,201.0775,306.5074,193.9959,320.3243,194.0607,319.0977,191.6575,326.1592,191.8563,310.1060,229.3378,324.2580,232.3114,317.1119,230.9503,316.3794,231.5753,315.6923,259.9026,324.7986,263.6991,318.4121,260.9386,320.2278,263.3712,309.8195,265.9258,322.4682,270.0573,309.8281,266.3328,316.9037,268.9649,309.7237,267.8505,313.2927,270.0155,325.5137,266.2453,321.0615,262.6231,,,321.0744,185.2387,322.8075,185.0736,,
73966,0,,,,,,,,,,,,,,,333.0044,185.6616,304.7417,187.0411,331.0054,201.6749,297.9888,200.5558,323.8630,200.9437,311.7747,201.0958,321.2588,234.1774,312.7485,233.0956,321.5702,263.5406,317.8581,260.1058,,,,,,,300.3038,186.0664,332.5585,184.8713,307.1838,186.5415,334.4483,185.5215,295.5986,199.9807,329.4017,201.0815,297.6152,200.6195,333.1850,201.3976,306.5795,193.9012,320.0767,193.9817,319.7976,191.6468,326.5988,192.1364,309.6392,229.7920,323.9981,232.3168,316.5553,231.1890,316.3477,231.7724,316.0456,259.7831,324.4610,263.9848,318.3719,260.7227,319.9280,263.6177,310.1223,265.7955,321.9810,270.3323,309.6375,266.1650,316.1747,269.2629,309.2844,267.7809,312.5474,270.3689,325.2882,266.8060,321.4354,262.2559,,,322.0636,186.0992,324.1353,185.1593,,
73967,0,,,,,,,,,,,,,,,333.6491,184.9394,305.5599,186.3855,331.8373,201.2205,298.1472,199.6587,324.2293,200.1987,311.5272,200.2153,321.5062,234.3768,311.6217,233.0030,321.3668,263.7442,317.7296,260.2934,,,,,,,300.6494,185.2354,333.2147,183.9541,308.0098,185.8304,334.9057,184.8379,295.8249,199.0770,330.2155,200.5575,297.7832,199.7616,334.0973,200.9315,306.0730,192.9148,320.6254,192.9485,319.6228,190.7037,326.8809,191.1472,308.7187,229.5961,324.5478,232.5353,315.9474,231.1106,316.2179,231.8315,315.6399,260.0024,324.3069,264.3452,318.4387,260.9447,319.6905,263.9477,309.5038,266.1224,321.6990,271.0072,309.4555,266.4153,315.7662,269.8296,309.2387,268.1280,312.3435,270.6169,324.9974,267.1362,321.0889,262.6085,,,321.9518,185.4190,,,,
73968,0,,,,,,,,,,,,,,,334.3516,184.9833,306.0640,186.3079,331.9885,201.7279,297.6885,199.9498,324.0464,200.8794,311.0705,200.9645,321.0958,234.6118,310.8163,233.7778,321.0648,263.9281,317.4263,260.2964,,,,,,,301.0504,185.1116,333.7360,183.8159,308.4036,185.7613,335.7688,184.8175,295.2217,199.3029,330.3758,200.9494,297.4160,199.9785,334.2658,201.4439,306.1834,193.4250,320.7772,193.4433,319.6151,191.3305,326.9503,191.6036,307.9073,230.4450,324.4216,232.7128,315.2670,231.6837,315.5227,232.2686,315.1705,259.9855,324.2413,264.5093,318.1729,261.0198,319.3209,264.0652,309.2796,266.0353,321.6741,271.1111,309.5346,266.4288,315.8929,269.8554,309.4358,268.0803,312.3386,270.7356,324.5410,267.3735,320.8879,262.3847,,,322.4175,185.4867,,,,
73969,0,,,,,,,,,,,,,,,334.3704,184.9041,306.2470,186.1595,332.2999,202.2674,297.5231,199.4639,323.9687,201.0040,310.9391,200.8366,320.9667,234.5408,310.1969,233.4589,321.2427,263.8125,317.0960,259.7777,,,,,,,301.3110,184.9780,333.9185,183.6993,308.8324,185.6571,335.6079,184.7952,295.0226,198.5316,330.7820,201.4537,297.2470,199.5780,334.6078,201.9457,306.1376,193.1531,320.3954,193.6085,319.6000,191.4127,326.8701,191.6929,307.5184,230.1260,324.1674,232.8198,314.3601,231.6722,315.2863,232.3807,314.6628,259.4174,324.4774,264.3826,317.8072,260.5648,319.4360,264.0035,309.0935,265.6813,321.7858,271.4604,309.3051,266.3575,315.9962,270.0942,309.2712,268.1399,312.3913,271.0525,324.5572,267.0065,320.6269,261.8068,,,322.3301,185.2132,,,,
73970,0,,,,,,,,,,,,,,,334.3676,185.0113,305.4795,186.2437,332.8005,202.4953,296.1996,199.6830,323.8716,201.9854,310.6786,202.1168,321.5358,235.9509,309.1292,235.1229,321.4054,264.4049,316.7073,259.6920,,,,,,,301.2000,184.7626,334.2064,183.5234,308.2137,185.7985,335.3592,184.8853,293.5905,198.9940,331.2478,201.6607,296.0938,199.8957,335.2434,202.1748,306.0189,194.6729,320.2540,194.9223,319.2863,192.5486,326.6149,192.8062,306.7884,231.6155,324.8397,233.8889,312.9806,233.5304,315.8916,233.8461,314.5503,259.2016,324.5787,265.0874,317.3704,260.5533,319.5149,264.6136,309.1271,265.5672,322.1173,271.8287,309.0721,266.4201,316.1688,270.5982,308.9115,268.3029,312.6768,271.4908,324.7918,267.5810,320.4416,261.3754,,,321.6012,186.4835,322.9063,183.8864,,
73971,0,,,,,,,,,,,,,,,334.6542,184.7448,304.2433,186.1632,333.2842,202.3945,295.5753,199.5331,323.9090,201.4327,310.2527,201.4263,322.3593,235.6366,308.2829,234.5603,321.4295,264.0767,315.9467,259.9830,,,,,,,300.5261,184.4770,334.5049,183.2750,307.9632,185.6537,335.6069,184.6800,293.3540,198.8875,331.8219,201.7206,295.5387,199.5998,335.6386,202.0156,305.8813,194.0222,320.5422,193.8293,318.9802,192.3377,326.3255,192.3355,305.7172,231.1631,325.5010,233.6828,312.2565,232.8934,316.4738,233.3405,313.8828,259.3627,324.5977,264.8254,316.6493,260.9107,319.4976,264.3065,308.3484,265.7367,322.5484,271.5140,308.6012,266.4764,316.6778,270.3336,308.5318,268.3483,313.1873,271.2892,324.4557,267.0408,319.1764,261.7305,,,321.4060,185.5619,322.5431,183.5967,,
73972,0,,,,,,,,,,,,,,,334.3768,184.6854,303.2568,186.2018,333.8213,201.8456,294.8793,198.9014,324.3235,200.6480,310.3554,200.6030,322.2057,235.7204,307.4452,234.3460,321.1418,264.5553,315.0888,260.4483,,,,,,,299.7582,184.4908,334.3254,183.0893,306.5224,185.5303,335.3286,184.5947,292.7005,198.4079,332.6149,201.2997,294.8660,199.0945,335.9895,201.5665,305.5532,193.6216,320.6705,193.5166,318.7455,192.1976,326.2465,192.0218,304.9378,231.0951,325.5501,233.6969,311.3526,232.8648,316.1620,233.5167,313.1881,259.7898,324.3135,265.0867,315.7498,261.2647,319.1688,264.7290,307.3026,265.9740,322.0332,271.6434,307.3586,266.5114,316.2713,270.7852,307.1290,268.2688,312.6481,271.7297,324.3370,267.3586,318.3175,262.1342,,,321.0523,185.4580,322.1104,183.5902,,
73973,0,,,,,,,,,,,,,,,333.8116,184.6380,302.2717,186.0534,333.8375,201.8790,294.5159,198.5303,323.3625,201.2358,309.5936,201.3397,321.8981,235.9316,307.0830,234.9444,321.1747,264.4361,314.1080,261.1416,,,,,,,299.0681,184.2982,333.8883,183.0285,306.1045,185.4674,334.6130,184.4164,292.4426,198.0481,332.7619,201.2862,294.6086,198.6271,336.0228,201.5660,304.6314,193.7195,319.4351,193.7112,318.2903,192.0015,325.6581,191.9269,304.7370,231.5378,325.1271,233.8466,311.0186,233.1069,316.3181,233.5641,312.2745,260.5059,324.1041,264.9542,314.8463,262.0097,319.2791,264.6615,306.2477,266.5413,321.7587,271.5041,305.9188,266.9641,315.9076,270.7228,305.4076,268.6561,312.2913,271.6167,324.3249,267.2160,317.8108,263.2621,,,320.3150,185.4860,321.3862,183.4703,,
73974,0,,,,,,,,,,,,,,,334.1061,184.4743,301.1277,185.7207,333.6732,201.5767,293.4916,198.2688,323.6274,200.5046,309.4953,200.6478,322.3382,235.4873,306.9190,234.7682,321.2218,264.4696,312.6226,261.8376,,,,,,,298.3195,184.3725,334.3171,183.0389,304.3426,185.2069,335.0811,184.3066,291.2867,197.5987,332.6396,200.9725,293.4963,198.3458,335.8001,201.3027,304.5357,193.3415,320.0681,193.1106,318.0756,191.7555,325.6961,191.5609,304.6381,231.3683,325.6313,233.5220,311.0147,233.0154,316.4600,233.3204,310.4970,261.2928,324.2595,264.9696,313.3425,262.6860,319.1764,264.7093,304.2995,267.3924,322.1960,271.6324,304.1527,267.5620,316.1534,270.8255,303.8033,269.1166,312.5350,271.8020,324.3868,267.2416,316.3905,264.3286,,,320.2911,185.3077,,,,
73975,0,,,,,,,,,,,,,,,334.0875,184.5862,300.1794,186.1492,333.0760,201.3876,292.5535,198.6657,322.7756,201.2447,307.9347,201.7805,322.0864,235.2629,307.1948,235.4876,321.0434,264.8237,310.7146,262.5245,,,,,,,297.4216,185.0758,334.6204,182.8241,302.7408,185.6159,334.5832,184.3714,290.4499,197.9796,332.1742,200.9697,292.5784,198.7085,335.3540,201.2486,303.8202,194.1457,319.9205,193.6435,316.4100,192.3774,324.4010,191.9951,304.9682,231.7836,325.4202,233.2540,311.8715,232.9791,316.2167,232.8611,308.1579,262.1405,324.1240,265.3127,311.5135,263.3095,319.0605,265.1128,301.9055,268.0391,322.7160,271.7535,302.6006,268.1012,316.6817,270.9474,302.7085,269.4509,312.9595,271.7554,323.8969,267.6267,313.6812,265.3338,,,318.6608,186.7161,320.4092,183.3807,,
73976,0,,,,,,,,,,,,,,,334.3412,184.7873,299.1387,186.3345,332.6697,201.7445,292.5422,198.8342,322.8068,201.0366,308.2477,201.2414,322.2502,235.4855,307.0393,235.2960,320.9842,264.8173,310.1983,262.6672,,,,,,,296.5342,185.2346,334.7151,183.8096,301.5453,185.7566,335.3131,184.5712,290.5518,198.1560,331.4695,201.2955,292.4800,198.7960,335.0536,201.6305,303.8312,193.9719,319.5004,193.6621,316.5427,192.0122,324.4714,191.9374,304.8971,231.7634,325.3390,233.6004,311.6165,233.0438,316.1895,233.1983,307.8029,262.2923,324.0692,265.2905,310.9925,263.3834,318.9412,265.0470,301.5402,268.2575,322.3433,271.7417,302.1402,268.2879,316.2491,270.9189,302.2332,269.5863,312.5736,271.7032,324.0624,267.4720,313.4171,265.3398,,,319.1008,185.9588,,,,
73977,0,,,,,,,,,,,,,,,333.5472,184.7083,298.7141,186.3223,332.0869,201.3894,291.8242,198.7027,322.7544,200.8335,307.9337,201.1737,321.8399,235.3261,307.0623,235.1753,320.9236,264.7719,310.2029,262.6179,,,,,,,296.2531,185.1551,334.0117,183.7168,301.3377,185.6369,334.2315,184.4855,289.6199,198.0864,330.8958,200.8846,291.6573,198.6477,334.4049,201.2199,303.3188,193.7908,319.7926,193.4721,316.5475,191.5034,324.6134,191.4463,304.7684,231.3816,325.0990,233.4146,311.8069,232.7498,315.7456,232.8370,307.6306,262.2148,323.9765,265.1900,311.0613,263.3556,318.9490,265.0298,301.1886,268.3406,322.4720,271.5830,301.8204,268.4394,316.3322,270.9008,301.9157,269.8026,312.5975,271.7506,324.3680,267.2469,313.2252,265.3998,,,319.2365,185.8398,,,,
73978,0,,,,,,,,,,,,,,,333.8442,184.7005,298.5658,186.3349,331.6187,201.2838,292.2434,198.2674,322.8640,200.8739,308.0424,201.1424,321.6613,235.2464,306.9211,235.1538,321.1184,264.4464,310.3830,262.5699,,,,,,,296.1901,185.2010,334.3980,183.7207,301.5832,185.6528,334.4706,184.4917,290.0495,197.6248,330.3512,200.8063,292.2051,198.2620,334.0078,201.1370,303.3775,193.5273,319.5430,193.4003,316.4263,191.5191,324.4649,191.4276,304.6925,231.3955,324.7908,233.2828,311.6323,232.7164,315.7191,232.7316,307.9702,262.2117,324.2503,264.8308,311.1921,263.2798,319.1155,264.6708,301.5898,268.5333,322.8194,271.2004,301.9723,268.5648,316.8292,270.4629,301.9504,269.9006,313.0179,271.3535,324.5080,266.9595,313.6949,265.3804,,,318.9366,185.9095,,,,
73979,0,,,,,,,,,,,,,,,333.9020,184.2858,298.2671,186.0889,331.4415,200.7976,291.7264,198.2159,322.4177,200.5673,308.0092,200.8231,321.5697,235.0830,307.1967,234.7492,321.0665,264.3827,310.1982,262.3818,,,,,,,295.6462,184.8739,334.3104,182.6157,301.7197,185.3562,334.5603,184.1342,289.6011,197.5554,330.1617,200.0551,291.6358,198.1849,333.8481,200.7535,303.1474,193.2173,319.3211,192.7861,316.1879,190.9745,324.2704,190.7506,304.7971,230.8162,324.7330,233.0384,311.9213,232.2171,315.7431,232.5336,307.7140,262.0113,324.1564,264.7092,311.0488,263.1128,319.0514,264.6193,301.6646,268.3415,322.7635,271.3432,302.2469,268.3548,316.7042,270.6255,302.2801,269.6963,312.9322,271.5356,324.4120,266.7681,313.5250,265.0872,,,318.9660,185.3943,,,,
73980,0,,,,,,,,,,,,,,,332.9971,184.1588,297.4351,186.0384,330.9808,200.3248,291.4187,198.5237,321.5990,200.7188,307.2002,201.4697,321.0414,235.1189,307.3948,234.4845,320.8556,264.4967,310.2947,262.5143,,,,,,,294.9051,184.8430,333.3110,182.5859,299.9741,185.3575,333.8748,183.9984,289.2947,197.9775,329.5961,199.6633,291.3025,198.5469,333.3756,200.1634,302.5101,193.7161,317.9892,193.1624,315.3243,191.2834,323.1150,191.1769,305.0756,230.7707,324.1869,233.0621,311.9355,232.1535,315.2849,232.6837,307.8687,262.0642,323.9428,264.7670,311.1093,263.2405,318.9208,264.7002,301.7418,268.2987,322.7312,271.1307,302.2633,268.3467,316.7432,270.5285,302.2485,269.7353,312.8047,271.4874,324.4329,266.8585,313.6334,265.2538,,,317.6957,185.1118,,,,
73981,0,,,,,,,,,,,,,,,333.4672,184.3082,297.4372,186.2962,330.7066,200.3649,291.5607,198.4470,321.9884,200.6543,307.2328,201.4795,321.2630,234.9147,307.3843,234.3439,320.6958,264.4952,310.3339,262.4248,,,,,,,294.9120,184.9435,333.9351,182.5981,299.9433,185.5660,334.2049,184.1108,289.3177,197.8832,329.4029,199.7598,291.5290,198.6325,333.1194,200.2593,302.2309,193.9246,318.4560,193.1909,315.5793,191.3154,323.5741,191.0785,305.0728,230.5432,324.4474,232.9491,311.9358,232.0658,315.4275,232.4743,307.9179,261.9892,323.7746,264.8245,311.1444,263.1874,318.7749,264.7304,301.7071,268.2914,322.4434,271.2863,302.2692,268.3029,316.3526,270.6796,302.2896,269.6890,312.4637,271.6045,324.3906,266.8350,313.5543,265.1716,,,318.0006,185.5670,,,,
73982,0,,,,,,,,,,,,,,,332.9672,184.3337,297.5969,186.0474,330.8212,200.1989,291.5893,198.4702,322.1790,200.1398,307.3795,200.6280,321.3725,234.3929,307.7687,233.6880,320.7667,264.4017,310.2565,262.1808,,,,,,,294.7277,184.9508,333.4537,182.7124,301.1138,185.5153,333.7444,184.1568,289.3979,197.8544,329.6208,199.6247,291.4562,198.5084,333.1288,200.0458,302.1065,193.1762,318.3996,192.5482,315.3855,190.9148,323.6572,190.4529,305.1952,230.0529,324.4726,232.4236,312.0882,231.4160,315.4303,232.0595,307.8169,261.6735,323.9854,264.6966,311.0975,263.0284,318.7700,264.6248,301.6507,268.1964,322.4582,271.1946,302.2019,268.1673,316.4647,270.6308,302.2253,269.4773,312.5883,271.5035,324.5060,266.7083,313.6372,265.0349,,,317.9888,185.5743,,,,
73983,0,,,,,,,,,,,,,,,333.2145,184.2429,297.3026,186.0280,329.9676,200.6178,291.5914,198.7070,321.9603,200.3708,307.3824,200.7503,321.3098,234.6403,307.7732,233.9665,321.0178,264.1235,310.4755,262.3675,,,,,,,294.4171,184.8342,333.7512,182.4946,300.2761,185.4488,334.0564,184.0350,289.4322,198.0635,328.7411,200.0158,291.4327,198.6929,332.4939,200.4541,302.0665,193.3657,318.3283,192.8034,315.2793,191.0443,323.4523,190.8011,305.1718,230.2687,324.4469,232.7333,312.1422,231.6080,315.4136,232.1692,307.9964,261.9043,324.3328,264.3460,311.3315,263.1581,319.0096,264.4098,301.6435,268.2493,322.8951,270.8725,302.2083,268.2183,316.8511,270.2350,302.2353,269.4869,312.6490,271.1703,324.7099,266.4974,313.9490,265.1159,,,317.9505,185.5766,,,,
73984,0,,,,,,,,,,,,,,,332.5296,184.3264,297.0333,186.2122,329.9394,200.6326,291.3891,198.5287,321.7901,200.5891,307.3026,200.8399,320.9270,234.6171,307.6226,233.9603,321.0811,264.0094,310.5780,262.2781,,,,,,,294.3851,185.1177,332.6866,182.5769,299.7270,185.6222,333.5328,184.1266,289.2208,197.9188,328.5840,200.0627,291.1988,198.5707,332.3916,200.4814,301.9985,193.3593,318.2741,192.9478,315.2938,191.2489,323.5395,191.2274,304.9906,230.2779,324.0525,232.6364,311.8947,231.5879,315.0118,232.2613,308.1528,261.8003,324.4666,264.1836,311.3891,263.0705,318.9985,264.3188,301.8876,268.1916,322.9601,270.7449,302.3933,268.1596,317.0152,270.1188,302.3979,269.4766,312.8160,271.0523,324.7829,266.2763,314.1329,264.8372,,,318.1523,185.6869,,,,
73985,0,,,,,,,,,,,,,,,331.5594,184.2344,296.7991,186.0775,329.7124,200.4014,291.3928,199.0947,321.0779,200.7032,306.8890,201.5893,320.8129,234.5971,307.5772,234.2123,320.7297,264.0410,310.1793,262.5070,,,,,,,294.4226,184.7687,331.3395,182.6401,299.5444,185.4092,332.3747,184.0056,289.2730,198.6480,328.3262,199.7860,291.1447,198.9861,332.0544,200.2857,302.1232,193.3639,317.3825,193.2994,315.4981,191.2689,323.1473,191.1719,304.9257,230.2336,323.7748,232.6472,311.7805,231.5933,315.1885,232.1729,307.8719,261.9780,324.0331,264.2594,311.0048,263.2546,318.7415,264.3511,301.8459,268.2375,322.4975,270.9011,302.1599,268.2385,316.5246,270.4066,301.9965,269.6803,312.5403,271.5274,324.5690,266.1942,313.6785,265.0891,,,317.8099,185.1779,,,,
73986,0,,,,,,,,,,,,,,,331.0168,184.4588,296.7541,186.1131,329.5532,200.5647,291.5104,198.8589,321.7875,200.6099,307.3047,201.3233,321.1406,234.5220,307.4869,234.0018,320.6767,264.3892,310.3078,262.6035,,,,,,,294.0170,184.9564,330.7284,182.7280,299.7193,185.6132,331.9127,184.2330,289.1890,198.3231,328.0035,200.0381,291.1793,198.8822,331.9344,200.4227,302.1296,193.7266,318.1235,193.7232,315.4680,191.6959,323.1648,191.6016,304.8065,230.2894,323.9432,232.5684,311.7282,231.6938,315.4481,232.2452,308.0731,262.1105,324.1825,264.5749,311.1584,263.2833,318.6124,264.7254,301.9319,268.2220,322.4488,271.1511,302.2196,268.2292,316.5396,270.5602,302.2304,269.6383,312.4962,271.5896,324.5857,266.6007,313.8845,264.9705,,,317.8967,185.6233,,,,
73987,0,,,,,,,,,,,,,,,330.8213,184.5044,296.1547,186.0236,329.4427,200.3735,291.2596,199.3820,321.7873,200.7772,307.2784,201.7617,320.9827,234.6865,307.6853,234.4820,320.7452,264.6465,310.3255,262.9168,,,,,,,293.5808,185.0948,330.6035,183.5929,299.0324,185.5925,331.6672,184.3169,289.0704,198.8001,327.9282,199.7834,290.8500,199.3398,331.7541,200.2485,302.0166,193.9820,317.8739,193.8059,315.7514,191.9361,323.2218,191.7759,305.1059,230.9213,323.7414,232.7249,311.9807,232.0357,315.4884,232.5239,307.9957,262.4783,324.2299,264.8311,311.1714,263.5779,318.6848,265.0117,301.8733,268.5546,322.3919,271.4851,302.1520,268.5208,316.4833,270.8032,302.1490,269.9576,312.3351,271.9169,324.6453,266.9624,314.0929,265.2938,,,318.1027,185.7415,,,,
73988,0,,,,,,,,,,,,,,,331.0397,184.4093,296.9677,185.8448,329.7696,200.1888,291.6887,199.4422,321.9320,200.8209,307.4650,201.7622,321.1283,234.6589,307.4407,234.3705,320.6694,264.5061,310.3204,262.7542,,,,,,,294.2817,185.0633,330.8752,183.5548,300.0371,185.4863,331.9641,184.2730,289.4454,198.7954,328.2225,199.6358,291.3446,199.4228,332.2205,200.0074,302.3079,194.1678,318.3318,194.0130,315.7344,192.0498,323.3681,191.8555,304.7553,230.8082,324.0107,232.7867,311.7893,232.0785,315.3334,232.5940,308.0603,262.2841,324.0985,264.6715,311.1760,263.4262,318.6070,264.8235,301.8975,268.3999,322.3970,271.2788,302.2086,268.3219,316.4626,270.6260,302.1869,269.7337,312.3839,271.6956,324.6489,266.6443,313.9883,265.1517,,,318.0922,185.7327,318.6466,183.0641,,
73989,0,,,,,,,,,,,,,,,331.4394,184.3884,296.7154,186.0719,330.6749,199.9375,291.4050,200.2368,321.6982,200.7912,307.1328,201.7984,320.9369,234.7082,307.3700,234.3745,320.7270,264.1772,310.4962,262.7744,,,,,,,294.0588,185.2880,331.2325,183.4984,299.1899,185.6505,332.5398,184.2035,289.2294,199.5151,329.0626,199.3844,291.1041,200.1866,333.0838,199.6474,301.4679,194.7090,317.5680,194.3105,315.0196,192.4129,323.0394,192.0070,304.7671,230.8601,323.9823,232.6539,311.6361,232.0721,315.0247,232.5707,308.2335,262.3011,324.1408,264.2943,311.3041,263.4688,318.7133,264.4923,301.9153,268.5310,322.6868,270.8105,302.1595,268.4486,316.8532,270.2721,302.0240,269.7490,312.7903,271.3484,324.5543,266.1368,314.0286,265.1628,,,317.1444,186.6767,318.4164,182.9845,,
73991,0,,,,,,,,,,,,,,,332.7549,184.1147,296.7072,185.8404,334.3411,199.2278,291.9450,201.0434,321.3159,201.0144,306.9697,202.2675,320.5909,234.3685,307.1471,234.4710,321.0005,264.2696,311.1196,262.4162,,,,,,,294.0322,185.4811,333.2349,183.2735,298.7550,185.6812,333.0295,183.9011,289.9552,200.2469,333.1089,198.7122,291.8589,200.8844,336.8146,198.7176,301.9581,195.0566,317.9714,193.8119,314.3400,192.5744,322.0277,191.9290,304.5702,231.0090,323.9681,232.3437,311.5630,231.9373,314.6482,231.9961,308.6878,262.0770,324.1773,264.5120,311.9631,263.1213,318.9688,264.5395,302.5300,268.4452,322.6707,271.0548,303.2088,268.3535,316.6717,270.5494,303.2172,269.6657,313.0003,271.5410,324.0061,266.8384,314.1721,265.0107,,,316.8212,185.8243,318.1934,182.9450,,
73992,0,,,,,,,,,,,,,,,332.3319,183.9996,298.0888,185.4458,336.2851,198.4182,292.3773,200.9163,320.0371,201.0970,306.4633,201.7773,320.4901,233.9213,307.7543,234.3679,320.4449,264.3077,311.2993,262.7265,,,,,,,293.7529,185.1190,333.1314,183.2014,300.7707,185.3493,331.3134,183.8809,290.5058,200.1263,335.3361,198.1929,292.0766,200.5209,338.3730,197.8867,301.7586,194.2174,317.3285,193.5254,313.8109,192.3611,321.0701,192.2364,304.6125,230.5109,323.4786,231.4572,312.2674,231.4564,315.1601,231.4834,308.8956,262.6539,323.7859,264.5954,312.3346,263.3627,318.5154,264.8855,303.1486,268.8581,322.2604,271.2375,303.9786,268.7772,316.7403,270.6544,304.1580,270.0202,313.1950,271.7402,323.7738,266.9010,314.2785,265.3807,,,316.6111,186.5793,318.3280,182.9409,,
73993,0,,,,,,,,,,,,,,,333.0420,183.8380,297.3280,185.7278,337.8779,198.2822,292.2945,201.2777,320.5208,200.6179,306.6049,201.2958,320.8025,233.5366,307.3386,234.2129,320.8196,264.1567,311.1052,262.8549,,,,,,,292.5593,185.2562,333.5488,183.1386,300.2211,185.5697,332.6759,183.6705,290.1155,200.5616,336.9485,198.1237,291.6786,200.9906,339.8435,197.5870,302.1486,194.3548,317.7595,193.5268,314.0292,192.2034,321.4917,191.9486,304.0794,230.7965,323.7469,231.3189,312.2776,231.2302,315.1868,231.1826,308.7390,262.6269,324.4046,264.3266,312.2275,263.4639,318.8927,264.6197,302.7974,268.5563,322.8973,270.8288,303.4782,268.6492,317.3204,270.1743,303.8104,270.0424,313.4947,271.2683,324.4751,266.4887,314.3154,265.2957,,,317.3318,185.7485,319.5689,182.8595,,
73994,0,,,,,,,,,,,,,,,331.8531,183.6888,295.8641,185.4662,340.3998,197.3288,291.2297,201.6605,320.3062,201.1574,305.8794,201.8110,320.6072,234.1449,306.4928,234.2549,320.6864,264.4787,310.6452,263.0291,,,,,,,293.4535,184.9695,332.4773,182.4442,297.6722,185.4450,331.6732,183.5154,289.6890,201.0185,339.8220,196.9591,291.0241,201.2338,341.8531,196.6962,301.3678,194.9677,316.9071,194.0591,312.6027,192.7336,320.1670,192.1843,304.1894,230.7912,323.8989,232.0756,311.1944,231.7738,314.4005,231.7513,308.2813,262.6837,323.8317,264.6552,311.4362,263.7813,318.8868,264.8706,302.2368,268.8575,323.0127,271.2155,303.0202,268.7911,317.6694,270.7311,303.2686,270.0569,314.0605,271.7913,323.9202,266.9978,313.5599,265.5875,,,315.2979,186.8684,317.1998,182.9406,,
73995,0,,,,,,,,,,,,,,,333.7838,182.9605,297.2942,184.5282,343.5454,196.3662,290.8966,200.5683,318.5232,201.2805,305.9676,202.0897,319.9158,233.2368,307.3318,233.8300,321.4170,263.7018,311.1073,262.4542,,,,,,,293.5382,184.4791,334.6520,182.2079,299.6318,184.3855,331.8743,182.3222,288.9539,200.0449,342.9392,196.0021,290.8208,199.9774,345.0656,195.5686,301.0869,194.0902,315.9910,193.9713,312.4713,192.0610,319.6205,192.1799,304.3203,230.3690,322.9032,231.1132,311.4638,231.1545,314.5944,231.0904,308.7750,262.3545,324.2186,264.0215,311.9411,263.1305,319.3782,264.2729,302.8860,268.5914,322.6829,270.7119,303.5950,268.5872,317.1691,270.2913,303.6454,269.9225,314.0691,271.5311,324.5081,266.5576,313.9704,265.4213,,,315.2048,186.2113,317.2704,182.8072,,
73996,0,,,,,,,,,,,,,,,334.7182,182.2388,296.0720,183.6086,346.1701,195.3336,291.0843,201.3417,318.9051,201.1941,304.9413,201.7621,320.6008,233.4599,306.7781,234.3856,321.0326,264.3554,310.9223,263.3883,,,,,,,292.3876,184.5203,336.9226,182.2725,298.3080,184.4821,331.7856,183.0186,290.8828,200.8572,346.1370,195.1307,290.7458,200.9513,346.8992,194.6247,301.1621,194.4801,317.3631,194.3351,311.9744,192.2351,318.7139,191.9832,303.7003,231.2836,323.5398,231.3691,311.9115,231.5212,314.8510,231.4782,308.4638,263.1677,324.6495,264.4964,312.1590,263.9839,319.1699,264.9254,303.1106,268.9141,323.8898,271.2376,303.8752,269.0994,318.5829,270.4768,304.2237,270.4738,315.1606,271.7882,324.5683,266.8315,313.8558,265.6380,,,314.2072,186.0274,315.2492,182.9334,,
73997,0,,,,,,,291.1040,184.0459,,,,,,,296.4332,183.6300,335.7789,182.3294,290.7336,199.7666,348.3303,194.7882,310.2632,200.4906,316.1603,199.9272,319.6405,233.3216,307.1362,233.0386,320.8409,264.1060,312.5797,262.8557,,,,,,,335.3913,182.4361,294.0611,184.0229,333.0347,182.4663,298.3221,183.7693,347.6241,194.5854,290.7396,199.2811,348.5831,194.4325,290.7408,199.3109,307.3454,193.2595,305.5426,192.8642,316.6978,190.6309,316.7998,190.3153,304.7739,229.5334,322.7660,231.5606,310.4728,230.9178,314.2702,231.0694,310.7494,262.3875,323.8607,264.3844,313.1458,263.6567,319.4192,264.4231,304.1790,268.3307,322.0706,271.6986,304.5897,268.5533,316.7532,270.8507,304.4724,269.9284,313.3417,271.8297,324.7744,266.1605,316.3558,265.4358,,,315.4312,185.0075,317.9395,182.9425,,
73998,0,,,,,,,,,,,,,,,295.5537,183.9472,292.1387,183.8868,349.7851,192.6212,349.4681,193.6011,317.3797,200.0938,304.8872,201.3709,319.7767,233.9312,306.0768,233.8960,320.7666,265.2641,311.0804,263.2226,,,,,,,,,292.8491,184.0323,291.3832,183.8885,297.4018,183.8180,349.2727,193.1306,351.8695,191.7960,349.5423,193.8940,350.1014,192.4470,300.7939,193.4866,315.1152,191.6074,312.6062,191.0104,317.9146,190.1463,303.9622,230.5348,322.9715,232.1095,309.9925,231.7270,313.8104,231.7873,309.1017,262.7771,323.6335,265.7521,311.7753,264.1123,319.1187,265.4829,303.1369,268.9609,322.8340,272.6024,303.6083,269.2361,317.4836,271.8954,303.6986,270.7065,313.9223,272.9267,324.1986,267.6466,314.1527,265.5379,,,314.3594,184.2194,316.1499,183.0698,,
73999,0,,,,,,,,,,,,,,,295.7198,183.9867,338.8024,182.4469,293.9377,193.5176,349.5450,192.6744,314.6827,198.8899,306.6721,199.3130,319.5155,232.5706,306.5948,232.1861,320.9623,264.6559,311.4101,262.2106,,,,,,,338.8114,182.3469,,,337.6223,182.3683,298.9659,183.7378,348.8621,192.5952,293.9166,192.6589,349.9899,192.8181,293.8685,193.9855,301.6882,191.2495,312.6652,189.8897,314.6064,189.9693,316.8757,189.4048,304.5655,229.2261,322.3378,231.1045,310.3268,230.1474,314.1040,230.5095,309.3831,261.9696,323.6705,265.1369,312.0391,263.1719,319.2939,264.8865,303.2609,268.5640,322.2440,272.3231,303.7277,268.7309,316.6798,271.3695,303.7958,270.1533,313.1954,272.3348,324.3174,267.0345,314.7374,264.7501,,,315.1277,183.1622,,,,
74000,0,,,,,,,,,,,,,,,295.7512,183.9751,338.4928,182.2577,293.1375,195.3755,348.9719,192.0586,312.0417,199.0378,312.7011,198.3716,319.5777,232.8221,306.7448,232.5035,321.4120,264.2017,312.0639,262.3748,,,,,,,338.6717,182.4080,,,336.9592,182.3602,298.0832,183.8195,348.3999,191.9813,293.1058,194.5149,349.3883,192.4760,293.0902,195.8061,308.7493,191.4872,306.3006,190.6600,315.6077,190.0657,315.0271,189.7485,304.5845,229.6025,322.7947,231.2400,310.5123,230.4596,313.5032,230.8347,310.2487,262.0854,324.1513,264.5079,312.7015,263.1925,319.9494,264.3909,303.7181,268.3281,323.9538,271.1039,304.5245,268.4069,318.5591,270.4264,304.6071,269.6891,314.9745,271.2873,324.3954,266.1754,314.7670,264.6142,,,314.4726,183.2058,,,,
74001,0,,,,,,,,,,,,,,,296.4738,183.8109,337.4912,182.5361,290.5443,198.9461,347.7808,191.2711,306.1080,199.2605,319.1973,197.9233,316.0059,233.0739,311.0438,232.1120,318.8214,264.2467,317.6181,262.8229,,,,,,,337.0055,182.5813,293.7140,184.2036,336.6439,182.4834,298.7915,183.8786,346.5491,190.8578,290.4992,198.2411,348.4612,191.3387,290.5996,198.9913,314.5881,190.6474,300.0079,191.7415,319.8701,189.6030,313.3547,190.3343,322.6771,228.2062,320.1266,231.5147,312.1135,229.9712,312.9107,230.4688,320.0567,262.4760,320.7985,264.6800,316.3481,263.4915,318.3641,264.3735,322.7158,267.6807,319.6345,271.9964,306.1273,267.8868,314.3385,271.0498,305.9637,269.0186,311.7871,271.2964,322.6285,266.0670,320.9481,265.5402,,,314.6119,184.2609,317.0348,183.2090,,
74002,0,,,,,,,,,,,,,,,295.7472,184.0133,337.6429,182.5463,291.3198,198.0006,347.9790,192.4264,311.0483,198.6251,316.2974,198.3361,319.6507,233.0083,306.5692,233.0291,320.8550,264.2981,311.7830,262.9557,,,,,,,337.4628,182.5506,,,335.9703,182.4425,297.8229,183.9352,347.6982,191.8795,291.2971,197.3213,348.1857,193.0074,291.3134,198.0367,306.6657,192.0823,306.8911,191.4763,316.3296,190.3767,316.2311,190.2696,304.4494,229.9921,322.7488,231.3229,310.4379,231.0890,313.7628,231.1538,310.1328,262.5659,323.9456,264.6818,312.6793,263.6848,319.4304,264.5931,303.6472,268.5103,323.0587,271.9500,304.0080,268.6174,317.4413,270.9056,303.9418,269.8204,314.0985,271.6875,324.5479,266.2868,315.1513,265.2249,,,314.4043,183.4489,317.5082,183.1966,,
74003,0,,,,,,,,,,,,,,,295.2499,184.1551,291.5324,184.2251,348.2342,191.5340,347.9073,191.9701,318.0415,197.9404,305.6182,199.3564,319.8938,233.3604,306.5233,232.7110,321.2544,264.4421,311.3124,262.6767,,,,,,,291.6273,184.1547,,,291.1621,184.0774,297.4290,183.9834,348.3309,191.0061,348.9606,190.9688,347.8631,192.3295,348.8635,191.2721,301.9451,192.4099,313.9600,190.9656,313.8442,189.4556,319.5822,188.7076,304.6968,229.2434,323.0827,231.5245,310.2044,230.7286,313.7048,231.1010,309.6552,262.3855,324.0791,264.7677,311.9374,263.4909,319.6970,264.7532,303.3413,268.6272,323.2832,271.7199,303.3010,268.7904,317.7452,270.9623,303.0934,270.0622,313.8584,271.9451,324.5641,266.4153,314.4177,264.9888,,,315.6000,184.5040,,,,
74004,0,,,,,,,,,,,,,,,294.0415,184.3019,291.7302,184.3013,348.0688,191.5430,348.0142,192.2973,319.2459,200.5747,305.0970,201.1360,319.7567,233.8116,306.1870,233.2497,321.1823,264.0196,310.6261,262.3280,,,,,,,,,292.2204,184.4445,291.3195,184.1635,296.2408,184.3433,347.8619,191.7042,348.8234,191.0947,348.2745,192.3819,348.8406,191.2843,300.4622,194.4027,315.4558,193.0936,313.0557,191.1346,319.8528,190.7353,304.1674,229.9725,323.0393,232.1523,310.2520,231.3943,313.7569,231.8460,308.6017,261.9720,324.1006,264.2059,311.3258,263.1474,319.3954,264.3525,302.6556,268.6128,323.2034,271.0491,302.9292,268.5678,317.6495,270.5150,302.8915,269.8469,313.7277,271.5300,324.5987,265.9325,313.9975,264.7501,,,315.5606,185.7713,318.3449,183.3875,,
74005,0,,,,,,,,,,,,,,,338.4558,182.5685,291.7761,185.6868,348.3336,191.5285,348.3975,192.5002,319.6704,201.0515,304.7738,201.7514,320.0884,234.1616,306.2743,233.8026,321.4293,263.9988,311.0117,262.2512,,,,,,,291.8619,184.1305,341.0569,182.3578,290.9395,184.1024,335.3427,182.5546,348.5045,191.3754,348.8477,190.8649,348.5340,192.5133,348.9168,191.2480,300.5551,194.7075,316.4520,193.8807,312.5463,191.9775,319.9190,191.3865,304.2444,230.2151,323.4699,232.3771,310.4512,231.8643,314.0421,232.1447,309.0969,261.9121,324.3457,264.2858,311.7149,263.0144,319.7998,264.3722,302.9782,268.2749,323.7229,270.7598,303.5729,268.4226,318.5850,270.1408,303.7640,269.6438,314.9347,271.1125,324.4128,265.9937,313.9391,264.5566,,,315.5307,186.2011,318.2043,183.1745,,
74006,0,,,,,,,,,,,,,,,339.2296,182.4253,291.9950,185.7389,348.0255,191.8240,348.4705,192.3568,319.7564,201.1753,304.9546,202.1764,320.0161,234.0729,306.3614,233.8460,321.4317,264.0429,311.1360,262.1902,,,,,,,291.9898,184.2723,341.7208,182.3400,293.4245,184.0867,336.6348,182.5452,348.4991,191.3296,348.4036,191.4049,348.7153,192.5171,348.7301,191.6814,300.6027,195.0079,316.3535,193.7117,312.6591,192.3712,319.8099,191.5831,304.1500,230.5147,323.3404,232.2649,310.5415,231.8705,314.0554,231.9995,309.2362,261.8117,324.3905,264.2942,311.8291,262.9445,319.8146,264.4455,303.1582,268.1556,323.7305,270.7530,303.5153,268.3293,318.4102,270.1133,303.5025,269.5521,314.5495,271.1050,324.5617,266.1595,314.1387,264.5840,,,315.4228,186.2821,317.8673,183.1566,,
74007,0,,,,,,,,,,,,,,,338.6256,182.6519,290.6672,185.8490,347.2321,192.2133,290.9641,200.0060,319.5154,199.6182,304.7057,200.3474,319.9839,233.3526,306.2164,232.8885,321.2475,263.6776,311.1511,262.2307,,,,,,,290.8489,184.4428,,,289.2386,184.3636,336.2940,182.7726,292.5910,199.0573,347.2014,191.9265,290.9590,199.5292,348.1417,192.0060,300.4356,192.9566,315.7248,192.0836,312.3100,190.3026,319.7121,190.3988,304.0032,229.3236,323.1291,231.5512,310.6236,230.7922,314.1253,231.0881,309.1499,261.8443,324.5683,263.8505,312.0847,262.9789,319.4070,264.0375,302.9272,268.1756,323.2130,270.7789,303.4540,268.2699,317.7213,270.0436,303.6117,269.6005,313.5562,271.1228,324.9043,265.8408,314.2819,264.6290,,,315.1364,185.6047,317.7313,183.4166,,
74008,0,,,,,,,,,,,,,,,338.9898,182.5581,298.2457,185.5216,345.7109,192.5250,290.5660,198.4646,319.0678,199.5371,304.6335,200.2459,319.8981,232.7897,306.7085,233.1582,321.2215,263.5122,311.2663,262.5267,,,,,,,285.0662,184.4626,,,301.5626,184.7450,338.6192,182.5279,290.1187,197.6846,345.0806,192.0597,290.2791,198.1320,347.0076,191.7782,300.7443,192.3292,316.8238,191.4141,312.2924,190.6173,319.7742,190.6185,303.8261,229.9178,322.8961,230.6787,311.7807,230.2759,314.4290,230.4689,308.7916,262.4669,324.4078,263.7531,312.4548,263.0503,319.3234,263.8423,303.5195,268.4927,323.1391,270.4656,304.1774,268.4408,317.7689,269.6909,304.3758,269.5928,314.0479,270.7928,324.5223,265.7785,314.3095,264.9009,,,316.3513,184.4259,318.4648,183.2185,,
74010,0,,,,,,,,,,,,,,,,,295.2558,185.7858,341.9225,190.5509,290.9988,197.7140,319.1080,198.3378,304.7509,198.8784,319.1825,232.7162,306.7646,232.9475,320.4755,263.7117,310.6368,262.2900,,,,,,,293.1925,184.4548,,,302.4972,185.3396,,,289.0192,197.0455,341.6254,189.3499,290.6360,197.7580,344.2020,190.0876,300.7196,191.1211,316.8208,190.4032,312.6862,190.1161,320.0170,189.2049,303.5916,229.6986,322.3675,230.7926,311.6469,230.5316,313.7810,230.7315,308.3674,262.0902,324.0085,263.6764,311.5765,262.8480,318.5941,264.0574,302.3823,267.8533,322.5920,270.5298,302.9453,267.7221,316.9236,269.5474,303.0365,268.9261,313.1246,270.4533,324.1350,265.8518,313.9564,264.8818,,,315.7894,184.4242,,,,
74011,0,,,,,,,,,,,,,,,,,296.0812,185.7083,340.8203,189.1356,291.1782,197.7221,319.3360,197.9391,304.5577,199.0391,319.5172,232.3469,306.8856,232.8376,320.5384,263.8389,310.6308,262.3031,,,,,,,292.9180,184.6193,,,300.4596,185.4302,,,289.1754,196.9983,340.2056,187.9067,290.7235,197.6586,343.0801,188.9307,300.4526,191.2269,316.6502,189.8962,312.3181,189.8978,320.1686,188.9512,303.6419,229.4702,322.9110,230.0700,311.8048,230.1004,313.9606,230.3875,308.3101,262.0987,324.0291,263.9415,311.6974,262.8769,318.5984,264.2041,302.3100,267.9370,322.5959,270.6738,302.9752,267.8530,316.9124,269.5893,303.2504,269.1720,313.0379,270.4853,324.1135,266.1200,313.8836,264.8619,,,315.4138,183.7130,,,,
74012,0,,,,,,,,,,,,,,,,,296.3311,185.5450,338.9997,189.5195,291.2958,197.7317,319.8047,199.0050,304.7158,199.7878,319.9110,233.0662,307.0663,233.3537,320.8388,264.1260,310.7695,262.4673,,,,,,,292.8901,184.4378,,,300.6820,185.2162,335.0059,183.6701,289.4175,197.1440,338.2282,188.1285,290.7670,197.8731,341.1549,189.2352,301.1328,191.4754,317.3065,190.6415,312.2142,190.9297,320.1787,190.3017,303.8921,230.2446,323.0997,230.9070,311.9465,230.9121,314.4049,231.1139,308.4675,262.2238,324.2824,264.2779,311.8306,263.0294,318.8851,264.4704,302.5874,268.0979,322.8969,270.7525,303.2266,267.9799,317.3790,269.6428,303.4818,269.2525,313.5423,270.4635,324.2344,266.4757,313.8235,265.1354,,,315.0220,185.5964,,,,
74013,0,,,,,,,,,,,,,,,,,297.1370,185.2175,337.7283,189.1126,291.4864,197.5824,319.3515,198.9853,305.0030,199.7264,319.6987,232.8994,307.0604,233.4120,320.6719,263.9281,310.5703,262.3844,,,,,,,293.1484,184.5593,,,301.3609,185.0761,,,289.7777,196.7500,336.6969,188.0476,290.9877,197.3845,339.7041,188.6501,301.3724,191.4797,317.1590,190.6846,312.6734,191.1366,319.9706,190.7573,303.8683,230.2178,322.8895,230.7819,311.7791,230.8405,314.2669,231.0016,308.3244,262.1025,324.1489,264.0921,311.6661,262.8799,318.7096,264.2661,302.2490,267.9890,322.6494,270.5825,302.7955,267.8141,316.8342,269.5346,302.8493,269.1267,312.9889,270.3885,324.2684,266.1627,313.8039,265.0805,,,315.4514,185.4458,,,,
74014,0,,,,,,,,,,,,,,,336.5749,183.6086,297.2571,185.2316,336.6831,190.5274,291.5875,197.4573,319.6371,199.3657,304.8541,200.0043,319.8854,233.3580,306.9720,233.8602,320.8748,264.1442,310.6771,262.4763,,,,,,,293.4193,184.5794,,,301.6516,185.1992,333.5235,183.6650,289.6520,196.6594,336.0516,188.9196,291.1663,197.6320,338.7426,190.2664,301.2027,191.5810,317.2952,190.7924,312.3469,191.5073,319.9413,191.1599,303.6585,230.3107,323.1664,231.0230,311.8234,231.0651,314.3613,231.3252,308.2146,262.3010,324.3281,264.3793,311.7816,263.0193,318.8931,264.5201,302.2647,268.1898,322.9400,270.8744,303.0152,268.0870,317.2605,269.8213,303.3270,269.4103,313.4103,270.7927,324.3423,266.5064,313.8253,265.1484,,,315.1719,185.8122,316.2064,183.6760,,
74015,0,,,,,,,,,,,,,,,339.2447,183.4252,295.6939,185.3518,337.5401,190.7619,290.7850,197.6540,319.5815,199.1967,304.8718,200.0561,319.7279,233.1458,307.0051,233.5749,320.8789,263.8339,310.7984,262.4885,,,,,,,293.1616,184.3709,,,298.8572,185.4586,334.8131,183.5249,288.8555,196.8871,336.9816,188.9741,290.3085,197.8860,339.7364,190.6374,301.1670,191.7531,316.7897,190.7085,312.4100,191.4626,320.1541,190.1776,303.6960,230.2118,323.0757,230.8219,311.9176,230.9429,313.9623,231.0306,308.5504,262.2447,324.5795,263.7578,311.8142,263.0407,319.0658,264.1788,302.3930,268.1303,323.1626,270.4066,303.2764,267.8327,317.6204,269.4093,303.6764,269.0616,313.6387,270.4489,324.4960,265.9432,313.7967,265.0551,,,314.7147,185.8963,,,,
74018,0,,,,,,,,,,,,,,,,,296.6251,185.0746,339.0818,192.9514,291.2170,196.8178,320.0076,198.8261,305.2696,199.1056,319.7209,232.6026,307.1276,232.4556,321.0896,263.5316,310.7231,262.1789,,,,,,,294.2705,184.1114,,,300.5377,184.8618,,,289.1822,195.8488,338.8252,192.1194,290.9132,196.8167,340.9574,192.9719,300.9841,191.5867,316.3396,190.5711,313.3215,190.1925,321.0898,189.1424,304.2425,229.1245,322.5855,230.5747,311.5053,230.3080,314.0937,230.4613,308.7123,261.7992,324.4624,263.4315,311.5653,262.7776,319.1935,263.8328,302.4374,267.8112,323.1440,270.2365,302.9388,267.7688,317.6419,269.5184,303.2086,269.0720,313.5684,270.5321,324.7069,265.6322,313.9647,264.5563,,,315.6707,185.3446,,,,
74019,0,,,,,,,,,,,,,,,,,296.4893,185.3327,339.2326,193.0435,290.3849,197.0022,319.7840,198.9133,305.4540,199.3622,319.4036,232.1781,307.3191,232.2994,321.1538,263.1394,310.6066,262.0116,,,,,,,294.3335,184.2322,,,301.7118,184.7099,,,288.6844,195.9289,338.8677,192.2947,290.1540,196.9503,341.1669,192.9542,301.1025,191.5888,316.3803,190.5139,313.8989,189.7099,321.4763,188.8161,304.1915,228.8425,322.4035,230.1339,311.8766,229.8964,313.9996,229.9429,308.6407,261.5244,324.5540,263.0286,311.4568,262.6423,319.2565,263.3780,302.1727,267.6456,323.2698,269.9058,302.6984,267.6046,317.8219,269.0416,302.8086,268.9159,313.6702,270.1795,324.7139,265.1971,313.8861,264.5185,,,316.7343,184.2775,,,,
74020,0,,,,,,,,,,,,,,,337.9702,183.3336,298.2008,185.3088,338.2443,193.7156,290.8027,197.4712,320.0327,199.2433,305.7309,199.6526,319.4489,232.4918,307.0794,232.7211,320.8625,263.3847,310.6238,262.2638,,,,,,,294.5730,184.1983,,,303.2770,184.7826,,,288.9011,196.7693,337.4656,193.0326,290.4195,197.4776,340.3348,193.7083,301.6159,191.8515,317.1740,191.0438,313.7140,190.3043,321.3387,189.4401,304.1443,229.1345,322.5508,230.4040,311.7131,230.2142,313.9950,230.4124,308.6357,261.9093,324.3567,263.3396,311.4557,262.8582,319.0133,263.6527,302.4276,267.7743,322.8309,270.2605,302.7939,267.6934,317.3311,269.3682,302.7350,269.0254,313.3985,270.4882,324.3594,265.4930,313.8951,264.5648,,,316.9152,184.4885,,,,
74021,0,,,,,,,,,,,,,,,339.2249,183.1139,298.8525,185.0061,336.4231,194.4051,291.9193,197.6645,320.1939,198.4385,305.5390,198.8880,320.1226,232.5161,307.4612,232.5449,320.9168,263.3816,310.9393,262.4388,,,,,,,294.7183,184.0396,339.0849,182.5748,301.9782,184.9831,339.6672,182.3367,289.9939,197.0384,335.3823,193.7344,291.2747,197.5815,338.6193,194.5687,301.7817,191.3542,318.2653,190.4417,313.2477,190.3187,321.2364,189.4357,304.4542,228.9865,323.4977,230.2284,312.0975,229.8528,314.4928,230.1948,308.8571,262.1566,324.4331,263.3564,311.9633,262.8852,319.2659,263.6862,302.8481,267.8128,323.2277,269.9168,303.4642,267.7131,317.9764,268.9676,303.7159,268.8929,314.2164,270.0525,324.3914,265.4256,313.8019,265.0150,,,316.8716,183.9912,317.6083,183.1387,,
74022,0,,,,,,,,,,,,,,,338.1063,183.5725,299.1301,185.6118,334.0265,195.3374,292.1070,198.4699,320.0646,199.5143,306.1459,199.9850,320.2212,233.2124,307.2047,233.0797,320.8057,264.1737,310.8718,262.4944,,,,,,,295.0047,185.1272,337.4679,182.7339,301.9196,185.2649,339.2547,183.4167,290.1511,198.1560,332.7755,194.5179,291.9194,198.5533,336.4490,195.5343,302.3024,191.8571,317.8117,191.6449,314.1101,191.3431,321.3413,191.1324,304.4746,229.5011,323.0733,230.9900,311.6198,230.5410,314.7932,230.8355,308.7626,262.2196,323.9928,264.4795,311.7917,263.0737,318.8407,264.5617,302.7191,268.1874,322.2323,270.9074,302.8524,268.0710,316.8076,269.9942,302.6816,269.3506,313.1363,270.9227,324.2200,266.6972,313.9497,265.2580,,,316.9423,185.6579,318.4523,183.1488,,
74023,0,,,,,,,,,,,,,,,338.0714,183.7966,298.4623,185.6309,331.6297,195.8903,292.5119,199.7404,320.7222,199.6909,306.6534,200.6969,319.8229,232.8695,308.0390,233.2728,320.7679,263.9443,310.7793,262.3387,,,,,,,294.8643,185.2223,337.3452,182.7809,300.7843,185.2566,339.2835,183.6581,290.9184,199.3617,330.3137,194.6881,292.0921,200.0301,334.0203,196.0119,302.3672,192.3086,317.9081,191.6550,315.0399,191.6270,322.0029,190.7987,305.0887,229.5822,322.8660,230.5774,312.4177,230.3069,314.8316,230.5861,308.5211,262.0569,323.7608,264.2530,311.7348,262.9306,318.8668,264.2631,302.7443,268.0965,321.8100,270.7525,303.3214,267.9578,316.5040,269.9016,303.2785,269.0721,313.0875,270.8522,323.8510,266.5842,313.6678,265.2939,318.8716,183.2736,317.1542,185.6495,317.9500,183.2743,,
74024,0,,,,,,,,,,,,,,,337.1463,183.7549,298.0952,185.7070,329.0912,196.0044,292.3048,199.7837,321.8339,198.4584,307.8631,200.0009,320.3462,233.5042,307.4404,233.0630,320.8656,264.3182,310.6045,262.6824,,,,,,,294.6011,185.0968,336.4871,182.7247,300.1005,185.3946,339.3525,183.5630,290.4192,199.3134,327.5796,194.8316,292.1776,200.0203,331.4991,196.1344,302.6382,192.4486,317.9187,191.3286,316.1193,190.4012,323.3504,190.1363,304.9359,229.5396,323.4482,231.4197,311.3128,230.7374,314.8155,231.2430,308.4964,262.3249,323.9199,264.6458,311.4053,263.2987,318.8584,264.6440,302.1069,268.2765,321.6141,271.4203,302.2344,268.1289,315.7550,270.5034,302.1057,269.3192,312.1865,271.3882,324.4044,266.8571,313.9435,265.3449,,,317.8091,184.7167,,,,
74025,0,,,,,,,,,,,,,,,335.6325,184.0846,297.2666,185.8673,327.1247,196.5886,293.1235,200.4808,321.7211,198.5658,307.6832,200.0111,319.8822,233.2281,307.0908,233.1168,321.1468,264.1641,310.9641,262.2269,,,,,,,294.4628,185.2359,334.8852,183.3669,299.4124,185.6491,338.1994,183.9325,291.3357,200.0113,325.9110,195.3628,292.8168,200.7478,329.3635,196.8974,302.4605,192.6013,318.4056,191.4334,315.1860,190.3123,323.2591,190.1432,304.5628,229.8468,323.1321,231.1510,311.2943,230.8685,314.4303,231.1829,308.6901,261.8406,324.3087,264.4637,311.8040,262.9157,319.1074,264.4072,302.1592,268.1260,322.1563,271.1210,302.5989,267.9576,316.0293,270.2296,302.4015,269.2070,312.3518,271.1095,324.4789,266.6654,314.2222,264.8461,,,317.0891,185.1985,,,,
74026,0,,,,,,,,,,,,,,,334.7047,184.3809,297.7610,186.2765,324.7984,197.5306,292.5778,201.3238,321.4782,199.4709,307.8709,200.0859,320.7597,234.3148,306.9562,233.5544,320.8357,264.8111,310.3803,262.4591,,,,,,,294.8048,185.5563,333.3553,183.5921,299.3587,185.9778,337.7335,184.2339,290.6627,201.0116,323.3618,196.1845,292.2627,201.5771,326.9585,197.7896,302.9137,192.9380,317.8697,192.3168,315.8596,190.8966,323.5351,190.6218,304.8089,230.0689,323.8827,232.3509,311.2050,231.3440,315.2059,231.7700,308.1879,262.0319,323.8467,265.2490,311.1323,263.2329,318.9461,265.0243,301.4319,268.3394,321.6489,271.9358,301.5967,268.2180,315.3972,271.0084,301.2664,269.4464,311.6951,271.6958,324.2755,267.3133,313.7277,265.3176,,,317.7325,185.7815,,,,
74027,0,,,,,,,,,,,,,,,332.4563,184.2705,299.8719,186.0173,323.0846,197.4880,293.1152,201.0735,321.1146,200.2718,307.8098,201.0752,320.7408,234.3491,307.2722,233.7214,320.8273,264.5124,310.1658,262.4654,,,,,,,295.1902,185.1309,331.8964,182.8576,302.3281,185.4486,334.7245,184.1871,290.8246,200.7547,321.7440,196.1331,292.7500,201.4943,325.1064,197.7997,302.5257,193.7250,317.4060,193.0869,316.0962,191.7738,323.3473,191.4709,304.9380,230.1447,323.7540,232.3414,311.3789,231.4618,315.1371,232.0612,307.9546,262.0830,323.8991,264.8026,310.9020,263.2968,318.8652,264.8159,301.6987,268.3152,322.1567,271.5329,301.6835,268.1584,316.0774,270.6524,301.3881,269.4149,312.2357,271.5301,324.6031,266.7646,313.8533,265.2855,,,318.0475,185.4212,318.8333,183.2138,,
74028,0,,,,,,,,,,,,,,,332.0219,184.3600,299.9179,186.0799,322.2255,197.7913,294.1768,201.4543,321.1620,201.0006,308.0994,201.7553,321.0411,234.5936,307.5546,234.0716,320.6406,264.9578,310.1215,262.8950,,,,,,,294.9769,185.3478,331.6597,183.4285,301.6669,186.6716,334.2407,184.2609,291.9480,201.1728,320.8346,196.4786,293.6071,201.9445,324.0986,198.1816,302.3329,194.5491,317.6490,193.8941,315.9137,192.3579,323.2230,191.9718,305.0124,230.3556,323.9895,232.4602,311.7443,231.7533,315.5167,232.3868,307.9742,262.4671,323.7178,265.3823,310.8766,263.6998,318.6593,265.2448,301.6958,268.5260,321.7765,271.9042,301.5697,268.4135,315.8122,270.7631,301.2422,269.6776,311.8103,271.6519,324.6447,267.4352,313.7450,265.6428,,,317.9195,185.7148,318.7065,183.0405,,
74029,0,,,,,,,,,,,,,,,332.4947,184.5567,299.1616,186.2733,322.0599,197.8207,293.4999,201.9136,321.1394,201.1348,308.1012,201.7865,320.9691,234.6068,307.4999,234.2067,320.8627,264.5486,310.1607,262.5761,,,,,,,294.6499,185.6234,331.7379,183.5376,301.3803,186.9696,334.7515,184.4788,291.1937,201.5156,320.7296,196.4849,292.9797,202.4624,323.9717,198.2076,302.3540,194.8000,317.6971,194.0890,316.2588,192.3461,323.5380,192.1828,305.1189,230.6465,323.9350,232.6174,311.7198,231.9407,315.4905,232.4001,308.0378,262.1676,323.8760,264.8564,310.8973,263.3795,318.8909,264.8078,301.7083,268.2235,321.9626,271.5025,301.5576,268.1288,315.8607,270.6259,301.1592,269.3685,311.9901,271.4391,324.8006,266.7510,313.7805,265.3340,,,318.2358,186.0698,319.0758,183.1218,,
74030,0,,,,,,,,,,,,,,,331.5751,184.5265,299.4827,187.3530,321.5621,198.5582,293.7853,201.7747,321.1185,201.6167,307.8957,202.4962,321.1622,234.3460,307.7190,234.4186,320.8018,264.4846,309.9098,262.9856,,,,,,,294.6895,185.4316,331.0720,183.5779,301.2807,187.0587,333.4463,184.5240,291.7164,201.4121,320.3151,197.2373,293.0367,202.4439,323.4889,199.0145,302.4719,195.4347,317.7887,195.0234,315.6039,192.8538,323.1191,192.5140,305.1189,230.9544,323.9536,232.2372,311.9156,232.0537,315.7684,232.3711,307.7877,262.5532,324.0497,264.7001,310.7010,263.7225,318.7945,264.8455,301.7536,268.4821,322.2196,271.3638,301.6773,268.3776,316.4413,270.3861,301.3405,269.6617,312.4418,271.3769,324.7798,266.6933,313.3946,265.6764,,,317.4846,187.0021,318.4171,183.0516,,
74031,0,,,,,,,,,,,,,,,331.8468,184.4665,300.3041,185.9701,321.9540,199.1814,294.8164,201.0955,321.6943,201.6211,308.4353,202.0937,320.9463,234.5231,307.6201,234.2666,320.6420,264.6826,310.0112,262.9720,,,,,,,295.0683,185.3617,331.2889,183.5566,302.4099,185.8246,333.9119,184.3611,292.7073,200.6906,320.7347,197.8762,294.1412,201.5130,323.8715,199.7266,303.1000,194.4973,318.4657,194.7180,316.1116,192.4426,323.6227,192.2878,305.1863,230.7117,323.8306,232.4419,311.7799,231.9760,315.6235,232.3730,307.8862,262.5398,323.8075,264.9865,310.7624,263.7527,318.6671,264.9926,301.6735,268.4369,321.9752,271.5495,301.5340,268.3261,316.0218,270.6280,301.1420,269.5879,311.9562,271.5823,324.6734,267.0123,313.5737,265.7251,,,318.6207,185.9877,319.2415,183.0649,,
74032,0,,,,,,,,,,,,,,,331.7139,184.1921,300.3106,185.5723,321.9356,200.0519,295.3531,200.3514,322.0304,201.3749,308.8709,201.6399,320.8720,234.3069,307.5260,234.0708,320.7721,264.4328,310.1402,263.0118,,,,,,,295.2011,184.8371,330.3386,182.6247,302.2198,185.3103,333.7201,184.0982,293.3463,200.0099,320.5617,198.8695,294.6663,200.9352,323.7265,200.7105,303.8329,194.1719,318.7650,194.6530,316.0226,192.3303,323.5480,192.2017,305.1553,230.6496,323.7184,232.3759,311.7059,231.7882,315.5613,232.2179,308.0351,262.5712,323.8800,264.6612,310.9418,263.7496,318.8078,264.7509,301.8035,268.5133,322.1078,271.2359,301.6956,268.4469,316.3418,270.3916,301.3074,269.6859,312.2104,271.3850,324.6427,266.5048,313.5669,265.6936,,,318.4478,186.4434,319.3047,182.9988,,
74033,0,,,,,,,,,,,,,,,331.7975,184.4806,300.6076,185.9681,322.3289,200.8755,296.0020,199.8916,321.9756,202.0269,308.4160,202.5073,320.7127,234.7999,307.3414,234.9397,320.9475,264.4981,309.7912,263.2198,,,,,,,295.6023,185.0966,331.1294,183.5508,302.5512,185.6090,333.4614,184.4614,293.8690,199.4034,321.1211,199.6929,295.3745,200.0843,324.2569,201.4135,303.3784,194.9613,318.6746,195.1546,316.1952,192.8010,323.7942,192.9169,304.6960,231.2222,323.6356,232.7611,311.7761,232.3815,315.3676,232.5490,307.5857,262.7815,324.2298,264.7122,310.5797,263.9141,318.9102,264.8722,301.5571,268.7320,322.4304,271.3811,301.7341,268.6475,316.5391,270.5714,301.6409,269.9540,312.5552,271.5111,325.0154,266.5918,313.3348,265.7815,,,318.6418,186.7222,319.3976,182.9430,,
74034,0,,,,,,,,,,,,,,,331.7872,184.5039,300.7921,186.0656,323.2673,201.2777,296.3022,199.5945,322.0181,201.8441,308.4716,202.3410,320.7770,234.6138,307.2799,234.3570,320.9211,264.5192,309.9890,262.9811,,,,,,,295.6869,184.9032,331.0267,183.5828,302.6996,185.4559,333.5426,184.4669,294.0364,199.1763,322.0571,200.2519,295.4946,199.8180,325.4225,201.6519,303.3101,194.7022,318.3643,195.0861,316.6328,192.4976,324.1462,192.6547,304.7027,230.6097,323.6125,232.6458,311.8305,231.9843,315.4546,232.4180,307.6887,262.5460,324.2264,264.7484,310.8152,263.7225,318.8493,264.8833,301.6184,268.6024,322.4412,271.4609,301.8265,268.5717,316.4955,270.6351,301.7584,269.9883,312.4893,271.6242,324.9049,266.7799,313.6504,265.5765,,,319.0139,185.6913,319.3660,183.1199,,
74035,0,,,,,,,,,,,,,,,331.6388,184.4900,300.6946,186.1275,324.1116,202.1973,296.4925,199.3150,320.9685,202.3785,307.5826,202.7486,320.5711,234.8148,307.3399,234.8822,321.0243,264.4689,309.9759,263.1288,,,,,,,295.6630,184.9053,330.9127,183.5407,302.4751,185.4746,333.2861,184.4587,294.4908,198.9714,322.8917,201.2312,295.5482,199.7152,326.2664,202.5767,302.9065,194.6093,317.5726,195.3752,315.8986,192.6317,323.4894,192.7704,304.5482,230.9564,323.5505,232.7544,311.7679,232.1588,315.2421,232.4400,307.6762,262.7357,324.3168,264.7020,310.8066,263.8767,318.9641,264.8733,301.8150,268.5455,322.5697,271.2801,302.0109,268.5515,316.6361,270.5729,301.9870,269.9370,312.7209,271.5411,324.9702,266.6838,313.4548,265.8575,,,318.2320,186.6118,319.2999,182.9582,,
74036,0,,,,,,,,,,,,,,,331.5239,184.7085,301.3896,186.2028,325.0736,202.7577,296.7246,199.0934,320.7962,202.8268,307.3098,203.0652,320.6623,234.8779,307.5370,234.9529,321.0244,264.1652,309.9345,262.9156,,,,,,,296.2250,184.8523,330.5113,183.7068,303.1389,185.6114,333.0455,184.6715,294.7844,198.6513,323.5819,201.8439,295.8418,199.2978,327.5506,203.0043,302.6200,194.7297,317.2701,196.0944,316.1345,192.7372,323.7091,193.1238,304.6984,230.9567,323.4817,232.8368,311.7767,232.2058,315.2144,232.5098,307.6779,262.4990,324.3875,264.3607,310.7657,263.6304,318.9169,264.5807,301.7856,268.4093,322.5370,270.9791,302.0682,268.3039,316.6789,270.1998,302.1418,269.5793,312.7455,271.1633,324.9613,266.2799,313.4345,265.6224,,,318.5238,186.8872,319.5358,183.0199,,
74037,0,,,,,,,,,,,,,,,331.6503,184.5543,301.3883,186.1766,326.9707,202.9889,296.9694,199.2572,320.6669,202.5160,307.1077,202.7435,320.6521,234.7730,307.4627,234.6127,320.8606,264.2614,310.2989,263.0149,,,,,,,296.1368,184.9048,331.1670,183.6221,302.9597,185.4850,332.8304,184.3864,295.1012,198.8147,325.5973,202.3104,296.0372,199.3999,329.3130,203.0676,302.7714,194.3599,317.1093,195.5896,315.7156,192.5706,323.3992,192.9237,304.7802,230.6236,323.4880,232.7716,311.6620,231.9109,315.1288,232.3612,308.0435,262.6011,324.0979,264.4879,311.1654,263.7466,318.8350,264.6397,301.9706,268.4859,322.5327,271.0664,302.2452,268.3915,316.7089,270.2795,302.3187,269.6951,312.7473,271.2215,324.7342,266.3357,313.8929,265.6645,,,318.3910,186.5981,319.6003,182.9767,,
74038,0,,,,,,,,,,,,,,,331.3457,184.4729,301.4498,185.8823,328.1647,202.7633,296.9368,198.8826,320.6710,202.0363,307.0368,202.2423,320.5301,234.7577,307.5839,234.6287,320.9067,264.3145,310.2894,263.0419,,,,,,,296.2265,184.7304,330.5223,183.6247,303.1702,185.3300,332.5372,184.2999,295.0210,198.4581,326.5722,202.1500,296.0743,198.9095,330.6725,202.5872,302.7548,193.8858,316.9417,194.8811,315.5253,192.2846,323.2089,192.6349,304.7954,230.4993,323.3644,232.7270,311.8452,231.9151,314.9620,232.3984,308.0618,262.6436,324.1916,264.5385,311.2374,263.7470,318.8424,264.6828,302.0861,268.4048,322.4856,271.1723,302.4676,268.2912,316.5975,270.2913,302.5241,269.5885,312.5569,271.2220,324.9057,266.5122,313.8565,265.7487,,,318.5273,185.6445,319.3480,183.0564,,
74039,0,,,,,,,,,,,,,,,330.9786,184.4546,301.6056,186.0940,328.6359,202.8678,296.9787,199.6434,320.4128,202.3760,306.9658,202.7072,320.6069,234.9280,307.5722,234.9564,320.8237,264.4698,310.3420,263.1645,,,,,,,296.7941,184.8112,330.1540,183.5408,303.4288,185.4277,331.8336,184.2992,295.0713,199.2415,327.1519,202.4747,296.3095,199.7952,331.1363,202.5766,302.6361,194.3779,316.5593,195.1949,315.4438,192.8794,322.8328,193.2146,304.7980,230.9107,323.4981,232.8216,311.8148,232.1463,315.0508,232.6879,308.1167,262.8159,324.1573,264.6771,311.2334,263.8393,318.7561,264.8362,302.2392,268.4973,322.4801,271.2238,302.5983,268.4014,316.5924,270.3435,302.7222,269.6664,312.6613,271.2157,324.6999,266.7598,313.9521,265.8145,,,317.9437,186.9030,319.5685,182.9332,,
74040,0,,,,,,,,,,,,,,,330.7803,184.4988,301.2236,186.0499,328.7767,203.0225,296.2080,199.8039,320.0918,202.4869,306.5050,202.9482,320.4229,234.7873,307.5618,235.0298,321.0518,264.1148,310.2808,263.0265,,,,,,,296.4365,184.7499,330.1657,183.5964,302.9392,185.3726,331.2736,184.3917,294.1680,199.3116,327.3453,202.7321,295.5613,200.0824,331.2761,202.6752,302.2864,194.5717,316.6384,195.3756,314.8471,193.0235,322.1345,193.3495,304.5987,231.0794,323.3984,232.7258,312.0254,232.0785,314.9324,232.6064,308.0194,262.7214,324.4925,264.2282,311.2116,263.6662,318.9643,264.5193,302.1322,268.3443,322.9590,270.7922,302.6472,268.2103,317.2280,269.9582,302.7106,269.5043,313.2385,271.0008,324.8488,266.2837,313.6722,265.7699,,,317.3556,186.9366,319.2227,182.9371,,
74041,0,,,,,,,,,,,,,,,330.9314,184.3334,301.5399,186.0166,328.9151,202.8392,296.2977,199.9360,320.5787,202.4586,306.7122,202.7345,320.5718,235.1967,307.4662,235.4217,320.9539,264.2990,310.2299,263.2490,,,,,,,297.0362,184.7811,330.3916,183.4513,303.0858,185.2950,331.5394,184.2324,294.4176,199.4310,327.4679,202.5247,295.6411,200.1918,331.3879,202.4854,302.5928,194.5763,317.5394,195.0438,314.8973,193.1073,322.2232,193.4181,304.4678,231.4521,323.5642,233.0946,312.1398,232.3501,315.0052,232.9320,307.8998,262.9703,324.4552,264.4281,311.1633,263.8791,318.9113,264.7123,302.0506,268.5531,323.0363,270.9930,302.5831,268.5002,317.3199,270.1875,302.8393,269.8351,313.3692,271.2322,324.7195,266.4575,313.6178,265.8363,,,317.5541,186.9535,319.4394,182.8842,,
74042,0,,,,,,,,,,,,,,,330.9059,184.4777,301.2969,185.9011,329.4916,203.0429,295.6150,201.0006,320.3957,202.6866,306.4835,203.1014,320.5725,235.0492,307.4757,235.0446,320.9133,264.2682,310.2805,263.1007,,,,,,,296.5997,185.0712,330.6779,183.5605,302.9046,185.4239,331.3558,184.3394,293.6115,200.4813,328.1160,202.6966,294.8860,201.0829,331.8677,202.7476,302.2542,194.9990,317.5697,195.4592,314.3313,193.4770,321.5603,193.8261,304.5710,231.2072,323.5537,232.9544,312.1207,232.1874,315.0305,232.7069,308.0043,262.8052,324.4379,264.3791,311.1968,263.7441,318.8900,264.6608,302.3141,268.3952,323.1124,270.8737,302.9488,268.2615,317.4991,269.9654,303.2473,269.5160,313.6073,270.9737,324.5460,266.4404,313.5124,265.7538,,,316.8670,187.3013,318.8331,182.9576,,
74043,0,,,,,,,,,,,,,,,330.8913,184.3039,300.9365,185.6302,329.4590,202.6117,295.4405,201.0577,319.6319,202.3636,306.0891,203.0135,320.6174,234.9967,307.5794,234.9718,320.9520,264.2248,310.2797,263.1265,,,,,,,296.3263,185.0341,330.6182,183.4147,302.6329,185.3548,331.3543,184.1905,293.3056,200.5023,328.0324,202.1353,294.7263,201.1622,331.7310,202.2825,301.8601,195.0429,316.5608,195.3584,314.0210,193.4729,321.0561,193.7064,304.6305,231.2323,323.5512,232.9404,312.1115,232.2173,314.9585,232.7516,308.0967,262.8252,324.3993,264.2869,311.1432,263.7575,318.9124,264.5836,302.2845,268.4533,323.0601,270.7886,302.7352,268.3352,317.5146,269.9417,302.8084,269.6232,313.5384,271.0122,324.5842,266.2683,313.6427,265.6781,,,316.3961,187.2760,318.4600,182.9835,,
74044,0,,,,,,,,,,,,,,,331.0556,184.2971,300.3451,186.8953,329.4095,202.0735,294.6050,201.5651,320.0548,202.1521,306.4533,202.8176,320.5710,235.0482,307.5182,234.9153,320.9451,264.2474,310.1734,262.9261,,,,,,,295.5083,185.2486,330.6660,183.4380,301.8618,186.6528,331.7128,184.2151,292.5975,201.0325,327.9267,201.4744,293.7736,201.8349,331.7706,201.7927,302.0208,195.0132,316.6791,194.8484,314.7314,193.2802,322.0807,193.2464,304.7335,231.3245,323.5265,233.0841,312.0310,232.2954,314.9740,232.8357,307.8507,262.6209,324.2954,264.3373,311.0783,263.5870,318.9467,264.5860,301.9472,268.4524,322.9507,270.8721,302.4100,268.1953,317.1828,269.9337,302.5877,269.3699,313.1253,270.9208,324.7342,266.3472,313.6926,265.4850,,,317.1140,187.2100,319.0357,182.9297,,
74045,0,,,,,,,,,,,,,,,330.7498,184.3749,301.2331,185.9477,328.8538,202.2872,295.5739,201.5177,320.6235,202.7093,306.9154,203.3964,320.5075,234.9450,307.4081,234.5607,320.8102,264.1269,310.2486,263.0376,,,,,,,296.3530,185.2824,330.2371,183.4775,303.3175,185.5878,331.5612,184.2416,293.2634,201.1084,327.3270,201.5841,295.1233,201.6748,331.3359,201.9394,302.5198,195.2128,316.8898,195.7816,315.3659,193.4468,322.4904,193.5265,304.9273,230.8699,323.3815,232.7964,311.3627,232.0569,315.0844,232.5691,308.1751,262.6804,324.2988,264.2192,311.0285,263.7055,318.7435,264.5446,302.3446,268.4722,322.7554,270.8801,302.4072,268.5160,316.9125,270.1970,302.3592,269.9052,312.9567,271.1976,324.6377,266.0597,313.7692,265.5642,,,317.5137,187.2976,318.9806,182.7924,,
74046,0,,,,,,,,,,,,,,,330.6262,184.3691,301.4467,186.0306,328.0384,201.6829,294.6934,201.3317,320.9996,202.6806,306.7599,203.3605,320.7088,235.2575,307.3694,235.1537,320.8800,264.5520,310.0388,263.2794,,,,,,,296.3063,185.2273,330.2175,183.4775,303.3641,185.6488,331.8218,184.2794,292.3965,200.4957,326.4374,200.8275,294.1107,201.6221,330.5842,201.4545,302.2887,195.1020,317.6040,195.6643,314.9947,193.5769,322.4253,193.7132,304.5045,231.4179,323.7547,233.1248,311.6642,232.5642,315.0769,233.0332,307.8040,262.9567,324.4976,264.6831,310.8759,263.9519,318.7998,264.9856,302.1036,268.6451,323.2015,271.3010,302.3541,268.5968,317.3505,270.4072,302.4451,269.9682,313.4176,271.4011,324.6057,266.6774,313.5037,265.8024,,,317.4249,187.2363,318.7862,182.9453,,
74047,0,,,,,,,,,,,,,,,330.7969,184.4079,301.4570,186.0487,328.1680,202.1330,294.4330,201.6130,321.4181,202.2891,307.2618,202.8925,320.6388,234.9083,307.3003,234.4718,320.6988,264.4679,310.0276,262.9698,,,,,,,296.4672,185.0966,330.1800,183.5283,303.6264,185.6021,332.0881,184.3475,292.2917,201.2784,326.5598,201.3922,293.9934,201.6865,330.7534,201.8974,302.5294,195.2170,317.9495,195.7130,315.5554,193.0253,323.2781,193.1394,304.5895,230.8509,323.6705,232.8416,311.4634,232.1978,314.9300,232.7503,307.9191,262.5794,324.3068,264.6267,310.8455,263.6236,318.6218,264.8451,302.0874,268.4230,322.6613,271.2545,302.1577,268.3790,316.8886,270.3121,302.1207,269.7471,312.8379,271.2866,324.4720,266.6661,313.6385,265.4470,,,318.0186,187.0003,319.1691,182.9177,,
74048,0,,,,,,,,,,,,,,,331.2317,184.5440,301.3418,186.1913,327.0026,202.2835,294.5666,201.5701,320.8890,202.4009,307.3206,202.8923,320.6036,234.7532,307.4472,234.6040,320.7841,264.4344,310.0902,262.9611,,,,,,,296.4529,185.3654,330.4005,183.6997,303.5682,185.7596,332.6423,184.4062,292.4294,201.1133,325.4437,201.3534,294.1371,201.7249,329.4901,202.2104,302.6436,194.7812,317.6234,195.3507,316.0744,193.0921,323.5160,193.2746,304.7776,230.9712,323.4767,232.5834,311.4512,232.0089,315.0426,232.3651,308.0893,262.5487,324.3277,264.6646,310.9260,263.6559,318.6832,264.8367,302.2050,268.3561,322.4687,271.2863,302.3283,268.2913,316.5197,270.2802,302.3081,269.6496,312.3247,271.2774,324.6639,266.6451,313.8280,265.4196,,,318.8279,186.9922,319.9911,182.9089,,
74049,0,,,,,,,,,,,,,,,330.7644,184.4250,301.0155,185.9479,326.2712,201.9652,294.4848,201.5241,320.5447,202.4230,307.4929,202.9983,320.6996,234.9356,307.6507,234.9413,320.6811,264.6453,309.9456,263.2822,,,,,,,296.2396,185.1198,329.7805,183.5782,303.1146,185.6402,331.9775,184.3472,292.2231,201.0447,324.6998,201.0767,293.9830,201.6132,328.7738,201.8885,302.4338,194.9280,316.9358,195.4693,316.3661,193.0690,323.6866,193.1818,304.9350,231.2837,323.4987,232.8669,311.8200,232.2973,315.2841,232.5898,307.8562,262.8661,324.2413,264.8985,310.7809,263.9562,318.6518,265.0270,301.9139,268.6383,322.4307,271.5409,302.0546,268.6079,316.4627,270.6515,301.9681,269.9673,312.3271,271.6751,324.6189,266.8228,313.5432,265.7894,,,318.7036,186.8805,319.5217,182.8307,,
74050,0,,,,,,,,,,,,,,,331.1513,184.3565,300.9027,185.6899,325.0398,202.5940,293.9988,201.5460,321.0066,202.0539,307.7643,202.6045,320.7746,234.7075,307.6172,234.6845,320.7886,264.4610,310.0100,263.1630,,,,,,,296.1919,184.9260,330.2105,183.5484,302.8592,185.4383,332.6075,184.4037,291.9016,201.1093,323.5398,201.5323,293.3334,201.7383,327.4682,202.6529,302.8674,194.8399,317.0934,195.2204,316.7862,192.8011,324.1541,192.8726,304.8887,231.0717,323.4772,232.6410,311.5880,232.0871,315.3436,232.4338,307.9567,262.7853,324.1669,264.6733,310.8414,263.8435,318.7785,264.8694,301.9670,268.6737,322.2458,271.3078,302.0089,268.6222,316.4415,270.3513,302.0008,269.9635,312.2873,271.3600,324.8371,266.5765,313.6278,265.7911,,,319.1449,186.6346,319.8698,182.9629,,
74051,0,,,,,,,,,,,,,,,331.2805,184.4476,301.3561,185.8602,324.2590,202.5309,293.8647,201.1349,320.4773,202.2513,307.3612,202.6100,320.8909,234.9720,307.6704,234.8087,320.5889,265.0178,309.8999,263.2151,,,,,,,296.7813,184.9021,330.3597,183.6254,303.3616,185.3466,332.9975,184.4641,291.4303,200.6103,322.6716,201.3883,293.3791,201.3025,326.8390,202.6192,302.4161,194.8564,316.8792,195.5025,316.3219,192.8688,323.6754,192.9420,304.9031,231.0599,323.6271,232.9527,311.9867,232.2697,315.5120,232.6798,307.6715,262.8378,323.7884,265.3591,310.7047,263.9045,318.6120,265.3592,301.6513,268.7315,321.8359,271.7780,301.7854,268.5141,315.9839,270.7893,301.7419,269.6958,311.9281,271.6278,324.7024,267.3786,313.4959,265.9369,,,318.5466,186.7682,319.5434,183.0160,,
74052,0,,,,,,,,,,,,,,,331.4669,184.5121,301.4178,185.9555,323.8366,202.7191,293.7489,201.2326,321.1582,202.0021,308.1423,202.3372,320.9314,234.9180,307.5949,234.7208,320.7135,264.7473,310.1116,263.2075,,,,,,,297.0133,185.0082,330.3858,183.7096,303.3615,185.4373,333.2897,184.4782,291.3370,200.7216,322.3308,201.6369,293.3759,201.4485,326.2973,202.8908,302.8968,195.0204,317.3217,195.6079,316.5688,192.8344,324.0368,192.9266,304.9838,231.1193,323.6518,232.9662,311.6871,232.3689,315.3916,232.7877,308.0158,262.8269,324.0579,265.0103,310.9228,263.8575,318.7138,265.0899,301.9448,268.7263,322.1243,271.4820,301.9476,268.5349,316.4887,270.4247,301.8597,269.7668,312.4202,271.3521,324.8321,266.9684,313.9140,265.7964,,,319.0641,186.7210,320.1392,183.0981,,
74053,0,,,,,,,,,,,,,,,331.2383,184.4820,301.1356,185.7146,323.4735,202.6112,294.2207,200.7612,321.0064,201.6188,308.4456,201.6717,320.8405,234.7226,307.5017,234.4967,320.7007,264.7889,310.1512,263.3120,,,,,,,296.6574,184.9438,330.2411,183.6773,303.1177,185.2915,333.0439,184.4534,291.8731,200.1940,322.0189,201.5042,293.8451,200.9027,325.8303,202.8362,303.2680,194.2201,317.5784,194.9681,316.5408,192.6075,324.0758,192.7974,304.8973,231.0206,323.5802,232.6823,311.4477,232.1489,315.3400,232.4978,308.1982,262.9243,324.0499,265.0237,310.8907,263.9880,318.6688,265.1362,301.9122,268.6990,321.9673,271.5424,301.7578,268.4211,316.2616,270.4479,301.4077,269.5704,312.1871,271.3274,324.7524,267.0715,313.9189,265.9596,,,319.3984,186.6430,320.8422,182.9837,,
74054,0,,,,,,,,,,,,,,,331.1768,184.5898,300.9417,185.9977,322.8697,202.4847,293.8356,201.4783,321.3100,201.8891,308.2088,202.1611,320.9202,234.9813,307.5301,234.9631,320.5389,264.7617,310.0330,263.1676,,,,,,,296.2502,185.2354,330.3142,183.7588,302.6863,185.5851,332.7505,185.5389,291.6138,200.9825,321.4204,201.4370,293.3551,201.7861,325.1502,202.6207,303.1468,195.0046,317.7714,195.4866,316.3495,193.0411,323.9300,193.0206,304.9134,231.4803,323.6530,232.9487,311.6172,232.4993,315.3646,232.8900,307.9297,262.7969,323.8215,264.9626,310.8338,263.8284,318.5828,265.0902,301.7110,268.5659,321.9490,271.3127,301.7976,268.2308,316.2731,270.2707,301.6478,269.3597,312.3118,271.0832,324.5440,266.9858,313.5978,265.8071,,,319.1000,186.9460,320.1580,183.0046,,
74055,0,,,,,,,,,,,,,,,331.0839,184.6539,301.1755,186.1523,323.0127,202.0834,294.6975,201.0515,320.9017,201.5442,308.1173,201.7999,320.5548,234.7595,307.5535,234.6851,320.7652,264.4838,310.3884,262.7930,,,,,,,296.1261,185.3650,330.1591,183.7941,302.9490,185.6806,332.7657,184.6706,292.5318,200.4656,321.5022,201.0280,294.3120,201.3226,325.3361,202.2992,303.0819,194.5009,317.5257,194.8492,316.3435,192.5681,323.6938,192.7050,304.8863,231.1922,323.3406,232.8046,311.6050,232.3184,315.0289,232.6339,308.3877,262.3770,324.0971,264.7134,311.1603,263.4837,318.7674,264.7737,302.0699,268.2950,321.9892,271.1904,302.0995,268.0987,316.2802,270.1891,302.0173,269.3912,312.2465,271.0664,324.7132,266.6094,314.0452,265.4252,,,319.0651,186.7275,319.8858,183.0482,,
74056,0,,,,,,,,,,,,,,,330.9906,184.8124,301.0127,185.8910,322.7559,202.4816,294.7410,201.2638,320.7987,201.8669,308.0796,202.1877,320.7376,235.0021,307.8076,234.7244,320.6662,265.0121,310.2448,263.1961,,,,,,,296.0955,184.9806,330.1364,183.8648,302.8100,185.4670,332.2675,185.7620,292.5584,200.7585,321.2879,201.3831,294.2779,201.4698,324.9802,202.7548,303.0115,195.0427,317.1925,195.6143,316.3491,192.6766,323.6520,192.7404,305.2257,231.2885,323.5011,233.1387,311.8150,232.4978,315.3859,232.9220,308.2608,262.7835,323.8739,265.2846,311.0191,263.8747,318.5963,265.3015,301.9925,268.5970,321.7635,271.7602,301.9272,268.3743,315.9998,270.6817,301.6576,269.5809,311.8699,271.5062,324.7297,267.2193,313.9800,265.8363,,,318.9837,186.7840,319.6363,183.0831,,
74057,0,,,,,,,,,,,,,,,330.9693,184.6447,300.8060,185.8942,323.4099,202.1976,295.5733,200.7718,321.3467,201.3731,308.4878,201.8234,320.6850,234.6977,307.6639,234.3083,320.5538,264.6405,309.7489,262.7469,,,,,,,295.6167,185.1719,330.0405,183.7627,302.9392,185.5741,332.6443,184.6201,293.3303,200.3094,321.9314,201.1554,295.1506,201.0020,325.7301,202.3774,303.2054,194.1613,317.4545,194.6828,316.8939,192.0840,324.1810,192.3791,305.1715,230.6046,323.3752,232.7666,311.4817,231.9066,315.4751,232.3411,307.6936,262.2846,323.7830,264.8995,310.4822,263.4826,318.4783,264.9732,301.5650,268.2451,321.7598,271.5123,301.3568,268.1933,315.8605,270.5055,300.8598,269.4587,311.7341,271.3264,324.7062,266.7726,313.3749,265.2906,,,319.1927,185.7891,319.5688,183.0368,,
74058,0,,,,,,,,,,,,,,,331.1883,184.6066,301.2295,186.1199,323.7504,202.0450,295.8150,201.0195,321.1412,201.7159,308.2760,202.0337,320.6827,234.9228,307.5996,234.7012,320.7390,264.7058,309.7864,262.7982,,,,,,,295.6787,185.3638,330.3168,183.7075,303.2537,185.7025,332.9046,184.6039,293.4477,200.6686,322.3773,201.0627,295.3537,201.3028,326.1970,202.2009,303.0393,194.6692,317.2593,195.4053,316.6821,192.4464,324.0127,192.5771,305.1084,231.0614,323.3951,233.0566,311.4550,232.4484,315.5069,232.7828,307.7029,262.3071,323.9538,265.0138,310.4752,263.5613,318.6695,265.0319,301.5569,268.3533,321.9921,271.7426,301.3471,268.2898,316.1525,270.7088,300.8887,269.5313,312.2283,271.5173,324.8472,266.8540,313.3860,265.3583,,,319.1850,185.7201,319.7055,182.9564,,
74059,0,,,,,,,,,,,,,,,331.2378,184.6983,300.8346,186.1841,323.2529,202.4825,295.5553,201.1678,320.9308,202.0667,308.0180,202.5578,320.6771,234.7233,307.4658,234.6569,321.0094,264.6063,309.9371,262.9504,,,,,,,295.6661,185.4336,330.4256,183.8508,302.8952,185.7503,332.4974,185.5107,293.1966,200.8115,321.7254,201.4536,294.9105,201.3612,325.4230,202.5912,302.9028,195.0635,317.4477,195.8471,316.3292,193.0458,323.7485,193.0790,304.8966,230.9864,323.4105,232.7896,311.3959,232.3389,315.4737,232.5578,307.8793,262.5049,324.0980,264.8488,310.6662,263.6810,318.9237,264.9575,301.6895,268.4747,322.2156,271.5056,301.5720,268.3351,316.4505,270.5615,301.2044,269.5213,312.3782,271.4433,325.0245,266.6630,313.5580,265.5540,,,318.6433,186.9748,319.6229,183.0345,,
74060,0,,,,,,,,,,,,,,,331.5559,184.8051,300.9954,186.4794,323.7734,202.6239,296.2434,201.4010,320.8973,202.1253,307.8626,202.8542,320.7126,234.9410,307.2953,234.8176,320.7616,264.8059,309.9393,262.8353,,,,,,,295.9137,185.8287,330.6766,183.9305,303.1678,186.2381,333.2311,184.7346,294.0502,201.0441,322.3354,201.6159,295.8177,201.6226,326.0427,202.7551,302.7943,195.4030,317.3563,196.0488,316.1925,193.1417,323.7917,193.1980,304.7227,231.2012,323.5349,233.0354,311.4208,232.5884,315.3355,232.8351,307.7310,262.3471,323.8606,265.0839,310.7125,263.5684,318.6980,265.1031,301.5794,268.3762,321.9490,271.6029,301.4969,268.2604,316.1728,270.6642,301.1527,269.4463,312.0602,271.4647,324.8273,266.8892,313.5750,265.3828,,,318.6552,187.0443,319.5692,183.1134,,
74061,0,,,,,,,,,,,,,,,331.3814,184.7895,301.1308,186.2789,324.1786,203.0683,296.0463,201.6624,320.7980,202.1019,307.6881,202.7231,320.7238,234.5058,307.3420,234.3187,321.0121,264.3328,310.0460,262.5862,,,,,,,296.0546,185.5469,330.2908,183.9250,303.1806,185.9983,333.1998,184.7244,293.7667,201.2970,322.6129,202.0594,295.6617,201.8124,326.5401,203.2956,302.7237,195.5271,317.0910,196.1421,316.0941,192.9106,323.5979,192.9524,304.6999,230.8837,323.5377,232.6720,311.4867,232.1405,315.4519,232.4635,307.9173,262.1403,324.1525,264.5677,310.8493,263.2937,318.9281,264.6441,301.8392,268.1604,322.5806,271.1893,301.8729,267.9857,316.8690,270.3032,301.6838,269.1448,312.9400,271.2256,324.8791,266.3683,313.5417,265.1994,,,318.3235,186.9706,319.1934,183.0437,,
74062,0,,,,,,,,,,,,,,,331.4365,184.8398,301.2394,186.2482,324.4823,203.2520,295.9648,201.5909,320.7583,202.3909,307.7395,202.7434,320.7767,234.8948,307.2795,234.3990,320.8594,264.6923,310.0762,262.8668,,,,,,,296.2050,185.4730,330.4258,183.9073,303.3210,185.9278,333.2879,184.7877,293.7780,201.1767,323.0136,202.1985,295.5933,201.9830,326.7551,203.4831,302.6530,195.4010,317.0185,196.2383,316.3083,192.9536,323.7139,193.1673,304.8446,231.0056,323.5099,233.1379,311.2599,232.3845,315.4369,232.9025,308.0080,262.3746,323.9956,264.9844,310.8574,263.5892,318.8218,264.9801,301.9231,268.2566,322.2614,271.5349,301.8945,268.1765,316.5152,270.5696,301.6727,269.3926,312.4952,271.4054,324.7515,266.7085,313.6549,265.4191,,,318.5810,187.0445,319.5761,183.0103,,
74063,0,,,,,,,,,,,,,,,331.8081,184.5026,301.1841,185.8654,325.5808,203.0309,295.8591,201.0724,320.8481,202.4024,307.5750,202.4765,320.9687,234.7583,307.2824,234.4606,320.9498,264.2693,310.1661,262.8179,,,,,,,296.0842,185.1722,330.7643,183.6510,303.1314,185.5827,333.4444,184.4420,293.5756,200.6362,324.0214,202.0806,295.2799,201.3325,328.0258,203.2398,302.4675,194.8503,317.6355,195.9524,316.1385,192.6404,323.8243,192.9756,304.6877,230.9323,323.7451,232.9385,311.4319,232.2514,315.4744,232.6453,308.0280,262.3387,324.2148,264.4936,310.9625,263.5413,318.9121,264.5872,301.8831,268.2305,322.6219,271.0849,301.8449,268.1489,316.9053,270.2158,301.5545,269.3896,312.7691,271.1563,324.7315,266.1963,313.6168,265.3413,,,318.7581,186.6876,319.8630,182.9397,,
74064,0,,,,,,,,,,,,,,,331.6679,184.5966,300.8048,186.1482,326.4259,203.3837,295.3037,201.4634,320.7029,202.8162,307.0606,202.8938,320.8768,234.9993,307.3257,234.5835,320.7045,264.7022,310.0513,262.9855,,,,,,,295.9981,185.2576,330.5967,183.6508,302.4814,185.5625,333.3926,184.4482,293.1880,200.8706,324.9693,202.5280,294.6205,201.7903,328.8766,203.4516,302.2942,195.3584,317.3034,196.4576,315.5796,192.7399,323.2830,193.0372,304.7067,231.1220,323.7686,233.1756,311.4928,232.4039,315.4571,232.9779,307.7656,262.5457,323.8718,265.0088,310.8964,263.6868,318.7102,265.0078,301.6757,268.3757,322.1962,271.6306,301.8472,268.2620,316.3411,270.6827,301.6566,269.4968,312.3082,271.5358,324.5124,266.8533,313.4387,265.5576,,,317.9819,186.7018,319.3205,182.8849,,
74065,0,,,,,,,,,,,,,,,331.7289,184.5906,300.8642,185.9788,326.9576,202.9335,295.3645,201.2625,321.2903,202.4273,307.3457,202.6475,320.9817,235.0380,307.2698,234.6939,320.8151,264.3519,309.9962,262.8086,,,,,,,296.0139,185.2860,330.6581,183.7374,302.7056,185.5808,333.4668,184.4343,293.1728,200.7619,325.4841,202.1035,294.6794,201.5216,329.4717,202.9672,302.6943,195.0403,318.0551,196.0652,315.6405,192.6456,323.5389,192.9949,304.5114,231.1163,323.9868,233.1190,311.5868,232.3604,315.4313,232.8559,307.7051,262.3428,324.0532,264.6501,310.8077,263.5388,318.7850,264.6493,301.6935,268.2601,322.4679,271.2214,301.9588,268.1341,316.7386,270.2498,301.8354,269.3415,312.6585,271.1687,324.6430,266.5056,313.4287,265.3542,,,318.3455,186.7562,319.5348,183.0385,,
74066,0,,,,,,,,,,,,,,,331.9833,184.5519,300.9453,186.0201,327.4245,203.1365,295.2148,200.2993,321.3015,202.2694,307.1439,202.4752,320.9655,235.2420,307.1909,234.8774,320.7296,264.3886,310.0147,262.8784,,,,,,,295.9163,185.1381,330.9999,183.6437,302.7617,185.4471,333.5628,184.4389,292.8450,199.7561,325.8099,202.3465,294.5629,200.4420,330.0748,203.0799,302.2714,194.9184,318.0637,195.9984,315.5761,192.2677,323.5636,192.5552,304.4940,231.2194,324.1292,233.3199,311.5822,232.5845,315.2902,233.1720,307.6593,262.4095,323.9448,264.6817,310.8903,263.6017,318.7329,264.6549,301.3633,268.3334,322.3990,271.1646,301.7834,268.2254,316.5664,270.3039,301.7057,269.4465,312.4702,271.1559,324.4237,266.3989,313.3256,265.4132,,,318.4964,185.5671,319.5921,182.9966,,
74067,0,,,,,,,,,,,,,,,332.1751,184.5103,301.0785,186.0280,327.7541,202.6924,295.0130,200.2554,321.1042,202.1731,307.0703,202.4158,320.8411,234.9966,307.2668,234.6622,320.6393,264.3541,310.1239,262.9352,,,,,,,296.0443,185.2388,331.4206,183.5496,302.9684,185.5071,333.7127,184.3748,292.5933,199.6424,326.1608,201.9640,294.3766,200.6895,330.4182,202.6078,302.2471,194.6680,317.8630,195.8085,315.5788,192.4280,323.5231,192.6456,304.5374,231.0474,324.0044,233.0585,311.7574,232.3528,315.1469,232.8359,307.7461,262.5064,323.9284,264.6384,310.9731,263.6225,318.6307,264.5998,301.4405,268.4885,322.3512,271.1862,301.8432,268.3084,316.4493,270.3253,301.7921,269.4943,312.3575,271.1436,324.4106,266.3325,313.5048,265.6261,,,318.3636,186.5269,319.8665,183.0035,,
74068,0,,,,,,,,,,,,,,,332.3263,184.4708,301.4534,185.8470,328.1771,202.8583,295.1642,199.9553,321.7390,202.0631,307.4596,201.7956,320.8094,235.0642,307.1187,234.3823,320.5917,264.4521,310.1662,262.6686,,,,,,,296.0400,185.1669,331.5222,183.5877,303.6877,185.3200,333.7952,184.2449,292.7131,199.2660,326.5642,202.1893,294.5519,200.3614,330.8547,202.7561,302.6684,194.1106,318.7259,195.5688,315.8767,192.1585,323.8932,192.6597,304.5129,230.6535,324.0361,233.1991,311.5768,232.1517,315.0236,232.8351,307.8224,262.2032,323.8845,264.7909,311.0203,263.3988,318.5493,264.6661,301.5508,268.2668,322.2904,271.3012,301.9048,268.1325,316.4252,270.3134,301.8543,269.3761,312.3931,271.0952,324.4119,266.5444,313.6028,265.3163,,,318.9147,186.4366,320.7227,182.9572,,
74069,0,,,,,,,,,,,,,,,331.7068,184.8255,300.5153,186.2118,328.7841,202.6791,294.8629,199.0957,321.3002,202.0416,306.9736,202.0562,320.4751,234.9320,307.2945,234.5425,320.8369,264.5066,310.2543,262.7806,,,,,,,295.3484,185.2998,331.1231,183.8123,303.1263,185.6974,332.7244,184.6342,292.5666,198.4067,327.0953,202.1005,294.3443,198.8642,331.4695,202.3104,302.2808,194.0912,317.8397,194.7361,315.5837,192.2505,323.5560,192.5371,304.7290,230.6080,323.5206,232.9316,311.5586,232.0712,314.7896,232.3670,307.9776,262.3128,324.0717,264.8236,311.0996,263.5339,318.7736,264.7832,301.7290,268.2970,322.3831,271.5385,301.9859,268.3903,316.5108,270.6121,301.7989,269.9065,312.3817,271.5213,324.6510,266.6431,313.8282,265.4705,,,318.8783,185.8184,319.9265,183.0402,,
74070,0,,,,,,,,,,,,,,,331.6787,184.6150,300.6175,186.1337,328.9908,202.4061,294.8377,199.0667,321.5530,201.9807,307.2396,202.1053,320.8430,235.1734,307.0918,234.8225,320.9856,264.5025,310.3768,262.9611,,,,,,,295.4816,185.1023,330.8439,183.6216,302.9059,185.5304,332.8738,184.4429,292.4929,198.4262,327.3501,201.9044,294.2660,198.9485,331.5921,202.0287,302.3102,194.1579,318.2045,194.9227,315.6345,192.3898,323.5578,192.6021,304.5314,231.1379,323.9626,233.2386,311.5006,232.5546,314.9347,232.9798,308.0926,262.5128,324.2804,264.7384,311.2466,263.7073,318.9141,264.8316,301.8028,268.4897,322.7029,271.4919,302.0845,268.5459,316.8433,270.5676,302.1105,270.0204,312.6345,271.5049,324.7018,266.5905,313.9062,265.5938,,,318.9022,185.5562,320.0564,182.9600,,
74071,0,,,,,,,,,,,,,,,331.9563,184.7739,300.8455,186.2448,328.9634,202.4334,294.7349,199.2254,321.7989,201.7156,307.3915,201.7858,320.6339,235.1578,306.9655,234.6196,321.0778,264.3870,310.5025,262.6918,,,,,,,295.6836,185.2667,331.3259,183.7911,303.1977,185.6844,333.0165,184.6174,292.4671,198.6091,327.4395,201.8694,294.2398,199.0846,331.5838,202.1347,302.5470,194.0459,318.6463,194.6126,315.9205,192.2352,323.8424,192.5430,304.4950,231.0191,323.7887,233.2273,311.2409,232.5691,314.7357,233.0044,308.2825,262.2344,324.3453,264.6267,311.3802,263.4489,318.9546,264.6905,301.9801,268.3948,322.7606,271.3462,302.1441,268.3934,316.9049,270.4706,302.0022,269.8289,312.7076,271.4227,324.7562,266.4840,314.1653,265.2904,,,319.4259,185.9404,320.8282,183.0903,,
74072,0,,,,,,,,,,,,,,,332.0046,184.5642,300.7249,186.0905,328.8584,202.3124,294.6500,198.8427,321.5785,201.5593,307.2260,201.6899,320.4140,234.8853,307.1502,234.4675,321.0810,264.1041,310.4103,262.6310,,,,,,,295.6077,184.9361,331.4320,183.5907,303.0316,185.4224,333.0440,184.4074,292.3585,198.2846,327.3626,201.7567,294.1328,198.7337,331.5032,201.9736,302.3851,193.7202,318.2266,194.4059,315.6921,192.0100,323.6900,192.2125,304.6414,230.6450,323.5106,232.8459,311.4502,232.1324,314.4398,232.5545,308.2206,262.1790,324.4275,264.2971,311.2528,263.4172,318.9612,264.4271,301.8305,268.3569,322.8632,271.1741,302.0277,268.3690,316.9566,270.4641,301.8702,269.8112,312.6887,271.4921,324.7903,266.1060,314.0797,265.3507,,,318.9934,185.5251,320.2663,183.0163,,
74073,0,,,,,,,,,,,,,,,332.0261,184.5411,300.8728,186.0350,328.9717,202.0679,294.8289,199.0098,321.1554,201.3714,307.1516,201.6497,320.4942,234.7251,307.1770,234.0806,321.0079,264.4291,310.5809,262.8203,,,,,,,296.2812,184.9661,331.3168,183.5834,303.5518,185.4436,333.3071,184.3659,292.5351,198.3256,327.4921,201.4778,294.4681,198.8199,331.5252,201.7323,302.4429,193.6450,317.5036,194.1407,315.9573,191.6777,323.5080,191.9319,304.8284,230.1994,323.5746,232.7410,311.3190,231.7624,314.6427,232.1918,308.3003,262.4372,324.1607,264.7114,311.4034,263.6392,318.9516,264.7387,301.8224,268.5326,322.5177,271.4490,302.0088,268.5884,316.3199,270.8205,301.8539,270.0039,312.3287,271.7878,324.9415,266.4754,314.2590,265.5578,,,318.6530,185.5796,319.9688,183.0157,,
74074,0,,,,,,,,,,,,,,,332.0086,184.5954,300.8081,186.2307,328.5708,201.9485,294.6464,199.0258,321.3589,201.2051,307.4279,201.1568,320.4843,234.5586,307.1898,233.9927,320.9368,264.2278,310.5081,262.8090,,,,,,,295.7946,184.9855,331.3647,183.5843,303.2739,185.5456,333.3182,184.4429,292.3936,198.3712,327.0096,201.2986,294.2538,198.8997,331.2814,201.6471,302.3701,193.5057,317.4881,194.1311,316.2973,191.6815,323.9348,192.0437,304.8857,230.2607,323.5313,232.6053,311.2652,231.7319,314.5949,232.1407,308.2822,262.4504,324.2056,264.5260,311.3416,263.5962,318.8657,264.5388,301.8472,268.5370,322.5319,271.3780,302.0092,268.4691,316.4655,270.5833,301.8746,269.7959,312.3310,271.5381,324.8392,266.3721,314.2264,265.5460,,,319.2081,185.5416,320.2969,182.9134,,
74075,0,,,,,,,,,,,,,,,331.6532,184.6568,300.3359,186.3476,327.8815,202.1721,294.3661,199.4450,320.7178,201.6508,307.3925,201.8406,320.5825,234.5312,307.2909,234.1599,321.0942,264.2435,310.4373,262.7046,,,,,,,295.7519,185.0285,330.5208,183.6358,302.8798,185.5182,332.8992,184.5411,292.0296,198.7822,326.3498,201.4417,293.9118,199.3113,330.5563,201.9613,302.2457,194.0275,316.6397,194.3883,316.4454,191.7183,323.8316,191.9819,305.0089,230.4012,323.6221,232.5670,311.2581,231.8608,314.8649,232.1776,308.1887,262.3122,324.3097,264.4867,311.2816,263.5310,319.0499,264.5857,301.7229,268.3747,322.7356,271.3098,301.8763,268.4159,316.5155,270.6609,301.7099,269.8381,312.4587,271.5728,324.9361,266.2999,314.1229,265.5373,,,318.7781,185.6665,319.7461,182.9554,,
74076,0,,,,,,,,,,,,,,,331.6854,184.6100,300.7250,186.2136,327.3274,202.4008,294.2662,199.5361,321.2419,201.3385,307.6002,201.1477,320.8132,234.4286,307.3906,234.1089,320.9163,264.4448,310.5246,262.6854,,,,,,,295.7009,185.0104,330.8226,183.6665,303.1205,185.4891,333.1130,184.4518,291.8974,198.9763,325.7026,201.6712,293.9323,199.3901,329.9991,202.1995,302.3426,193.7200,317.1740,194.2124,316.5391,191.5660,324.1579,192.0671,305.0491,230.4925,323.7294,232.4582,311.3669,231.9645,314.9730,232.2451,308.3910,262.1985,324.0375,264.7379,311.3449,263.4935,318.8336,264.7334,301.8989,268.3831,322.3209,271.4907,301.9660,268.3374,316.3766,270.6226,301.8329,269.7007,312.1537,271.5052,324.7844,266.6883,314.3305,265.3815,,,319.5355,185.5201,320.8697,183.0266,,
74077,0,,,,,,,,,,,,,,,331.5401,184.4856,301.3623,186.2065,327.4878,202.3204,294.6109,199.4975,321.4070,201.2546,307.7933,201.2479,320.7460,234.4128,307.2876,233.9804,320.6894,264.4807,310.2553,262.7824,,,,,,,296.1146,184.9937,330.7659,183.5229,303.5760,185.4426,333.1176,184.2961,292.3071,198.9063,325.8691,201.6362,294.3425,199.3442,330.1512,202.0996,302.5626,193.9924,317.2248,194.4171,316.2703,191.6589,323.8511,192.0234,304.8813,230.2885,323.6814,232.3676,311.3025,231.7391,314.9434,232.1579,308.0662,262.3102,323.9538,264.7151,311.1092,263.5319,318.6265,264.7648,301.6957,268.4600,322.2698,271.4444,301.8200,268.3648,316.4245,270.5429,301.6762,269.6711,312.2633,271.4363,324.6551,266.7238,314.0354,265.4703,,,319.1873,185.3737,320.4326,182.9802,,
74078,0,,,,,,,,,,,,,,,331.1142,184.3612,301.4958,185.7163,327.1683,202.1714,295.2053,198.9265,320.9229,201.3617,307.2465,201.4388,320.8838,234.4194,307.2476,234.4024,320.5441,264.3451,309.9658,262.9197,,,,,,,296.3664,184.8543,330.4396,183.4096,304.0674,185.1742,332.3497,184.2074,293.0026,198.4027,325.6287,201.3683,294.8681,198.7329,329.8072,202.0531,302.3800,193.8532,317.4558,194.4241,315.3213,191.9724,323.1039,192.2076,304.4723,230.7280,323.7457,232.2986,311.5856,231.8950,315.0674,232.1065,307.6727,262.4984,323.9937,264.4775,310.8712,263.6241,318.4973,264.7144,301.5623,268.4978,322.3743,271.2193,301.9819,268.4325,316.4882,270.4199,302.0611,269.7450,312.3079,271.3871,324.4071,266.5212,313.5226,265.5075,,,318.3006,185.3811,319.1895,182.9101,,
74079,0,,,,,,,,,,,,,,,330.9493,184.6895,300.6996,186.2868,326.6197,202.2975,294.6166,200.5510,320.9779,201.9452,307.1924,202.0684,320.7900,234.9443,307.2528,234.8263,320.3840,264.6038,310.0797,263.0515,,,,,,,295.6572,185.3540,330.2296,183.7076,303.1430,185.5950,332.4083,184.4378,292.2359,199.9154,324.9755,201.4675,294.2328,200.5489,329.2979,202.2213,302.2592,195.0417,317.5228,195.7191,315.3136,192.7899,323.0740,192.9069,304.5687,231.1363,323.7452,232.8368,311.5236,232.3856,315.1159,232.8102,307.8608,262.6281,323.8555,264.7648,310.9337,263.6850,318.3435,264.9712,301.7473,268.4758,322.2907,271.3357,301.9502,268.3760,316.4363,270.5832,301.9478,269.6295,312.4167,271.4303,324.1903,266.7653,313.6371,265.5037,,,317.8464,186.7691,318.9957,182.9380,,
74080,0,,,,,,,,,,,,,,,330.7823,184.5084,301.1130,186.0843,325.6792,201.7408,294.6425,200.8123,320.9300,201.5618,307.9981,201.6142,320.7597,234.4338,307.4042,234.5083,320.7275,264.5423,310.1642,262.9433,,,,,,,295.8919,185.2976,329.8535,183.5510,303.4164,185.4901,332.1647,184.2735,292.2876,200.2792,324.1807,200.7988,294.3562,201.0355,328.3339,201.6950,302.5802,194.4319,317.1170,194.8811,316.3450,192.2623,323.7157,192.5110,304.7723,230.8422,323.5752,232.2413,311.4760,232.0315,315.1928,232.2268,308.0880,262.5267,323.9992,264.7584,310.9741,263.6107,318.6864,264.8974,301.9341,268.4569,322.2573,271.4328,301.9362,268.3535,316.3691,270.5349,301.8213,269.6468,312.1978,271.4924,324.6596,266.8783,314.0244,265.5097,,,318.9491,185.5066,319.9853,182.8831,,
74081,0,,,,,,,,,,,,,,,331.1370,184.4628,300.4032,186.8203,325.1451,202.8640,294.5516,201.7361,321.2870,201.8081,307.6283,202.4110,320.7435,234.5422,307.2750,234.3951,320.5630,264.4592,310.0335,262.7059,,,,,,,296.2301,185.0482,330.4211,183.5387,302.9836,185.4013,332.2261,185.2861,292.3396,200.9479,323.5608,201.8350,294.1987,201.8050,327.6088,202.9276,302.4354,195.0246,317.7213,195.2980,316.2287,192.5783,323.9533,192.7266,304.5245,230.6389,323.4890,232.4063,311.3905,231.8566,315.2431,232.1789,307.9465,262.2579,323.9571,264.6115,310.7919,263.4143,318.5359,264.8625,301.8586,268.1903,321.8739,271.2836,302.0597,268.1042,315.9790,270.4372,301.9872,269.3915,312.0194,271.2973,324.6043,266.7261,313.6773,265.2106,,,318.7347,186.5685,319.4957,182.8784,,
74082,0,,,,,,,,,,,,,,,331.1724,184.3579,300.4478,186.7771,324.5136,202.4404,294.5293,201.8988,321.2989,201.2869,308.3264,201.7704,320.8785,234.6261,307.3855,234.1261,320.6015,264.6355,310.0338,262.8221,,,,,,,296.5131,184.8935,330.2249,183.5215,302.8539,186.2527,332.8854,184.2949,292.3045,201.3111,322.8943,201.4118,294.3017,201.9518,326.9679,202.5225,302.7389,194.9718,317.0277,195.1523,316.5692,192.3965,324.0297,192.4022,304.8803,230.5916,323.5357,232.6595,311.3397,231.8528,315.3695,232.3534,308.1140,262.3335,323.9157,264.8203,310.8009,263.5523,318.4935,265.0170,301.8738,268.2682,321.7125,271.4872,301.7116,268.1688,315.8203,270.6040,301.4857,269.4540,311.6981,271.5390,324.6540,266.7676,313.7735,265.2337,,,318.7122,186.4466,319.0816,182.9307,,
74083,0,,,,,,,,,,,,,,,330.8492,184.4343,301.4183,186.0214,323.7995,202.3544,294.9955,201.4277,320.5089,201.7591,307.8836,202.3228,320.6385,234.5161,307.4416,234.3305,320.7274,264.2803,310.0876,262.6562,,,,,,,297.0530,185.0598,330.1200,183.5318,303.6856,185.3232,332.5404,184.3527,292.7376,200.8218,322.3636,201.2477,294.7936,201.4769,326.2148,202.4135,302.8467,194.5343,316.4513,195.0541,316.3243,192.6122,323.5806,192.6193,304.8743,230.5286,323.2627,232.4595,311.4589,231.7575,315.2509,232.0442,308.1193,262.2169,324.0171,264.4551,310.8609,263.3845,318.7058,264.6400,301.8797,268.0695,321.7903,271.1190,301.6947,267.9918,315.8990,270.2011,301.4206,269.2337,311.7960,271.0594,324.7468,266.4920,313.8055,265.2395,,,318.5321,186.6542,319.4843,182.8914,,
74084,0,,,,,,,,,,,,,,,330.8181,184.3997,301.4029,186.1414,323.5820,202.1743,295.4352,201.5412,320.7049,201.9728,308.1352,202.4368,320.6489,234.7251,307.3389,234.4795,320.8654,264.2845,310.0847,262.7860,,,,,,,297.1477,185.1502,330.0239,183.4633,303.5285,185.4642,332.1735,185.2547,293.3473,201.0253,322.0776,201.1163,295.1862,201.6338,325.9714,202.2541,302.9455,195.1211,316.8835,195.6398,316.3639,193.0084,323.6457,193.0881,304.8991,230.9108,323.3447,232.7520,311.3936,232.1148,315.2601,232.5536,308.0838,262.3411,324.1845,264.4424,310.8906,263.5165,318.8374,264.6557,301.9320,268.3268,322.0575,271.1119,301.8998,268.1933,316.2483,270.2079,301.7624,269.4287,312.1829,271.1640,324.8192,266.3988,313.8698,265.3795,,,318.7318,186.9002,319.9399,182.7511,,
74085,0,,,,,,,,,,,,,,,330.9354,184.4630,301.4822,186.0838,323.1503,202.3171,295.5911,201.3022,321.0097,201.7068,308.1241,202.2115,320.5937,234.6292,307.2730,234.4217,320.6304,264.3708,310.1637,262.8859,,,,,,,297.3246,185.1540,330.1310,183.5933,303.6705,185.4539,332.6662,184.3904,293.4954,200.6872,321.8079,201.2455,295.3977,201.4023,325.5119,202.4872,303.0417,195.0537,317.0731,195.3597,316.1868,192.7259,323.6142,192.7096,304.8205,230.8545,323.2864,232.6335,311.2875,232.1025,315.1860,232.4897,308.2297,262.4509,323.9530,264.5593,310.9475,263.5979,318.6148,264.7542,302.0638,268.3855,321.8603,271.1779,302.0232,268.3200,315.9991,270.2260,301.8980,269.5458,311.8976,271.1761,324.5685,266.5432,313.9471,265.4334,,,318.4486,186.7507,318.9206,182.8869,,
74086,0,,,,,,,,,,,,,,,330.8484,184.3336,301.1631,185.8622,322.9796,202.2858,295.4624,201.3090,320.8993,201.6145,307.8600,202.2199,320.6185,234.6431,307.4365,234.5061,320.7438,264.2146,310.2085,262.8195,,,,,,,296.9401,184.9931,329.7635,183.5167,303.1222,185.2940,332.5806,184.2513,293.5407,200.8401,321.5981,201.2150,295.1702,201.5974,325.3163,202.4533,303.0420,194.9224,317.1011,195.2861,316.1536,192.8138,323.5497,192.7275,304.8621,230.8481,323.3624,232.5626,311.5886,231.9928,315.2212,232.3986,308.2800,262.3950,324.1011,264.3723,311.0194,263.5625,318.7671,264.6025,302.0349,268.2583,322.2666,270.9577,302.0796,268.0999,316.5524,270.0346,301.8824,269.3555,312.5693,271.0600,324.5881,266.3397,313.8881,265.4483,,,318.4538,186.7051,319.4444,182.7790,,
74087,0,,,,,,,,,,,,,,,330.7301,184.3830,301.3310,185.8752,323.0313,202.2453,295.4949,201.4723,320.4178,202.1333,307.5992,202.6690,320.5101,234.7342,307.4767,234.5625,320.8002,264.1029,309.9622,262.8263,,,,,,,297.3781,184.9285,329.5469,183.5264,303.2864,185.2750,332.0988,185.2634,293.5448,200.9593,321.4818,201.1203,295.1962,201.5273,325.4172,202.3151,302.8327,195.0938,316.7574,195.6152,316.1765,192.9343,323.4904,193.0235,304.8363,230.7368,323.2257,232.5938,311.6447,231.9411,315.0700,232.3841,307.9558,262.4392,324.2469,264.2331,310.7779,263.5574,318.8266,264.4817,301.8111,268.2898,322.3695,270.8910,301.8951,268.1064,316.6185,269.9316,301.6690,269.3122,312.6643,270.9578,324.6577,266.1626,313.5596,265.4731,,,318.5911,186.8697,319.7977,182.7641,,
74088,0,,,,,,,,,,,,,,,330.8021,184.4530,301.3617,185.8638,323.0952,202.2335,295.4048,201.3818,320.8699,201.8627,307.8036,202.2282,320.5240,234.8015,307.2757,234.4898,320.7630,264.3152,309.9587,262.8396,,,,,,,297.4092,184.8458,329.7968,183.5326,303.1286,185.2014,332.1261,185.3482,293.4040,200.8330,321.6628,201.1497,295.1113,201.4283,325.4926,202.4051,303.0244,194.8124,317.2345,195.5610,316.3685,192.8858,323.7622,193.0185,304.6850,230.9139,323.3059,232.8194,311.4537,232.0719,315.0107,232.5811,307.9638,262.4307,324.1866,264.4383,310.7845,263.5717,318.7789,264.6769,301.8191,268.3507,322.4713,271.0469,301.9223,268.1825,316.7434,270.0846,301.7965,269.3999,312.7564,271.0203,324.5587,266.4029,313.4650,265.4710,,,318.8408,186.8945,320.4211,182.8298,,
74089,0,,,,,,,,,,,,,,,330.8153,184.6313,301.6031,186.1359,323.1417,202.4364,295.6147,201.4703,321.0346,201.9536,308.3161,202.1922,320.4870,234.8482,307.3654,234.4723,320.6202,264.4798,310.1612,262.7904,,,,,,,297.6962,185.2937,329.7412,183.5916,303.5747,185.6112,332.5854,184.5089,293.6874,200.9477,321.6892,201.3700,295.3483,201.5674,325.5648,202.5517,303.2228,195.0281,317.1617,195.7344,316.7154,192.8452,324.1966,192.9507,304.8627,230.7896,323.2122,232.8647,311.4737,232.0238,315.0005,232.6014,308.1702,262.3781,324.0474,264.6614,310.9452,263.4967,318.5773,264.8426,301.9355,268.1282,322.1531,271.2106,301.9556,268.0139,316.2655,270.1992,301.7602,269.2319,312.3742,271.0335,324.5804,266.5793,313.8530,265.3781,,,319.0345,186.9611,320.4743,182.6962,,
74090,0,,,,,,,,,,,,,,,330.6643,185.4491,301.4204,186.0326,323.1473,202.4668,295.2938,201.5081,321.1429,201.9806,308.4133,202.2050,320.4689,234.7917,307.2082,234.3471,320.7744,264.1910,310.1402,262.6827,,,,,,,297.4907,185.0113,329.8568,183.5753,303.3084,185.4028,332.1835,185.5078,293.4044,201.0856,321.6889,201.4022,295.0268,201.6639,325.5736,202.6067,303.2708,195.2505,317.4770,195.9810,316.6562,192.9724,324.3774,193.1010,304.7256,230.8799,323.2052,232.8926,311.3713,231.9756,315.0702,232.5697,308.1687,262.2857,324.2083,264.3120,310.9794,263.3795,318.7722,264.5233,302.0068,268.1359,322.1950,270.7855,302.0770,267.9753,316.5274,269.7746,301.9791,269.1038,312.5606,270.6896,324.6778,266.2631,313.7443,265.2561,,,319.0364,187.0435,320.5941,182.7004,,
74091,0,,,,,,,,,,,,,,,330.9975,184.7979,301.9050,186.3973,323.3462,202.4253,295.2825,201.2122,321.2077,201.6207,308.2146,201.9449,320.4590,234.4428,307.3175,234.0427,320.6934,264.2946,310.1055,262.7962,,,,,,,297.7921,185.6378,329.9132,183.7352,303.9902,185.9597,332.7104,184.7263,292.9266,200.7825,321.9038,201.3729,295.0204,201.2702,325.8847,202.5109,303.2780,194.6114,317.4787,195.1548,316.7713,192.6080,324.4486,192.7609,304.9316,230.5196,323.2332,232.4650,311.2449,231.7269,315.0547,232.2481,308.2023,262.3806,324.0457,264.4230,310.8792,263.4954,318.5960,264.6565,301.8342,268.2997,321.9500,270.9351,301.7338,268.1139,316.1853,270.0052,301.4673,269.2961,312.1738,270.9011,324.6350,266.3605,313.8312,265.4208,,,319.4381,186.8998,320.6907,182.8494,,
74092,0,,,,,,,,,,,,,,,330.8354,184.6432,301.8752,186.1890,323.1385,202.5891,295.5978,201.2219,321.0775,201.8413,308.0579,202.3680,320.5027,234.2846,307.4096,233.9650,320.6860,264.3218,309.9943,262.6097,,,,,,,297.7660,185.4945,329.5829,183.6844,304.1695,185.8457,332.6558,184.6285,293.4413,200.8133,321.5983,201.5073,295.3824,201.1901,325.5660,202.6236,303.0796,194.9161,317.1277,195.4668,316.7375,192.7736,324.2918,192.8549,304.9981,230.3985,323.1763,232.4134,311.6536,231.5411,315.1964,232.0469,307.9451,262.1763,323.9882,264.4957,310.8276,263.3380,318.6795,264.6529,301.7449,268.1519,321.7825,271.0159,301.7991,268.0728,316.0786,270.0609,301.6846,269.2591,312.1593,270.9323,324.7316,266.4749,313.6187,265.2597,,,319.1854,186.9334,320.3743,182.7692,,
74093,0,,,,,,,,,,,,,,,330.9396,184.6284,301.9252,186.3639,323.1927,202.3804,295.6478,201.2176,321.3287,202.0374,307.8828,202.2377,320.0711,234.7650,307.1350,234.4242,320.5833,264.3609,309.8494,262.5494,,,,,,,297.9213,185.7933,329.9228,183.6122,304.1853,185.9825,332.4736,184.4934,293.5813,200.9024,321.8128,201.3077,295.5358,201.3709,325.5597,202.4497,303.4391,194.6361,317.7821,195.2645,317.1883,192.4554,324.4400,192.6447,304.5183,230.6357,322.9793,232.7725,311.3863,231.8691,314.8218,232.2022,307.8245,262.1332,323.9296,264.6251,310.6486,263.3149,318.5500,264.6855,301.7370,267.9872,321.7480,271.2592,301.8547,267.9408,315.9474,270.2583,301.7667,269.1969,312.0253,271.0852,324.4782,266.5150,313.2738,265.2889,,,319.6195,186.0799,321.1935,182.7849,,
74094,0,,,,,,,,,,,,,,,330.6321,184.5998,301.8992,186.3381,323.3899,202.4890,295.7034,200.8600,321.0961,201.8180,307.8654,201.9066,320.0578,234.5657,307.5095,234.4898,320.6463,264.4963,309.9584,262.7787,,,,,,,298.1334,185.7642,329.5513,183.6141,304.3194,185.9209,332.0957,184.5532,293.6963,200.5986,322.0128,201.4421,295.6643,200.9202,325.8651,202.5011,303.4616,194.2215,317.4509,194.8774,317.3193,191.9813,324.3929,192.3879,304.7756,230.5590,322.9273,232.5059,311.6472,231.7312,314.8589,232.0590,307.9519,262.3569,323.9403,264.7267,310.7430,263.5593,318.6366,264.8764,301.7191,268.1971,321.6539,271.4479,301.8184,268.1720,315.7269,270.4208,301.6820,269.5483,311.6728,271.3073,324.7980,266.6031,313.6046,265.5565,,,319.6411,185.9650,321.1193,182.7800,,
74095,0,,,,,,,,,,,,,,,330.8016,184.5812,301.4800,186.2930,323.4336,202.5707,295.0479,201.2970,320.9603,202.0959,307.5567,202.3672,320.1245,234.6964,307.3474,234.3979,320.6361,264.6562,310.0995,262.7634,,,,,,,297.0030,185.6177,329.5352,183.6023,303.7746,185.8296,332.3561,184.5184,292.9073,201.0160,321.9743,201.5303,294.8007,201.4028,325.8638,202.6416,303.0063,194.7492,317.3362,195.3920,316.6898,192.4338,324.0148,192.6479,304.6632,230.6166,322.9696,232.7295,311.5445,231.8818,314.8541,232.2859,308.0511,262.3819,323.8881,264.9643,310.8689,263.5230,318.6074,264.9936,301.7027,268.2678,321.6084,271.4936,301.8620,268.0876,315.6396,270.4664,301.7401,269.3287,311.6612,271.2173,324.6086,267.0430,313.7504,265.6404,,,319.1467,185.9393,320.4882,182.8571,,
74096,0,,,,,,,,,,,,,,,330.8601,184.6475,301.4525,186.4152,323.4681,202.6381,294.8569,201.6741,320.8825,202.1462,307.8637,202.3398,320.3547,234.8831,307.2477,234.6113,320.6155,264.6227,310.0261,262.9308,,,,,,,297.2161,185.8187,329.6042,183.6755,303.7775,186.0741,332.4956,184.6209,292.6036,201.3884,322.0571,201.5819,294.6621,201.8145,325.7592,202.7010,303.0298,194.9233,317.1319,195.6810,316.6660,192.6838,323.9601,192.9399,304.6067,231.0516,323.1532,232.8967,311.3431,232.1789,314.9941,232.5560,308.0752,262.5408,323.8498,264.8445,310.7665,263.6529,318.5735,264.9919,301.8114,268.3710,321.6631,271.3578,301.7383,268.2457,315.7306,270.4077,301.5036,269.4955,311.7526,271.2554,324.6016,266.7940,313.8054,265.6529,,,319.2234,186.1113,320.5241,182.8549,,
74097,0,,,,,,,,,,,,,,,330.5688,184.7241,301.5702,186.3398,323.7797,202.3615,295.5687,201.2786,320.9172,201.7117,307.8101,201.9586,320.3386,234.5076,307.3120,234.3458,320.5437,264.6292,310.0929,263.0490,,,,,,,297.2789,185.7185,329.0453,183.6890,303.9143,185.9859,332.1214,184.6489,293.4018,201.0187,322.3047,201.3474,295.5222,201.3636,326.1289,202.4150,302.9213,194.3996,317.1524,194.9295,317.0162,192.1764,324.1026,192.4525,304.5762,230.7860,323.0507,232.5793,311.4267,231.8484,315.0278,232.1401,308.1807,262.6537,323.9075,264.8816,310.8673,263.7800,318.5204,264.9968,301.9595,268.4136,321.5321,271.5327,301.9164,268.3800,315.5836,270.5709,301.7374,269.6918,311.5560,271.4361,324.6718,266.7952,313.8830,265.7616,,,319.2942,185.9444,320.6514,182.7917,,
74098,0,,,,,,,,,,,,,,,330.7899,184.7464,301.2782,186.3572,323.6727,202.5617,294.7657,201.4129,320.8580,202.0031,307.7065,202.2108,320.5102,234.6172,307.2050,234.4865,320.6254,264.4329,310.0618,262.8373,,,,,,,296.8521,185.7000,329.4724,183.7460,303.6370,185.9673,332.3835,184.6245,292.5583,201.1443,322.1819,201.4888,294.5014,201.4607,326.0848,202.6675,302.7966,194.7172,317.3407,195.3551,316.4596,192.3507,323.7740,192.6919,304.4610,230.8494,323.2580,232.6025,311.4568,231.9182,315.1857,232.1497,308.0041,262.4263,323.9306,264.6403,310.8945,263.5948,318.6497,264.8171,301.8091,268.2615,321.8692,271.2000,301.8882,268.1621,316.0734,270.2559,301.7974,269.4255,312.1080,271.1659,324.5430,266.5987,313.6241,265.5913,,,319.0418,185.9329,320.3978,182.7725,,
74099,0,,,,,,,,,,,,,,,330.7128,184.7178,301.4054,186.3844,323.9910,202.4510,294.9791,201.6512,320.7587,201.7529,308.0826,201.9938,320.2235,234.6016,307.2141,234.2495,320.6719,264.6199,310.1498,262.8575,,,,,,,297.2783,185.7060,329.4315,183.7619,303.7410,185.9793,332.3935,184.6469,292.8434,201.3344,322.5515,201.3964,294.8690,201.6412,326.3564,202.5821,302.8598,194.6817,316.7098,195.1262,316.6659,192.3447,323.7373,192.5777,304.5515,230.6381,322.9534,232.5962,311.1993,231.7440,314.9479,232.1701,308.1859,262.4260,323.9232,264.8501,310.9205,263.6098,318.6490,264.9730,302.0016,268.2634,321.7655,271.4098,301.9247,268.1504,315.9836,270.4063,301.7463,269.4846,312.0191,271.2939,324.6639,266.8089,313.8279,265.6018,,,318.9466,185.9544,320.0769,182.8717,,
74100,0,,,,,,,,,,,,,,,330.9251,184.5541,301.8198,186.2191,324.0568,202.4890,294.6321,201.0460,321.0875,201.5672,308.1207,201.4708,320.2810,234.6891,307.1698,234.1903,320.6287,264.6281,310.0943,262.8635,,,,,,,297.7950,185.3441,329.7139,183.5922,304.2566,185.7663,332.6734,184.5560,292.2827,200.6428,322.5935,201.4337,294.4999,200.9838,326.5627,202.6539,302.9489,194.0518,317.5015,194.6945,317.0351,191.8795,324.3203,192.2211,304.5410,230.5414,323.0707,232.7998,311.3849,231.7482,314.9996,232.2618,308.0419,262.4144,324.0982,264.8512,310.9413,263.6577,318.4850,265.0154,301.6984,268.3988,321.9777,271.5043,301.8032,268.2367,315.8994,270.5466,301.7315,269.5397,311.8971,271.4485,324.5924,266.8293,313.6952,265.6145,,,319.4986,185.7266,320.2501,182.7718,,
74101,0,,,,,,,,,,,,,,,330.7112,184.6266,301.8289,186.2936,324.1097,202.1398,294.1679,201.3353,320.7391,201.6570,307.6692,201.9243,320.4153,234.7755,307.4179,234.5921,320.6128,264.8337,310.0087,263.0451,,,,,,,297.7611,185.5497,329.6383,183.6403,304.1987,185.9693,332.4289,184.6445,291.8657,200.9469,322.6237,201.0444,293.9163,201.3091,326.5944,202.2226,302.7041,194.3472,316.9150,194.6015,316.8139,192.2338,324.0037,192.4147,304.6771,230.9123,323.1366,232.7713,311.5337,231.9557,315.0988,232.3434,307.9509,262.6038,323.9641,265.1055,310.8075,263.8105,318.5548,265.2151,301.7396,268.4527,321.8247,271.6430,301.7282,268.3201,315.7789,270.5824,301.4982,269.6381,311.7985,271.4249,324.4991,267.2731,313.6299,265.8692,,,319.3840,185.8862,320.5631,182.8216,,
74102,0,,,,,,,,,,,,,,,331.0416,184.4652,302.2028,186.0309,324.9423,202.2513,293.9889,201.2530,321.0591,201.3069,307.7510,201.4689,320.3604,234.6582,307.2145,234.0350,320.6891,264.5751,310.1444,262.8044,,,,,,,297.9868,185.1679,330.3233,183.5171,304.5588,185.5494,332.6036,184.5109,291.6838,200.7573,323.2990,201.0712,293.7979,201.2059,327.5745,202.3299,302.8960,193.8954,317.5521,194.2684,317.1794,191.6825,324.3675,192.1288,304.6312,230.5587,323.1706,232.8547,311.4654,231.7382,315.0199,232.2278,308.0543,262.3600,324.0125,264.8096,311.0143,263.5855,318.5668,264.9656,301.7487,268.3817,321.9244,271.4782,301.7845,268.2565,315.8510,270.5268,301.6969,269.5802,311.6500,271.4400,324.6831,266.7788,313.7600,265.5796,,,319.6790,185.6582,321.2503,182.7818,,
74103,0,,,,,,,,,,,,,,,330.9199,184.4787,301.8303,186.0645,325.5096,201.8083,293.8892,200.7649,320.5696,201.5176,307.3611,201.9431,320.4148,234.6681,307.3285,234.3337,320.8567,264.6167,309.9375,262.9772,,,,,,,297.5117,185.1643,330.2442,183.4760,304.2627,185.8773,332.2279,184.4846,291.6173,200.1663,323.8397,200.6791,293.7111,201.1327,328.1448,201.9242,302.6693,194.1661,316.9125,194.5238,316.1615,192.0208,323.6541,192.4110,304.7187,230.7073,323.2072,232.7618,311.6218,231.8734,315.1699,232.3262,307.7848,262.4879,324.2673,264.8247,310.8286,263.7017,318.7598,265.0086,301.5961,268.4448,322.2437,271.5115,301.7209,268.3752,316.2584,270.4799,301.6313,269.6884,312.0932,271.3693,324.8366,266.9762,313.5823,265.6562,,,318.9116,185.5704,319.9484,182.7441,,
74104,0,,,,,,,,,,,,,,,331.2980,184.1350,301.5806,185.4713,326.6919,200.3506,293.0633,199.5015,320.5959,201.0060,307.2214,201.3649,320.6001,234.5110,307.3986,233.9114,320.6488,264.4695,310.0115,262.7806,,,,,,,296.9836,184.4845,330.8331,183.0659,303.9941,185.2077,332.8662,184.2437,290.6648,198.8267,325.1661,199.2688,292.8177,199.6254,329.3060,200.4677,302.3633,193.4910,316.4205,193.8702,316.7501,191.5163,323.9438,191.9587,305.0299,230.3486,323.4177,232.6599,311.7072,231.7421,315.2541,232.2689,307.8461,262.2445,323.9327,264.7198,310.8589,263.5346,318.6611,264.7708,301.2588,268.2921,322.1052,271.5169,301.2460,268.3476,316.1583,270.5504,301.0109,269.7554,311.8736,271.4475,324.7327,266.6863,313.7399,265.4604,,,319.3492,185.2421,319.5315,182.5931,,
74105,0,,,,,,,,,,,,,,,331.1391,184.0847,301.7060,185.3593,328.0214,197.2145,292.3327,197.8999,321.0572,200.2320,306.8606,201.1699,320.2266,233.8180,307.2321,233.4010,320.9605,264.1744,310.1336,262.6526,,,,,,,296.7929,183.3922,331.3874,182.9868,304.0880,185.1756,332.2124,184.3148,290.0852,197.1546,326.7247,195.9382,291.9487,198.1107,330.3554,197.6174,302.5170,192.6850,317.4533,192.8605,315.7206,191.6803,323.1523,191.6504,304.8204,229.9796,323.1396,231.9283,311.4848,231.3494,314.6171,231.7488,308.0092,262.2041,324.2678,264.3793,310.9515,263.3738,318.8969,264.5104,301.9922,268.1104,322.4548,271.0021,302.0551,268.1036,316.5898,270.0409,301.7965,269.4289,312.5739,271.0074,324.7544,266.5840,313.6786,265.3416,,,318.2429,185.1112,319.1890,182.5894,,
74106,0,,,,,,,,,,,,,,,332.4386,184.1274,301.6130,185.3116,329.2422,193.6512,290.0623,196.2009,320.7017,201.4372,306.1266,202.1149,320.4747,234.2376,307.0443,233.7808,321.1062,264.2741,310.0398,262.7844,,,,,,,298.4628,184.4158,333.6071,183.1947,303.8428,185.4097,332.7527,184.3677,288.2294,195.4640,328.4524,191.9470,290.1627,196.8205,331.5970,194.2982,302.3799,193.7309,317.3243,193.8627,315.2515,192.5711,322.5250,192.0387,304.4997,230.5054,323.7179,232.5985,311.7137,231.8072,314.8421,232.2077,307.8067,262.3795,324.2561,264.3997,310.8320,263.5137,319.0636,264.5497,301.7423,268.4865,322.6723,270.9295,301.9079,268.3438,316.8146,270.0741,301.6849,269.5340,312.8966,270.9596,324.9122,266.3954,313.6599,265.4595,,,317.5636,186.5669,318.8070,182.6538,,
74107,0,,,,,,,,,,,,,,,330.0398,184.0210,301.2347,184.9715,331.9777,189.1209,289.6032,194.2934,319.1378,200.9499,306.2123,201.4983,320.4841,233.9687,307.1456,233.6577,321.2241,263.9868,310.3655,262.1850,,,,,,,297.5179,183.5454,330.2168,183.2077,303.6684,185.0493,328.2992,184.3624,288.1051,193.4779,331.8081,187.0760,289.9257,195.3267,334.0333,189.6937,302.4652,193.4828,315.4420,193.1469,315.3045,191.9091,322.0008,191.0431,304.7435,230.5150,323.4979,232.3117,311.4488,231.7844,315.1124,231.9983,308.3298,261.6672,324.1761,264.1483,311.1515,262.9350,319.2758,264.1620,302.2392,267.7645,322.5419,270.6212,302.2209,267.7067,316.6067,269.8075,301.8980,268.9379,312.6570,270.6206,325.0190,266.1385,314.1053,264.9732,,,316.5513,186.2977,317.6389,182.7941,,
74108,0,,,,,,,,,,,,,,,329.2850,183.7675,302.2879,185.0141,331.4712,187.0134,288.3641,191.1508,320.2640,200.6706,306.9000,200.8975,320.4434,233.7092,306.9345,232.9647,321.0402,264.0148,310.2011,262.1878,,,,,,,298.0349,183.6501,330.6131,182.4958,304.5863,185.1725,328.0634,184.0522,286.9402,190.2572,332.0109,184.7446,288.7716,193.7592,332.9640,187.9180,303.2973,192.8641,316.8439,193.2790,316.5062,191.6334,323.1937,191.4209,304.7839,229.8925,323.5100,232.2068,311.2596,231.3626,314.5617,231.8334,307.9650,261.6861,324.1508,264.2716,311.0310,262.9159,319.0343,264.1725,301.7121,267.8808,322.4745,270.8052,301.8464,267.7414,316.1223,270.0308,301.5277,268.9445,312.2858,270.7232,324.6113,266.2490,313.7256,265.0994,,,318.4422,186.2232,,,,
74109,0,,,,,,,,,,,,,,,332.4537,183.2444,301.2378,183.5014,333.3039,184.0345,287.4537,188.0584,321.2823,199.5849,307.3795,199.5576,320.6807,233.5374,306.9943,232.0454,321.0721,264.3464,310.5403,262.1019,,,,,,,297.3634,183.5749,334.1377,182.2593,303.4724,183.3414,328.3714,183.5847,286.2781,187.4044,333.9520,183.3228,287.4550,188.6616,334.4743,185.7032,303.7400,191.8267,318.2766,192.3581,317.1764,190.1312,324.1949,190.1412,305.0353,229.1448,323.6204,232.2361,311.1001,230.9873,314.7910,231.7599,308.2754,261.4918,324.2224,264.9290,311.3931,262.9022,319.1577,264.4609,301.8785,267.9771,322.4632,271.7523,302.0136,268.0194,316.1309,270.6042,301.7361,269.3572,312.4879,271.3244,324.6437,266.8896,313.9498,264.8518,,,319.6274,184.8393,,,,
74110,0,,,,,,,,,,,,,,,334.9965,183.1326,297.1678,183.4698,335.1516,183.1971,284.6620,185.7000,321.4031,199.8308,307.3661,199.6027,320.9373,233.5074,306.8811,232.0037,321.3044,264.4044,310.8042,261.7576,,,,,,,292.8361,183.6580,335.9957,182.1074,299.3324,183.4618,334.1768,183.4223,283.9389,186.1379,335.0827,182.1254,285.2726,186.2699,337.3423,183.3922,303.3276,191.9870,318.1747,192.3546,316.1489,190.8996,323.3725,191.0960,304.8218,229.0215,324.0785,232.2032,310.9503,230.9473,314.6885,231.7686,308.5532,261.1865,324.6370,264.9959,311.5747,262.5256,319.3262,264.5337,302.1724,267.7035,323.2163,271.8180,302.2951,267.7504,316.7706,270.7474,301.9658,269.1790,313.0310,271.5135,324.5360,266.9481,314.1021,264.6202,,,318.2451,185.1176,320.2104,182.6258,,
74111,0,,,,,,,,,,,,,,,336.0420,183.1779,297.0864,183.7497,336.1603,182.2840,284.0913,184.0003,321.9111,200.2089,307.4270,200.2323,320.5565,233.2406,306.8408,232.0698,321.2167,264.0595,310.8473,261.6054,,,,,,,294.7943,183.7123,337.3491,182.1687,300.1865,183.5537,336.0064,183.5973,283.8766,188.6776,336.1068,182.2963,284.4897,188.5962,338.1777,182.9994,303.8261,191.9462,318.9628,192.4414,316.4367,191.3950,323.9440,191.5060,304.7764,229.3221,323.5284,231.9765,310.8434,230.8608,314.5008,231.5713,308.7070,261.0231,324.6012,264.5899,311.6567,262.2856,319.1197,264.2199,302.0914,267.6509,323.1557,271.3832,302.2899,267.5705,316.6096,270.3356,301.9681,268.9505,312.8435,271.1570,324.5356,266.6786,314.3615,264.5311,,,319.4908,185.1651,320.9516,182.7276,,
74112,0,,,,,,,,,,,,,,,337.2885,183.2292,293.6417,183.9530,334.7627,182.3853,283.4362,188.7414,322.3043,200.5643,307.6037,200.7749,320.8271,234.0954,306.8079,232.2767,321.0380,264.0643,310.7444,261.8029,,,,,,,289.5380,184.0868,339.2020,182.1905,295.3788,183.8036,337.3532,183.8037,282.1800,188.8689,334.4599,182.2447,282.6251,188.0020,337.2036,182.3670,303.2563,193.0539,318.9194,193.3250,316.8841,191.8633,324.5083,192.0217,304.6710,229.6757,323.7090,232.9186,310.5678,231.2687,314.4963,232.5554,308.7476,261.2886,324.2465,264.5610,311.4499,262.4291,318.8279,264.2745,302.5861,267.4705,322.4521,271.4438,302.5498,267.4020,316.1049,270.4054,302.1957,268.7462,312.3895,271.1283,324.2200,266.6314,314.3860,264.6667,,,319.4792,185.3861,321.2677,182.8446,,
74113,0,,,,,,,,,,,,,,,338.0726,183.2786,291.6603,184.0602,343.1912,182.1227,288.4650,188.7806,321.5679,200.6542,307.0773,200.4949,320.6043,233.0821,306.9169,231.8384,321.1270,263.7865,310.6229,261.5754,,,,,,,288.4185,184.0894,340.6863,182.2076,293.5247,183.8884,337.6153,183.7933,288.5404,188.9642,338.8186,182.4924,287.9784,187.9571,343.7948,182.0777,303.1696,192.3047,318.8254,192.9903,316.1726,191.6706,323.5921,191.8390,304.6107,229.2953,323.5148,231.8135,310.9214,230.5194,314.6899,231.5835,308.5023,261.0935,324.2883,264.2481,311.3079,262.1876,318.9311,264.0141,302.4246,267.4077,322.6122,271.1164,302.4486,267.3289,316.3264,270.1479,302.1975,268.8159,312.6483,271.0326,324.2931,266.4241,314.0543,264.6254,,,319.0784,185.2513,321.0148,182.8895,,
74114,0,,,,,,,,,,,,,,,338.2821,183.3639,292.1293,184.0017,338.6156,182.4934,289.3939,188.9937,321.2532,201.2183,307.0394,201.1312,320.4954,233.0056,307.1440,231.9945,320.9393,263.9913,310.6173,261.7679,,,,,,,,,341.2286,182.1494,292.7898,184.7522,338.2086,183.8690,289.0060,188.9349,338.5572,182.4956,288.9537,188.5997,343.4344,182.1142,303.0485,193.1354,318.5929,193.6869,316.3337,192.5211,323.5303,192.5146,304.7698,229.4482,323.3673,231.6791,311.1877,230.6895,314.7695,231.6255,308.4652,261.3145,323.9868,264.4695,311.3060,262.3559,318.8355,264.2412,302.2543,267.5580,322.2933,271.2315,302.1621,267.3929,316.1727,270.2697,301.9273,268.7763,312.6045,271.1937,324.4300,266.5267,314.0608,264.9543,,,319.5386,185.4629,322.0435,182.8202,,
74115,0,,,,,,,,,,,,,,,338.8663,183.2764,,,,,,,320.7563,201.4048,307.0464,201.3286,320.4736,233.0618,307.1194,231.9979,321.0815,263.8601,310.6874,261.7045,,,,,,,,,,,292.1286,184.0045,339.1875,183.7206,,,,,,,,,303.0910,193.3700,317.9932,194.0364,316.1384,192.7935,323.0697,192.9327,304.7475,229.4158,323.2267,231.6805,311.2147,230.6354,314.8075,231.7516,308.4967,261.2937,324.1450,264.3192,311.3549,262.2756,318.9879,264.0946,302.3607,267.5952,322.2872,271.0241,302.3962,267.3504,316.1826,269.9469,302.1374,268.6388,312.3857,270.8455,324.4932,266.4987,313.9879,264.9017,,,319.2890,185.7240,321.8682,182.9009,,
74116,0,,,,,,,,,,,,,,,338.9199,183.1770,,,,,,,320.9916,200.9565,306.9534,201.0395,320.6472,233.5186,307.2151,232.0316,321.0379,264.0527,310.7239,261.8824,,,,,,,,,,,,,339.8280,183.6066,,,,,,,,,302.8475,192.9308,318.0658,193.7124,316.2623,192.3939,323.6189,192.2970,304.9463,229.6397,323.4729,232.2058,311.2793,230.9526,314.8145,232.2752,308.6372,261.4744,324.1207,264.5347,311.3750,262.4691,318.9137,264.2862,302.3494,267.7325,322.2987,271.4197,302.2729,267.5317,316.1292,270.3143,301.9909,268.8655,312.3439,271.2424,324.4137,266.5687,314.1418,265.0269,,,319.3896,185.3153,321.8086,182.7721,,
74117,0,,,,,,,,,,,,,,,338.0138,183.4648,,,,,,,321.5425,201.1871,306.2499,201.2208,320.6011,234.2712,307.2256,233.6638,320.9148,264.5849,310.2990,262.3224,,,,,,,,,342.9094,182.1465,289.3000,185.0372,337.8283,183.9407,,,,,,,,,302.8426,193.3475,319.6053,193.5863,315.1873,192.7491,323.0357,192.7513,304.4906,230.7993,323.6783,232.8538,311.8302,231.7892,314.4649,232.6467,307.9351,261.8874,324.0703,265.0809,311.0779,262.9623,318.7319,264.8613,302.1447,267.8900,322.5489,271.7804,302.8017,267.8070,316.2197,270.8192,302.8108,269.2502,312.5956,271.6906,323.8054,267.3770,313.3666,265.3153,,,318.7127,184.7215,320.9854,182.9780,,
74118,0,,,,,,,,,,,,,,,337.7823,183.4336,,,334.3921,182.4411,,,321.4629,200.4123,307.1035,200.2443,320.5580,234.0956,307.0742,232.8257,320.9205,264.7788,310.6772,261.9807,,,,,,,,,340.0649,182.2817,290.6140,184.9279,337.1121,184.0847,,,334.8739,182.4124,,,336.4386,182.5261,303.5988,192.7461,319.2872,193.1089,316.3276,191.6272,323.4055,191.6989,304.6961,230.0746,323.6290,232.7546,311.3780,231.3128,314.6413,232.3746,308.4647,261.5135,324.0636,265.3428,311.5171,262.6570,318.8149,264.9009,302.2544,267.6738,322.1722,272.1700,302.5393,267.6045,315.8341,270.9609,302.1550,269.0980,312.1369,271.6127,324.1645,267.3468,314.1605,264.9284,,,319.1359,184.4975,,,,
74119,0,,,,,,,,,,,,,,,336.5966,183.4274,,,335.8775,182.4930,,,321.1036,200.8875,306.9296,200.6099,320.6126,233.8046,306.7027,232.5130,320.8238,264.6379,310.5093,262.0796,,,,,,,,,339.7501,182.2223,289.5371,184.0536,336.0849,184.0300,,,,,,,338.1214,182.3532,304.0566,192.6825,319.3335,193.3054,315.8595,192.0454,322.5921,192.3160,304.3778,229.8336,323.7664,232.5429,311.0576,231.1112,314.8843,231.9299,308.1389,261.5824,324.1218,265.1809,311.2885,262.7553,318.8702,264.8074,301.7667,267.6232,322.7532,272.1203,302.2082,267.6428,316.4823,270.9463,302.0360,269.0748,312.7247,271.6125,324.0590,267.1912,313.7229,265.1215,,,318.3704,185.4758,,,,
74120,0,,,,,,,,,,,,,,,334.7661,183.4607,296.0261,184.0480,334.6216,183.2566,285.5268,183.9088,319.9786,200.9603,307.2781,200.4706,320.7721,234.0569,306.9636,232.9661,320.9721,264.4043,310.8990,262.0918,,,,,,,294.8244,183.9248,335.6320,182.4599,300.5263,184.4002,333.2756,183.8472,286.2918,188.5026,334.8303,182.4966,285.9849,188.5774,336.5626,183.5650,304.9506,192.4457,318.4357,193.4148,316.4544,191.8993,322.5377,192.2490,304.7805,230.0274,324.0745,232.8485,311.4362,231.2990,315.1207,231.9173,308.4448,261.7628,324.4185,265.0687,311.6365,262.8224,319.1401,264.5795,302.4741,267.4483,323.0330,271.8533,302.8085,267.3980,316.7735,270.5746,302.6893,268.6816,313.2726,271.1760,324.2124,266.9673,313.9312,265.1674,,,319.1783,185.5609,320.4632,182.9498,,
74121,0,,,,,,,,,,,,,,,331.4674,183.4103,298.7477,183.8447,333.4114,184.4373,283.2571,184.6236,321.1174,200.1343,307.3573,200.1244,320.7115,234.3879,306.9528,233.1527,321.0351,264.1395,310.6479,261.9718,,,,,,,294.8186,183.9574,,,301.0389,183.8002,326.5080,183.9558,283.5796,189.6996,333.5599,183.7439,284.0343,189.8540,334.9413,185.1415,304.3124,191.7600,319.1523,192.5310,315.5574,190.8267,323.0735,190.7819,304.4723,229.7283,323.9704,232.8629,311.8623,231.2898,314.8878,231.9698,308.0457,261.5075,324.3975,264.6720,311.5999,262.7707,318.9585,264.3453,302.0517,267.7227,323.1495,271.4404,302.5885,267.8185,316.9771,270.4810,302.5569,269.1787,313.0414,271.2980,324.6623,266.5688,313.9005,264.8625,,,318.3802,185.3079,,,,
74122,0,,,,,,,,,,,,,,,330.8480,183.7451,297.6554,183.9013,332.5515,186.9104,283.6690,191.7473,321.7927,200.2646,306.9846,200.7412,320.7703,234.2707,307.1450,233.6440,321.1713,264.3952,310.3065,262.3125,,,,,,,294.8556,183.9042,,,300.7123,184.5418,328.1775,183.9985,282.8314,191.5139,332.2957,184.2798,284.2713,192.0224,334.8175,187.4569,303.6679,192.1652,318.5440,192.5764,315.8889,191.6932,323.3070,191.3531,304.6926,230.0960,324.2922,232.4472,311.9486,231.4257,315.0788,231.9174,307.7779,261.8716,324.4646,264.9585,311.1451,263.0839,319.2093,264.6220,301.3008,268.0823,323.0215,271.6049,301.9369,268.0795,316.6776,270.6928,302.0461,269.4396,312.8719,271.5049,324.6666,267.0863,313.4345,265.3579,,,318.1837,185.9228,,,,
74123,0,,,,,,,,,,,,,,,334.9307,183.6175,297.6677,183.7558,330.3332,191.9219,285.1257,190.0532,321.6325,199.3519,306.6342,201.0620,320.7343,234.5045,307.0802,233.4961,320.8034,264.3519,310.1511,262.3963,,,,,,,294.9274,183.8326,,,300.9935,184.5569,336.0710,183.8032,283.7830,187.2930,328.9322,190.2429,285.6973,190.5334,332.9662,192.4749,302.6057,192.3140,317.6922,191.6010,315.5436,190.7824,323.4920,189.6462,304.8180,229.8883,324.0897,232.5983,311.8698,231.4970,314.9667,232.0945,307.7073,261.8611,324.0264,264.9083,311.0430,263.1821,318.8837,264.5940,300.9464,268.0704,322.3588,271.5347,301.5563,267.9819,316.1111,270.5452,301.5439,269.2368,312.2183,271.4027,324.5083,267.0527,313.3864,265.4838,,,317.7382,184.9766,,,,
74124,0,,,,,,,,,,,,,,,333.6629,183.6462,298.3623,184.6146,328.0475,195.9381,288.3186,192.3869,321.4512,199.9044,306.7709,200.9456,321.0871,234.6544,307.3112,233.9107,321.0438,264.1647,310.1095,262.2514,,,,,,,295.9133,183.8943,333.7833,182.4549,301.8540,184.4853,334.8589,183.8389,286.5586,190.3972,326.3606,194.6540,288.4673,192.1379,330.6786,196.3614,302.5175,192.4183,318.2292,192.1579,316.0641,190.8150,323.8352,190.4484,305.0041,230.0505,324.3861,232.6907,311.9714,231.7000,315.3501,232.2453,307.5648,261.7390,324.3475,264.6864,311.0109,263.0535,319.1059,264.3990,300.8740,268.0204,322.6278,271.4347,301.6112,268.0506,316.4885,270.5237,301.7178,269.3547,312.4541,271.3869,324.5654,266.6749,313.2298,265.2785,,,318.0994,184.7940,319.0491,183.0289,,
74125,0,,,,,,,,,,,,,,,333.8048,184.0873,299.2456,185.6380,326.8781,198.1744,290.6604,194.5651,321.0380,200.3151,307.3002,200.8549,320.5954,234.9426,307.2836,233.7235,320.7121,264.5975,310.2371,262.5805,,,,,,,296.4203,183.8665,333.3921,182.4162,302.9123,184.9441,335.4453,184.1115,288.6921,193.3663,325.2702,197.0135,290.7695,194.9141,329.6160,198.5039,302.6427,192.1949,317.3065,192.1763,316.5616,190.9998,323.9176,190.6865,305.1277,229.8702,323.8271,232.9001,311.6883,231.6861,315.0730,232.4612,307.9102,262.0642,323.8104,265.0949,311.0205,263.3731,318.8246,264.7665,301.2554,268.2771,321.9599,271.7369,301.4400,268.1917,315.6235,270.8086,301.1875,269.4350,311.8015,271.6512,324.4495,267.0460,313.6682,265.5883,,,318.5361,185.1480,,,,
74126,0,,,,,,,,,,,,,,,333.6218,183.9937,302.4197,185.4748,326.1249,200.7237,295.6147,195.9984,321.4624,201.1018,307.8593,200.5818,320.5202,234.8584,307.2670,233.9171,320.9693,264.1212,310.1135,262.2341,,,,,,,297.1356,184.5311,332.7891,182.4035,306.6975,184.8999,334.8813,183.9809,293.2505,195.5356,324.6686,199.5868,295.0469,196.1218,328.8155,201.0929,303.5572,192.1629,318.1826,193.4146,317.3460,190.5213,324.9597,191.0140,304.9559,229.8515,323.5973,232.9312,311.7398,231.7019,314.9727,232.3964,307.7183,261.7066,324.1916,264.4722,310.9754,263.0764,318.8986,264.4020,301.4730,267.9077,322.4507,271.4457,301.6441,267.9775,316.0810,270.5945,301.4223,269.3958,312.0260,271.4749,324.6129,266.3568,313.7280,265.1388,,,320.3939,184.8624,,,,
74127,0,,,,,,,,,,,,,,,332.9883,184.3028,302.9877,185.8882,324.6212,201.8683,298.3192,198.6521,320.4011,201.5751,307.0479,201.7380,320.7473,235.1785,307.2816,234.4765,320.7055,264.2978,310.0305,262.6688,,,,,,,296.6568,185.3467,331.4581,183.5175,306.1174,185.3919,334.7557,184.0934,295.9410,198.8054,323.1351,200.9593,297.8587,198.9550,327.0402,201.9075,302.6371,193.7600,317.3188,194.9728,316.9495,191.5445,324.1939,191.8975,304.9289,230.7062,323.7173,233.2202,311.7650,232.4097,315.1728,233.1156,307.7605,262.2066,323.9248,264.5592,310.8889,263.4384,318.6633,264.5307,301.4813,268.2994,322.0876,271.2899,301.6446,268.2185,315.9204,270.4540,301.4057,269.5495,311.8404,271.3574,324.5627,266.3478,313.4107,265.4120,,,319.9995,185.5992,321.1021,182.8705,,
74128,0,,,,,,,,,,,,,,,331.7206,184.3113,302.9337,185.6317,323.7104,202.0309,299.8087,200.1924,320.4398,202.0526,309.1721,202.0968,320.7916,234.7681,307.5276,234.3835,320.5164,264.4337,310.1381,262.7165,,,,,,,298.4654,185.1379,330.4323,183.4350,305.1353,185.3676,333.6485,184.0650,297.7911,199.9928,322.2259,200.9765,299.8093,200.4882,325.8686,202.1232,303.5952,194.6700,315.9691,195.4104,318.1214,192.1989,324.5006,192.5678,305.4813,230.8095,323.5215,232.7878,311.3491,232.2410,315.7099,232.6521,308.0562,262.2413,323.6071,264.8048,310.8800,263.4657,318.5980,264.6907,301.7660,268.1143,321.6089,271.4234,301.4004,268.2153,315.5827,270.6178,300.9493,269.5861,311.6307,271.5278,324.6540,266.7290,313.8214,265.3331,,,320.4456,186.5703,322.4423,182.5693,,
74129,0,,,,,,,,,,,,,,,330.9264,185.6558,302.6463,186.0592,323.5795,202.2415,299.9112,200.7097,320.5511,202.0508,308.0633,202.2679,320.3344,235.0505,307.4648,234.8893,320.8193,264.7083,309.7637,263.2843,,,,,,,299.6904,185.5076,330.3960,183.5498,304.8148,185.7964,332.3337,185.5056,297.9747,200.3076,322.1781,201.0315,299.6692,201.1444,325.8979,202.4395,303.5418,194.2393,316.8780,195.1859,317.3396,192.2772,324.1974,192.6108,305.0251,231.2437,323.0653,232.9629,311.6770,232.4031,315.2868,232.8630,307.7830,262.8977,324.0552,264.9193,310.4763,264.0048,318.8007,265.0956,301.7831,268.6060,322.0128,271.6276,301.6700,268.7095,316.0777,270.8024,301.4656,270.2088,312.0336,271.7939,324.8824,266.9274,313.4706,265.9756,,,320.1576,186.5408,322.4421,182.6637,,
74130,0,,,,,,,,,,,,,,,331.9607,184.4502,302.6114,186.1807,324.4801,201.9470,298.3858,199.5226,321.0482,201.5842,307.7267,201.6424,320.3486,234.9801,307.2043,234.6047,320.7760,264.9265,309.7638,263.3064,,,,,,,300.2337,185.5021,330.9303,183.6138,304.9393,185.7333,333.3954,184.3264,296.5543,199.4099,322.9585,200.8396,298.1271,200.0844,326.8939,202.1992,303.1478,193.6237,317.1427,194.6294,316.6905,191.7720,323.9347,192.2160,304.6375,230.9960,323.2171,232.9528,311.5742,232.3466,315.1397,232.8798,307.6165,262.9351,323.9539,265.1999,310.5378,264.0242,318.6631,265.3347,301.7211,268.8161,321.9756,271.9499,301.6641,268.8344,316.0056,271.0464,301.5208,270.2771,311.7249,272.0624,324.7723,267.3131,313.3844,266.0023,,,320.0129,185.6185,322.3774,182.8685,,
74131,0,,,,,,,,,,,,,,,332.6345,184.1816,302.6210,185.8184,325.3282,201.0271,298.2195,199.0463,321.5682,201.0156,308.2823,201.3005,320.4665,234.7930,307.2988,234.2184,320.8008,264.6175,309.9916,262.9733,,,,,,,297.4364,185.3755,331.1677,183.4221,305.3680,185.3493,334.1331,183.9908,296.3478,199.1259,323.6418,199.9964,297.6769,199.5602,328.0263,201.1645,303.0927,193.3423,317.6198,194.1497,317.5888,190.9196,324.8159,191.3795,304.8989,230.6256,323.4576,232.8923,311.7307,232.1987,314.9748,232.7249,307.7542,262.5402,323.9189,264.8780,310.8382,263.7493,318.7787,264.8857,301.6651,268.5117,322.1379,271.6865,301.6969,268.5941,316.0944,270.8348,301.4732,270.0585,311.9079,271.8560,324.7960,266.7860,313.4620,265.7081,,,320.3673,185.2187,,,,
74132,0,,,,,,,,,,,,,,,332.8448,184.3412,302.2284,185.8027,326.3017,200.3667,297.4515,199.4807,320.7627,200.9343,307.9856,201.3249,320.3151,234.4251,307.3210,234.0307,320.8766,264.4600,310.3946,262.7868,,,,,,,296.9254,185.5101,331.5804,183.5020,305.1390,185.4220,334.4149,183.9961,295.1482,199.3300,324.7349,199.4774,297.0121,199.8646,328.6964,200.4489,302.3783,193.3555,316.0758,193.4590,317.5819,190.7748,324.5617,191.0565,305.0763,230.4352,323.1623,232.4935,311.5005,231.6866,315.1645,231.9994,308.2390,262.3936,323.8213,264.7295,311.1445,263.5736,318.8872,264.6851,302.0159,268.5384,322.0502,271.4873,301.8412,268.5918,315.7374,270.7625,301.5578,270.0131,311.7517,271.7102,324.9215,266.5538,314.2312,265.5741,,,319.8822,185.2171,,,,
74133,0,,,,,,,,,,,,,,,332.9917,184.3685,301.5858,186.1160,327.1224,200.2815,297.3760,199.6686,321.0566,201.2967,307.3500,201.7286,320.5028,234.8655,306.9088,234.3341,320.6664,264.7003,310.3304,262.7701,,,,,,,297.3741,185.6027,332.1677,182.7110,305.6266,185.4987,334.3877,184.0665,295.1282,199.4052,325.4191,199.3804,296.5800,200.0815,329.7313,200.3299,302.4861,193.8016,317.0083,193.8605,316.7542,191.4887,324.3299,191.4708,304.6665,230.7889,323.5387,232.9384,311.5535,232.0701,315.0991,232.5916,307.8925,262.3636,323.6025,265.0512,311.1594,263.5177,318.7488,264.8965,301.5248,268.6445,321.8477,271.7485,301.9231,268.5922,315.6757,271.0585,301.8133,269.8574,311.9178,271.9292,324.2307,266.9449,313.5347,265.6522,,,319.3945,185.6382,,,,
74134,0,,,,,,,,,,,,,,,333.4031,184.2028,302.4052,185.8286,327.2695,200.2691,297.3760,199.5868,320.8219,201.3944,307.7917,201.5165,320.7429,234.7180,306.8669,234.2465,320.8887,264.4453,310.2372,262.7890,,,,,,,297.9792,185.4113,332.1264,182.5647,305.4608,185.2824,335.1901,183.8251,295.0666,199.2352,325.5746,199.3194,296.6306,199.9913,329.8860,200.3341,302.9627,193.6012,316.9274,194.0077,317.5711,191.6390,324.6507,191.7109,304.8645,230.7695,323.6773,232.6945,311.1588,232.1194,315.1786,232.4103,308.0195,262.3562,323.8982,264.7636,311.0153,263.5089,318.9604,264.6835,301.4006,268.5307,322.0286,271.5343,301.4015,268.4898,315.7534,270.9279,301.1100,269.7264,312.0150,271.8266,324.5445,266.5322,313.7499,265.4693,,,320.2759,185.3412,320.9690,182.8663,,
74135,0,,,,,,,,,,,,,,,332.1994,184.5783,301.2963,186.4314,327.4785,200.5085,296.9064,200.4298,321.0482,201.7058,307.8368,202.0332,320.8031,234.7919,307.2100,234.3416,320.9639,264.2821,310.3071,262.5485,,,,,,,296.8604,186.1122,331.4585,183.6495,304.3361,185.9259,333.4427,184.2024,294.5500,200.2274,325.9725,199.7098,296.0155,200.6572,330.1937,200.4762,302.8260,194.1267,317.2272,194.3899,317.4265,191.7999,324.4586,191.8415,304.9162,230.6926,323.7304,232.7878,311.4171,231.9598,315.3598,232.4161,307.9872,262.1444,324.1003,264.5210,311.0722,263.3460,318.9411,264.5763,301.5461,268.2891,322.2444,271.2645,301.4043,268.3346,315.7948,270.6535,301.0229,269.7250,311.7897,271.5940,324.8212,266.4332,314.0407,265.3890,,,319.6731,185.8270,,,,
74136,0,,,,,,,,,,,,,,,332.3141,184.4637,301.4948,186.2653,327.6220,200.3617,296.9211,200.0565,321.4667,201.2768,308.3752,201.6265,320.6273,234.7835,307.2310,233.9039,320.7626,264.4632,310.3402,262.4143,,,,,,,296.8857,185.8701,331.4153,183.5918,304.5065,185.7300,333.9171,184.1149,294.4880,199.8332,326.0883,199.5781,296.1422,200.2653,330.3593,200.2810,302.9374,193.8886,317.2885,194.0091,317.8528,191.4327,324.8291,191.6403,305.0376,230.3320,323.5739,232.9151,311.3684,231.8130,315.1922,232.4407,308.0804,261.8812,323.7654,264.7237,311.0505,263.2178,318.7677,264.6556,301.6717,268.1388,322.0942,271.3793,301.6095,268.0970,315.8043,270.7474,301.2763,269.4229,311.9527,271.6262,324.4665,266.4886,313.9616,265.1177,,,320.1902,185.6805,,,,
74137,0,,,,,,,,,,,,,,,332.4397,184.5257,301.1344,186.4578,327.4306,200.3991,296.8606,200.5036,321.4306,201.2528,308.3269,201.6558,320.7295,234.6911,307.3240,234.0412,320.8131,264.4378,310.3430,262.5421,,,,,,,296.6631,186.0205,331.2873,183.6358,304.4673,185.8511,334.0992,184.1834,294.3711,200.2203,325.8110,199.6331,296.2448,200.6289,330.2155,200.2640,302.7525,194.0300,317.1556,194.1090,317.6938,191.5033,324.8112,191.5934,305.0703,230.5074,323.7077,232.7767,311.5146,231.8378,315.2565,232.3264,307.9865,262.1034,323.8007,264.7485,311.0997,263.3225,318.8228,264.6590,301.5794,268.3377,322.0578,271.4634,301.6518,268.2634,315.7368,270.7705,301.4498,269.5012,311.8826,271.5919,324.6077,266.6580,314.0046,265.2960,,,320.0313,185.7498,,,,
74138,0,,,,,,,,,,,,,,,332.5546,184.5634,301.9595,186.3729,326.3136,200.7599,297.3766,200.5265,321.1537,201.6388,308.5693,202.1329,320.8453,234.7838,307.1439,234.2474,320.7987,264.4469,310.2707,262.7562,,,,,,,296.9419,186.0278,331.0270,183.7025,304.4505,185.9376,334.2690,184.1995,295.0693,200.2822,324.7823,199.8999,296.9243,200.6732,328.7527,200.7911,303.0585,194.5186,317.1545,194.9596,317.6495,191.9898,324.5575,192.0839,304.9175,230.7222,323.7741,232.8717,311.2939,232.0453,315.2367,232.5215,308.1153,262.2617,323.8292,264.6912,311.0161,263.5440,318.8216,264.7088,301.7262,268.3105,322.0533,271.3484,301.4646,268.3010,315.8524,270.6488,301.0043,269.5808,311.8598,271.5176,324.7648,266.5624,313.8961,265.3881,,,319.8449,185.7758,320.1895,182.9889,,
74139,0,,,,,,,,,,,,,,,332.3015,184.4618,302.3477,186.3056,326.0655,200.8879,297.2990,200.6152,321.1568,201.4341,308.5205,201.7681,320.7973,234.9415,307.1636,234.3379,320.8201,264.3947,310.3528,262.8533,,,,,,,297.0174,185.9043,331.1118,183.6105,304.8406,185.7930,333.7260,184.0584,295.0402,200.3960,324.5139,200.0580,296.9344,200.6928,328.6968,200.9269,302.7582,194.2639,317.3131,194.7021,317.2341,191.8560,324.3918,191.9773,304.9375,230.6960,323.7404,232.9739,311.3783,232.0626,315.0686,232.5995,308.0644,262.3962,323.8902,264.6055,311.1771,263.6120,318.7864,264.6461,301.7699,268.4711,322.1801,271.3214,301.8141,268.3515,316.0210,270.5756,301.5091,269.5979,312.0656,271.4835,324.6920,266.3726,313.9250,265.5254,,,319.8988,185.7034,320.4536,182.9514,,
74140,0,,,,,,,,,,,,,,,331.6560,184.5498,301.8952,186.3499,325.8277,200.9313,298.7551,201.1540,321.3819,201.5177,308.5238,202.0474,320.6890,234.9370,307.1756,234.4365,320.5658,264.6131,310.0759,262.9392,,,,,,,296.0362,186.0195,330.7999,183.6694,304.3444,185.8138,333.1086,184.1480,296.9225,201.0381,324.2397,200.1741,298.4187,201.3065,328.3934,200.9351,302.6562,194.8976,317.3029,195.0894,317.1974,192.2471,324.2755,192.3214,304.8299,230.8423,323.6431,232.9380,311.2395,232.2098,315.1134,232.6487,307.9030,262.4683,323.6644,264.8423,310.8778,263.6826,318.5569,264.8577,301.7686,268.3836,321.9161,271.3769,301.5752,268.2820,315.9642,270.5713,301.1825,269.5177,311.8142,271.4772,324.6379,266.7653,313.6464,265.5395,,,319.6984,185.7805,320.3208,182.9865,,
74141,0,,,,,,,,,,,,,,,331.8741,184.4040,302.3405,186.1072,326.2614,200.5324,298.5700,199.8609,321.4986,201.0097,308.4823,201.3137,320.7222,234.8095,307.0854,234.1493,320.6692,264.4299,310.0995,262.8956,,,,,,,296.6488,185.7387,331.3764,183.6511,305.0468,185.4615,333.4509,184.0425,296.6599,199.9711,324.7037,199.7671,298.3028,200.2474,329.0340,200.5969,302.6554,193.4873,317.3447,194.3429,317.2937,191.2052,324.3456,191.4488,304.9642,230.2371,323.4891,232.7498,311.1337,231.8435,315.2060,232.3520,308.0097,262.4162,323.8740,264.6832,310.8391,263.6366,318.6188,264.7568,301.7407,268.3752,321.7787,271.3074,301.4914,268.3695,315.6564,270.6798,301.1757,269.7224,311.4224,271.5601,324.7759,266.6184,313.8796,265.4946,,,319.6244,185.1705,,,,
74142,0,,,,,,,,,,,,,,,331.6811,184.4499,302.1673,186.1940,326.3251,200.7725,298.2266,200.6106,321.2895,201.1708,307.4262,201.5270,320.6841,234.8488,307.0958,234.1045,320.6425,264.4804,309.9234,262.8106,,,,,,,296.5498,185.6266,331.0224,183.6416,304.5894,185.5092,333.2263,184.1257,296.5429,200.5161,324.8949,199.9894,297.9086,200.8437,328.9878,200.9286,302.2715,193.6393,317.8577,194.0648,316.4101,191.7359,323.8857,191.7774,304.6301,230.0628,323.5816,232.7222,311.5211,231.6777,315.0144,232.3422,307.6326,262.3639,323.9187,264.7496,310.7634,263.5924,318.5442,264.8106,301.4467,268.5692,321.9766,271.4494,301.6741,268.5086,315.7555,270.7553,301.6513,269.8280,311.7158,271.6536,324.7008,266.6927,313.4626,265.4872,,,319.1723,185.4917,319.7537,183.0757,,
74143,0,,,,,,,,,,,,,,,331.5445,184.3750,302.2794,186.1867,326.2053,200.9364,298.2597,201.0387,321.5127,201.1234,308.0078,201.5960,320.4854,234.7983,307.2785,234.0023,320.5360,264.6556,309.9355,262.9706,,,,,,,296.6363,185.6499,330.6185,183.5526,304.6043,185.5793,333.0877,184.1052,296.4888,200.9171,324.7370,200.1561,297.9618,201.3394,328.9717,200.9686,302.5657,193.8008,317.7868,194.1615,317.0514,191.5280,324.4328,191.6869,304.9801,229.9779,323.4784,232.6153,311.4949,231.5032,315.0707,232.1309,307.6977,262.5296,323.7880,264.9664,310.7407,263.7429,318.4981,264.9656,301.4076,268.6458,321.8519,271.7118,301.5946,268.6505,315.6129,271.0867,301.5100,270.0546,311.6046,272.0022,324.6790,266.8814,313.5143,265.5733,,,319.6703,185.4728,320.2333,183.0500,,
74144,0,,,,,,,,,,,,,,,331.6826,184.3646,301.6495,186.1346,326.3048,200.8992,298.1190,201.1715,321.2311,201.4480,307.8467,201.8364,320.5228,234.9056,307.1231,234.2565,320.4512,264.8332,309.9822,262.9174,,,,,,,296.3564,185.6887,330.9654,183.5903,303.9387,185.5335,333.1567,184.1128,296.3770,201.0278,324.9362,200.1384,297.6490,201.5772,328.9712,200.9340,302.4585,194.2837,317.5646,194.6097,316.7474,191.9366,324.1154,191.9750,304.8059,230.3683,323.5492,232.7692,311.2661,231.7781,314.9795,232.4454,307.7262,262.4484,323.6447,265.1644,310.7721,263.6931,318.4346,265.1272,301.6665,268.5871,321.8843,271.7755,301.7840,268.5479,315.7439,271.0841,301.6861,269.8935,311.8035,271.9593,324.5197,267.0754,313.5661,265.4945,,,319.3966,185.6122,319.7705,182.9830,,
74145,0,,,,,,,,,,,,,,,331.9462,184.4219,301.7654,186.2791,326.0123,201.0647,298.5883,200.9442,320.9418,201.4320,307.9495,201.8514,320.4649,234.9012,307.1004,234.0740,320.7722,264.4265,310.3290,262.6935,,,,,,,295.9646,185.7875,330.7854,183.6397,304.5937,185.5388,333.3625,184.0426,296.6432,200.9839,324.4070,200.3701,298.2682,201.2645,328.7193,201.1177,301.8298,194.2592,316.9491,194.6311,317.2462,191.6428,324.5232,191.8521,304.8513,230.3856,323.4432,232.8460,311.0640,231.7182,314.9558,232.3548,308.1026,262.2369,323.8223,264.7219,311.1124,263.5085,318.7402,264.6786,301.8829,268.4201,321.9860,271.3990,301.8175,268.4194,315.7376,270.7906,301.5028,269.7739,311.8280,271.6582,324.6653,266.4614,314.0732,265.3382,,,319.6319,185.5576,319.9679,182.9783,,
74146,0,,,,,,,,,,,,,,,331.6760,184.5536,301.2195,186.4427,326.0087,200.4596,297.7775,201.6264,321.0949,201.1444,307.9399,202.0429,320.4208,234.8338,307.3799,234.2414,320.9400,264.1688,310.3695,262.6047,,,,,,,295.6181,186.0721,330.5999,183.6807,303.8950,185.8386,333.1274,184.1865,295.7645,201.5562,324.3870,199.8489,297.4540,201.9338,328.5434,200.5198,302.1199,194.7478,317.0011,194.6031,317.2975,192.0267,324.3808,192.0445,305.0249,230.4845,323.5041,232.7771,311.2872,231.8009,314.9469,232.3750,308.2306,262.2012,323.9878,264.3610,311.1624,263.3992,318.8962,264.4145,302.0029,268.3630,322.2126,270.8998,301.9270,268.2306,316.1114,270.2796,301.6221,269.5037,312.0226,271.2001,324.7635,266.1536,314.0531,265.2858,,,319.7069,185.7821,320.1445,182.9662,,
74147,0,,,,,,,,,,,,,,,331.7846,184.3152,301.6386,186.2333,325.8322,200.6523,297.8557,201.5354,321.1066,200.9236,307.8430,201.9344,320.5702,234.8449,307.3494,234.2834,320.6938,264.5192,310.2481,262.6984,,,,,,,295.8982,185.8651,330.7007,183.4793,304.1691,185.6543,333.3033,183.9916,295.9099,201.4997,324.2403,199.9759,297.4541,201.6980,328.5152,200.6362,301.9904,194.4558,317.0904,194.0979,317.1255,191.6515,324.3237,191.7165,304.9100,230.4707,323.5947,232.7172,311.5661,231.7672,315.0575,232.3063,307.9820,262.2595,323.7518,264.8568,311.1004,263.5082,318.6578,264.7590,301.8166,268.3991,321.9081,271.4160,301.8833,268.3567,315.7737,270.7106,301.6143,269.6923,311.7945,271.5678,324.5962,266.6839,313.9682,265.3863,,,319.4949,185.5676,320.0097,182.9308,,
74148,0,,,,,,,,,,,,,,,331.8476,184.4852,300.6498,186.5650,325.7642,200.5486,297.5167,201.8893,321.1032,200.8973,307.9615,201.6982,320.4049,234.9043,307.2205,234.1268,320.6154,264.6968,310.2759,262.9518,,,,,,,295.1864,186.1349,330.7989,183.6874,303.2712,185.9570,333.3919,184.2044,295.4919,201.7836,324.1750,199.8799,297.1429,202.0026,328.4142,200.5923,301.7293,194.4439,316.6510,193.8736,317.3572,191.6070,324.3827,191.7343,304.9772,230.5070,323.4805,232.8856,311.1814,231.8233,314.8666,232.4988,308.2141,262.5016,323.6956,265.0320,310.9921,263.7859,318.6074,264.9122,301.7721,268.5839,321.8211,271.5478,301.5432,268.5370,315.6106,270.8489,301.1420,269.8068,311.6638,271.6681,324.6682,266.7570,314.0004,265.6347,,,319.5599,185.8045,,,,
74149,0,,,,,,,,,,,,,,,331.4482,184.4472,301.7442,186.3499,325.8239,200.4643,297.7755,201.7669,321.3751,200.9627,308.6688,201.4668,320.5294,235.1457,307.2748,234.2279,320.5992,264.6027,310.3639,262.7812,,,,,,,295.7923,186.0397,330.3583,183.6112,304.0610,185.8801,333.4202,184.1514,295.8111,201.7147,324.3305,199.8458,297.3920,201.9113,328.2421,200.5371,302.4568,194.2723,316.8791,194.0543,317.9237,191.7254,324.6682,192.0159,305.0817,230.5712,323.4866,233.1087,311.1770,231.9940,314.9910,232.7559,308.3312,262.2446,323.7570,264.8948,311.1015,263.5860,318.5181,264.8240,301.8824,268.2492,321.7985,271.4513,301.5160,268.2638,315.6395,270.6042,301.0242,269.6461,311.5262,271.4463,324.6064,266.7121,314.2755,265.4000,,,320.2399,185.7351,322.0710,182.8680,,
74150,0,,,,,,,,,,,,,,,331.6180,184.5348,301.4640,186.4504,325.4491,200.9145,298.0582,201.7762,320.8107,201.4557,307.9203,202.0847,320.5298,235.0796,307.3615,234.3754,320.7170,264.6506,310.4280,263.0196,,,,,,,295.7091,186.0550,330.1977,183.6650,303.7246,185.9335,333.5153,184.2783,296.2621,201.6385,323.9181,200.2278,297.5542,201.9672,327.9736,200.9426,302.1328,194.7109,316.6926,194.7915,317.1319,192.2051,324.1083,192.3881,305.0488,230.7942,323.5123,233.0956,311.3117,232.1602,315.0087,232.7805,308.4049,262.5253,323.8419,264.9148,311.1632,263.7638,318.6544,264.8610,302.1055,268.4731,322.0402,271.4030,301.9612,268.3835,316.0284,270.5263,301.6351,269.6061,311.9301,271.3791,324.6221,266.7294,314.1632,265.5848,,,319.7229,185.8118,320.9461,182.9639,,
74151,0,,,,,,,,,,,,,,,331.5427,184.6415,301.4061,186.4372,325.6972,201.2093,297.9319,201.8909,321.3790,201.0025,308.5479,201.5267,320.5870,234.8272,307.2230,234.2230,320.6064,264.6728,310.2874,262.9403,,,,,,,295.4268,186.0729,330.4916,183.7728,303.6948,185.9066,333.3391,184.3186,296.0472,201.8166,324.0687,200.4941,297.4826,201.9227,328.4374,201.2758,302.3035,194.5834,316.9532,194.3951,317.5439,191.5832,324.4934,191.7980,304.9447,230.6607,323.5299,232.9055,311.1986,231.8892,315.0410,232.4412,308.1756,262.4241,323.7186,264.9781,311.0543,263.7110,318.5442,264.9358,301.6644,268.5124,321.7996,271.5189,301.5431,268.4026,315.6652,270.7186,301.2026,269.6031,311.6159,271.5426,324.7253,266.8042,314.2009,265.5188,,,319.7160,185.7735,,,,
74152,0,,,,,,,,,,,,,,,331.5009,184.6693,301.6498,186.3679,325.3925,201.6145,297.8287,202.0080,321.0784,201.3961,308.3240,201.9033,320.5259,235.2301,307.0752,234.7030,320.5593,264.8541,310.1774,263.0794,,,,,,,296.0076,185.9647,330.0797,183.7760,303.9211,185.8825,333.3204,184.3959,296.0364,201.8194,323.6789,200.7915,297.4253,202.1710,328.1278,201.7048,302.5223,194.8706,316.6644,194.9702,317.5944,192.1721,324.5390,192.3300,304.6920,231.0660,323.5223,233.2987,311.1386,232.2948,315.0939,232.8167,308.1089,262.5563,323.5796,265.1537,310.9667,263.8562,318.5768,265.1305,301.7299,268.4776,321.7141,271.6295,301.6093,268.4606,315.6401,270.8261,301.1751,269.7391,311.6755,271.6271,324.6432,266.9945,314.0109,265.6526,,,319.9676,185.8328,321.3953,182.9097,,
74153,0,,,,,,,,,,,,,,,331.1712,185.0235,301.1434,186.5854,324.8934,202.0678,297.8796,201.9994,320.0109,202.5584,306.7139,203.1492,320.2478,234.7983,307.1384,234.8243,320.6160,264.3228,309.6860,262.8077,,,,,,,295.9468,186.1349,329.9557,184.0271,303.3138,186.1483,332.6397,184.6096,296.1930,201.9429,323.1820,201.1721,297.4025,202.1304,327.6754,202.1238,301.7648,195.3678,316.3516,195.9602,315.5224,192.6130,322.9402,192.7525,304.4331,230.8967,323.1422,232.6881,311.5134,232.0906,314.9298,232.2666,307.4146,262.4269,323.7685,264.5205,310.5386,263.5283,318.6029,264.7496,301.6212,268.4362,322.0431,271.1673,301.7401,268.4627,316.1102,270.5094,301.7180,269.8363,312.0892,271.4444,324.6164,266.3988,313.3184,265.3260,,,317.9390,186.1554,318.9170,183.0485,,
74154,0,,,,,,,,,,,,,,,330.9798,184.7108,301.6866,186.3090,324.5643,202.1436,297.6520,202.0552,320.3100,202.2031,307.0269,202.5924,320.3958,234.8144,307.0647,234.5254,320.4641,264.5738,309.8764,263.0277,,,,,,,296.8085,185.7657,330.0918,183.7775,303.8660,185.6094,332.4001,184.2734,295.8730,201.8623,322.9634,201.1809,297.1649,202.2914,327.2331,202.2974,302.0069,194.8760,316.6457,195.6536,315.8618,192.3805,323.3095,192.6532,304.4159,230.6842,323.2588,232.6741,311.3542,231.9677,315.0453,232.3375,307.7886,262.5962,323.8314,264.7833,310.6536,263.7492,318.4346,264.9498,301.7267,268.5475,322.1106,271.3047,301.6383,268.5152,316.1355,270.5323,301.4494,269.8272,312.0489,271.4814,324.4803,266.7102,313.5102,265.4994,,,318.2745,186.6543,319.4714,182.9708,,
74155,0,,,,,,,,,,,,,,,330.8591,184.6867,301.6737,186.2849,324.3860,202.0531,297.5660,202.2812,320.5831,201.6698,307.7800,202.1233,320.2097,234.8841,307.0084,234.6159,320.4582,264.8236,310.0134,263.1530,,,,,,,296.7441,185.7963,329.6593,183.7424,303.9328,185.6570,332.6220,184.3666,295.7091,202.0574,322.6491,201.1339,297.2056,202.3464,327.0248,202.1308,302.1881,194.6866,316.6033,195.1492,316.3379,192.1534,323.6076,192.4455,304.4823,230.9392,323.0407,232.8158,311.1166,232.1498,314.6857,232.4345,308.0069,262.7072,323.7655,265.0789,310.7350,263.8820,318.3568,265.2083,301.7548,268.6029,321.7996,271.6518,301.6165,268.5833,315.7221,270.8629,301.4011,269.8932,311.7264,271.7048,324.5931,267.0294,313.8919,265.7237,,,318.9255,186.5423,320.3675,182.9489,,
74156,0,,,,,,,,,,,,,,,330.6760,184.2707,300.8405,185.7604,324.3196,201.6506,297.4092,201.8494,320.5820,201.4433,307.4647,201.7829,320.1789,234.5964,307.0611,234.3304,320.7752,264.2968,310.2021,262.8890,,,,,,,295.8213,185.3374,329.5707,183.4555,303.0696,185.2848,332.2800,184.0420,295.6602,201.6775,322.7654,200.7814,296.9344,202.0036,326.9312,201.7606,301.9869,194.2496,316.9669,194.7941,316.1332,191.8738,323.5996,192.1043,304.3467,230.5938,322.9880,232.5375,311.1893,231.7561,314.7888,232.0367,308.2533,262.4754,324.2140,264.5193,310.9219,263.6364,318.6930,264.7106,301.8923,268.3210,322.1115,271.2854,301.7300,268.2481,316.1107,270.3856,301.4659,269.5662,312.1216,271.3010,324.7250,266.5414,313.9742,265.4753,,,318.7223,186.1730,320.0504,182.8035,,
