sync_index,person_id,Nose_px,Nose_py,L_Eye_px,L_Eye_py,R_Eye_px,R_Eye_py,L_Ear_px,L_Ear_py,R_Ear_px,R_Ear_py,L_Shoulder_px,L_Shoulder_py,R_Shoulder_px,R_Shoulder_py,L_Elbow_px,L_Elbow_py,R_Elbow_px,R_Elbow_py,L_Wrist_px,L_Wrist_py,R_Wrist_px,R_Wrist_py,L_Hip_px,L_Hip_py,R_Hip_px,R_Hip_py,L_Knee_px,L_Knee_py,R_Knee_px,R_Knee_py,L_Ankle_px,L_Ankle_py,R_Ankle_px,R_Ankle_py,sternum_px,sternum_py,rshoulder_px,rshoulder_py,lshoulder_px,lshoulder_py,r_lelbow_px,r_lelbow_py,l_lelbow_px,l_lelbow_py,r_melbow_px,r_melbow_py,l_melbow_px,l_melbow_py,r_lwrist_px,r_lwrist_py,l_lwrist_px,l_lwrist_py,r_mwrist_px,r_mwrist_py,l_mwrist_px,l_mwrist_py,r_ASIS_px,r_ASIS_py,l_ASIS_px,l_ASIS_py,r_PSIS_px,r_PSIS_py,l_PSIS_px,l_PSIS_py,r_knee_px,r_knee_py,l_knee_px,l_knee_py,r_mknee_px,r_mknee_py,l_mknee_px,l_mknee_py,r_ankle_px,r_ankle_py,l_ankle_px,l_ankle_py,r_mankle_px,r_mankle_py,l_mankle_px,l_mankle_py,r_5meta_px,r_5meta_py,l_5meta_px,l_5meta_py,r_toe_px,r_toe_py,l_toe_px,l_toe_py,r_big_toe_px,r_big_toe_py,l_big_toe_px,l_big_toe_py,l_calc_px,l_calc_py,r_calc_px,r_calc_py,C7_px,C7_py,L2_px,L2_py,T11_px,T11_py,T6_px,T6_py
73361,0,,,,,,,,,,,,,,,641.5658,214.8195,602.6117,217.3954,633.7695,230.8127,591.3762,233.6869,623.5142,232.7998,605.6594,234.2032,618.7746,276.5631,604.6103,276.7122,617.8003,313.5887,609.3058,313.8651,,,,,,,597.3120,217.6265,,,607.4571,217.2863,642.8256,215.0599,588.9247,233.2265,632.1396,229.9040,591.6218,233.9225,636.2939,231.2887,599.5299,225.2528,619.6244,223.8288,620.3448,222.1223,629.7997,221.6415,601.8288,272.7051,622.8311,272.6287,610.4794,273.1432,611.3707,273.0616,606.5790,315.6270,621.7310,314.0925,609.9288,313.8483,615.1861,313.8972,596.4083,321.3832,617.8754,320.7656,595.2561,319.3248,610.1997,318.2078,594.5711,319.4845,604.2948,318.9472,622.1761,317.3567,614.5119,318.3663,,,624.9129,216.6940,,,,
73362,0,,,,,,,,,,,,,,,641.6530,214.7191,602.7884,217.5411,633.8725,232.7310,591.2075,233.7538,624.2258,234.3080,607.3133,233.9052,618.6617,276.7458,603.6243,277.2460,617.6635,314.7237,609.6824,313.0349,,,,,,,597.5294,217.6595,,,607.2194,217.5143,643.9099,214.8658,588.5904,233.3126,632.1793,232.0066,591.3958,233.9941,636.2423,232.9266,600.3572,224.8949,619.4109,224.1953,621.6871,221.9311,630.9924,222.3438,601.0382,273.5016,622.7003,273.0425,609.1472,273.7157,611.2884,273.9351,607.3429,315.8729,621.3752,314.2850,609.8746,313.6889,615.0636,315.2936,596.3995,322.0778,617.1141,321.4681,594.7584,320.2810,608.6692,323.8874,593.7994,319.1127,602.9790,322.3850,622.3164,318.7931,615.4825,317.7035,,,625.9036,216.0903,,,,
73363,0,,,,,,,,,,,,,,,641.1702,217.6929,602.3027,213.9980,633.8263,238.9623,590.5305,227.5378,624.0164,236.4436,605.7209,232.4133,617.9563,280.2988,603.4208,274.5830,617.3316,315.9935,609.8948,310.5003,,,,,,,,,,,608.0213,214.2095,642.9819,217.5355,588.0165,226.9404,632.2784,238.3275,590.7463,227.2948,636.1978,239.7723,599.6338,221.9064,619.5434,226.8779,620.7899,221.4540,630.2822,223.4950,600.6941,269.3706,622.2401,278.6567,609.2304,273.2571,610.4568,274.7845,607.4889,309.2897,620.8742,318.1228,610.2668,311.6860,614.7392,315.7688,596.7120,314.5127,616.6904,327.3831,595.1147,315.0235,608.5943,323.4945,593.9742,317.4135,602.7870,323.4916,622.0419,319.2930,615.6521,313.7083,,,625.0612,216.1293,,,,
73364,0,,,,,,,,,,,,,,,,,602.8387,217.4035,634.0178,232.3732,589.6850,233.4560,624.1827,235.4875,605.1622,234.4550,617.7699,280.9517,603.0775,275.0292,616.4718,315.1436,609.6370,310.6431,,,,,,,597.9068,217.5575,,,607.3739,217.3103,,,587.2441,232.9979,632.4790,231.2688,589.9536,233.6099,636.3665,232.4783,599.4285,225.2175,619.5038,226.2987,620.6369,222.5224,630.1301,223.7322,600.5100,269.6035,622.0670,279.2195,608.9844,273.8092,610.4963,274.7973,607.4135,309.2240,619.8956,317.1994,609.9157,311.8614,613.9613,314.9219,596.3862,314.1074,615.8085,326.3606,594.7860,314.3222,607.7785,322.7250,593.5949,316.3317,602.2881,322.5388,621.1855,318.8482,615.4081,314.2443,,,625.3191,216.7246,,,,
73365,0,,,,,,,,,,,,,,,641.7342,214.6370,602.8705,217.6244,634.4746,232.8471,588.9780,233.6310,624.1576,235.2444,604.1489,234.6616,617.5381,276.8020,602.8748,276.8905,614.8301,313.3444,608.4075,312.1129,,,,,,,597.9241,217.8312,641.7926,214.4402,607.0014,217.5677,643.0835,214.6444,586.5535,232.8793,632.8847,231.9907,589.1665,233.6642,636.9377,232.9340,599.0818,224.9627,620.6530,225.0401,619.7874,223.1222,629.8942,223.3912,599.8208,272.8481,622.2231,273.3030,609.1288,273.5515,609.6878,273.3376,605.7765,312.8432,618.6672,313.8363,608.8314,312.5329,612.4384,313.5838,594.6156,319.6806,615.2264,319.9121,593.6386,317.7727,607.3617,317.6279,592.7439,318.1667,601.9940,318.3993,619.6204,317.4919,613.4336,315.9402,,,624.8765,216.2272,,,,
73366,0,,,,,,,,,,,,,,,,,601.6622,217.8068,634.4230,232.2102,587.5543,233.1597,625.0538,235.5445,605.3889,234.5383,617.1029,280.7188,603.1710,275.1978,614.3402,314.2632,608.1406,310.1000,,,,,,,597.4810,218.0274,,,605.4484,217.7468,,,585.1440,232.5012,632.8298,231.2861,587.5348,233.3441,637.0568,232.4954,599.1390,224.7597,621.5486,226.1375,619.7624,222.5819,630.2096,223.4567,600.2021,269.4536,622.0266,279.1797,609.1205,273.8478,609.2757,274.6905,605.6104,308.7983,618.3576,316.1989,608.5416,311.1775,611.9157,314.0868,595.1354,314.1444,615.3014,325.9903,593.6401,314.6719,607.3228,322.6060,592.4076,316.6808,602.2648,322.4609,618.7473,317.8475,613.0890,312.7000,,,624.9137,217.1157,,,,
73367,0,,,,,,,,,,,,,,,641.5322,214.9235,599.6829,217.9986,634.5155,231.9493,585.5587,233.4287,625.1948,234.8364,605.4907,235.0356,616.4404,276.0625,602.8696,276.7598,612.5940,311.9715,607.8483,310.5656,,,,,,,596.5861,218.3093,,,603.8268,217.9218,,,583.3401,232.6439,633.0140,230.9658,585.5621,233.7358,637.0326,232.0808,599.1652,225.5773,621.7106,225.3836,619.5573,223.1840,630.0939,222.8411,599.5954,272.6313,621.5850,272.8123,609.1418,273.3512,608.4923,272.8106,605.0485,310.7394,617.0734,312.3588,608.3488,311.0457,610.0027,312.2848,594.2629,318.6147,613.9819,318.9312,593.2683,317.2789,606.4119,316.6849,592.3422,318.1028,601.2663,317.7296,616.9817,316.1125,612.2554,314.0035,,,624.4680,216.5800,,,,
73368,0,,,,,,,,,,,,,,,642.0136,214.7445,599.1887,217.8395,634.9041,231.9567,584.7085,232.8801,626.4653,235.3419,605.8622,235.1354,616.1307,276.0441,602.5920,276.5096,611.2348,312.0781,608.0425,310.2709,,,,,,,596.7822,218.1354,642.1864,214.5644,602.7822,217.8266,643.8174,214.8396,582.6359,231.7307,633.2094,230.9937,584.9125,233.0798,637.3639,232.2543,598.4940,226.0463,621.8200,226.0414,620.1503,223.4594,631.2150,223.1750,599.4909,272.6535,621.2171,273.1866,608.3003,273.4015,608.1043,273.0272,605.7024,310.2143,615.9695,312.5205,608.2387,310.7183,608.6917,312.5099,594.3334,317.8820,613.2349,319.1207,593.0045,316.4753,605.9601,316.8438,591.8773,317.1763,601.2507,317.8319,615.9967,316.3385,612.8475,313.7154,,,624.9305,216.4030,,,,
73369,0,,,,,,,,,,,,,,,641.6220,214.9917,598.2425,217.9309,634.9924,232.1218,582.9180,231.9706,626.0958,235.1245,605.8797,235.3467,616.2796,275.2747,602.1292,275.6919,611.3611,311.4396,607.5444,310.0333,,,,,,,595.9409,218.1677,642.4186,214.8129,600.9840,217.8595,643.7350,215.5128,581.5180,231.1034,633.4428,231.2068,583.4592,232.2827,637.4046,232.4038,598.2621,226.1930,621.4184,225.6720,619.7891,223.4936,630.5506,223.1965,599.0003,271.6886,621.0587,272.2797,607.7459,272.4090,608.3517,272.0291,605.0517,309.9590,615.7828,311.8939,607.8454,310.4473,608.8843,311.8379,594.2568,317.7967,612.9433,318.1438,592.9037,316.4735,605.7316,315.8432,591.7450,317.1647,600.8170,316.6214,615.9573,315.9390,612.2573,313.4329,,,624.5790,217.1840,,,,
73370,0,,,,,,,,,,,,,,,641.7042,214.9939,596.9733,218.0224,634.8738,231.2718,579.6044,231.9701,625.6417,234.5737,605.4180,234.7375,616.7044,275.4667,601.5980,275.5695,611.5534,312.5129,607.0588,310.9778,,,,,,,595.3329,218.2933,642.7449,214.8189,599.1425,217.9293,643.9397,214.8968,577.3985,231.3306,633.3249,230.7099,580.4742,232.2629,637.2103,231.9340,597.8916,225.7304,620.9348,225.4129,619.5037,223.0466,630.0764,222.9713,598.6307,271.3136,621.6586,272.5330,607.0534,272.3773,608.8885,272.4072,604.7712,310.9110,615.9307,312.9909,607.4049,311.3525,608.9519,312.9813,594.1619,318.3044,612.9344,319.2364,592.7895,316.8610,605.5777,316.6965,591.4973,317.3994,600.5825,317.2623,616.0769,317.1153,611.6568,314.8992,,,624.4992,217.3777,,,,
73371,0,,,,,,,,,,,,,,,642.5475,215.4004,598.2318,217.9642,635.2538,233.5158,578.3644,230.5405,624.9416,235.5191,604.0326,235.0734,617.0358,275.8880,600.2428,275.0455,611.8135,311.9936,606.9391,310.6304,,,,,,,,,643.4833,215.2977,599.2593,217.8831,644.7473,215.6567,577.2785,230.4603,633.7596,233.4231,578.7229,230.6553,637.4456,234.0764,598.4388,225.8238,621.2446,225.2805,618.3679,223.6486,629.0892,223.6656,597.1162,271.2548,621.9846,272.5967,606.1714,272.4355,609.3474,272.4333,604.5139,310.4683,616.2356,312.4826,607.3956,311.1455,609.2356,312.4882,594.1450,317.9793,614.0452,318.5913,593.1083,316.9695,606.5475,316.8179,591.8618,317.7631,601.1470,318.3607,615.9596,316.3987,611.6409,314.0208,,,624.4394,216.6758,,,,
73372,0,,,,,,,,,,,,,,,641.8665,214.9918,599.3847,218.0029,635.6276,231.3741,600.5538,237.9081,625.7086,235.0520,604.4479,235.3642,617.5119,275.5748,598.9328,274.7949,612.0310,312.1345,605.8881,310.3818,,,,,,,,,642.7259,214.8241,600.6837,217.9714,644.4266,215.0639,599.5457,238.2328,634.0987,231.0946,600.0300,238.5119,637.6578,232.3741,598.2483,226.2131,621.2165,225.1658,617.9964,223.8487,628.9462,223.5583,595.6640,271.1179,622.5264,272.7513,604.0638,272.2655,610.0222,272.4500,603.0934,310.3436,616.5319,312.5124,606.4589,310.8414,609.3146,312.5541,593.4730,318.2417,614.4871,318.8735,592.5450,317.0552,606.7273,317.1745,591.4693,317.7634,601.6887,318.6831,616.6245,316.2285,610.4830,313.3561,,,623.5527,216.5859,,,,
73373,0,,,,,,,,,,,,,,,641.2202,215.2668,598.5511,218.1532,635.3493,232.8202,598.0461,234.9700,623.9348,235.4081,602.0315,235.2504,618.7885,276.3378,598.0229,275.2303,612.2091,313.6536,604.1528,308.9029,,,,,,,597.0265,218.2476,,,600.2921,218.1235,641.7245,215.2318,594.1254,235.9098,634.1567,232.4226,595.7474,235.5214,637.4811,233.4871,597.9590,225.6981,621.5815,225.8549,615.0161,224.3511,626.2456,224.4598,594.5853,271.0935,623.5967,272.7111,604.1539,272.6524,610.6734,273.3978,601.2879,307.3757,616.6502,315.2733,604.9371,310.1800,609.2618,313.6693,592.6807,313.4377,616.2807,325.0953,592.4779,314.3393,608.9671,321.4130,592.1875,316.2740,604.4154,322.1353,615.0976,316.7774,607.8197,311.1810,,,621.4789,217.5464,,,,
73375,0,,,,,,,,,,,,,,,640.4448,215.9384,594.6336,217.8788,635.2363,234.0655,592.4832,235.1863,623.6602,236.1290,600.7806,237.0108,619.0275,278.0035,592.0021,275.9307,611.8691,312.7427,601.9845,310.1480,,,,,,,594.9951,217.9350,642.4246,215.0563,598.4278,217.7404,640.1494,215.7973,590.1618,235.3666,634.3829,233.4412,591.0360,235.2794,636.9550,234.4941,596.7832,227.9227,621.9385,227.3799,614.0838,226.0143,625.2293,225.0228,588.2037,272.6862,624.3780,274.9099,598.6852,273.3405,610.6053,274.7758,598.9476,310.2076,616.4222,313.0185,602.7809,310.4136,608.8813,312.9164,591.4266,317.8528,617.1333,319.8710,591.0617,316.6813,610.0550,317.1863,590.7257,317.4814,605.3413,317.6396,613.7388,316.8718,605.6051,312.9936,,,620.0722,219.0521,,,,
73376,0,,,,,,,,,,,,,,,641.2068,219.2955,593.3070,217.7396,634.9489,242.8265,591.5715,235.1044,624.9781,239.1845,601.4936,235.5843,619.1120,281.7559,589.2875,274.5063,611.4243,314.6892,602.0135,306.5246,,,,,,,594.1117,217.7840,643.7969,218.5647,597.6129,217.7799,644.3392,219.4726,589.2061,234.9556,634.1418,242.4910,590.3108,235.0509,636.8078,243.1119,596.9056,226.7701,622.7841,229.7378,614.0343,226.0541,625.6838,226.8445,586.2085,271.1410,624.3512,279.1411,595.3585,274.8407,610.4020,276.3035,599.1871,304.7779,616.0111,315.9940,602.4280,307.9690,608.2103,314.4824,591.2385,312.5324,616.8470,326.0410,590.3800,313.5004,610.2727,323.0383,589.4859,316.0408,605.6364,323.4449,613.2674,317.0218,606.0828,308.2034,,,619.8035,218.7127,624.0144,216.3936,,
73377,0,,,,,,,,,,,,,,,640.9374,219.1080,591.6877,214.3488,635.1683,242.7118,585.1214,225.6039,624.5484,239.4481,599.8357,235.7033,619.3986,281.7912,587.8512,274.4023,610.6945,314.5675,598.2457,304.8207,,,,,,,,,645.5994,218.7247,591.3244,214.3904,640.7792,218.2865,583.6431,223.6387,634.7519,242.3098,584.1072,225.5904,636.6692,242.8599,596.5617,226.1656,623.1776,230.5378,611.8977,226.0915,623.9982,227.4406,584.5989,271.1197,624.8688,278.9572,594.0554,275.4651,610.2012,277.2373,595.5259,302.8524,615.1445,315.7833,598.7453,306.2500,607.4025,314.4504,588.0480,309.7929,616.8112,325.2628,586.6933,311.1758,610.8671,323.3658,585.6679,314.2862,606.3332,324.0342,611.9382,316.6755,602.6413,305.9085,,,617.5841,219.2390,619.0559,216.3046,,
73378,0,,,,,,,,,,,,,,,641.6895,219.1169,590.2117,214.2866,635.4846,243.2523,583.0501,222.4007,624.4848,240.2327,599.1963,236.3512,619.4259,282.4652,587.1810,274.5367,610.4288,314.9687,596.7162,305.4066,,,,,,,,,646.2755,218.7050,589.2051,214.3144,641.4341,218.0638,583.1704,222.7722,635.2051,242.8164,582.2783,222.2089,636.7964,243.5675,596.9183,227.6088,623.5737,231.5509,611.1455,226.7497,623.1154,228.4487,583.9442,271.3008,624.5110,279.6636,593.3883,275.4376,610.1970,277.9042,593.7157,303.1973,614.5133,315.9000,597.4976,306.9732,607.1435,314.9526,586.3169,310.0638,616.7069,325.2296,585.2806,311.4679,611.0529,323.3608,584.3073,315.2818,606.7567,324.0045,611.1435,316.9369,601.0860,306.1596,,,616.6632,219.8492,618.0324,216.0399,,
73379,0,,,,,,,,,,,,,,,642.8034,218.5411,,,635.0558,242.7125,583.0405,221.4351,620.2867,239.8192,596.8730,236.5485,619.2359,281.9521,585.6215,274.5537,609.0776,314.7461,592.9134,305.2164,,,,,,,,,647.8139,218.8613,639.2796,214.8686,641.8818,218.3124,582.7297,221.7786,635.1095,242.3957,582.5747,221.5784,635.6639,242.7616,594.8062,227.3273,617.7513,230.5270,614.1067,226.3125,614.7184,227.1614,582.4762,271.0120,624.1613,278.8793,591.6664,275.5444,609.7264,277.8202,590.4022,303.2054,612.7251,315.5626,593.7836,306.9611,606.4380,314.9312,581.6757,309.6385,615.9239,325.3317,581.7831,311.3133,610.0055,323.5640,581.1637,315.2341,606.7585,324.0313,609.0673,316.5932,597.0301,305.5553,,,614.4083,219.4277,,,,
73380,0,,,,,,,,,,,,,,,640.5581,218.4493,,,634.8096,241.5716,583.0501,220.8950,620.3225,238.9686,596.9227,234.4793,618.9842,280.2187,583.7821,273.5059,609.1019,314.6367,588.5754,305.3705,,,,,,,,,646.0566,218.8437,,,639.2087,218.1816,582.9000,222.3243,635.2001,241.1480,582.5358,222.0781,635.2396,241.3380,594.7629,225.9833,620.2408,230.0196,612.2234,224.6911,616.6578,226.0653,580.7328,269.9348,623.6729,276.8665,590.1738,273.8680,609.5429,276.5482,585.9991,302.8548,612.9836,315.4290,589.3878,306.8173,606.5251,314.8673,577.2017,309.8161,615.7792,325.2583,576.5487,312.0288,610.1758,323.2386,575.6497,315.5366,606.7650,323.8071,608.9708,316.7465,593.3307,304.4341,,,614.5891,217.6888,,,,
73381,0,,,,,,,,,,,,,,,639.4044,218.4743,587.0071,217.7871,634.9350,234.4308,583.4097,229.4245,621.3010,239.8932,597.0200,236.6197,618.5985,281.0530,581.8601,273.4456,610.0639,314.4300,584.4432,305.2667,,,,,,,,,645.4742,218.9356,586.4986,217.6317,637.3862,218.1865,583.4536,230.2356,635.4160,234.7758,582.6762,229.2935,635.8813,235.0111,594.8385,228.3684,621.1410,231.5820,608.3826,225.6785,619.7178,226.2805,578.9245,269.4792,623.1709,278.2749,588.1822,273.9787,609.7897,276.5513,582.2225,303.0443,614.1756,315.4849,584.8945,306.6155,607.0684,314.3723,572.3524,308.6701,616.1515,324.9828,571.7319,310.9173,611.2569,322.8232,570.9845,313.6964,607.1163,323.2550,609.8335,316.6358,589.2692,305.0870,,,614.2428,218.6309,,,,
73382,0,,,,,,,,,,,,,,,640.8170,215.9259,,,633.6196,234.4293,584.6971,228.4413,620.2263,235.8703,596.1267,236.0545,617.9737,277.6874,579.3454,274.9538,609.7841,310.1211,575.0225,308.7899,,,,,,,,,,,586.4487,217.7759,637.3286,215.7152,585.1499,228.3187,634.1850,234.6196,584.1796,228.4353,633.9843,234.9391,594.6898,227.9714,620.9100,228.2821,607.1571,224.7922,618.3669,224.7340,576.5290,271.0545,622.8054,274.5859,587.6704,272.8112,609.1484,275.4870,572.0379,308.5954,613.7864,309.8286,576.1637,309.3042,607.0989,311.0518,562.3015,314.9298,616.7326,317.6652,562.9608,313.8205,611.5570,316.8169,563.0832,314.6127,607.8220,317.6501,609.0789,311.3102,577.8993,312.1445,,,613.1759,217.6469,,,,
73383,0,,,,,,,,,,,,,,,,,,,,,,,619.2111,235.1686,594.8451,235.3394,617.3491,277.9930,577.4048,274.5239,609.9683,310.9637,569.2617,308.8122,,,,,,,,,,,,,,,,,,,,,,,593.4663,227.4205,620.0349,227.6834,607.4617,224.1011,616.7904,223.6829,574.7572,270.3122,622.3428,274.7916,586.4370,272.4413,608.2644,275.3551,566.2082,308.7583,613.8479,310.8251,570.4405,309.3010,607.2823,311.4973,554.9234,314.7563,616.5459,318.4892,557.3083,313.2431,610.7274,317.9492,557.5590,313.9509,606.9864,320.1342,609.5808,312.2360,572.0365,312.5673,,,612.9524,216.6412,,,,
73384,0,,,,,,,,,,,,,,,,,640.4057,218.8655,580.7591,229.2567,619.1310,233.7516,594.0801,236.0348,619.2989,236.0256,615.6602,281.1093,575.2336,273.1353,565.6517,308.1575,565.0563,307.2258,,,,,,,,,,,637.5114,218.6059,,,618.9772,233.9470,577.4080,228.9763,619.3146,233.9787,577.0714,229.3295,620.0602,228.3223,596.3656,228.5790,615.8516,225.8946,605.8952,225.4698,573.3099,269.0652,621.7259,277.7327,583.6127,273.6983,605.7782,276.7382,562.1226,305.1629,564.3206,308.2519,566.7165,308.9790,566.6059,308.9974,617.5760,322.1056,615.1327,325.9376,549.5492,312.8737,608.8908,323.2347,549.5049,315.2730,605.6642,323.1838,568.6533,311.2357,566.9714,309.5599,,,612.4297,216.5003,,,,
73385,0,,,,,,,,,,,,,,,646.9545,218.7361,,,,,,,616.9052,238.9923,590.6369,232.7636,616.2252,280.8301,572.8078,272.6657,610.1507,315.2916,560.3861,305.3297,,,,,,,,,,,,,637.1844,218.5486,,,,,,,,,590.2319,224.8912,618.4290,231.1745,601.7943,222.9669,614.3406,225.6390,570.3184,268.1673,621.3170,277.7191,581.6874,273.7130,607.2326,277.4384,556.9456,303.1499,614.1655,316.0808,561.7997,306.7906,607.0311,315.7463,549.6282,308.4266,616.1068,325.9676,549.4771,310.8250,610.8367,324.4121,549.5263,314.3472,606.4257,325.2256,609.8667,317.5561,562.5196,306.4285,,,610.0300,217.6898,,,,
73386,0,,,,,,,,,,,,,,,,,,,601.0246,233.6232,,,590.8332,237.9208,615.8772,237.4599,571.7803,275.0781,616.7654,277.7397,555.9811,308.1846,610.1158,311.9984,,,,,,,,,,,,,,,,,,,,,599.4698,233.5511,619.0677,229.6213,595.5906,231.1237,609.1724,225.8885,599.6391,226.0802,621.1765,274.3875,569.5054,270.4624,606.4898,276.4332,581.6080,275.5087,615.0265,311.9209,549.8413,307.0414,607.0708,312.4853,558.7492,309.3894,617.6126,319.5272,616.1450,326.2211,614.7524,319.3030,608.6713,324.7319,612.3300,320.3303,605.5256,325.3102,558.6894,311.6681,607.7494,313.7880,,,606.8791,219.6425,,,,
73387,0,,,,,,,,,,,,,,,,,,,591.7637,233.5791,611.5469,222.3564,588.6511,238.7709,612.8363,238.4902,569.7274,274.9001,615.5849,277.7264,552.1992,307.8641,609.9588,313.8742,,,,,,,,,,,633.9756,217.6628,583.0164,218.9891,,,589.2533,230.7993,,,591.3265,233.4414,615.4076,231.8307,590.4108,232.0307,608.0309,226.8223,595.7421,226.9334,619.8140,274.3581,567.5141,270.6529,606.1797,276.4698,578.6022,275.0712,614.2422,313.7742,549.4235,306.6518,607.0915,314.3797,553.4588,308.9687,616.9610,321.0791,549.3663,314.4424,613.7886,320.6976,549.3263,313.9490,611.1783,321.8517,549.3127,315.4509,553.1197,310.6278,607.8663,316.4113,,,603.6454,219.7299,608.1496,215.5482,,
73388,0,,,,,,,,,,,,,,,,,636.6275,219.0104,,,,,606.9568,240.1178,587.2525,236.7915,613.8075,281.3340,565.9970,272.3705,609.4632,315.3859,549.9412,307.0300,,,,,,,,,,,634.4624,217.5636,,,,,,,,,,,590.7367,229.7052,610.6759,233.3476,598.8933,225.8959,602.4582,227.4294,563.2953,268.7108,618.1813,278.0981,574.6777,273.9295,606.0192,278.7382,549.8376,305.2737,613.1637,315.8627,549.9077,308.3732,607.0739,315.9301,618.1502,322.2190,616.8081,325.8403,549.9347,315.7872,610.8895,324.4259,550.0267,319.1630,607.2369,325.3105,609.9276,317.6444,549.9802,308.3311,,,602.1820,219.5599,603.7668,215.3692,,
73389,0,,,,,,,,,,,,,,,,,629.1767,218.3138,,,611.2530,231.2713,587.5472,236.1572,610.1483,237.1671,563.1830,274.4437,613.3162,277.2881,549.0438,307.7247,609.7941,315.2907,,,,,,,632.7120,217.5089,,,628.6320,218.0663,,,,,,,,,,,610.2899,230.0335,585.1119,229.9248,607.0873,225.2965,595.1574,224.0463,617.1275,273.5664,560.8546,270.3570,603.4608,275.9138,573.2740,273.8190,614.6476,315.3959,549.0240,307.5000,606.7490,315.7710,549.0551,308.6665,617.0181,323.3898,616.9910,326.0617,613.7326,323.0439,609.2262,323.8211,611.0843,323.7923,606.2107,324.5570,549.0330,310.2066,607.8668,317.8822,,,600.5240,218.3204,,,,
73390,0,,,,,,,,,,,,,,,575.6713,217.2245,631.2171,219.3772,584.1754,234.0317,632.3142,241.4073,583.6813,236.1020,608.7490,236.3304,562.4184,273.7713,612.2197,276.2460,609.2546,315.8572,609.7894,315.3928,,,,,,,633.6562,218.7189,,,629.7485,219.0022,573.4774,216.8580,633.2001,240.3330,583.8557,226.6770,632.2250,241.6297,582.0002,227.2177,610.1764,228.5080,584.8486,229.4814,604.7285,224.7784,591.7347,224.1666,616.1644,272.3742,560.1762,270.0409,603.2640,275.5628,571.7157,273.8929,614.2142,315.4494,612.1914,316.1577,606.8853,315.5929,549.6738,310.3119,617.0155,323.8914,617.1253,325.2773,614.0534,322.9143,609.1282,323.3326,611.8440,323.7071,605.9417,323.9565,610.8865,318.8752,607.7239,318.1282,,,598.9123,217.9864,,,,
73391,0,,,,,,,,,,,,,,,630.8200,218.8964,629.1487,220.2224,633.6036,241.9656,631.9950,242.1474,581.4183,236.6189,605.6016,236.8129,610.9917,280.7610,558.1083,271.7079,609.2880,315.6976,609.5871,314.4147,,,,,,,632.4648,219.6216,634.7222,219.3484,628.1493,219.8282,628.3501,218.5470,633.0560,241.4419,634.4466,234.7814,632.5445,242.8892,633.8696,234.8710,605.8925,229.4008,580.4251,230.5638,603.5443,225.3707,592.1612,224.8439,614.8183,272.5964,615.3704,277.6189,600.6284,276.0946,569.1360,274.3317,614.4367,314.4767,612.2926,315.7371,606.4269,314.7959,607.2681,316.5347,617.1389,323.2591,616.7059,324.7235,613.8466,322.1363,609.0875,323.1053,611.2611,322.8412,606.1977,323.6841,611.0399,318.9993,608.1922,316.8235,,,597.7851,218.6918,,,,
73392,0,,,,,,,,,,,,,,,628.9805,218.8478,627.2331,220.7658,632.9272,242.5331,631.7184,242.0856,577.6034,237.8276,602.4298,237.9062,557.8963,275.1720,608.3231,276.6847,608.9602,315.4555,609.6303,314.6477,,,,,,,,,633.7806,219.6279,625.9826,220.1083,624.7472,219.0159,632.7572,241.1908,633.9236,242.1867,631.8330,242.6565,632.6026,242.6648,603.4248,230.1500,577.6904,230.5992,600.0582,226.1341,587.5321,225.2289,612.7644,273.0091,555.5873,270.9742,599.5059,276.4105,566.4310,275.5529,613.9208,314.6304,611.9405,315.8380,606.7069,315.2665,606.3494,316.1874,617.0665,323.0121,617.5486,325.0468,613.2985,322.0950,609.0177,324.1295,610.5920,323.0693,606.0819,325.2455,611.9754,319.2346,608.2549,317.0268,,,594.2882,218.8569,,,,
73393,0,,,,,,,,,,,,,,,624.3146,223.6446,,,632.7952,244.3179,630.9937,236.4619,592.7376,240.6003,573.9746,237.6370,607.2965,282.0018,606.8773,276.8951,608.6664,315.6495,609.5135,313.5658,,,,,,,,,632.1540,220.7954,622.8565,220.9734,622.7653,223.4324,631.9421,236.3312,634.3993,243.6082,631.4854,236.6019,632.9382,244.5021,601.3736,231.7316,573.6510,231.8229,587.4594,226.1987,588.5459,227.0105,612.0706,273.4552,551.4738,271.7800,598.2547,277.3865,565.2179,276.7990,614.5614,313.5720,611.4647,315.2223,606.3584,314.0424,606.9327,316.9358,617.6421,322.3748,617.1672,325.0908,614.3730,322.0581,610.2582,324.7108,611.5829,323.1608,607.2363,326.3822,609.7904,318.7509,608.3719,315.3137,,,589.9722,220.3310,,,,
73394,0,,,,,,,,,,,,,,,619.8741,221.3548,,,631.0935,243.2413,630.4447,234.5910,594.8464,240.8381,572.2175,237.2753,605.8436,281.6731,604.8314,277.0584,608.5009,315.1136,609.7188,313.9346,,,,,,,,,627.7252,219.5517,619.3042,220.7197,617.5500,221.9342,631.6490,234.4626,633.4708,242.6047,630.7431,234.5829,631.5104,243.3513,573.3327,230.1084,572.1518,231.9693,586.1164,225.5754,587.9012,226.4529,609.7684,273.6954,549.2073,271.1057,595.4048,277.0662,563.7754,276.1900,614.8188,313.7603,611.2950,314.7312,606.3409,314.4630,606.1577,316.4445,617.8789,322.7433,616.4412,324.6032,613.3185,322.4454,609.3106,324.1470,609.9493,323.7904,606.4838,325.7622,610.1285,318.1758,610.0222,315.6458,,,588.0837,220.2740,,,,
73395,0,,,,,,,,,,,,,,,615.0180,219.8540,615.7654,220.3726,571.4918,235.2985,626.1582,244.1128,568.0676,239.0126,591.0637,238.3418,551.8572,275.0878,601.4607,277.4825,606.5244,314.6498,607.3546,313.6070,,,,,,,619.7902,219.7842,623.7534,218.9987,613.6970,219.6150,612.4298,219.3896,628.3883,242.0647,571.4044,234.7505,626.5599,244.3332,570.0571,235.3553,595.9443,232.3717,570.4052,232.4729,586.6581,225.4622,575.1841,225.4140,605.0560,274.0576,550.2873,270.7390,592.6398,276.9848,561.2592,275.6638,611.6293,313.2825,609.7233,313.9475,605.0889,314.2330,604.3778,316.0867,616.4470,321.8703,616.9850,323.8023,612.3478,321.6559,610.1722,323.7671,610.0979,323.2655,607.1854,326.0216,607.4259,317.9506,607.0876,315.3928,,,582.8721,219.2722,583.2061,217.3958,,
73396,0,,,,,,,,,,,,,,,611.7218,221.5752,615.3403,218.6110,624.1549,242.7443,,,588.2668,238.5933,564.2721,234.9765,599.4596,278.8692,548.2541,273.9848,604.2153,313.3330,548.7160,310.4492,,,,,,,616.9455,217.8673,618.6984,219.0339,607.7034,216.8883,608.4837,221.6626,,,626.8067,241.4734,,,624.3694,242.8456,566.8180,229.1632,592.4827,232.5210,570.3250,222.2720,582.9218,224.6824,548.1633,270.7809,603.2281,275.0228,556.3666,275.0499,591.3783,278.5264,,,607.7623,312.2987,548.7267,310.9279,602.1612,314.5442,,,614.4805,321.5677,,,611.7036,322.1463,,,609.4394,324.7593,602.0172,315.3212,548.7111,310.3737,,,579.5304,218.9804,,,,
73397,0,,,,,,,,,,,,,,,608.7727,220.9163,614.7191,216.8999,623.1652,241.1290,,,585.9000,238.4788,562.0272,235.0134,596.3991,278.7093,548.3893,274.1055,600.7346,312.8170,548.7781,310.2801,,,,,,,,,615.2571,217.5477,603.6540,216.7495,606.0141,221.2421,,,625.7403,239.6614,,,623.0530,241.4568,565.4268,228.9671,590.5882,232.7467,568.6133,222.6522,581.0654,224.4145,548.2773,271.0109,600.0492,274.7977,554.1670,274.9404,588.6375,278.3117,,,603.8232,311.8373,548.7725,310.5998,599.1204,313.9950,,,611.7736,320.5700,,,610.6244,321.3946,,,609.5812,324.1352,596.5042,314.8149,548.8257,309.9020,,,577.8486,218.4241,,,,
73398,0,,,,,,,,,,,,,,,607.4246,219.1694,,,623.6041,236.8591,,,584.4088,236.9588,559.5165,233.6106,593.8658,277.4831,548.9068,272.3091,597.3417,312.1463,549.4608,309.0481,,,,,,,,,613.5375,217.5495,599.9225,216.5208,604.1679,221.1290,,,626.1215,235.2237,,,623.3059,237.4437,562.8289,226.0605,589.6250,231.1010,566.4369,222.1342,577.5584,223.9591,548.8891,269.2633,597.3620,273.4701,552.9582,274.0784,586.2783,276.9903,,,599.5880,311.5216,549.4593,309.3070,596.3467,313.2740,,,608.8036,320.1481,,,609.4981,320.6035,549.3223,319.2420,609.9384,323.3310,592.2461,314.5693,549.3800,308.0872,,,574.1656,217.8042,,,,
73399,0,,,,,,,,,,,,,,,605.5793,217.7478,,,625.0042,231.9617,,,580.6719,237.9472,557.9107,234.7011,591.8687,276.4221,547.3053,272.6195,594.3098,312.1117,547.7020,307.2438,,,,,,,,,611.4184,216.2554,,,601.9036,219.5459,,,627.4623,229.7873,,,624.6704,233.0824,562.4561,228.7633,587.8213,231.8322,560.3940,222.3469,572.2424,223.4981,547.2921,268.7843,595.3145,272.4439,553.3245,273.3579,585.1674,276.3724,547.7560,305.8437,596.6527,311.0541,547.6716,308.1014,593.5063,313.5341,,,606.7406,319.6437,547.6767,316.0118,607.6129,320.5116,547.6302,317.6185,607.9893,323.1435,589.0678,314.9681,547.7754,306.4919,,,568.6058,216.8392,,,,
73400,0,,,,,,,,,,,,,,,603.1921,215.9852,617.1498,216.1856,625.4588,223.8588,609.2921,218.6983,578.2121,233.7420,554.9355,232.9190,588.8789,274.0433,547.6996,275.9839,589.3180,311.9494,547.9976,310.1187,,,,,,,617.4374,216.5694,,,617.9354,217.2823,599.4201,216.8450,613.3134,217.7932,626.4927,223.1106,608.4491,220.5082,625.3495,224.6161,557.6481,228.1166,585.2650,226.7909,557.6492,219.0599,570.2972,218.6458,547.7187,272.4640,592.8807,269.6508,547.9992,276.0182,581.8107,274.4677,,,592.9095,310.7704,548.0354,310.4513,587.8727,313.1312,,,601.9550,319.9519,,,602.0251,320.5563,547.6400,321.1940,601.5272,323.2604,584.6994,314.8394,548.0714,309.7749,,,567.1374,213.9628,,,,
73401,0,,,,,,,,,,,,,,,,,,,624.5842,216.2908,626.5384,217.8008,578.6999,235.7314,554.6303,233.2967,585.9037,276.0369,546.2164,275.3131,587.3042,312.0726,546.4950,309.9284,,,,,,,,,,,598.0060,216.6235,598.6235,215.3668,626.8079,217.7650,624.3276,216.2628,625.9679,217.7136,624.3358,216.2648,555.3880,225.7750,583.3343,227.3722,558.6294,220.6648,571.2796,220.1591,546.1429,271.7148,590.4588,272.6652,550.1329,275.5319,578.2424,275.3712,,,590.9298,311.4686,546.5605,309.9419,585.5965,313.3102,,,599.8810,320.5129,,,599.1265,320.9660,546.4539,320.8244,598.2681,323.8520,582.8945,314.9714,546.5457,309.4639,,,566.5387,216.0384,,,,
73402,0,,,,,,,,,,,,,,,604.9712,215.1762,,,,,,,576.9414,235.9346,552.0539,234.3573,584.7152,276.7208,547.1976,275.1943,585.5211,311.5817,547.5737,308.7333,,,,,,,,,607.4301,215.2984,597.8255,215.6837,603.0795,217.7378,,,,,,,,,552.2569,227.0696,581.0134,227.1043,556.0684,222.8039,568.7193,223.5828,547.1451,271.9270,589.1468,273.4096,551.1155,275.3824,577.0362,276.2397,,,588.9427,310.9617,547.5981,309.2252,583.7425,312.6275,,,598.0700,319.8806,,,596.3732,320.0427,547.5525,318.0935,594.9541,322.5523,581.3124,313.7927,547.7420,305.8174,,,564.4684,216.4866,564.2490,212.5148,,
73403,0,,,,,,,,,,,,,,,609.9225,213.9126,,,,,,,576.3490,234.9802,551.9761,233.4333,580.8662,275.3293,545.5718,273.2261,583.1010,311.5059,545.8648,305.1296,,,,,,,,,612.1124,214.0434,615.4939,213.8161,608.3417,213.8780,,,,,,,,,549.6619,224.6090,581.5084,224.9812,558.2257,221.9007,569.1362,222.1019,545.4472,269.4626,585.5736,271.8505,553.9511,272.6458,572.2756,273.5495,,,586.6533,311.1059,545.9408,306.7636,581.4546,312.3694,,,594.7370,319.8369,,,591.9758,319.8074,545.8174,316.5962,590.0803,322.2627,580.4816,314.2887,545.9341,304.2315,,,564.7737,214.9255,563.6728,212.7595,,
73404,0,,,,,,,,,,,,,,,,,,,,,,,575.9636,234.9997,552.5808,234.4426,580.9970,275.9659,548.7214,275.3382,580.4379,312.1404,,,,,,,,,,,,,,,619.4855,214.2258,,,,,,,,,552.0664,226.4139,579.4153,225.5047,556.8199,223.2856,568.4382,223.7961,590.4627,271.9565,585.2460,272.2653,551.3037,274.5868,572.8338,274.4372,,,583.5830,311.8107,,,578.8408,312.9039,,,591.1893,320.0154,,,589.2769,319.5606,,,587.5706,321.3486,577.5932,314.7314,,,,,563.2848,214.9558,,,,
73405,0,,,,,,,,,,,,,,,,,,,,,,,575.6351,235.5406,552.4663,234.1401,580.0805,276.4098,548.6641,275.2754,578.6211,311.7073,,,,,,,,,,,,,,,,,,,,,,,,,552.4772,226.4370,579.5659,226.1455,556.2508,223.3758,568.5245,224.0241,548.7604,272.6928,584.4461,272.8967,550.9427,274.7518,571.9594,275.0230,,,582.0335,311.3247,,,576.8165,312.5454,,,589.7231,319.7858,,,588.1403,319.6993,,,586.6849,321.7355,575.5853,314.0953,,,,,563.7566,216.4688,,,,
73406,0,,,,,,,,,,,,,,,,,,,,,,,575.7426,234.9553,551.4941,234.1147,579.4384,275.6764,542.6022,272.6364,579.4400,311.9376,542.8636,308.9713,,,,,,,,,,,,,,,,,,,,,,,550.5716,225.3515,581.2856,225.6362,559.2303,222.9158,568.3120,223.6550,542.4511,269.7837,583.9679,272.2138,554.0165,272.1511,569.7353,273.6652,542.8977,308.1119,582.9166,311.0773,542.8849,309.8202,577.5135,312.6386,542.6826,314.5594,590.6089,319.5191,542.7402,316.0719,587.7388,319.1274,542.6401,318.0032,585.5737,321.1627,575.6935,314.0510,542.9918,309.9453,,,563.3304,215.9620,561.6153,212.1294,,
73407,0,,,,,,,,,,,,,,,,,,,,,,,555.4131,234.7858,571.7020,234.3129,579.8451,275.9617,543.7993,271.9696,578.3555,310.7847,540.1050,307.4781,,,,,,,,,,,,,,,,,,,,,,,575.7603,225.3814,557.8118,226.3353,564.8332,223.4387,558.9268,223.7381,539.3929,268.8789,584.3754,272.0390,557.1168,272.0305,569.8271,274.0557,535.1339,306.1724,581.4914,310.7000,542.8641,308.2113,576.7139,311.6125,532.1278,314.2028,589.4525,319.2032,532.2373,314.7200,586.7931,319.0698,532.2656,317.1788,585.2254,321.3531,575.3440,313.6074,541.6163,309.3885,,,563.7927,216.3508,,,,
73408,0,,,,,,,,,,,,,,,,,,,,,,,553.0208,234.4475,569.7863,233.9726,580.1325,275.3402,579.1428,274.2750,579.0976,310.1962,541.3039,308.0669,,,,,,,,,,,,,,,,,,,,,,,575.6162,226.3882,554.8072,226.0008,563.0814,223.1462,555.8649,223.2736,538.3331,268.3724,540.9175,268.3672,563.2907,272.2371,570.0856,273.9897,537.2893,306.9265,581.9753,309.8488,543.6032,308.8004,577.5722,311.3092,529.2727,314.2308,589.1631,318.5561,533.7180,315.6680,587.5017,318.7352,536.7532,318.2741,586.7861,321.3021,575.2833,312.8101,542.3603,309.5121,,,561.4479,215.3733,561.6829,212.3983,,
73409,0,,,,,,,,,,,,,,,,,,,,,,,573.5670,235.8470,553.3668,235.9454,578.9477,275.4653,545.1964,272.5848,577.6864,311.0519,537.8005,307.2737,,,,,,,,,,,,,,,,,,,,,,,551.7026,227.4151,573.7155,227.5324,560.5397,224.3288,560.1164,224.6605,540.4967,269.7162,583.5743,271.6843,554.7917,272.3129,570.4393,273.9346,533.7095,305.8842,580.9432,310.5115,540.8341,308.1500,576.1644,311.8573,533.6858,314.4362,588.7956,318.8933,533.6078,316.0124,587.2953,318.7724,533.6282,318.8137,585.9633,320.7629,574.9142,314.1403,539.5706,307.9942,,,562.0299,216.5696,565.0959,212.2653,,
73410,0,,,,,,,,,,,,,,,,,,,,,,,574.3158,235.7586,551.4560,235.6345,579.0636,275.1786,544.0717,273.8114,577.6796,310.9792,537.1495,309.5972,,,,,,,,,,,,,,,,,,,,,,,551.6968,227.2493,576.5575,228.2116,556.7327,224.0684,568.9756,224.6680,539.8523,270.9838,583.5428,271.3081,553.1592,273.7076,570.2034,274.2110,534.9984,308.5246,581.2739,310.4849,538.2898,310.3719,576.0140,311.7793,534.9952,316.7392,589.1754,319.1249,535.0723,318.0434,587.6999,318.9422,534.9639,320.9425,586.3508,321.1281,574.8728,313.9433,537.5078,310.2635,,,563.6590,216.6741,566.2240,212.7350,,
73411,0,,,,,,,,,,,,,,,,,,,,,,,573.2244,234.0480,557.7600,232.9360,578.3696,274.7820,545.1045,272.5643,577.4180,309.7373,537.0852,308.0892,,,,,,,,,,,,,,,,,,,,,,,576.2159,223.0725,556.4783,224.5360,563.0458,220.8219,557.0363,220.6762,539.1088,269.7147,582.5500,270.7170,558.1437,271.9026,569.1008,273.2456,534.6476,307.1336,580.0516,309.6939,538.6688,308.7773,575.9222,310.7216,590.1371,320.4634,588.0794,318.6432,534.3665,316.7614,585.7386,318.2631,534.4582,319.3536,584.9488,320.5755,574.8041,313.0564,538.1837,309.1834,,,561.3943,214.8556,,,,
73412,0,,,,,,,,,,,,,,,,,,,,,,,573.8993,233.2768,554.4728,232.7068,578.2781,273.8218,544.6726,272.1240,577.6678,309.7160,537.7567,305.9400,,,,,,,,,,,,,,,,,,,,,,,551.5187,223.0285,574.7956,225.0831,560.8322,220.0007,569.9544,220.2961,540.3287,269.4103,582.7123,269.2333,554.0003,271.5137,569.9237,272.4030,534.1181,304.2615,580.8231,309.6666,539.9663,306.7540,576.1079,310.6313,533.9910,313.1620,588.6052,318.7202,533.9801,314.7736,587.0347,318.4298,534.0531,317.4295,586.0805,320.9332,574.7228,312.9712,539.6215,306.7833,,,564.1304,213.7953,,,,
73413,0,,,,,,,,,,,,,,,,,,,,,,,574.4144,232.4734,551.7378,231.7413,577.8730,272.2953,542.7468,272.1762,578.4631,309.9795,540.6301,308.6964,,,,,,,,,,,,,,,,,,,,,,,549.0948,222.1197,575.8905,222.8690,558.7023,218.9485,571.0252,219.1445,540.0629,269.4969,582.5945,268.7812,551.3934,271.0221,569.3775,271.1556,540.5769,307.6227,582.3063,309.0484,540.6030,309.3837,576.1913,310.9215,540.3563,315.7975,590.1709,317.9926,540.4358,317.8158,587.2449,318.2957,540.2419,320.3900,585.0652,321.0015,575.2585,312.8213,540.6540,309.3246,,,564.3926,213.0763,563.1052,207.8024,,
73414,0,,,,,,,,,,,,,,,,,,,,,,,574.7878,231.7862,550.8920,231.0147,577.5202,272.3820,544.6927,272.8321,577.6921,310.0512,544.9295,310.1603,,,,,,,,,,,,,,,,,,,,,,,549.9553,222.0715,578.0337,221.8094,557.0738,218.5998,569.8352,219.3710,544.5826,270.4537,582.7161,269.1738,550.7230,271.9659,568.8422,271.0723,544.9758,309.4874,581.6559,309.3427,544.9847,310.5295,575.9337,310.9401,,,589.7885,318.7335,544.9526,319.1588,588.0970,318.8242,545.0273,320.3518,586.4247,321.2307,574.6484,312.9990,544.9556,311.0215,,,564.3840,212.7354,565.1678,206.8055,,
73415,0,,,,,,,,,,,,,,,,,,,,,,,574.5225,230.9234,550.2440,230.7780,577.4414,271.6605,545.1546,273.7770,577.7977,310.1297,545.3846,309.6469,,,,,,,,,,,,,,,,,,,,,,,549.0020,221.3052,577.5631,220.1425,557.1612,218.3161,569.9091,218.3110,545.1796,271.3677,582.7741,268.5252,550.2438,272.8580,568.8596,270.5976,,,581.9289,309.5391,545.4264,310.1393,576.0028,310.9845,,,589.8827,318.8254,,,587.8482,318.9424,545.2916,320.1820,585.9565,321.3802,574.8702,312.8267,545.4632,310.3980,,,563.9660,212.3383,564.6220,206.9706,,
73416,0,,,,,,,,,,,,,,,,,,,,,,,574.7792,232.0946,550.1099,231.8904,577.7484,272.7736,544.9842,274.3987,577.9092,310.5004,545.2637,310.2425,,,,,,,,,,,,,,,,,,,,,,,548.9577,222.7619,577.6052,221.7635,557.1218,218.7976,570.0124,218.8342,544.9945,271.7931,583.1149,269.5608,550.1729,273.4968,568.9249,271.5722,,,582.0399,309.9221,545.3415,310.6454,576.0761,311.3989,,,590.2271,318.9774,,,588.2912,319.1574,545.0294,320.9608,586.4524,321.5897,574.6781,313.1434,545.3430,311.0158,,,563.8743,211.8248,564.9775,206.5358,,
73417,0,,,,,,,,,,,,,,,,,,,,,,,575.0566,232.7658,550.0023,232.2477,578.0036,273.3274,545.0785,274.5143,577.9704,310.5665,545.3110,310.3203,,,,,,,,,,,,,,,,,,,,,,,549.8501,223.3918,578.4054,222.8843,556.3672,219.7351,569.5178,220.2049,544.9738,271.7846,583.1837,270.0529,549.7013,273.9809,569.3498,272.2831,,,581.9854,309.9334,545.2327,310.6766,576.2201,311.4758,,,590.1459,318.9492,,,588.3014,319.0796,545.0136,320.2210,586.5074,321.4080,574.7950,313.1970,545.3605,311.1392,,,563.6410,212.5209,564.5957,206.7776,,
73418,0,,,,,,,,,,,,,,,,,,,,,,,575.4572,233.9774,552.1110,233.1939,578.1372,273.8224,543.3330,272.9415,577.9887,310.7785,541.0522,309.7290,,,,,,,,,,,,,,,,,,,,,,,552.2152,224.9078,580.2689,224.5930,555.4037,221.4133,568.2845,221.9915,540.4755,270.0700,582.6996,270.4120,552.3306,272.4749,569.7754,272.5938,541.0617,308.6644,581.6008,309.9696,541.0339,310.3707,575.9312,311.6511,540.8238,316.4389,590.4579,318.8611,540.9819,317.9779,587.7147,318.8086,540.8521,320.3255,585.5789,320.9648,574.1578,313.4826,541.1014,310.4532,,,562.7587,213.1073,561.5797,207.7554,,
73419,0,,,,,,,,,,,,,,,,,,,,,,,575.4755,235.0311,551.8292,234.3696,578.4865,274.4551,544.6203,272.6958,577.7671,310.2585,540.3540,306.1719,,,,,,,,,,,,,,,,,,,,,,,552.9461,225.3854,580.3026,226.4602,556.4811,222.4092,568.6120,222.9231,539.7954,269.9558,583.2666,271.0007,553.8944,272.3082,569.8437,273.2874,534.7467,304.5042,581.6623,309.9480,542.7020,307.2622,576.1877,311.2473,530.0782,312.8318,589.4407,318.7724,530.0651,314.1588,587.7927,318.8784,534.3024,316.5184,586.0346,321.3471,575.1333,312.9941,541.8214,307.4461,,,563.6229,213.8593,562.7215,207.5741,,
73420,0,,,,,,,,,,,,,,,,,,,,,,,575.7542,235.4694,551.8313,235.1888,578.9666,274.3384,545.1771,272.0850,578.3090,310.1084,539.9366,306.4568,,,,,,,,,,,,,,,,,,,,,,,552.6560,227.8775,580.3683,228.2912,556.1399,223.7797,568.1502,223.8009,540.5607,269.3755,583.6718,270.9739,554.5275,272.4663,570.4618,273.5250,534.7161,305.0406,581.8017,309.9787,542.6613,307.4627,576.9004,311.0417,531.4059,313.7296,589.7863,318.9710,531.4301,314.7677,588.2395,318.9984,534.7631,317.4784,586.5161,321.4281,575.5216,313.1540,541.2136,307.8902,,,563.6968,214.5891,563.8518,208.5695,,
73421,0,,,,,,,,,,,,,,,,,,,,,,,575.3923,236.5052,552.1902,235.9552,579.2735,274.7463,545.3522,273.4597,578.1294,310.2349,537.6550,307.4228,,,,,,,,,,,,,,,,,,,,,,,553.7358,228.3860,579.0074,228.0770,556.8256,223.6938,567.9356,223.8412,541.2913,270.3185,583.4732,271.0498,554.8070,272.8983,570.9709,273.8909,534.7646,306.0601,581.6596,309.8831,539.6498,308.1689,576.4929,311.2484,534.6194,314.4040,589.5281,318.4992,534.5961,315.8526,587.8896,318.4087,534.5716,318.2711,586.4284,320.6066,575.2816,313.1892,537.8103,308.5838,,,564.3464,216.6391,566.0662,212.0933,,
73422,0,,,,,,,,,,,,,,,,,,,,,,,575.9977,236.7833,553.0510,235.6125,579.6189,274.7360,545.3293,273.4380,577.9013,310.2685,536.2409,307.9593,,,,,,,,,,,,,,,,,,,,,,,555.1905,226.7227,580.6637,228.5732,558.3267,224.2230,569.1613,224.9889,541.0703,270.1030,583.4231,270.9185,555.1602,272.9649,571.7022,273.7746,536.2306,306.6624,581.1751,309.9212,536.3092,308.8306,576.4743,311.2090,536.2014,314.4443,589.2581,318.7517,536.2456,316.7306,588.3764,318.7340,536.4150,319.5833,587.6699,320.9949,574.6685,312.9917,536.4008,308.8812,,,567.0348,218.4655,567.7540,214.1436,,
73423,0,,,,,,,,,,,,,,,,,,,,,,,575.5823,237.1154,553.7791,236.4593,579.4150,274.1830,545.0351,273.3149,577.8624,310.2984,537.6128,308.1587,,,,,,,,,,,,,,,,,,,,,,,554.6179,228.6265,578.7748,228.8110,561.3021,224.7876,568.5090,224.9322,540.6811,270.4494,583.2114,270.4953,556.1307,272.9194,571.5793,273.1560,537.6276,307.0077,580.7220,309.9138,537.6202,308.9745,576.4097,311.2942,537.4622,315.2039,589.4024,318.9661,537.6860,317.6307,588.0299,318.5604,537.4355,320.6533,587.5626,320.7124,574.6307,312.8953,537.6886,308.4037,,,568.1774,218.2427,568.9513,213.9966,,
73424,0,,,,,,,,,,,,,,,,,,,,,,,578.2734,234.6161,554.9510,233.9552,579.7742,273.6008,545.6226,273.0549,578.4595,310.0468,538.1955,307.7678,,,,,,,,,,,,,,,,,,,,,,,556.6904,224.7341,582.6501,226.6604,560.5305,221.7649,571.6600,222.8589,541.7033,269.8275,583.9818,269.4904,555.1951,272.3978,571.7239,272.6455,538.1693,306.5707,581.9503,309.6659,538.2753,308.6649,576.7399,311.0278,538.0805,315.5617,589.9562,318.8418,538.1874,317.1789,588.1177,318.6710,538.0311,320.0489,587.0202,321.0935,575.6763,312.6712,538.2727,308.3356,,,569.3332,217.3173,,,,
73425,0,,,,,,,,,,,,,,,,,,,,,,,578.6089,233.5058,555.2836,231.2278,580.1772,273.2656,545.4518,272.4456,578.6152,310.2283,538.6413,306.5745,,,,,,,,,,,,,,,,,,,,,,,557.7326,224.5083,583.8525,226.5563,560.3634,220.8978,572.0843,221.9345,541.3522,269.4931,584.3296,269.3775,554.7962,272.4723,572.6308,272.5263,538.6054,305.3127,582.2398,309.7753,538.6825,307.5663,576.9300,311.2275,538.4427,314.6290,589.7982,318.8981,538.4598,316.4637,588.0402,318.9894,538.6166,318.7916,586.7187,321.6479,575.6263,313.0545,538.8480,307.1196,,,569.4639,216.3822,,,,
73426,0,,,,,,,,,,,,,,,,,,,,,,,578.2519,234.7932,554.8402,232.6338,579.8883,274.5002,544.0254,272.4033,578.6296,310.7000,539.7046,307.8728,,,,,,,,,,,,,,,,,,,,,,,557.4176,224.9745,584.1970,227.9414,560.1078,221.2258,572.3591,222.1251,541.4366,269.5379,584.3054,271.2836,554.0009,272.1572,572.5011,273.6988,539.6884,306.5618,582.2314,309.9283,539.7378,308.8725,577.0305,311.6593,539.5708,315.3026,590.2719,318.8493,539.6350,316.9520,588.2593,318.7410,539.8671,319.1081,586.9831,321.2621,575.4018,313.0984,539.8483,308.5360,,,568.9378,216.7517,,,,
73427,0,,,,,,,,,,,,,,,,,,,,,,,578.4482,236.3942,554.7823,235.4592,579.9241,274.6558,543.5014,272.7568,578.5220,310.8484,538.0660,306.7920,,,,,,,,,,,,,,,,,,,,,,,556.7423,228.3620,583.7085,228.7644,559.8410,223.7157,571.9610,224.6501,540.3901,269.7808,584.4335,271.5646,553.3238,272.6837,572.5816,273.3496,538.1455,305.5060,582.1838,310.0838,538.0846,307.5722,576.9528,311.7249,537.9739,313.4413,590.0395,319.3130,538.0186,315.1728,588.2142,319.1711,538.0888,317.6759,586.9842,321.5039,575.5509,312.6515,538.1635,307.2136,,,568.2120,216.8301,569.1421,211.6817,,
73428,0,,,,,,,,,,,,,,,,,,,,,,,577.2508,235.4236,553.9619,234.1247,579.5558,273.1758,543.4725,272.0045,578.3316,310.7748,537.0900,305.3672,,,,,,,,,,,,,,,,,,,,,,,556.8434,226.5904,583.6441,227.7602,558.4098,221.5990,570.4322,222.8305,540.0064,268.8176,583.4899,269.7974,552.3991,272.5302,572.2376,272.8297,537.1326,303.9697,581.6740,310.1402,537.0752,306.3161,576.8664,311.6516,537.0000,311.8378,589.8248,319.2978,536.9056,314.5576,588.5531,319.2378,536.9532,317.3342,587.7517,321.6175,575.0694,312.8585,537.1695,305.1926,,,566.7625,215.4837,566.4440,209.9689,,
73429,0,,,,,,,,,,,,,,,,,,,,,,,573.7572,235.8162,552.9307,235.1212,578.9410,274.0702,540.7461,272.5445,578.8467,310.2063,539.2722,307.4454,,,,,,,,,,,,,,,,,,,,,,,554.7648,229.0319,581.2763,226.3601,561.5182,223.1987,568.9005,223.1666,538.6086,269.0109,583.2764,270.7623,550.0400,272.9436,571.7185,273.7465,539.3292,306.4366,581.7666,309.5781,539.3149,308.1580,577.5490,311.1930,594.3540,318.4662,589.9729,319.2133,538.9364,315.1986,587.9229,318.9471,539.0052,317.3143,586.0412,321.4801,575.3012,312.3529,539.3712,308.0424,,,568.0526,215.1318,570.0884,209.1558,,
73430,0,,,,,,,,,,,,,,,,,,,,,,,576.6995,233.9027,553.7382,233.2655,578.2165,273.1922,545.1196,271.7405,578.8827,309.7584,,,,,,,,,,,,,,,,,,,,,,,,,553.4402,224.1906,579.4665,224.7086,559.7194,220.8271,572.0142,220.5317,545.1561,268.9428,583.0078,269.6969,547.4864,273.1481,569.9875,272.8015,,,582.6800,309.4560,,,577.0736,310.7685,,,590.0012,318.8688,,,588.0841,319.1733,,,586.1550,321.7099,575.8441,312.3812,,,,,566.6602,212.9440,566.2495,207.1647,,
73431,0,,,,,,,,,,,,,,,,,,,,,,,575.6460,234.2406,552.8171,233.3873,577.8482,275.0052,,,578.3745,310.7857,,,,,,,,,,,,,,,,,,,,,,,,,553.1308,225.8392,579.5500,226.4416,558.5269,221.6909,569.7946,221.8274,,,582.3822,272.1272,546.6658,271.0450,570.2625,274.0995,,,581.8458,310.2897,,,576.6513,311.6346,,,589.6983,319.1819,,,588.3092,319.2903,,,586.9726,321.4044,575.1052,313.3746,564.3243,311.5027,,,566.0318,214.1868,565.7564,209.2098,,
73432,0,,,,,,,,,,,,,,,,,,,,,643.8755,265.4740,545.7183,231.1422,573.0411,231.4625,576.9001,274.2764,577.7023,274.2888,577.2443,310.2760,578.3362,311.3596,,,,,,,,,,,,,,,644.0436,265.4768,,,642.7522,267.5476,,,578.7999,223.2586,555.4270,224.8976,568.3973,220.2014,557.9397,219.9777,582.6824,271.3157,581.3103,271.1345,570.7952,272.3423,569.3593,272.8910,580.1543,311.9364,578.9220,309.5009,577.4992,311.4310,575.9653,311.1575,588.3615,322.2428,590.4980,319.0816,588.4585,320.7783,587.8744,319.0767,588.2847,322.4091,587.5881,320.9634,573.7053,312.8713,573.2886,312.8020,,,565.4089,213.6052,,,,
73433,0,,,,,,,,,,,,,,,,,,,,,,,573.2153,233.8132,550.0698,234.1866,575.6290,274.9048,,,578.3832,310.2920,,,,,,,,,,,,,,,,,,,,,,,,,547.8917,227.4943,575.5145,225.9340,559.7611,221.1764,571.6279,220.7251,,,580.6125,271.2552,545.5791,270.7240,567.9102,273.8492,,,582.0291,309.7372,,,576.8462,311.3178,,,590.0331,319.0056,,,588.5206,319.5630,,,587.0727,321.9993,575.2800,313.0576,,,,,566.1942,214.0526,566.2389,209.7242,,
73434,0,,,,,,,,,,,,,,,,,,,,,,,570.3088,234.2404,547.1867,234.4744,576.0368,275.0323,539.7788,273.3513,578.4442,310.1816,,,,,,,,,,,,,,,,,,,,,,,,,542.8865,226.8299,571.1717,226.2207,557.0099,221.1462,569.0867,220.7722,,,580.7497,271.3121,539.8352,273.5668,566.8505,274.1928,,,582.4409,309.5381,,,575.8462,311.2048,,,590.1108,318.9903,,,586.7801,319.3482,,,584.4070,321.8426,574.9524,312.6019,,,,,562.4261,213.4613,,,,
73435,0,,,,,,,,,,,,,,,,,,,,,,,567.8149,235.7398,543.9998,234.8500,573.8590,273.5527,530.7398,271.3442,577.2681,310.0762,530.5291,304.1267,,,,,,,,,,,,,,,,,,,,,,,545.3328,227.2656,572.7441,228.2764,550.5981,223.1856,561.1573,223.7456,530.7927,268.0825,578.0681,269.6596,540.7406,272.3532,566.4605,273.4145,530.6179,304.5033,580.3624,309.5193,530.5764,305.0334,575.8757,311.1701,,,588.0639,318.8084,,,587.4367,319.0287,530.8964,316.3734,586.5524,321.3838,573.8468,313.1181,530.7994,306.3139,,,557.3242,215.2292,556.8986,210.6803,,
73436,0,,,,,,,,,,,,,,,,,,,,,,,566.2889,237.0431,542.8469,236.9136,573.5046,274.5971,531.5443,272.8248,577.8324,310.6786,524.2775,307.6525,,,,,,,,,,,,,,,,,,,,,,,541.8434,229.8018,568.6087,229.5219,549.3485,225.5770,562.0115,225.7625,527.5348,269.5173,577.1362,270.9090,540.7386,272.5291,565.5405,274.2918,524.2398,306.6545,581.3757,309.8488,524.3733,308.3435,576.0756,311.7512,524.0302,313.5819,589.7595,318.5442,524.1613,315.0320,587.8156,318.5894,524.2772,317.0901,586.5268,320.9175,574.4988,313.4018,524.3626,308.6706,,,556.3934,217.5618,556.9420,210.5733,,
73437,0,,,,,,,,,,,,,,,,,,,,,,,563.7249,237.9095,541.0007,236.4603,572.1312,275.9685,531.4450,272.3689,575.8785,310.4133,522.1776,306.0082,,,,,,,,,,,,,,,,,,,,,,,541.7478,229.1574,567.0654,231.3077,545.6166,224.7063,557.1155,225.6429,527.0275,268.9427,575.7957,271.7655,540.5949,272.3432,564.4567,275.5425,522.1198,304.8754,579.1053,309.8194,522.1950,306.8899,574.4310,311.3987,522.0277,313.4569,588.0555,318.2983,522.2165,315.0948,587.4254,318.3134,522.2500,317.0787,586.9408,320.4897,572.2414,313.6916,522.1946,307.0534,,,553.4035,217.2988,554.4739,211.8309,,
73438,0,,,,,,,,,,,,,,,,,,,,,,,561.5662,237.1274,540.3497,235.6865,572.1179,274.9052,531.0855,272.6245,575.6231,310.3995,522.4354,306.4550,,,,,,,,,,,,,,,,,,,,,,,563.8403,228.7157,550.8332,228.1450,551.6907,223.8044,548.7701,223.7178,526.2697,269.1859,575.3224,270.9838,540.4376,272.1035,564.6065,274.6492,522.3874,305.5350,578.1457,309.6681,522.4580,307.2005,574.5767,311.5539,589.6667,319.7867,587.1724,318.1477,522.3497,314.2575,586.7039,318.2456,522.4969,316.5898,586.8505,320.4740,572.2575,313.3105,522.4175,307.8496,,,553.1896,216.4048,,,,
73439,0,,,,,,,,,,,,,,,,,,,,,,,539.7896,234.8967,560.9331,236.5460,528.4073,271.5325,571.6921,274.5509,575.0935,310.4988,576.1960,310.8256,,,,,,,,,,,,,,,,,,,,,,,566.0554,230.3073,544.4927,228.6115,555.4048,224.3470,545.1516,223.6333,574.8987,270.9489,525.6092,267.8649,561.4829,273.2119,538.1564,271.9933,579.3533,310.7690,577.5460,309.6122,522.8643,307.4423,573.9810,311.7169,587.6734,319.8215,586.5707,317.9315,586.8726,319.3553,585.4083,318.0128,586.7706,320.9232,586.0483,320.4349,571.8447,313.6348,522.9278,308.5938,,,553.5694,217.3883,,,,
73440,0,,,,,,,,,,,,,,,,,,,,,,,539.1839,235.3407,561.0080,236.7496,529.4245,271.8935,569.9778,273.7732,574.1202,310.6030,575.2662,310.2354,,,,,,,,,,,,,,,628.7409,273.6946,,,,,,,565.8899,229.7162,543.6843,227.8695,554.0164,224.8343,543.2419,224.0228,573.4287,270.4914,525.4813,268.1748,559.8443,272.3850,538.1261,272.0426,577.9779,310.1584,576.6482,309.7157,574.2954,310.2951,573.0569,311.8148,587.2111,319.0826,585.8196,318.0163,586.7088,318.7328,585.4986,318.5443,586.5594,320.5580,586.3814,320.8087,571.3330,314.0158,570.7801,312.3992,,,550.3733,216.4635,553.6055,214.4310,,
73441,0,,,,,,,,,,,,,,,,,,,,,,,561.7534,237.1307,538.8400,235.6248,569.0479,274.8818,529.6252,271.7061,574.1148,310.6239,522.5163,305.5505,,,,,,,,,,,,,,,638.0608,274.2875,,,,,,,538.0044,227.0067,564.5573,228.5855,544.6944,223.9016,555.6251,224.5977,525.2876,268.7089,573.2202,271.2733,538.5053,271.2898,560.3531,273.9773,520.3222,304.6230,577.9448,309.8204,523.2237,306.0014,572.4283,311.8107,520.2439,313.2812,586.7843,318.2763,520.4116,314.0310,585.6019,318.6381,520.4023,316.5812,584.8899,320.9362,571.3283,314.0060,523.4321,307.5090,,,551.9362,216.5419,,,,
73442,0,,,,,,,,,,,,,,,,,,,,,,,537.9986,234.2487,559.0213,235.3172,569.3775,273.7634,530.1897,271.5002,574.0784,310.0796,521.3208,305.9419,,,,,,,,,,,,,,,631.3479,273.8993,,,,,,,563.7343,227.9503,542.2348,226.9984,552.2764,223.6962,542.3589,223.1075,573.3379,269.9825,573.3445,269.8698,539.8759,271.1133,560.4183,272.8659,578.7729,310.0018,576.9312,309.2252,521.3390,306.4956,572.8757,311.2816,587.1731,318.9786,586.7217,317.7585,586.5341,318.8812,585.5453,318.2319,586.3693,320.9191,585.9508,320.6163,571.2981,313.5656,521.2914,307.8205,,,548.2822,216.3599,,,,
73443,0,,,,,,,,,,,,,,,,,,,,,,,536.9980,234.3723,557.8241,234.9580,528.7639,271.2600,569.5549,273.3584,574.1109,310.2035,521.0032,305.9310,,,,,,,,,,,,,,,635.0201,274.1165,,,,,,,564.2532,227.8782,542.3143,226.5598,551.6364,223.6148,540.8156,222.8716,573.0633,269.9118,525.0154,267.5550,559.9508,272.2172,559.9679,273.0075,578.2415,309.7573,577.1194,309.3368,520.9836,306.6227,572.7438,311.4384,587.1531,318.9773,586.9752,318.5120,586.2445,318.5278,585.7597,319.0113,586.0741,320.2310,585.8454,321.4903,571.2502,313.5443,520.9603,307.9010,,,548.2597,216.4846,,,,
73444,0,,,,,,,,,,,,,,,,,,,,,,,561.3297,236.3273,538.4317,234.9503,570.1516,274.9026,529.9442,271.1085,574.8627,309.6100,522.2278,304.9664,,,,,,,,,,,,,,,,,,,,,,,538.9775,227.2843,565.2065,228.4461,541.5731,222.9573,553.3743,223.8409,526.2241,268.5595,574.1438,271.4084,538.4483,270.7474,562.2622,274.6779,518.6078,303.8610,578.3553,309.0174,524.0945,305.6365,573.2688,310.6898,518.5717,313.1985,586.8487,317.3025,518.7015,313.3699,585.7400,317.8450,518.7886,315.2986,584.8378,320.1648,572.0308,312.6708,523.3943,306.5746,,,549.7862,217.1626,,,,
73445,0,,,,,,,,,,,,,,,,,,,,,,,561.7097,235.5005,537.8618,234.4357,569.8863,273.4664,530.9543,271.8032,575.2967,309.5786,525.0030,306.4022,,,,,,,,,,,,,,,,,,,,,,,538.6538,226.6880,564.5260,227.8675,544.0309,223.1087,555.5149,224.0661,527.9085,268.6051,573.5417,270.0026,540.0010,270.4650,561.4733,272.8376,524.9296,305.8565,578.7007,308.8332,525.0611,307.3453,573.4441,310.5061,524.8167,314.6050,587.0262,317.5950,524.9878,315.4928,585.9143,318.0187,525.0325,317.5326,585.2508,320.4592,571.6739,312.6569,525.0520,308.1462,,,549.9827,216.7727,556.7385,216.0626,,
73446,0,,,,,,,,,,,,,,,,,,,632.7316,221.3751,,,562.7506,233.8373,539.0145,231.6978,570.3119,273.8868,534.0867,272.6553,574.9951,309.8415,,,,,,,,,,,,,,,,,,,,,,,,,537.5425,224.2205,565.1773,225.5381,545.8470,220.9243,557.7111,220.6141,533.8686,269.2912,574.9042,270.4547,536.9770,271.8413,561.4204,272.7504,,,579.0777,309.4053,,,572.9866,310.9071,,,587.1403,318.0953,,,585.6463,318.5527,,,584.5641,320.8547,571.8254,312.9936,,,,,553.7188,216.0756,,,,
73447,0,,,,,,,,,,,,,,,,,,,,,,,563.8237,234.3538,562.5056,232.7568,572.5799,273.9750,568.8009,274.2881,575.8029,310.3730,575.8377,312.4534,,,,,,,,,,,,,,,,,,,,,,,565.9604,225.1400,565.4483,226.2068,556.2897,221.7247,553.8430,221.0180,573.1095,270.8487,575.4570,269.5184,557.9544,272.0563,563.7572,273.0735,579.0357,314.7293,578.0995,309.5189,574.0763,312.7027,574.7537,311.4022,585.8818,322.6736,584.5791,317.4070,585.8292,322.9141,584.9137,318.0093,585.0417,323.5156,585.1635,320.9096,571.3141,313.3177,569.8794,315.4405,,,554.3064,216.8172,,,,
73448,0,,,,,,,,,,,,,,,,,,,,,,,564.6466,233.0808,541.1916,230.9127,572.0377,273.8372,538.0428,274.4271,575.5313,309.6127,,,,,,,,,,,,,,,,,,,,,,,,,542.1335,221.8591,567.9421,225.6600,546.9746,216.3693,559.1991,219.3308,,,575.6177,270.1639,540.2045,274.1443,564.4767,273.8108,,,578.8199,309.2662,,,574.0234,310.9221,,,585.6193,317.7526,,,584.6190,318.3078,,,583.5089,320.8274,571.7900,312.4309,,,,,554.4725,215.1360,,,,
73449,0,,,,,,,,,,,,,,,,,,,,,,,564.5286,233.0935,539.6574,230.9094,572.8439,274.4091,536.3552,274.3056,575.4639,310.6746,,,,,,,,,,,,,,,,,,,,,,,,,540.6321,224.0855,567.8287,227.7690,546.6969,221.0943,559.1305,219.0436,536.0820,271.8669,576.2943,270.9489,538.7565,274.7441,565.1699,274.5228,,,578.9234,310.0599,,,573.8317,311.8524,,,586.6342,318.5745,,,584.0962,318.8721,,,582.2608,321.0589,572.2792,313.5225,,,,,554.6754,214.0934,,,,
73450,0,,,,,,,,,,,,,,,,,,,,,,,564.0938,236.3527,537.9480,233.5621,573.4450,274.2231,535.5664,274.5830,575.6882,309.6562,,,,,,,,,,,,,,,,,,,,,,,,,539.1771,225.7157,567.3097,228.2125,546.6743,222.6351,557.9198,221.0000,,,577.0904,270.8861,535.4701,275.4203,565.9036,273.6788,,,579.1109,308.8494,,,574.1449,310.8738,,,586.5348,317.5626,,,584.2492,318.2319,,,582.3726,320.5237,572.4798,312.7186,,,,,554.3647,215.7610,555.0036,210.0075,,
73451,0,,,,,,,,,,,,,,,,,599.3746,215.1908,621.6606,221.2262,624.9645,220.6882,565.9275,235.1974,539.0795,232.7152,575.1111,275.4942,536.7913,274.2350,576.1714,310.0440,538.1733,316.2800,,,,,,,,,,,595.3009,216.0784,,,625.6050,214.1539,,,624.5587,221.1093,620.9556,221.4477,539.9507,224.0550,568.8502,227.1892,548.3817,220.1881,558.1067,220.6188,,,579.0331,271.7257,537.0797,274.6110,567.7669,274.7399,,,579.5439,309.3947,538.2739,316.5972,574.7176,311.3271,,,586.5232,318.6826,,,584.4904,319.1602,,,582.4878,321.3272,572.6114,312.5388,538.1244,318.0831,,,555.9446,213.6087,556.2711,211.2517,,
73452,0,,,,,,,,,,,,,,,,,,,611.4443,215.8732,606.7631,220.4498,567.8712,234.4589,544.4651,232.9415,575.2244,273.5896,538.9862,273.3575,575.7463,309.8905,,,,,,,,,,,,,,,,,608.0971,219.3751,612.7382,214.5614,606.1938,220.3444,612.0043,218.8932,545.1522,226.1984,571.5838,227.3796,549.2122,220.8309,561.4421,221.2728,538.9407,270.0882,579.7495,269.8644,541.0934,272.8309,568.0130,272.8714,,,579.3047,309.3916,539.3800,310.9896,574.2267,310.8803,,,587.1454,318.5239,,,585.1250,318.7794,,,583.2633,320.8805,571.9088,312.1387,,,,,557.7348,216.2883,,,,
73453,0,,,,,,,,,,,,,,,,,,,607.7710,222.6203,608.1838,224.3726,570.1738,234.6979,538.4939,231.9864,574.9052,274.6473,576.1335,272.7645,574.5398,309.5212,576.4886,309.6750,,,,,,,,,,,,,,,609.0197,222.5193,610.3902,221.5452,608.1436,222.3099,608.2503,221.2494,570.7592,225.0222,576.0027,226.5881,560.8472,219.9396,558.1627,218.4755,581.8304,269.3352,580.7623,269.8676,526.2672,271.9147,566.6815,272.8488,581.6513,310.0028,577.7807,308.7821,576.2760,310.3691,573.2099,310.7958,588.3558,320.8342,584.5846,317.2643,586.6981,319.1592,583.4280,317.2591,585.8072,320.0462,582.5278,319.5957,570.5586,312.0342,569.0521,311.2262,,,560.5676,217.3887,,,,
73454,0,,,,,,,,,,,,,,,,,,,548.0229,227.2119,606.3794,227.1145,549.7363,233.2707,571.3954,233.9974,534.4406,271.8825,576.4128,274.0070,571.8697,309.1248,575.4062,310.5731,,,,,,,,,,,,,,,609.0853,226.0349,548.3461,226.1875,606.3676,226.6840,545.0149,226.7564,576.5882,226.2178,554.4330,225.4532,563.8330,221.7653,553.2528,221.7152,580.7925,270.7048,534.5377,267.4407,569.4716,271.7347,545.3016,272.2704,578.0929,310.9544,573.5089,308.4385,574.2016,310.8021,570.8272,310.0082,584.8847,320.7621,,,584.7849,319.6053,583.0050,317.4879,584.2527,320.1491,583.1520,318.9930,568.0812,311.8554,570.6069,312.4444,,,560.5573,217.5721,,,,
73455,0,,,,,,,,,,,,,,,,,,,600.3953,233.7361,526.3725,228.3980,575.1598,234.0009,551.6948,233.1360,576.7323,275.2290,537.5383,272.7856,575.7475,309.8636,526.6865,306.4089,,,,,,,,,,,,,,,526.3882,228.1151,602.4228,232.9437,526.3614,227.6035,602.4441,233.4831,553.6192,225.8838,577.2842,226.4824,561.0343,221.0236,568.2334,222.2435,534.1714,268.8769,581.6895,271.0527,547.6914,272.9076,568.0562,273.6413,526.7044,305.4197,579.3041,309.3133,526.7114,307.4257,573.8460,310.8843,588.6642,319.9551,585.7114,318.5625,526.6536,314.4823,582.5007,318.2681,526.6914,316.7551,580.4359,320.2480,572.9554,312.2655,526.7579,307.3327,,,564.4863,218.1690,,,,
73456,0,,,,,,,,,,,,,,,,,,,598.5945,234.0218,536.2924,230.1257,576.6730,233.2278,553.0759,231.7449,578.0150,274.5024,539.6198,272.4160,575.0413,309.5768,525.0194,305.5425,,,,,,,,,,,,,,,536.2248,229.7443,600.1936,233.9526,533.7015,229.4649,600.1748,233.7495,554.8575,224.4023,581.2675,225.2737,558.1545,220.6556,570.6817,222.0314,536.7069,268.5609,582.6075,270.1348,548.9800,272.3936,570.4093,273.4098,522.4671,303.9050,578.7638,309.1773,526.7245,306.8306,573.3189,310.5695,522.4419,311.8655,585.8208,318.1975,522.6734,314.4565,583.5457,318.0450,522.6402,316.6726,581.7439,320.0651,571.8604,311.9812,525.1168,306.9419,,,567.4218,218.4125,,,,
73457,0,,,,,,,,,,,,,,,,,,,595.1435,235.5373,543.2668,228.9267,578.4121,232.5241,554.8706,230.1782,578.5595,273.4643,541.2839,271.6426,574.7506,309.5793,529.8147,306.2533,,,,,,,,,,,,,,,543.3280,228.8670,596.0908,235.5950,540.7410,228.7239,,,555.5429,224.5343,581.2830,225.1547,563.5385,221.5544,572.2512,222.8735,538.2113,267.9981,582.9125,269.8474,550.0990,271.8445,571.0670,272.0413,525.6432,304.5379,577.8325,309.0779,532.0991,307.2792,573.1113,310.5485,521.9221,312.2791,585.1950,318.0447,521.8871,314.1903,582.1375,317.6823,521.8862,316.8929,580.4002,319.7016,572.0920,312.0800,532.1086,308.2009,,,569.1261,218.3966,,,,
73458,0,,,,,,,,,,,,,,,,,,,,,547.1124,226.9212,578.3654,232.0934,555.6323,229.6525,578.6294,272.7860,542.2781,273.2183,574.8168,309.8857,534.7000,305.7157,,,,,,,,,,,,,,,546.5224,226.4754,,,544.7343,226.7753,,,555.2118,223.8240,580.9237,224.7641,563.2125,221.9491,574.2405,222.6450,539.2258,269.6512,583.0410,269.3852,550.4562,273.1133,571.1846,271.6344,531.5521,304.1250,578.6255,309.3286,536.2218,306.7307,572.9002,310.7380,522.8929,311.2318,585.1942,317.9785,522.8270,313.1798,582.8611,317.7292,525.1861,316.0128,581.1431,320.0128,571.9688,311.6655,537.2928,307.3437,,,569.8604,218.8724,,,,
73459,0,,,,,,,,,,,,,,,,,,,,,547.3536,226.5826,579.5907,233.1415,556.4656,230.6727,578.6266,272.9519,544.3235,272.5427,575.1090,310.3779,539.3591,306.0911,,,,,,,,,,,,,,,546.8127,226.0761,,,545.1999,226.6193,,,555.0838,224.3927,581.2747,226.3686,564.5367,221.8338,576.1174,222.5432,541.0448,269.0816,583.0011,269.6758,552.8164,271.9789,571.2021,271.4017,535.9506,304.5245,579.0908,309.9073,541.0038,307.0195,573.1647,311.1357,526.5130,311.5047,585.3715,318.6110,528.2160,312.7279,582.2599,318.0169,529.2408,315.5075,579.9578,320.1367,572.6793,312.4595,542.3237,308.0037,,,571.3007,219.2175,,,,
73460,0,,,,,,,,,,,,,,,,,,,,,545.9120,226.3868,579.7080,231.9238,556.5636,229.5616,579.3662,272.8704,546.0169,273.6444,575.2427,310.3907,544.8309,306.9710,,,,,,,,,,,,,,,545.1583,225.7926,,,543.9951,226.1446,,,555.4664,223.6027,582.2972,224.6202,563.5852,221.2035,575.8371,221.0681,542.2601,270.4257,583.8421,269.2759,554.3778,272.5569,571.4814,271.3656,541.3048,305.6316,579.1002,309.8326,546.3827,307.8230,573.5348,311.1136,532.9586,313.7166,585.9381,318.8613,535.9172,315.1181,583.1125,318.4266,537.2929,317.0967,581.1384,320.6622,572.5659,312.6514,547.0447,308.9569,,,571.3283,219.0534,,,,
73461,0,,,,,,,,,,,,,,,,,,,,,544.7976,227.2903,580.0063,232.3330,557.9546,229.1212,579.4792,273.5512,548.8027,273.0488,575.9373,310.4684,550.5602,306.4500,,,,,,,,,,,,,,,543.6666,226.5662,,,542.9984,227.0123,,,556.7769,223.2768,582.0105,225.4909,565.3481,221.1701,577.5287,221.2552,545.2594,269.7735,584.0888,270.2615,556.3840,272.0770,571.5788,271.7470,547.0035,305.2923,579.5969,309.9968,552.0086,307.4602,573.9927,311.1079,539.7526,313.3363,585.7963,318.9649,541.9451,313.9149,583.1850,318.8472,543.4406,315.9547,581.3398,320.9660,573.3777,312.4697,553.1512,308.7419,,,573.1744,219.4895,,,,
73462,0,,,,,,,,,,,,,,,,,,,595.6605,237.9901,543.7041,228.4239,580.5836,234.3449,557.8947,231.0131,579.2325,275.2160,550.1558,273.8880,576.2043,310.0423,553.3483,305.9661,,,,,,,,,,,,,,,542.9257,227.7228,595.3267,238.6602,541.9082,228.1079,598.0465,239.0887,556.1728,223.6890,582.6345,226.5037,564.3674,220.6744,577.8879,222.5245,546.4638,270.6139,584.2209,271.7499,557.9646,272.5412,571.2839,272.5828,549.8531,304.9216,579.7232,310.0600,554.9368,307.0846,574.1848,310.6738,542.6875,313.3148,586.0372,318.6954,545.1507,313.8997,583.3707,318.8652,546.7578,315.9761,581.5113,321.1394,573.6331,312.0002,555.8107,307.7840,,,573.3194,219.3979,,,,
73463,0,,,,,,,,,,,,,,,600.8251,222.3169,,,595.6928,239.9276,541.5389,228.0172,581.2904,236.2315,557.7103,231.9723,579.8247,276.7653,552.7777,274.2301,576.9443,309.6045,557.0993,305.7629,,,,,,,,,,,,,600.0892,221.4322,540.9757,227.3652,595.9868,240.4555,540.3799,227.0949,597.6253,240.6654,556.9951,223.8946,583.4712,227.2081,566.0471,220.9573,579.2040,223.3053,548.8409,270.6807,584.9109,272.7175,560.3453,272.5678,571.7243,273.1946,553.6566,304.5800,580.6533,309.7221,558.7501,306.8099,574.9467,310.2951,546.3673,312.3175,586.6650,318.4042,548.9049,312.9336,583.2145,318.5289,550.2163,314.9886,580.9455,320.4555,574.3821,311.9794,559.7195,307.4936,,,575.1364,219.7480,,,,
73464,0,,,,,,,,,,,,,,,602.6790,221.9252,,,599.3839,236.9150,538.1918,229.7126,581.7971,235.5561,558.8793,233.6525,580.8675,276.6330,554.6352,275.2489,577.4946,310.1028,558.2185,306.5771,,,,,,,,,,,,,601.9756,221.6778,537.2366,229.3662,599.5658,236.7725,536.3377,229.1747,601.7509,237.2541,557.3671,225.4809,583.2826,227.3625,567.0751,222.6031,579.3125,224.0951,550.6270,271.4286,586.1610,272.6279,562.3292,273.7398,572.6918,273.6210,554.6556,305.4883,581.2601,310.2345,559.7729,307.6154,575.3177,310.8336,547.2456,312.3900,587.0942,318.4605,549.7768,313.3219,583.0866,318.6129,551.0548,315.8461,580.4223,320.4594,575.3149,312.4068,560.6245,308.5566,,,575.0951,219.9952,,,,
73465,0,,,,,,,,,,,,,,,,,,,604.1426,234.8164,535.2965,229.3262,582.4633,236.0763,558.9538,233.8185,581.6752,277.3813,555.6363,275.6725,577.4586,310.5649,558.4982,306.9665,,,,,,,,,,,,,,,535.0924,228.6200,604.7749,234.4860,534.1570,229.0144,607.0531,234.9984,558.2302,225.9162,584.4562,227.5096,566.8435,222.4336,579.6084,224.1885,551.5217,272.0333,586.9466,273.2814,563.6646,274.0645,573.4113,274.5910,554.8037,305.8829,581.2955,310.7281,560.0928,307.9457,575.1154,311.2202,547.2799,313.1978,587.0344,318.9162,550.0970,314.1631,583.0029,318.9264,551.5272,316.4990,580.2373,320.6042,575.2951,312.6511,560.8813,308.8307,,,575.3878,220.3720,,,,
73466,0,,,,,,,,,,,,,,,,,534.1424,218.4998,606.5253,235.2921,534.2007,230.2791,583.7222,235.3071,559.3269,233.2664,583.1513,277.8041,556.7227,275.9110,577.1339,310.7465,558.9078,307.4582,,,,,,,,,,,544.0870,218.6278,,,534.2667,229.3499,608.4401,234.8184,534.2258,229.9529,608.6981,235.5785,559.1570,225.0199,585.8747,226.7346,567.9292,221.3331,581.2708,223.6811,552.4186,272.1521,588.1473,273.7467,564.8267,274.0833,574.7111,275.0482,555.0731,306.3568,581.1808,311.0586,560.3955,308.4850,574.8743,311.3321,547.6648,313.6227,586.6797,319.4703,550.4534,314.5780,583.4758,319.5697,552.0574,316.8141,580.5178,321.3249,575.4408,312.9090,561.1916,309.2883,,,577.4541,220.5388,,,,
73467,0,,,,,,,,,,,,,,,,,,,608.4337,234.0395,538.0632,226.5088,585.0397,236.3045,561.0277,234.9782,585.5802,278.5344,557.3600,275.7999,578.3908,310.3925,558.7426,307.1559,,,,,,,,,,,545.3705,219.2555,,,538.0228,226.3198,609.1736,233.5033,538.0210,226.1044,611.2613,233.8828,558.8806,226.7585,586.0783,227.7151,570.0880,223.2392,582.3416,224.7432,553.0813,272.0264,590.3984,274.7037,565.0147,274.0065,576.9106,275.9577,555.2477,305.8179,582.8318,310.5078,560.2065,308.1971,576.2002,311.0399,547.4886,313.8587,587.4898,319.3554,549.8089,314.3991,583.6035,319.4677,550.9677,316.4664,580.8007,321.3052,577.5173,312.3641,561.8230,308.4432,,,576.6710,221.0306,,,,
73468,0,,,,,,,,,,,,,,,,,,,609.7284,234.3561,,,585.9436,236.0126,561.6750,233.9319,587.1099,278.9923,557.6516,275.6342,580.4487,310.2165,559.0331,306.6676,,,,,,,,,,,,,,,,,610.8841,233.8585,,,612.4448,234.3436,559.5903,225.5390,586.9525,227.6309,570.3713,222.7513,583.3307,224.4140,553.2687,271.8406,591.9386,275.4689,565.2671,273.8194,578.2688,276.4550,555.4852,305.3636,585.0351,310.4921,560.4920,307.7817,577.8836,310.8232,547.6010,312.8701,589.1430,319.9361,549.9179,313.6205,584.8853,319.7645,551.0644,315.6624,581.9468,321.4006,579.4849,311.8372,561.9402,308.0393,,,577.4863,221.1141,,,,
73469,0,,,,,,,,,,,,,,,,,,,611.3226,233.6902,,,586.5396,235.8586,561.9358,234.5617,588.3937,279.1145,558.1681,274.9113,583.3155,309.4982,558.9197,306.5318,,,,,,,,,,,,,,,,,612.3884,233.1357,,,613.9286,233.6165,560.8929,225.7333,587.3995,227.9314,570.7102,221.9970,583.0813,224.3581,553.8262,271.0468,593.3845,275.9558,565.6269,273.1093,579.7968,276.2774,555.3249,305.1404,587.6566,309.8111,560.4801,307.5135,580.6598,309.9625,547.4762,312.6456,591.0075,319.3966,549.8190,313.4575,586.7329,319.2664,551.0700,315.4535,582.9668,320.9773,582.2106,311.1182,561.7597,308.1739,,,577.3401,221.2869,,,,
73470,0,,,,,,,,,,,,,,,,,,,611.8748,230.2020,,,586.9038,234.8559,562.8613,234.1782,590.6757,277.9608,558.2497,275.6488,587.6761,309.7929,559.2230,307.1788,,,,,,,,,,,,,,,,,613.1805,229.7245,,,614.2258,228.6344,561.3438,226.0978,587.4883,227.6488,570.8070,223.1181,583.3370,224.4910,553.9976,272.2134,595.4409,274.7623,565.5624,273.8455,581.8260,276.1141,555.7868,305.7516,591.9250,310.0665,560.6426,307.9694,585.0983,310.2514,547.4961,313.3648,595.4786,320.0043,549.7857,314.2593,590.1010,319.4961,550.8292,316.2628,586.4115,321.1078,587.4027,311.3560,561.9979,308.7231,,,576.8831,221.6378,,,,
73472,0,,,,,,,,,,,,,,,,,,,614.8920,229.5765,,,588.8882,235.8335,565.0436,233.2664,594.5286,277.6101,559.4445,275.4754,596.2186,311.4875,559.4030,306.4047,,,,,,,,,,,,,,,,,615.8769,227.6141,,,617.0759,228.5581,562.5943,227.6218,588.6618,229.1243,572.7657,222.9888,585.7961,225.0535,555.5782,271.3705,598.5746,273.6587,566.5292,274.1991,585.3268,275.6312,555.8872,305.0963,600.5469,311.7021,560.6695,307.4778,593.6277,312.3968,546.2731,311.9527,603.9086,320.8291,548.9777,312.8091,598.6627,320.2848,550.1580,315.2815,595.1900,321.8904,596.5659,313.7505,562.5676,308.0881,,,578.6986,222.5027,,,,
73473,0,,,,,,,,,,,,,,,,,,,615.4688,226.1173,,,590.0369,232.3583,565.9774,235.4588,596.4757,276.2645,560.2287,274.0651,599.7492,310.9391,559.5216,307.8844,,,,,,,,,,,,,,,,,615.6058,225.0712,,,617.5509,224.9151,563.3242,225.6128,589.1227,225.0687,574.4842,224.1256,587.4967,223.4499,556.4770,269.6170,600.2279,272.7671,567.5699,271.7685,587.0249,274.2430,555.8070,307.6342,604.4400,310.9241,560.8762,308.7419,596.9546,311.4714,545.9069,314.2456,607.2752,318.5157,548.5541,313.5999,601.2752,318.0333,550.1659,314.9612,597.2425,319.7800,601.0363,313.0094,562.7975,310.9149,,,580.5932,222.8780,,,,
73474,0,,,,,,,,,,,,,,,,,,,616.2160,226.9252,,,590.7281,235.2540,566.4646,237.3904,597.5524,277.0004,560.1266,275.1537,601.8599,311.6096,559.6232,308.4624,,,,,,,,,,,,,,,,,616.3931,225.7273,,,618.5013,225.6368,563.7706,227.7133,589.7757,225.7988,575.0172,224.4714,588.0324,223.9892,556.1739,271.2376,601.4894,273.5815,567.2947,273.3307,588.1239,275.3447,556.1617,308.1929,606.3694,311.6474,561.1809,309.3018,598.9915,311.9405,546.6780,314.4208,608.5585,318.4195,548.7657,313.7771,602.4587,317.2679,550.7773,315.1113,598.4201,318.3668,603.3913,314.4476,562.7812,311.7594,,,580.8417,223.1112,,,,
73475,0,,,,,,,,,,,,,,,,,,,616.8089,226.0884,,,591.9126,235.1559,567.3909,237.3437,599.8954,277.5016,560.9541,275.0079,603.8405,311.9640,559.6713,309.5836,,,,,,,,,,,,,,,,,616.4295,224.7447,,,618.6025,225.5958,564.8130,229.0262,590.6852,227.7061,576.9026,225.4971,589.5668,224.4174,557.0562,270.6235,603.6902,273.5495,568.0652,272.7601,590.3771,275.3583,556.3231,309.2770,608.6047,312.1982,561.0794,310.3379,601.0057,312.2010,546.9062,315.1050,610.5945,318.8745,548.6898,314.2423,604.0291,317.3678,550.7907,315.2117,600.1786,318.2173,605.7666,315.3945,562.6668,313.0203,,,582.7080,223.9615,,,,
73476,0,,,,,,,,,,,,,566.5075,225.0692,,,,,618.2346,228.1535,,,593.6274,234.2547,569.3032,235.8087,601.0977,277.3674,561.8080,274.8863,605.6726,312.3304,559.8236,310.0610,,,,,,,,,,,,,,,,,617.7596,226.9378,,,620.3528,227.8109,566.0598,228.1836,592.2018,227.2160,578.6275,225.9033,592.1375,224.1066,558.0922,270.3401,605.0417,273.4466,568.9524,273.0577,591.9492,275.6342,556.3206,309.9979,610.5339,312.4925,561.3695,310.8984,602.8154,312.4394,547.0928,315.9833,611.5270,319.0608,548.1945,314.8386,604.3853,317.5677,549.3065,315.6317,599.9429,318.3766,608.0782,315.4521,563.0404,313.5804,585.5083,224.4861,585.2642,224.4370,,,,
73477,0,,,,,,,,,,,,,,,,,,,619.2097,230.8471,,,594.6810,237.6141,570.5739,235.1580,602.6320,280.6129,562.8097,273.6774,605.8415,315.9163,560.1318,306.8701,,,,,,,,,,,,,,,,,618.6837,228.1253,,,621.2658,230.5572,567.5827,227.7698,593.5799,230.1305,579.3024,225.5597,592.7338,226.6261,559.4345,269.4225,606.5132,276.8859,569.6665,273.8454,593.5658,277.7807,556.8389,305.7939,610.6830,317.0171,561.5348,308.1740,602.9086,316.1560,546.7552,311.8354,610.8322,325.6681,549.0075,312.7767,603.7230,324.0782,549.7557,315.2482,598.5905,324.5775,608.3090,319.1536,563.3832,309.8532,,,586.2821,224.9604,,,,
73478,0,,,,,,,,,,,,,,,,,,,620.3287,228.5778,,,596.6954,233.4175,572.7334,234.7232,603.5819,276.9669,564.1631,275.0084,606.3440,312.7589,559.9658,310.7450,,,,,,,,,,,,,,,,,619.8376,227.9021,,,622.4350,228.5653,568.9932,228.1147,594.6274,227.3797,582.2361,225.5849,595.7943,224.7396,560.7075,270.6318,607.4454,273.3543,571.4159,273.4026,594.4371,274.9989,556.5324,310.8436,611.2586,313.1201,561.2913,311.6386,603.3988,312.8524,547.6388,316.5405,610.5487,319.7868,547.8072,315.1270,602.9571,317.5891,550.2492,316.0806,597.4648,317.8782,609.2906,316.3858,562.8880,314.6808,588.8359,225.2974,588.8644,225.2335,,,,
73479,0,,,,,,,,,,,,,,,,,,,622.7908,231.7477,551.1075,228.5537,598.7800,234.4999,575.1373,235.9374,604.8696,277.5611,566.1469,276.2381,606.2895,313.3602,559.7275,312.5974,,,,,,,,,,,,,,,551.0197,228.3372,622.2121,230.3446,551.0586,228.4010,624.8001,231.1520,571.1739,229.3154,596.3344,228.7466,584.8834,226.8049,598.1315,226.0101,562.8050,272.1158,608.7871,274.0538,572.8700,274.6599,595.2136,275.5153,556.0089,312.4049,611.3054,313.7125,560.9199,313.3442,603.0538,313.4509,550.9978,317.4266,609.4765,320.0439,551.2375,315.5959,600.5538,317.8098,551.4232,316.7853,594.7688,318.2825,609.8040,317.4833,563.3032,317.0541,,,592.0239,226.5133,,,,
73480,0,,,,,,,,,,,,,,,,,,,624.3884,233.3860,552.9266,231.2880,601.1554,234.8826,577.9444,235.1705,604.9597,277.4525,567.6840,276.3371,605.9389,313.7155,559.6698,313.0383,,,,,,,,,,,,,,,552.7122,229.2246,623.7879,232.2775,552.7888,231.2220,626.6542,232.6544,573.4292,228.8037,598.7751,229.1323,589.1867,227.5280,601.7370,226.5813,564.5254,272.1604,608.6042,273.9869,574.3940,274.2985,595.8863,275.5763,556.0561,312.7811,610.3500,313.8768,560.6569,313.4211,602.8377,313.7914,552.6940,317.8604,606.2041,319.7416,552.8993,316.1467,597.2891,316.8126,553.1690,317.1367,590.8750,316.9404,610.3035,318.3083,563.7461,317.1919,,,,,,,,
73481,0,,,,,,,,,,,,,,,,,,,626.3633,234.5348,555.7627,232.1609,603.0329,236.0814,579.7525,235.4429,605.2991,278.3745,569.2377,276.7614,605.4693,313.0535,558.6667,313.1179,,,,,,,,,,,,,,,555.9113,230.3762,625.7669,233.3670,555.8849,230.9715,628.5239,233.8495,576.6725,229.0350,602.4422,227.8875,592.3950,227.7940,603.7743,227.2023,565.8775,272.2199,609.5354,275.4999,576.4715,274.5561,596.3937,276.7651,555.7417,312.6923,609.8328,313.2925,559.2261,313.5521,602.7685,313.4032,555.6102,317.5206,605.3312,320.3265,555.7541,316.9136,596.3961,318.2343,556.2936,320.5416,590.2707,319.0708,610.4962,316.4240,562.5918,316.8918,,,,,,,,
73482,0,,,,,,,,,,,,,,,,,,,627.7350,235.3582,557.1864,231.8583,604.6200,235.4511,580.1047,235.4366,606.2440,278.6705,570.7678,277.3513,605.9383,313.6921,557.3928,313.6848,,,,,,,,,,,,,,,557.3033,231.1686,627.2060,234.5014,557.2603,231.7982,629.8651,234.8032,576.9476,229.8825,604.4441,228.9823,592.9113,228.3398,604.9771,227.5466,567.4072,273.3154,610.4492,275.4762,578.0295,275.1415,597.3920,276.9163,557.1793,313.5969,609.9690,313.9546,559.5167,314.0627,603.2741,314.1415,557.0132,318.1856,605.3871,320.8537,557.2540,316.7875,596.6616,318.4986,557.6615,319.2069,590.5957,319.0213,610.5238,316.9707,560.1088,317.9531,,,,,,,,
73483,0,,,,,,,,,,,,,,,,,,,628.7524,233.9278,627.5615,236.4685,583.5665,234.1561,606.0350,238.8657,571.5220,274.0136,608.6882,283.0151,605.5272,314.5111,605.6924,320.0804,,,,,,,,,,,,,,,627.1626,234.4909,628.1449,232.7759,628.0461,234.7345,630.5698,232.8255,606.4995,231.4975,582.4431,229.0368,602.6073,229.6219,593.0452,228.3487,612.5238,279.4074,567.0080,269.8776,598.2258,278.6396,581.1532,274.5047,608.4095,322.1583,609.1719,314.8765,604.2135,319.3780,603.3892,314.9066,607.1573,328.4194,602.7462,321.0409,602.7754,324.5279,595.4723,318.3991,,,590.6868,318.7096,610.8343,319.3336,608.9016,324.6622,,,,,,,,
73484,0,,,,,,,,,,,,,,,,,,,630.1392,232.8956,566.4427,235.4068,609.9792,236.6575,585.4217,238.0720,609.0797,278.6663,572.8348,278.5429,605.6974,314.6313,561.7248,313.6214,,,,,,,,,,,,,,,566.0538,234.3812,629.8081,232.0754,565.4989,234.7518,632.4636,231.9543,583.0731,231.2027,607.3070,228.4737,599.6059,228.8932,607.8568,228.2870,569.6144,274.1618,613.0478,275.4955,580.5604,276.6319,600.1485,277.3226,559.4663,313.7220,609.9286,314.9058,562.9647,313.6669,603.0353,314.7658,557.0909,317.5351,604.5053,320.7188,557.2755,314.9448,596.1279,317.9281,557.4562,314.3269,590.3948,318.1810,610.3839,319.1000,565.4602,317.6343,,,603.0914,228.5866,,,,
73485,0,,,,,,,,,,,,,,,,,,,630.9383,234.1655,569.3684,235.5417,611.4719,234.7458,588.0193,236.4879,609.8941,277.7792,573.9838,276.9349,605.8260,314.0937,564.6092,313.8626,,,,,,,,,,,,,,,567.9698,234.7555,630.3444,233.4486,568.6477,235.3726,633.0424,233.3981,584.3348,229.9554,608.4112,228.9316,598.8859,227.6574,610.4922,226.8308,571.3988,272.7672,614.1128,274.0416,581.0781,274.9496,601.2923,276.3433,561.2529,313.9398,610.3139,314.2774,565.5649,314.3644,603.1463,314.1654,556.9839,318.0321,605.1834,319.6101,557.1246,315.1144,596.5096,316.9489,557.2889,314.9932,590.6121,316.8632,610.8743,318.5785,568.2786,318.8866,,,,,,,,
73486,0,,,,,,,,,,,,,,,,,,,630.6545,234.2589,570.6547,234.4172,612.0328,233.8540,589.1929,235.7392,610.2832,277.0400,574.6126,277.1986,606.0067,312.9741,565.9949,313.8384,,,,,,,,,,,,,,,569.1281,233.5518,630.0613,233.3649,569.3272,234.0100,632.4632,233.4212,585.1921,229.1512,608.8299,227.7379,600.2995,226.3046,612.8190,225.5370,572.3446,272.9895,614.4682,273.5496,581.2036,275.0163,602.2388,275.5684,563.7425,313.9730,610.5815,313.1344,566.5582,314.1891,603.3157,313.1176,556.2555,317.7658,605.7426,318.3382,556.3730,314.5689,597.1952,315.4474,556.4500,314.3094,591.2932,315.6197,611.0530,317.2200,569.5638,319.1290,,,,,,,,
73487,0,,,,,,,,,,,,,,,,,,,631.8887,234.5802,574.5300,235.6268,613.7561,234.5242,590.1856,235.2239,610.8843,276.8671,576.9437,276.8981,606.3424,313.0407,570.7094,313.6709,,,,,,,,,,,,,,,572.8101,234.3330,631.1328,234.0687,574.0398,235.7474,633.9305,234.2694,585.7495,228.2960,611.1362,228.2507,603.3575,226.8117,616.3342,226.0275,574.9706,272.4714,615.0613,273.2816,583.8668,274.6257,602.6705,275.0540,568.2268,313.8333,611.0201,313.3220,571.4231,313.9304,603.5529,313.1153,555.7683,317.7415,606.2841,318.4080,555.8816,314.6303,597.5121,315.1360,556.0232,314.3239,591.3508,314.7859,611.5234,317.7157,574.8388,318.6008,,,610.9425,226.5488,,,,
73488,0,,,,,,,,,,,,,,,,,,,631.3961,234.2275,575.8859,235.0869,615.0181,233.5239,591.9772,235.8204,610.9757,276.8981,578.5272,277.0065,606.5546,312.1178,575.5205,313.5942,,,,,,,,,,,,,,,574.2823,233.7832,630.6140,233.3169,574.7443,234.7182,633.2840,233.8570,586.7343,228.4949,611.1116,227.0121,606.4605,227.5438,617.4471,226.7293,576.2865,272.9368,614.9964,273.0434,584.7473,274.3726,602.7381,274.3091,573.8663,313.6087,611.2001,312.4652,576.0215,314.0678,603.8303,312.1566,562.5474,318.6072,606.2903,317.7833,560.7374,316.1278,597.4342,314.3211,559.2938,316.2389,591.3115,314.2442,611.6020,316.8297,580.1826,318.6914,609.9741,226.9126,612.1299,227.3011,,,,
73489,0,,,,,,,,,,,,,,,,,,,632.6472,233.1495,578.2120,234.6823,616.4733,233.9693,593.3932,236.0487,611.1841,276.7908,580.6386,277.4579,606.4636,313.2872,580.1290,314.4798,,,,,,,,,,,,,,,575.8328,233.2769,632.2610,232.4517,577.5722,234.2076,634.3963,233.4638,588.0917,228.5993,612.7228,227.2638,607.2771,227.6097,618.5249,226.7224,577.9982,273.4516,615.4435,273.1859,586.1458,274.8727,602.9498,274.6300,578.1933,314.3917,611.0629,313.6837,580.2338,314.8508,603.8177,313.3793,567.6327,319.1926,606.5663,318.7407,565.7579,316.7763,598.1430,315.3716,564.2161,316.8083,592.4523,314.9881,611.6330,318.1690,584.2163,319.6439,611.2336,227.0900,,,,,,
73490,0,,,,,,,,,,,,,,,,,,,633.0289,234.0179,581.1360,234.5848,618.1809,234.6820,594.8235,235.4300,611.9550,277.5285,582.6884,277.8845,607.0175,313.9805,586.2800,314.5559,,,,,,,,,,,,,,,578.9999,233.3953,632.6272,232.9732,580.7976,233.8744,634.7979,232.2585,588.5165,228.6642,614.0457,228.7597,608.1779,227.7444,619.4292,226.9989,579.8009,274.0226,616.0575,273.9511,587.8676,275.5866,603.4075,275.7005,584.0871,314.6465,611.5945,314.4684,586.7708,314.8625,604.2588,314.1014,573.1526,319.7014,607.5507,319.4857,572.0322,317.0760,599.2780,315.9386,570.9295,317.2205,593.2208,315.5424,612.0284,318.6703,591.1440,319.6347,614.2526,227.2958,614.1248,227.4965,,,,
73493,0,,,,,,,,,,,,,,,,,,,631.2479,238.5158,585.4404,233.1510,616.5291,236.5782,598.2707,235.4091,612.4272,282.4169,593.8964,274.4920,607.2585,320.0228,594.3089,311.4418,,,,,,,,,,,,,,,583.5649,231.5828,630.5052,237.0430,585.3564,232.1154,632.9967,237.9039,593.0049,229.0338,610.7582,229.4583,610.3615,228.4197,619.5518,228.0948,591.4190,269.0220,616.0326,280.0818,599.2713,273.8047,605.3260,276.0127,592.0646,310.4274,611.0255,321.8778,594.5919,312.5280,604.7552,319.1623,582.2023,314.8760,605.6502,330.4024,580.6748,315.1584,597.6517,326.6747,578.9057,316.4824,592.0099,325.9889,612.3461,323.5639,598.5297,314.8225,,,,,,,,
73494,0,,,,,,,,,,,,,,,,,,,630.9805,237.8740,585.8093,231.8570,617.4455,237.0331,598.2494,234.8094,612.7016,282.3603,594.6261,275.3602,607.1168,319.9960,594.2441,311.4751,,,,,,,,,,,,,,,583.8451,231.0992,630.1924,236.8241,585.7454,231.6887,632.9718,237.3414,593.1463,226.1553,611.8216,229.6506,609.9185,227.5125,619.6807,228.1678,592.1317,270.3045,616.6670,280.0403,600.1995,274.9990,605.1527,277.5045,591.6581,310.4641,611.1299,321.8599,594.6355,312.6110,604.5509,319.1812,581.7641,315.4314,605.8621,330.0519,580.4408,315.2868,597.7236,326.2786,578.7774,316.5479,592.0691,325.6710,612.0544,323.4354,597.9199,314.8170,616.4917,227.8157,,,,,,
73495,0,,,,,,,,,,,,,,,,,,,630.8648,233.3304,585.9789,234.0004,618.0966,234.3492,599.4299,235.6832,612.5214,277.1571,595.3448,279.3735,607.5365,319.6585,595.0242,311.1434,,,,,,,,,,,,,,,584.0034,232.4616,629.5228,232.4304,585.9184,233.3380,633.0666,232.7507,593.1431,227.0587,611.9196,226.9622,611.3034,226.9027,620.5077,227.7132,592.7231,274.5496,616.2832,273.1684,600.7839,274.8931,605.5736,275.5829,592.6990,310.4530,611.2877,321.6545,595.3427,312.4091,605.1749,317.2672,582.4147,314.9598,605.4495,330.3734,580.9430,314.7914,597.2397,326.5324,579.3054,315.9530,591.6605,325.4341,612.7685,323.5592,599.5808,314.8697,616.9210,226.7597,,,,,,
73496,0,,,,,,,,,,,,,,,,,,,629.9435,235.3929,586.9781,232.5127,618.2520,235.9574,602.1866,234.1631,611.1991,281.3865,595.7345,274.7086,607.1911,319.6238,595.9776,310.8192,,,,,,,,,,,,,,,584.7937,232.0937,628.3833,233.7308,587.2086,232.3694,632.4226,233.8280,594.9095,226.1738,611.6888,229.0227,612.5212,227.6282,621.2230,227.9940,593.3816,269.7611,615.0983,278.9043,600.3701,273.6109,604.8481,275.7303,593.6064,310.0616,610.9025,321.4850,596.2942,311.8918,604.6548,319.1148,582.9500,313.6719,605.2500,330.1185,580.8818,313.7864,597.0113,326.1383,578.9248,314.9700,591.5428,325.5079,612.2650,323.2767,601.8612,314.3958,617.6625,227.7629,,,,,,
73497,0,,,,,,,,,,,,,,,,,,,628.7566,236.9252,587.7928,231.2932,618.3825,235.5909,601.4536,233.3375,610.3416,280.9822,595.2444,275.4231,606.9185,319.4336,596.3841,310.7179,,,,,,,,,,,,,,,585.5429,230.6092,627.0857,236.3090,588.0781,230.8263,631.3996,236.4728,595.1419,225.9156,611.7113,229.1773,612.2633,225.6128,621.0987,226.5770,592.8955,270.4081,614.3337,278.5719,600.3649,274.4660,604.1266,276.8531,594.0549,309.7731,610.4490,321.1008,596.6504,311.8679,604.5416,318.9843,583.8896,314.1407,605.1881,329.7740,581.7095,313.8686,596.9719,326.0288,579.8168,315.1828,591.5743,325.4466,612.0131,323.1439,602.0718,314.4902,617.0015,226.0944,614.9861,226.0193,,,,
73498,0,,,,,,,,,,,,,,,,,,,628.2016,236.3704,588.0690,232.3946,618.5780,236.4448,602.4293,232.8329,610.0046,280.6164,595.5875,275.2116,607.1578,318.9501,596.7277,310.7280,,,,,,,,,,,,,,,585.7506,231.4315,626.2861,234.9776,588.4789,232.0248,630.8819,235.2278,595.4975,227.1499,612.2009,230.6906,612.9025,228.6159,621.2305,229.4289,593.1629,270.2763,613.9377,278.5539,600.5701,274.0707,604.4161,276.2108,594.5989,309.8033,610.4268,320.3906,597.0581,311.8728,604.9012,318.4245,584.3917,313.7052,605.1596,328.8315,581.7427,313.8451,597.0084,325.1166,579.6540,315.0940,591.5835,324.7087,612.3489,322.4862,602.3307,314.0988,617.6783,228.9158,,,,,,
73499,0,,,,,,,,,,,,,,,,,,,627.7929,234.5733,588.2975,231.4286,618.5464,234.5019,601.4396,232.2632,610.1823,280.2168,596.1099,274.8348,607.4542,318.8288,595.9668,310.7527,,,,,,,,,,,,,,,586.3458,230.9212,625.9899,233.8527,588.4585,231.0528,630.0484,234.4106,595.2639,224.4049,612.2257,227.9409,613.2329,225.6606,621.5329,226.6706,593.9109,270.1982,614.0278,278.1104,601.1281,273.9568,604.8720,276.2637,594.1081,309.7763,610.4632,320.4005,596.0745,311.8315,605.1414,318.2134,583.6118,314.3957,604.7460,328.8562,581.0583,313.7927,596.5118,325.1169,578.9040,315.0977,591.1053,324.2042,612.6945,322.5481,601.9846,314.6624,619.8830,226.1913,,,,,,
73500,0,,,,,,,,,,,,,,,,,,,627.4162,235.7495,589.2207,230.9892,618.5393,234.0586,603.0628,231.6528,609.4425,280.3592,596.0862,274.6058,607.5291,320.0968,596.0922,311.4404,,,,,,,,,,,,,,,587.3552,230.2521,625.4241,234.7530,589.5707,230.7903,629.6686,235.7666,595.8140,223.2954,611.1240,226.3140,614.1711,224.6284,622.0590,225.4952,594.3824,269.9569,613.4275,277.8929,601.1954,273.6096,604.3831,276.0310,594.5316,310.5887,610.4334,321.8480,596.0855,312.5797,605.1701,319.6153,583.8995,314.4101,604.1141,330.0722,581.0624,313.7916,596.0138,325.9042,578.9345,314.9922,590.6360,324.8697,613.3647,324.2905,602.3860,315.4123,620.4551,225.0597,617.7099,224.9612,,,,
73501,0,,,,,,,,,,,,,,,,,,,626.9850,235.4103,589.1792,231.4519,618.9378,233.6903,604.0583,231.4364,608.8476,280.9157,596.1009,274.6270,607.6794,320.3448,595.9958,311.7405,,,,,,,,,,,,,,,587.2587,230.9749,624.9281,235.0266,589.4052,231.3442,629.1009,235.5072,596.5979,222.6485,612.3728,225.2266,616.2067,224.0959,625.5919,224.8746,594.6170,269.8722,613.1389,278.9951,601.0114,273.8202,604.1677,276.0005,594.3971,311.0166,610.6110,322.5078,595.9283,312.7979,605.2218,319.9081,583.3861,314.6513,604.3519,330.9741,580.0773,314.1053,595.5658,326.7819,577.8122,315.3676,589.9397,325.5732,613.6755,324.7360,603.3196,315.7482,621.2743,224.3588,618.0624,224.1747,,,,
73502,0,,,,,,,,,,,,,,,,,,,625.5144,233.0562,589.6682,235.2212,619.8009,233.2534,604.9502,233.4311,609.1564,276.8892,596.0432,278.3929,608.2121,314.6416,595.7866,316.3569,,,,,,,,,,,,,,,587.6011,234.3312,623.4552,232.5008,590.0891,235.6549,627.8870,232.8782,596.9949,226.5532,612.0149,226.3147,616.6485,223.9115,626.0875,224.8881,594.3255,273.9588,613.3352,273.6372,600.9429,274.7783,604.2333,274.8599,594.3996,316.9346,611.3590,314.8285,595.8022,316.1941,605.7280,315.1346,583.5480,322.4466,604.9283,320.2612,580.6613,319.7316,596.5795,317.2090,578.5199,319.1626,591.0899,317.0432,614.2380,319.1928,602.6730,320.6163,621.5954,223.7682,618.4336,223.6454,,,,
73503,0,,,,,,,,,,,,,,,,,,,624.4413,232.0389,591.0985,233.4888,620.3427,232.4661,606.0802,233.0909,609.2505,276.0437,596.1318,277.8239,608.1284,313.1662,595.6597,315.0922,,,,,,,,,,,,,,,588.6464,232.7569,622.5888,231.2962,591.7171,233.3343,626.7619,231.8744,597.4159,225.8482,612.5076,225.8871,618.0961,224.1260,629.2211,223.6436,594.5465,273.8069,613.6829,272.6452,600.5650,274.3459,604.2722,274.5937,594.3520,315.6548,611.3411,313.3921,595.6272,314.8555,605.5744,314.0187,583.6284,321.2136,604.1786,319.0432,580.3734,318.7066,596.0410,315.9101,578.2704,313.9984,590.3866,315.6848,614.1192,318.4820,602.9784,319.1832,623.6107,224.0922,,,,,,
73504,0,,,,,,,,,,,,,,,,,,,624.4493,232.3882,590.0962,233.7017,619.9346,233.0503,605.8009,232.5076,609.5258,279.8317,596.2266,274.4333,607.8214,318.0484,595.8781,310.7204,,,,,,,,,,,,,,,587.6959,233.0392,622.2852,231.8743,590.6680,233.9186,626.7624,232.0370,597.1217,224.4530,612.9296,225.6964,617.8975,224.0359,629.0555,223.9774,594.4271,269.7486,613.7761,277.7131,600.7413,273.4440,604.4860,274.9775,594.4623,310.0279,610.8312,320.3491,595.8331,311.7057,605.3326,317.4015,583.7476,313.6667,603.4684,328.3230,580.6055,313.0426,595.3507,323.7670,578.1257,314.0205,589.7354,322.2246,613.8490,322.6320,603.3052,314.6201,622.4334,224.2065,,,,,,
73506,0,,,,,,,,,,,,,,,,,,,624.5250,234.0070,594.7178,229.8669,618.3062,233.8648,603.4607,231.4011,608.8018,279.7837,596.1182,273.7257,607.9413,317.7464,596.2199,310.1843,,,,,,,,,,,,,,,592.4853,229.4834,622.2168,233.0488,595.6474,229.1467,626.6839,233.4667,595.2839,224.6388,611.1767,225.4790,616.4252,224.8772,627.8629,225.8393,594.9160,269.0512,612.2636,277.2240,600.0588,272.7910,604.3266,275.3064,595.0480,309.2800,610.5348,319.5984,595.9274,311.1453,605.5659,317.1074,584.2742,313.4439,603.8594,327.4420,580.6623,312.9966,595.5683,322.9210,577.9173,314.1493,590.1357,321.8682,613.7710,322.0072,603.7460,314.2075,,,,,,,,
73509,0,,,,,,,,,,,,,,,,,,,624.8720,232.3530,597.6004,231.2064,618.5513,233.1137,604.1018,232.8507,609.3699,279.4972,596.7963,273.9841,607.9262,316.8977,596.2470,310.3336,,,,,,,,,,,,,,,595.1085,230.0039,622.7770,231.8045,598.6588,230.0190,626.9106,232.2177,596.3920,224.3437,611.5073,224.9759,617.2534,224.5046,628.4538,224.3123,596.0353,271.1531,612.9431,277.4435,600.3612,272.8844,604.5424,274.4322,595.0502,309.7617,610.5366,319.0256,595.9818,311.1230,605.5335,316.2101,584.0715,313.2549,603.7127,326.5048,580.1853,312.7802,595.3523,322.0071,577.3580,313.6782,589.9078,320.8745,613.9588,321.3201,603.6063,314.5519,622.3155,224.4692,621.5600,224.5080,,,,
73512,0,,,,,,,,,,,,,,,,,,,624.6780,236.4673,595.5993,231.5799,618.4684,234.9185,603.9975,232.7425,610.0846,278.9876,597.4063,273.4230,607.8868,317.7941,596.9114,310.5172,,,,,,,,,,,,,,,593.2545,230.9872,622.6174,236.0821,596.7659,230.8703,626.6983,236.7172,596.1266,223.6433,610.7655,224.2006,615.9445,224.8798,626.6582,225.6277,596.3456,268.6031,613.3567,277.2348,600.5203,272.5299,604.9245,274.6479,595.9577,309.9027,610.4507,319.7239,596.5610,311.3781,605.5280,317.1268,583.9897,313.3907,603.8663,327.3391,579.8106,312.8118,595.2576,322.7842,576.9053,313.9190,589.6711,321.8819,613.8744,322.3404,604.1373,314.8981,621.0315,223.5196,,,,,,
73514,0,,,,,,,,,,,,,,,,,,,624.8266,236.2322,597.5314,230.5076,618.5821,234.4326,603.8443,232.3871,610.3310,279.9093,597.3455,274.5284,608.1055,317.7691,596.8046,310.3049,,,,,,,,,,,,,,,595.3538,229.8383,622.7913,236.0617,597.9377,230.3819,627.0745,236.2328,595.8021,224.0071,610.8693,226.5447,616.0755,224.6039,625.6562,224.6545,595.8970,270.1827,613.8701,277.8317,601.1185,273.5840,605.2339,275.4495,595.5795,309.6832,610.6913,319.7496,596.6176,311.1425,605.8652,317.2236,583.6455,313.3183,604.3803,327.4920,580.0257,312.6202,595.9675,322.8489,577.3185,313.6505,590.6299,322.0796,613.9938,322.3565,603.8337,314.4652,621.3720,223.3826,617.8772,223.2821,,,,
73516,0,,,,,,,,,,,,,,,,,,,624.6957,237.2042,600.8498,230.2249,619.0471,234.5509,606.6818,232.3566,609.6415,279.7006,597.5954,273.5899,608.2251,317.1990,597.8750,310.2158,,,,,,,,,,,,,,,598.7526,229.3702,622.2382,236.5458,601.6290,229.8149,627.1040,237.7152,596.6820,224.0124,610.6953,227.2684,619.3135,224.1662,629.7280,226.1170,596.6475,269.1323,612.7754,277.7336,600.5512,272.7103,605.1476,275.1077,596.9340,309.4330,610.7101,319.0661,597.6096,311.1815,606.0033,316.5659,584.5736,313.0163,603.9313,326.4610,580.5436,312.7085,595.4859,322.6224,577.6646,313.9310,590.0290,322.0573,614.3521,321.4110,604.6984,314.1267,623.2477,224.4501,626.2780,224.5718,,,,
73517,0,,,,,,,,,,,,,,,,,,,624.2598,236.8828,598.2271,231.3591,618.0895,235.5072,604.2676,232.7516,609.7887,281.0346,597.1633,274.7062,607.7806,317.6470,596.2000,310.0963,,,,,,,,,,,,,,,594.8586,230.7325,622.2186,236.0507,598.9816,231.1181,626.6608,236.7466,595.9166,224.9439,610.2956,227.3012,617.2238,222.8915,627.5865,225.5590,595.8118,270.0499,613.3823,278.7588,600.9039,274.0160,604.6035,276.2800,595.2183,309.2486,610.8174,319.4633,595.9264,311.0604,605.4182,316.9789,583.7433,313.5163,604.3564,327.4618,580.5932,312.8158,596.0372,323.4155,578.0118,314.0959,590.2111,322.7070,613.8342,321.6908,603.0717,314.2918,621.6801,223.2990,619.7820,223.4142,,,,
73518,0,,,,,,,,,,,,,,,,,,,623.3463,237.2416,600.7831,230.9779,618.3367,235.4474,606.5578,232.4385,609.4608,280.9841,596.9298,274.4109,607.8897,318.0938,596.8836,310.5675,,,,,,,,,,,,,,,598.7599,229.9410,621.2850,236.2688,601.4353,230.4413,625.6316,237.0958,596.7732,224.7074,609.7762,227.2098,619.6942,223.9930,628.1533,225.7168,596.0541,269.6705,612.8030,279.0742,599.9939,273.7751,604.5302,276.1766,596.0752,309.7101,610.7244,320.0618,596.5795,311.5825,605.6656,317.3559,584.4968,313.6874,603.6932,327.8743,580.7030,312.9334,595.5558,323.7666,577.8191,314.2039,589.9501,323.0483,614.0612,322.3907,603.7735,314.8174,,,623.5421,223.2577,,,,
73519,0,,,,,,,,,,,,,,,,,,,622.6488,239.2614,600.8981,235.2540,617.9716,237.2662,606.5071,234.0169,609.6183,279.9951,596.5964,273.6763,607.8255,318.2007,596.8807,311.1254,,,,,,,,,,,,,,,598.7948,234.4632,620.3999,238.8323,601.8806,235.1637,625.0303,239.6358,596.7902,224.3170,608.6822,224.9852,619.8642,225.3791,627.8345,226.4483,595.9418,268.9380,612.7246,277.7433,599.1364,272.6718,604.8854,274.4643,596.1838,310.4853,610.5745,320.1182,596.5772,311.9064,605.6282,317.6994,584.5243,313.8323,603.3105,328.1710,580.4620,313.2519,595.2930,323.5373,577.5097,314.3563,589.5192,322.6057,613.8785,322.4481,603.7520,315.1762,,,621.6214,222.9682,,,,
73520,0,,,,,,,,,,,,,,,,,,,621.6549,239.7016,600.4153,231.9507,618.1084,236.2616,605.8994,233.5751,610.1302,281.5187,596.7907,274.4901,607.7897,318.5824,596.7933,310.4644,,,,,,,,,,,,,,,596.6220,231.4887,619.4917,239.1528,601.4722,231.6114,624.1168,240.0820,596.1432,225.4972,608.7171,227.5856,619.1129,224.9548,627.4106,225.5768,595.6949,269.9570,613.0977,279.5500,599.7668,273.7652,604.8079,276.1645,595.9317,309.6034,610.6632,320.5185,596.5440,311.4758,605.6262,317.9110,584.3979,313.7036,603.4613,328.5745,580.6586,313.0590,595.6237,324.1176,577.7680,314.2676,589.9066,323.2998,613.6692,323.0584,603.3437,314.5412,,,620.9623,222.5699,,,,
73521,0,,,,,,,,,,,,,,,,,,,620.9694,239.6353,598.7419,230.6757,617.8770,235.9029,605.2150,232.8271,610.2710,280.5421,596.4437,273.7683,608.0776,317.8428,596.8386,309.8560,,,,,,,,,,,,,,,593.1646,229.9826,618.8085,239.0800,599.0274,230.2848,623.4490,240.1673,596.1590,224.3829,608.0452,227.0532,618.3587,224.5332,626.6422,225.3134,595.4843,269.0317,613.1941,278.6668,599.2788,272.8788,605.0631,275.2068,596.0339,309.0501,610.9801,319.6720,596.6007,310.8464,605.9587,317.1517,584.8164,312.8554,603.8988,327.3328,580.9331,312.3050,596.0652,322.9378,577.9949,313.4999,590.1845,322.1882,614.1162,322.1408,603.4426,314.1836,,,619.8066,222.2528,,,,
73522,0,,,,,,,,,,,,,,,,,597.8775,223.5891,620.0050,240.9249,593.8805,236.8895,616.6837,235.5177,604.1620,235.8241,610.7819,281.4982,596.7257,273.9999,608.0467,318.0076,596.5315,310.6288,,,,,,,,,,,,,,,590.8816,236.3449,617.8308,240.0410,593.8381,236.8906,622.6266,241.5396,595.5476,227.4492,607.8886,226.0811,617.4625,225.1234,624.5864,226.2935,595.4843,269.5281,613.7055,279.9881,599.5994,274.1115,605.2097,275.3490,595.6767,309.9675,610.8342,320.2977,596.2739,311.5674,605.9587,317.1795,584.5770,312.8925,603.7499,327.7119,580.8765,312.6812,596.0528,323.3000,578.0227,313.7731,590.2353,322.2031,613.8577,322.3328,603.2107,314.5574,,,618.6438,222.0190,,,,
73524,0,,,,,,,,,,,,,,,,,,,618.5932,240.7061,595.4269,230.5833,615.5585,238.3703,602.4849,234.3312,611.8359,281.1815,595.9322,274.8797,608.2040,317.7694,595.6974,310.3605,,,,,,,,,,,,,,,591.2342,229.5428,616.2536,240.1112,597.3997,230.6378,621.1322,241.3979,594.4971,224.8497,607.3179,227.5776,616.5262,225.5700,623.1885,226.3703,594.4024,269.8353,614.9445,279.4251,598.6970,274.1020,605.7577,275.8805,594.9374,309.6936,611.1088,319.8740,595.4105,311.3869,606.1040,317.0796,584.0266,313.2355,604.0678,327.2636,580.5424,312.7576,596.6187,322.8494,577.8569,313.9700,590.7015,322.0102,613.9666,322.1030,602.5209,314.3258,,,617.9500,220.8304,,,,
73525,0,,,,,,,,,,,,,,,,,,,617.8936,240.0795,598.6090,229.6932,616.0929,237.7806,603.3957,233.6834,612.5610,281.4588,595.2214,274.1653,608.2189,317.8295,594.6930,310.3448,,,,,,,,,,,,,,,591.8797,228.9271,615.5618,239.4320,599.3919,230.0266,620.3990,240.7440,595.3200,224.4695,607.8395,227.4539,616.9934,225.0222,623.8344,226.1341,593.8012,269.5895,615.5262,279.7167,598.2333,273.6354,606.5026,275.9363,594.1323,309.4726,611.1322,319.9072,594.4466,311.3404,606.1189,317.0370,583.0444,312.7164,603.7412,327.2186,580.0885,312.2944,596.0383,323.1659,577.5908,313.5995,590.3377,322.3206,614.0882,322.2284,601.6523,314.2281,,,618.7650,220.6823,,,,
73526,0,,,,,,,,,,,,,,,,,,,617.0780,239.9389,602.7200,229.3576,617.2840,237.6771,605.1603,233.8540,612.6416,281.9339,593.7712,273.7141,608.3385,317.8988,594.7652,310.3783,,,,,,,,,,,621.4656,219.2702,,,589.7238,228.1884,614.8619,239.0997,602.9301,229.9973,619.6181,240.6751,596.6542,223.9530,608.9576,227.7606,619.2464,224.7387,625.4382,226.6067,592.5865,269.1339,615.7011,279.9765,596.9210,273.4152,606.4764,276.1511,594.1356,309.5083,611.2897,319.9539,594.6188,311.4524,606.2403,317.0892,582.9576,313.2598,604.0988,327.3435,579.9894,312.9791,596.5333,323.6222,577.4592,314.4846,590.6812,322.8435,614.3436,322.0016,601.6070,314.1275,,,621.2264,220.5497,,,,
73527,0,,,,,,,,,,,,,,,,,,,616.6671,239.6075,596.0346,228.1066,616.6587,237.7517,603.6839,233.3188,613.2873,282.0689,592.7856,273.5727,608.1018,318.6189,595.5815,310.8360,,,,,,,,,,,,,,,589.9469,227.2356,614.5065,238.5494,599.1090,228.5192,619.1205,240.5517,595.5003,222.9090,607.8540,226.9357,618.6063,225.1457,624.3412,226.6267,591.4586,269.0971,616.5460,280.1201,596.1612,273.2030,606.9587,275.7622,594.7211,309.7883,611.2006,320.8751,595.3231,312.0695,605.9365,317.8308,583.4946,313.0053,603.7075,328.5623,580.2082,312.9283,596.1270,324.5016,577.7255,314.2938,590.3882,323.4884,614.1941,323.1508,602.3607,315.0745,,,620.6414,220.8223,,,,
73528,0,,,,,,,,,,,,,,,,,,,615.9701,239.6526,591.0606,228.0796,616.7647,237.2433,603.3625,232.8170,612.7678,282.6193,592.4878,274.1741,608.1216,318.7014,597.0914,310.2883,,,,,,,,,,,,,,,587.6981,227.3129,613.8768,238.4989,592.7275,228.2037,618.5543,240.7909,595.2473,222.4330,608.5564,226.8378,619.5532,224.1865,625.7239,226.2502,591.3355,269.3418,615.9748,280.7219,595.8350,273.6982,606.4112,276.4966,596.0824,309.2430,610.9416,320.7416,596.8947,311.4066,605.8581,317.7944,584.8821,312.6723,603.7261,328.4073,581.5249,312.5372,596.6080,324.4436,578.9999,313.9826,590.7788,323.5779,614.1171,322.9958,603.3167,314.0822,,,622.2491,220.1449,,,,
73529,0,,,,,,,,,,,,,,,,,596.1753,220.0377,615.8545,240.1792,591.0248,229.1353,616.6272,237.5870,602.4799,232.8922,612.7937,281.5434,592.8465,274.6851,608.2992,317.5581,598.4521,311.2132,,,,,,,595.1003,220.0130,,,598.6302,219.8862,,,587.6369,228.4615,613.9982,238.9898,592.4571,229.3286,618.5686,241.1704,594.4973,223.4324,609.2392,225.5934,617.1666,224.2994,623.8958,225.2752,591.5766,269.4094,616.0882,279.6088,596.3577,273.6878,606.5912,275.0919,597.3695,310.1208,611.1104,319.8217,598.2416,312.2347,606.0419,316.9926,586.2554,313.5155,603.6048,327.0626,583.2670,313.4561,596.5920,322.7053,580.8455,314.8742,590.8658,321.9352,614.4862,322.0558,604.2067,315.5923,,,619.2488,218.5928,,,,
73530,0,,,,,,,,,,,,,,,,,597.0082,219.2250,614.9750,239.5662,590.6839,229.0147,616.5257,237.8507,603.1460,233.5529,612.2702,281.8525,594.1193,275.0533,607.7455,317.4191,597.8764,311.6563,,,,,,,,,,,599.8807,219.2477,,,587.1939,228.2762,613.1169,238.5618,592.3052,228.9189,617.7625,240.5694,594.7795,222.8770,609.0918,226.7627,617.1571,223.9274,624.4023,225.3732,592.7490,269.5833,615.6255,279.8353,597.8050,274.0614,606.1540,275.4876,596.9661,310.5887,610.7924,319.7211,597.5623,312.7013,605.4979,316.7552,585.3249,313.9982,603.0493,326.8611,582.2715,313.5406,595.7964,322.7980,579.9316,314.8605,590.2289,321.8067,614.1628,321.8932,603.8444,316.4188,,,619.4206,217.7076,,,,
73531,0,,,,,,,,,,,,,,,630.0043,220.4188,598.0188,215.2971,614.5991,239.3248,594.6045,228.7541,616.0963,237.7231,603.6224,234.4903,611.6309,281.9164,596.0249,275.4841,607.5819,317.7744,598.0323,310.9497,,,,,,,,,628.2804,219.4655,609.8488,215.4708,632.3789,220.5842,589.7937,228.1690,612.6281,238.2675,596.4174,228.6557,617.4065,240.2864,593.9230,224.0785,607.7774,227.6300,617.3870,224.2416,623.7073,226.2505,594.7958,270.4265,614.6057,279.9724,599.2993,274.5603,605.8129,276.2458,597.1688,310.0085,610.5447,319.8543,597.7803,312.0030,605.3835,317.0898,585.4263,314.2572,602.4377,327.0911,582.4154,313.7021,595.1614,323.0504,580.1530,315.0716,589.5964,322.4778,613.8258,322.2722,603.8025,315.1464,,,619.2792,218.4108,,,,
73532,0,,,,,,,,,,,,,,,629.1458,220.2164,595.7601,215.1162,614.0088,239.3668,586.8911,229.6209,615.8071,238.2276,601.9293,234.6421,611.0084,281.9380,596.0411,275.9024,607.7186,317.4954,598.2354,310.6353,,,,,,,594.6039,215.0567,627.7091,219.0509,598.4578,215.3508,631.5086,220.3684,584.2007,228.9276,612.2097,238.3907,587.3066,229.3394,616.7761,240.1575,593.3799,224.7105,607.8761,228.2669,616.3824,225.0587,622.9116,226.7981,594.8113,270.5062,613.9984,279.7510,599.6178,274.7287,605.3559,276.3283,597.3293,309.6093,610.6752,319.6092,598.0086,311.6527,605.5129,316.7715,585.7691,313.5644,602.7002,327.0902,582.9623,313.3602,595.7149,322.8354,580.7449,314.9280,590.0437,322.3268,613.9229,321.9984,603.9092,314.5819,,,617.7346,218.3596,,,,
73533,0,,,,,,,,,,,,,,,628.3823,219.9689,595.2095,214.6107,613.6141,238.7192,585.5640,229.3149,615.5956,237.9391,601.5793,234.0178,610.3874,281.8660,595.9961,275.3318,607.6866,317.9473,597.9204,310.4136,,,,,,,594.1295,214.4292,627.1712,218.5036,597.7191,214.8656,630.9498,220.1905,582.5825,228.5768,611.7289,237.7827,585.9740,228.8953,616.4423,239.3654,592.9259,224.2870,608.3152,228.1125,615.4626,224.1692,622.5962,225.9306,594.7935,269.9368,613.5181,279.7060,599.5008,274.2510,604.3963,276.1329,596.9515,309.4552,610.5630,320.0653,597.6503,311.5068,605.4105,317.3249,585.6026,313.7111,602.7936,327.4327,582.7448,313.3239,595.6950,323.5372,580.4573,314.9076,589.9168,322.9072,613.9758,322.4203,603.8525,314.5358,,,617.6857,218.0835,,,,
73534,0,,,,,,,,,,,,,,,627.1071,219.8458,594.4973,214.7083,613.2078,239.7863,584.6463,229.7962,614.2872,237.2557,600.8258,233.8910,609.7938,281.0506,595.7352,275.7078,607.6090,317.6975,598.1130,310.8086,,,,,,,593.2463,214.5119,626.5475,218.5692,596.7413,214.8875,629.7428,219.9542,581.7445,228.9149,611.2925,238.7702,584.5759,229.5133,616.0144,240.4431,592.4033,223.8663,607.3877,227.9940,614.2832,223.5817,621.7211,225.2124,594.2280,270.5214,612.8752,278.9461,599.0446,274.3107,603.7433,275.5268,597.0506,309.8036,610.5154,319.5873,597.9067,311.8374,605.4185,317.0479,585.8271,314.1890,603.1696,327.1878,583.2415,313.8159,596.1247,323.2104,581.1412,315.2485,590.2324,322.7848,613.8069,321.9980,603.8621,314.9256,,,616.6144,217.9474,,,,
73535,0,,,,,,,,,,,,,,,626.1256,219.4187,594.9051,214.3386,612.5831,240.8619,584.0987,229.7314,614.0530,237.2997,601.3704,234.0469,609.4849,281.2985,596.0303,275.5908,607.6407,317.1806,598.1372,310.3532,,,,,,,593.1467,214.1203,625.5499,217.9365,597.0645,214.5256,628.7450,219.4672,581.1777,228.9279,610.6100,239.9266,583.9882,229.5030,615.4303,241.3933,592.2593,224.1252,606.2777,227.8548,615.0963,223.5788,621.7285,225.5173,594.4754,270.6876,612.4456,279.1228,598.9434,274.3861,603.5529,275.6318,597.2451,309.4008,610.4848,319.1380,597.8610,311.3408,605.4431,316.5295,585.8801,313.8417,602.8905,326.7112,582.9466,313.5829,595.7425,322.6009,580.5564,315.0415,589.9494,322.1073,613.8988,321.4306,603.7877,314.3094,,,617.1793,217.5925,,,,
73536,0,,,,,,,,,,,,,,,625.5726,219.0517,594.3258,214.0974,612.2363,240.5650,583.2869,228.7026,613.0318,237.3278,599.4177,234.0915,609.4709,281.3856,595.6951,275.6733,607.5856,317.4784,598.1177,310.4278,,,,,,,591.8568,213.7923,625.2832,217.6643,596.4175,214.2428,627.9412,219.1230,580.4029,227.6150,610.1743,239.5930,582.8831,228.5601,615.0197,241.0803,590.8151,223.6734,605.9931,227.9095,613.0879,223.3903,620.5208,225.2703,593.8790,270.4622,612.5302,279.2161,599.0333,274.3750,603.2514,275.7678,596.9079,309.3555,610.5358,319.4447,597.9737,311.3890,605.3220,316.8641,585.5946,313.9510,603.1651,327.2597,583.0686,313.8807,596.0746,322.9962,580.9726,315.3501,590.1600,322.4292,613.5857,321.8641,603.4420,314.4641,,,615.4891,217.2919,,,,
73537,0,,,,,,,,,,,,,,,624.8118,219.3298,594.0136,214.1922,611.1226,241.0223,583.6567,228.0410,612.1705,237.6689,598.8027,233.7610,609.3878,281.5562,595.8245,275.4712,607.4713,317.5631,598.0132,310.4546,,,,,,,591.9036,213.9641,624.2342,217.7777,596.5426,214.3248,627.2500,219.5798,580.8497,226.9814,609.0107,240.1285,583.4331,227.8728,613.9710,241.5436,590.4382,223.6581,605.1158,228.5115,611.5120,223.3756,618.6009,225.3809,594.1611,270.3041,612.3125,279.3569,598.7232,274.3936,603.3649,275.8768,596.9647,309.4713,610.2979,319.6206,597.7627,311.4128,605.3010,316.8869,585.5939,314.1181,603.2165,327.3377,582.8738,313.9322,596.1452,322.9672,580.5875,315.3260,590.2098,322.3589,613.4464,322.0329,603.3830,314.4379,,,613.9117,217.8473,,,,
73538,0,,,,,,,,,,,,,,,624.1404,219.1402,594.1195,214.1080,610.6189,241.0483,583.2458,227.8690,612.1145,237.4475,598.1791,233.5926,609.3458,280.8960,595.6771,275.1460,607.2982,317.6143,597.5866,310.4194,,,,,,,591.3086,213.9009,623.8766,217.6727,596.5030,214.1711,626.5374,219.3181,580.5091,226.9475,608.4862,240.0231,582.9264,227.7871,613.4808,241.4950,589.9458,223.6423,605.6175,228.5134,612.4654,223.1833,619.7137,225.4385,594.1216,270.0439,612.0736,278.7676,598.6771,274.1565,603.3309,275.3939,596.4591,309.3224,610.1405,319.5842,597.3958,311.3616,605.1173,316.9034,585.2568,314.0117,602.8685,327.3982,582.5389,313.7844,595.7976,322.9112,580.3251,315.1045,589.8789,322.1011,613.4659,321.8999,603.1757,314.3005,,,614.8080,217.5210,,,,
73539,0,,,,,,,,,,,,,,,623.7301,219.1852,593.0729,214.0737,609.5429,239.8996,582.8017,228.2510,611.2341,236.6580,596.8350,233.1477,608.7782,281.3880,595.1193,275.4808,607.1900,317.4938,597.7308,310.2486,,,,,,,590.6758,213.9620,623.3306,217.7344,595.7839,214.2866,626.2020,219.3674,580.0884,227.2762,607.6961,238.9431,582.5140,228.1647,612.1957,240.4657,589.2593,222.7842,604.5676,227.9397,610.7820,222.5797,618.1129,224.7598,593.3457,270.0515,611.5619,279.1271,598.1556,274.2939,602.9267,275.6997,596.6132,309.2037,610.1071,319.4537,597.5732,311.2046,605.0448,316.7251,585.5414,314.0082,603.0537,327.4376,583.1430,313.8030,595.8917,323.0604,581.2123,315.3129,590.0159,322.4147,613.2039,321.4737,603.1849,314.0842,,,613.4703,217.5919,,,,
73540,0,,,,,,,,,,,,,,,623.5640,219.2028,593.8986,214.1444,608.8273,240.0064,583.5730,228.4777,611.9288,236.3756,597.8018,233.3939,608.7176,280.5926,595.4367,275.1612,607.0162,317.9414,597.8652,310.6671,,,,,,,591.4475,214.0102,622.2962,217.6821,596.4997,214.3341,626.1862,219.3866,580.9105,227.3241,606.9442,238.7822,583.4177,228.3446,611.5491,240.6104,589.5707,223.1764,603.9799,227.3840,612.3553,222.3717,619.4022,224.5006,593.7911,269.9584,611.4276,278.3554,598.1947,273.8761,602.9202,275.0053,596.9875,309.6535,609.7328,319.9768,597.5501,311.6175,604.8728,317.2467,585.7941,314.3707,602.5384,327.7705,583.0947,314.1133,595.5099,323.3736,580.8006,315.6023,589.7628,322.8436,613.3292,322.4197,603.7552,314.8344,,,614.7940,217.6008,,,,
73541,0,,,,,,,,,,,,,,,623.0169,219.1799,593.2950,214.0399,608.2126,240.1971,583.1122,228.8709,611.3889,237.0538,598.5138,233.3112,608.0019,280.1251,595.0937,274.1626,606.9969,317.5732,597.8987,309.9012,,,,,,,589.7333,213.7965,621.7494,218.1149,595.8380,214.2281,625.7222,219.2751,579.7764,227.9200,606.2732,238.8491,583.3401,228.9735,610.6482,241.0506,590.1385,222.7106,603.7644,227.8318,612.7479,222.4331,619.0546,225.0366,593.6425,268.7723,610.5371,277.9903,597.0456,272.6124,602.8892,274.3851,597.1652,308.8543,609.6814,319.6064,597.4116,310.8700,604.8927,316.8021,585.9552,313.8344,602.4006,327.6087,582.6274,313.7190,595.4295,323.2057,579.9356,315.2685,589.5486,322.6316,613.3622,321.8454,603.5873,313.7921,,,614.7319,217.5186,,,,
73542,0,,,,,,,,,,,,,,,622.8880,219.2282,592.3772,214.0584,607.2904,239.7247,582.5367,228.4613,610.9836,237.0439,597.4773,233.3035,608.4081,280.8505,595.0164,274.4684,607.3910,317.4123,598.2065,309.6655,,,,,,,587.6228,213.8781,621.6222,218.1740,594.7949,214.2785,625.7047,219.3380,579.4033,227.4159,605.2065,238.2772,582.5717,228.6013,609.7795,240.6703,589.5053,222.6298,603.8925,227.8206,611.3477,222.2955,618.1480,224.7402,593.3163,269.0386,611.1240,278.4505,597.1530,273.0049,602.7922,274.9443,597.3543,308.6163,610.1466,319.5527,597.8654,310.6788,605.2496,316.6260,586.0898,313.7462,602.7863,327.5851,582.8103,313.6989,595.6226,323.2521,580.1191,315.3149,589.6829,322.7558,613.6023,321.8543,603.7317,313.6900,,,614.2437,217.4899,,,,
73543,0,,,,,,,,,,,,,,,622.2731,219.3844,591.8203,214.0524,606.0380,239.6457,581.8010,229.9244,610.2997,237.5378,596.5425,233.8798,608.4582,281.2014,594.7923,275.0217,607.3450,317.7666,597.9550,310.4433,,,,,,,587.2953,213.8067,621.1436,218.3244,594.0051,214.1319,624.8958,219.6024,578.4269,228.8106,603.9894,238.0853,581.5193,229.8963,608.3507,240.5516,588.8366,223.7244,602.9644,228.3546,610.8166,223.0203,617.7356,225.4223,593.1341,269.4036,611.1836,278.8796,597.2371,273.6485,602.7519,275.3930,597.0586,309.3168,610.2185,319.7628,597.5849,311.4109,605.1987,317.0717,585.9463,314.3300,602.9275,327.8455,582.7808,314.3669,595.7129,323.6937,580.1715,316.0540,589.7307,323.3438,613.3927,322.0245,603.5342,314.4296,,,613.7823,218.0204,,,,
73544,0,,,,,,,,,,,,,,,622.1781,219.5676,591.7739,214.2421,605.9608,239.6892,581.7531,229.5958,610.7458,237.4539,596.9950,233.4017,608.3995,280.7459,594.9253,275.2118,607.2323,318.1756,597.7311,310.8474,,,,,,,587.3218,213.9466,621.0447,218.4811,593.8199,214.3020,624.8984,219.8227,578.3313,228.4158,603.8396,238.0292,581.3431,229.7057,608.3678,240.7288,589.5080,223.2131,603.4243,228.1398,610.9789,222.7848,617.7586,225.4861,593.3326,269.8066,611.2116,278.3261,597.3239,273.6071,602.6712,274.8890,596.8208,309.7395,610.0654,320.3075,597.3672,311.8098,605.0184,317.4350,585.6064,314.7519,602.8510,328.5247,582.4158,314.8321,595.5014,324.2335,579.7793,316.2802,589.5061,323.8338,613.1923,322.4908,603.2547,314.8306,,,614.0877,218.0171,,,,
73545,0,,,,,,,,,,,,,,,621.8114,219.7925,591.2444,215.0824,604.8330,240.2395,581.4268,230.4279,610.8241,238.0586,596.7011,234.3590,608.5750,281.4005,595.1656,276.1688,607.2579,317.9637,597.5098,310.9157,,,,,,,587.4206,213.8228,620.7340,218.5926,593.4486,215.0437,624.4324,220.0991,578.1496,229.0956,602.9318,238.4662,580.8318,230.4335,607.1400,241.3650,589.3624,224.6302,603.3295,228.6467,610.2713,223.4224,617.3398,225.8770,593.5748,270.8443,611.3764,278.9996,597.8826,274.8595,602.7140,275.7544,596.5498,309.7774,610.1440,320.0685,597.1868,311.8405,605.0397,317.2996,585.5616,314.6965,603.2253,328.1305,582.7823,314.6277,596.0751,323.7992,580.4188,316.2776,590.0935,323.3743,613.0470,322.2351,603.1131,314.6684,,,613.1557,218.2989,,,,
73546,0,,,,,,,,,,,,,,,621.9142,219.7047,591.1441,215.1730,604.9617,240.1240,580.8317,230.5284,610.2662,237.9149,596.1581,234.6033,608.6766,281.4490,595.0805,276.2873,607.2799,317.7263,597.6234,310.6174,,,,,,,587.2156,213.9345,621.1155,218.5709,593.4517,215.2285,624.4929,220.0020,577.5445,229.1403,602.9779,238.3729,580.2191,230.4964,607.4128,241.2896,588.9924,224.5874,603.3190,228.4630,609.6740,223.4263,616.9397,225.8551,593.4027,270.8005,611.5402,279.0423,597.9062,274.9650,602.6969,275.7125,596.6066,309.5373,610.2389,319.8466,597.3314,311.5799,605.0515,317.0099,585.7144,314.4641,603.1654,327.7532,582.9010,314.3799,596.0159,323.4051,580.4811,316.1049,590.0236,322.9579,613.0361,322.0229,603.2065,314.4147,,,612.8187,218.2773,,,,
73547,0,,,,,,,,,,,,,,,621.9808,219.7463,591.1397,215.2500,605.4830,240.0870,580.3002,230.5107,610.6179,237.6530,596.4053,234.2689,608.3740,280.8736,595.1571,275.8050,607.4114,317.9075,597.8067,310.7640,,,,,,,587.4227,214.0389,620.9478,218.6590,593.4464,215.3145,624.5714,219.9561,576.9386,229.2222,603.4600,238.5866,579.8580,230.4249,607.9594,241.1665,588.8326,224.3973,603.6077,228.4525,610.1754,223.4486,617.2677,225.9077,593.5420,270.4136,611.3820,278.3416,597.6928,274.1787,602.5968,275.1185,596.8836,309.7183,610.2950,319.9554,597.4698,311.7275,605.2474,317.2066,585.6782,314.6321,603.1818,328.1709,582.8455,314.4623,596.0574,323.7171,580.4256,316.1123,590.1473,323.2995,613.2896,322.2912,603.5354,314.8291,,,613.4620,218.4299,,,,
73548,0,,,,,,,,,,,,,,,622.2836,219.6608,591.5292,214.2855,606.1126,239.6444,579.9864,230.4104,610.7447,237.2985,596.8378,234.6083,608.2720,280.9226,594.8837,275.3812,607.3688,317.7056,597.6054,310.4900,,,,,,,587.4718,214.0457,621.0059,218.6046,593.9044,214.3087,624.9789,219.8467,576.8068,229.1312,603.9608,238.0635,579.8018,230.4349,608.5824,240.7533,589.3643,224.4935,603.9412,227.9356,611.2422,223.0133,618.3220,225.5156,593.1695,269.8138,611.1361,278.3757,597.2760,274.0057,602.6119,275.0885,596.6494,309.3556,610.2193,319.7870,597.2573,311.4436,605.1190,317.0278,585.2949,313.8756,602.8425,327.7259,582.3881,313.6544,595.5898,323.4533,579.9711,315.3010,589.6184,322.9961,613.3606,322.1094,603.3665,314.5353,,,614.6227,217.8712,,,,
73549,0,,,,,,,,,,,,,,,622.9210,219.6339,591.8588,214.0444,606.7503,239.7940,580.2861,229.6254,610.6851,237.8423,595.8882,234.5119,608.1625,281.1930,595.2273,275.6105,607.3786,317.4625,597.6299,310.0564,,,,,,,587.4768,213.8117,622.0692,218.5429,594.3315,214.1434,625.3714,219.8557,577.0253,228.4547,604.7307,238.2370,579.8248,229.5618,609.1406,240.7544,588.5632,224.6171,604.0281,228.7261,609.9788,223.2080,617.4430,225.7028,593.4098,269.9649,611.0753,278.9518,598.0890,274.2551,602.5512,275.3396,596.5964,308.9431,610.2840,319.5373,597.2668,311.0287,605.0946,316.8032,585.2160,313.8030,603.1876,327.6683,582.4777,313.8216,595.9365,323.3357,580.1412,315.5279,589.9347,322.7962,613.2457,321.8333,603.1893,314.0986,,,613.1345,218.1357,,,,
73550,0,,,,,,,,,,,,,,,623.3851,219.7415,592.1455,213.8762,607.5722,240.2310,580.0368,229.0003,611.1894,237.4483,596.5090,234.5103,608.0884,281.1428,595.0660,275.4943,607.3305,317.8153,597.6758,310.4097,,,,,,,588.5725,213.6367,622.1833,218.5395,594.8687,214.0710,626.0605,219.8063,576.7239,227.9253,605.6098,238.8272,579.7487,229.0441,610.0371,241.1422,588.6890,224.4879,604.7672,228.8190,610.4713,222.7860,617.9118,225.5387,593.3465,270.1158,610.8876,278.9344,597.5161,274.4670,602.4223,275.4841,596.6729,309.3055,610.0833,319.9437,597.3531,311.3869,605.1265,317.1445,585.2477,313.9681,602.8030,327.7286,582.3917,313.9462,595.6764,323.4172,580.0557,315.6731,589.8033,322.9020,613.4267,322.2160,603.1105,314.4132,,,613.7417,217.7258,,,,
73551,0,,,,,,,,,,,,,,,623.6576,219.6608,591.8516,213.8636,608.0899,241.2135,579.5725,228.6579,611.4374,238.7334,596.3480,235.4112,608.4074,281.4265,595.0898,275.8018,607.2884,317.8037,597.3531,310.5157,,,,,,,588.2638,213.5950,622.6195,218.6637,594.6134,214.0848,626.2683,219.9133,576.2994,227.7862,606.3331,239.7659,579.3616,228.6847,610.5088,242.2405,588.7812,225.4715,604.3328,230.0564,610.2914,224.5167,617.7091,226.9650,593.2950,270.5685,611.2751,279.4215,598.1475,274.8770,602.5656,276.0208,596.3985,309.4479,610.1154,319.8166,597.0599,311.5090,605.1061,317.0310,585.3276,314.3076,603.0351,327.6368,582.7272,314.0464,595.9419,323.2172,580.4986,315.5407,590.0641,322.7558,613.1533,321.9910,602.9269,314.5972,,,613.1563,218.0921,618.5113,216.0380,,
73552,0,,,,,,,,,,,,,,,623.6759,219.6958,593.0262,214.0055,609.1167,240.8251,580.6860,228.4427,612.1267,238.2381,597.4899,235.3943,608.8452,282.0196,595.1038,276.1795,607.1945,317.9480,597.1800,310.4778,,,,,,,591.2052,213.8600,622.7572,218.7870,595.7712,214.2190,625.9993,219.9057,577.7394,227.5489,607.1937,239.4367,580.8094,228.2596,611.7701,241.9607,589.7131,225.1086,605.3732,229.6525,612.0042,224.3781,619.2825,226.7676,593.2614,270.9441,611.6216,279.9267,598.1432,275.2322,603.0718,276.6518,596.2511,309.3178,609.9940,319.9410,596.9025,311.5587,605.0012,317.2131,585.2382,314.3359,603.0070,327.8932,582.6910,314.1904,595.8635,323.7907,580.4948,315.8801,590.0052,323.4004,613.0690,321.9306,602.8478,314.2341,,,614.3862,217.9913,,,,
73553,0,,,,,,,,,,,,,,,623.9401,219.6851,591.9102,214.0028,610.3758,240.7700,579.2210,228.9039,612.0172,238.3303,598.6647,235.2311,608.7125,281.4383,595.6848,276.0890,607.4429,317.4577,598.1788,310.1186,,,,,,,589.3851,213.8118,623.0776,218.7144,594.5340,214.2191,626.2904,219.7657,575.9701,228.3200,608.3829,239.5581,579.4778,228.6493,612.9336,241.7598,589.9106,225.5073,604.5726,229.3391,612.4815,224.6739,618.7029,226.6976,594.1910,270.9157,611.3022,279.1397,598.2667,274.9437,603.3140,276.2294,597.4061,309.1185,610.0355,319.3626,597.8796,311.0116,605.3347,316.7695,586.3794,313.6018,602.7011,326.9087,583.6134,313.5323,595.6697,322.8421,581.4385,315.0990,589.8571,322.3898,613.5864,321.7747,603.6795,313.9635,,,614.3600,218.0088,,,,
73554,0,,,,,,,,,,,,,,,624.4509,219.6136,591.8623,213.8728,611.1491,240.8308,578.3096,228.5135,611.5944,237.7343,597.7359,234.3657,608.7218,281.5991,595.4028,275.9395,607.4805,317.5267,598.0293,310.3726,,,,,,,589.0026,213.6496,624.2807,218.6165,594.7944,214.1705,626.7346,219.7408,575.3313,227.9255,609.2880,239.9525,578.7325,228.3227,613.9227,241.7191,589.1683,224.6292,604.8019,228.7373,610.7990,223.9655,617.5794,226.0354,593.8976,270.7309,611.3115,279.5911,598.4776,274.8848,603.2118,276.1871,597.1053,309.3901,610.0815,319.4503,597.7645,311.3899,605.2625,316.8670,585.6920,313.8463,602.7719,327.1489,583.0547,313.6705,595.7486,323.0922,580.7866,315.1352,589.9109,322.6476,613.4727,321.5431,603.5285,314.3331,,,613.4728,217.8297,,,,
73555,0,,,,,,,,,,,,,,,625.3286,219.4224,592.1134,213.8674,612.2031,240.4458,578.9973,228.2139,612.2670,238.2046,598.0133,234.0331,608.8355,281.7541,595.3987,275.5882,607.6396,317.6519,598.1445,311.1153,,,,,,,589.9886,213.7950,625.4641,217.7539,594.9143,214.1683,627.4654,219.4997,575.9300,227.4847,610.5055,239.7551,579.4692,227.9623,614.8978,241.3658,589.4907,224.6013,605.3123,228.7442,611.6310,224.4599,618.3431,226.5495,593.8130,270.4726,611.4954,279.8719,598.4595,274.8246,603.2212,276.2199,597.1810,310.1576,610.2543,319.4476,597.9352,312.1050,605.4468,316.9321,585.8738,314.0514,602.9668,326.7809,583.3182,313.7032,595.8845,322.7454,581.1512,314.9780,589.9804,322.1962,613.7028,321.6257,603.6079,315.0752,,,613.9989,217.7277,619.2798,216.0471,,
73556,0,,,,,,,,,,,,,,,625.5152,219.5545,591.5795,213.8817,612.7501,240.2826,577.4661,228.5233,612.3050,238.0280,597.8355,234.1926,609.0364,281.8613,595.5590,275.5583,607.7270,317.4541,597.9432,310.8163,,,,,,,589.1277,213.7426,625.8130,218.4381,594.4659,214.1870,627.3166,219.6426,574.8654,227.4967,611.2662,239.5709,578.1049,228.2865,615.4515,240.9379,589.1483,224.8819,605.8349,228.1395,611.2042,224.4198,617.9819,226.5629,594.0075,270.5714,611.6693,280.0217,598.5165,274.7381,603.2383,276.1554,597.0291,309.9664,610.4276,319.1970,597.6489,311.7822,605.4545,316.7462,585.5996,313.7621,603.1384,326.3762,582.8047,313.2798,595.9408,322.4549,580.4491,314.4052,590.0551,321.7705,613.6932,321.6060,603.3796,314.7229,,,613.8246,217.6515,619.7126,215.9493,,
73557,0,,,,,,,,,,,,,,,626.2404,219.2009,591.8764,214.1549,615.3389,237.6221,578.1685,227.7425,612.3333,237.1516,597.8431,233.8298,609.0018,281.2783,595.7671,275.1701,607.6125,317.8073,597.9932,311.1552,,,,,,,589.5080,213.9228,626.9209,217.8412,594.8103,214.4821,628.1877,219.0964,575.4291,226.6668,613.8048,237.2790,578.6899,227.6953,618.0325,238.4700,589.2335,223.8065,606.3145,226.8929,610.9094,223.5721,618.3457,225.4997,594.1689,270.3056,611.8320,279.0319,598.5911,274.3303,603.1827,275.6660,597.0807,310.3699,610.2516,319.5808,597.6733,312.0496,605.3302,316.9909,585.4907,314.2017,603.0819,326.8266,582.8179,313.6818,595.9331,322.8898,580.4911,314.7616,590.0474,322.1405,613.6079,321.9449,603.5470,315.1475,,,613.4706,217.4209,,,,
73558,0,,,,,,,,,,,,,,,625.8715,218.8759,591.1290,214.1226,616.2364,239.0823,576.7092,233.9328,611.0358,237.0863,596.8545,235.0297,609.0979,281.9362,595.4350,275.9690,607.6012,318.0032,597.6038,311.6788,,,,,,,588.2499,217.1071,626.7401,213.8205,593.3505,214.9349,627.3616,219.0422,574.4158,233.2328,614.9124,238.6472,577.0476,234.3156,618.8568,239.7468,588.8676,225.6771,605.7374,228.6275,609.3868,225.5396,616.4313,226.6590,593.6490,271.1496,612.0220,279.7413,598.4718,275.1705,603.1529,276.2832,596.6172,310.5411,610.3345,319.8215,597.3601,312.6893,605.3197,317.2544,585.2191,314.2978,603.2801,327.4285,582.7261,313.9106,596.1250,323.5295,580.5532,315.1656,590.2133,322.5922,613.4029,321.9538,603.1494,315.9462,,,611.5456,218.7972,613.9738,216.0024,,
73559,0,,,,,,,,,,,,,,,627.3294,218.8217,591.7629,214.2129,617.2500,237.6658,576.9131,228.4036,611.4296,238.1535,596.9580,235.2655,609.1653,281.6775,595.5373,276.2068,607.6880,317.3172,597.5606,310.7395,,,,,,,589.1818,213.8433,627.7028,217.9023,594.2546,214.2397,629.3384,218.8604,574.3709,227.4173,616.0178,237.4804,577.5597,228.3483,619.6668,238.4621,589.3492,225.9403,606.4027,228.9784,610.3307,225.5695,617.5136,227.1726,593.7635,271.1146,612.0734,279.3207,598.7818,275.1476,603.3561,276.3764,596.4955,309.7715,610.4156,318.9691,597.2815,311.6532,605.3334,316.7627,584.9034,313.8371,603.3071,326.6004,582.5294,313.5467,596.1263,322.8739,580.3618,314.9187,590.1471,322.2218,613.5162,321.2545,603.2166,314.2191,,,612.8684,218.9682,618.4394,216.0674,,
73560,0,,,,,,,,,,,,,,,626.7893,219.1863,591.5112,214.2629,617.5604,237.9559,576.2104,228.2663,610.3754,237.8210,596.0504,234.8128,609.2035,281.8458,595.1319,276.5188,607.6728,317.7523,597.4749,311.2428,,,,,,,589.0150,214.0088,627.3439,217.9586,593.7348,215.3524,628.5192,219.2096,573.9071,227.3653,616.8816,237.7487,576.7196,228.1257,619.9440,239.0107,588.9860,225.2691,606.2688,228.2384,608.8982,225.3667,616.5379,226.8538,593.1357,271.3110,612.3000,279.4067,598.4277,274.9720,603.2721,276.0647,596.3660,310.3405,610.4339,319.4735,597.2374,312.1317,605.3583,317.1534,585.1285,314.5588,603.8144,327.3325,582.9218,314.3012,596.7388,323.4462,580.9001,315.6128,590.7500,322.7747,613.1989,321.9138,603.0358,314.8821,,,612.1253,217.5963,616.3784,216.2173,,
73561,0,,,,,,,,,,,,,,,628.3840,215.3299,591.8349,217.5153,619.3898,232.0554,576.4435,233.1549,610.4029,235.3630,597.2693,235.8437,609.2182,280.3442,595.5577,275.5349,607.5955,317.2254,597.7178,311.2171,,,,,,,589.4006,217.3623,628.1984,214.2689,594.5329,217.6989,630.0399,215.6431,573.8710,232.3369,618.1886,231.0751,577.1094,233.4959,621.6096,232.0356,589.2994,227.4374,605.0904,226.1094,610.3986,224.6663,617.3107,225.6444,593.7425,270.2723,612.0868,277.9279,598.3108,274.3313,603.3586,275.1834,596.7514,310.2092,610.2024,319.1826,597.3802,312.0183,605.2913,316.4221,584.9400,313.9791,603.0221,326.6848,582.4186,313.6483,595.9790,322.5634,580.1670,314.6996,589.9598,321.5250,613.3318,321.4939,603.5704,314.7420,,,612.4034,218.1818,,,,
73562,0,,,,,,,,,,,,,,,627.9609,219.1525,591.8633,214.2982,618.0127,238.6705,577.1270,228.3010,610.9833,237.8772,596.7463,234.1934,608.9913,282.0493,594.7272,276.1160,607.5554,318.2385,597.5752,311.4820,,,,,,,589.1584,214.0592,,,594.5812,214.6635,629.2593,219.3236,574.5869,227.3424,617.2461,238.1879,577.6717,228.3286,620.3818,239.5939,589.0707,225.1015,606.5017,228.0488,609.4071,225.2703,617.1833,226.9687,592.8718,270.9202,612.0754,279.8054,597.7785,274.7867,603.0142,276.3059,596.5415,310.4450,610.3836,319.9506,597.2334,312.4005,605.2204,317.6163,584.9537,314.2661,603.4134,327.6377,582.5030,313.9830,596.3314,323.6171,580.3854,315.1968,590.2115,322.7813,613.1271,322.6599,603.2698,315.2923,,,612.4004,217.5387,618.1229,216.4374,,
73563,0,,,,,,,,,,,,,,,628.4202,219.0980,592.3138,214.0518,618.3730,238.0240,577.1965,227.9367,611.2785,237.4689,597.5509,234.0081,609.1105,281.2771,595.0590,275.2708,607.4801,317.9475,597.6704,310.7514,,,,,,,589.3049,213.7649,629.1455,217.7087,595.0009,214.3404,629.8609,219.2626,574.6106,226.6873,617.3451,237.6080,577.7401,227.7270,620.9528,239.2555,589.9240,224.9168,606.5076,227.6898,611.1021,224.3965,618.5192,226.1912,593.2955,270.2308,611.9921,279.0740,597.9383,274.3251,603.0146,275.8740,596.6576,309.7080,610.2063,319.7709,597.3758,311.7255,605.1799,317.3509,584.9824,313.4477,602.9947,327.3502,582.4334,313.2295,595.8224,323.3648,580.2392,314.7384,589.9046,322.6952,613.2658,322.1338,603.4044,314.4563,,,614.4455,218.4943,620.6938,216.1327,,
73564,0,,,,,,,,,,,,,,,628.6527,215.7892,592.6356,217.2161,617.8562,233.2514,577.9396,232.4010,612.8961,238.5985,598.0929,235.6209,609.4616,281.5041,595.1652,275.9362,607.5958,317.6266,597.6299,311.3749,,,,,,,589.8756,217.1484,,,595.5412,217.2260,630.3571,219.5109,575.3550,231.5589,616.2771,232.0576,578.3943,232.6657,620.8536,233.4291,589.9746,225.5601,607.3993,228.2477,611.4512,225.2361,619.3040,226.9477,593.2981,270.6832,612.7416,279.2187,598.3086,274.6457,603.0248,275.9136,596.5038,310.3369,610.3263,319.6269,597.3966,312.2332,605.3101,316.9807,584.9107,314.3708,603.2449,327.3079,582.4818,314.0944,596.1353,323.1671,580.3469,315.1752,590.1799,322.1847,613.3931,321.7004,603.3152,314.6090,,,615.2965,218.6769,621.4645,215.9818,,
73565,0,,,,,,,,,,,,,,,,,593.6171,214.0118,615.8207,239.3015,579.5353,226.5938,614.1041,236.0371,599.2118,233.3298,609.3043,281.4299,595.3646,275.4168,606.9962,318.4201,597.8102,311.5929,,,,,,,,,,,596.0240,214.4623,,,576.8183,225.6010,614.1040,238.6286,579.6740,226.5831,619.1536,232.6000,591.2150,222.9595,607.4216,225.7493,613.7795,222.8216,620.9426,224.3970,593.6027,270.4386,612.3662,279.3076,598.1100,274.3383,603.2409,275.6426,596.8751,310.7150,609.7476,320.4176,597.4741,312.6292,604.7028,317.8822,585.0651,314.4905,602.2936,328.0100,582.4349,314.1310,594.9991,323.8668,580.2334,315.2957,589.3737,323.0411,612.9088,322.6751,603.3585,315.7197,,,617.0227,217.6386,,,,
73566,0,,,,,,,,,,,,,,,628.7430,216.8095,593.3681,217.6943,614.6207,233.4973,579.5057,234.7912,614.0997,235.8345,598.9006,235.8086,609.4722,278.3933,595.6067,277.8762,607.3748,316.6167,597.0618,313.9948,,,,,,,590.4021,217.7697,,,595.9955,217.8002,630.8878,217.4554,576.4786,233.9737,612.8822,232.4345,579.5814,234.9427,617.4270,233.5659,590.6562,226.3649,607.2906,226.2175,613.1012,224.0978,620.4754,225.9541,593.8845,274.0917,612.6724,274.3909,598.3983,274.7122,603.1904,275.0882,596.2189,315.0946,610.1778,319.6027,596.6893,314.0668,605.0182,316.1102,584.3542,321.0756,602.5159,327.9233,581.6569,318.0601,595.7943,317.0029,579.5561,315.5845,590.1661,316.9196,613.5236,320.6264,603.0009,318.6887,,,617.3249,218.1578,,,,
73567,0,,,,,,,,,,,,,,,629.3229,216.6058,593.5806,217.8850,613.9026,233.2338,580.7151,235.0011,614.7400,235.9576,599.6446,235.0928,609.4048,278.8040,594.7585,277.7959,607.3113,315.6071,597.9079,315.0233,,,,,,,590.0732,217.9107,,,595.9716,218.0265,,,577.5365,234.2158,612.0068,232.2633,580.4958,235.2981,616.8997,233.6125,591.9045,225.4176,608.0694,225.7592,613.7384,224.2075,621.1977,225.6815,592.9861,273.8587,612.7629,275.2054,597.7140,274.4984,603.0382,274.9733,596.7831,315.9680,610.4502,315.7622,597.6854,315.0748,604.8988,315.8771,585.2616,321.1561,603.7729,320.4858,582.8417,318.3645,596.4657,316.8184,580.8222,316.8734,590.6472,316.2431,613.2024,320.2543,603.3102,319.7634,,,617.8275,218.3801,,,,
73568,0,,,,,,,,,,,,,,,628.9996,220.8739,594.1273,214.5562,612.6279,240.9879,582.7732,228.5564,614.9916,237.7528,599.9827,233.9030,609.2428,281.9494,595.4461,276.0586,607.2291,318.2246,598.2243,311.3490,,,,,,,590.7924,214.2046,627.7410,219.5549,596.3844,214.7744,631.5461,221.4302,579.6767,228.1110,610.6278,239.6173,582.4849,228.3516,615.5410,242.0418,592.1080,223.8240,607.7687,227.9182,614.2528,223.9980,621.3296,226.3009,593.8121,270.6530,612.2969,279.6024,598.4408,274.8543,603.1928,276.2720,597.2667,310.2886,610.0824,320.1686,597.9268,312.4089,604.8537,317.7421,585.6249,314.3351,602.7339,327.8553,583.0416,313.9296,595.4235,323.9460,580.7835,315.2769,589.8194,323.2347,613.1592,322.2756,603.7132,315.3013,,,618.0671,218.7484,,,,
73569,0,,,,,,,,,,,,,,,628.3833,221.5490,593.9930,214.6172,612.0793,241.1671,584.3320,229.7024,613.9092,238.9273,600.3141,234.2659,609.1987,282.0364,595.9340,275.4905,607.1311,318.6124,598.3853,310.9232,,,,,,,591.1423,214.4465,626.8786,220.1232,596.1162,214.8499,631.2395,221.9214,581.1038,229.1807,609.9180,239.6199,584.4346,229.5575,614.7054,242.3713,592.8905,223.8977,606.7298,228.7850,615.2713,224.1305,621.3680,226.7919,594.4983,270.3517,612.0079,280.1455,598.7215,274.7358,603.5725,276.4874,597.6463,309.9463,609.8726,320.5636,598.0178,312.0042,604.8675,318.0145,585.9785,314.0725,602.3385,328.7209,583.0335,313.7815,594.9275,324.7408,580.6428,315.2991,589.3055,324.1892,613.3971,322.3784,604.1719,314.7313,,,618.3843,219.2216,,,,
73571,0,,,,,,,,,,,,,,,627.0169,221.3526,599.3200,214.8023,611.2873,242.4454,589.4058,230.9556,613.1452,239.6024,599.5613,235.3674,609.3537,282.2293,595.8804,275.8628,607.2141,319.1097,598.1880,311.2527,,,,,,,597.5725,214.5496,625.3505,220.0025,607.4108,214.9886,630.1868,221.8157,586.2881,229.7766,609.2095,240.9853,590.5812,230.8900,613.9727,243.7538,591.4839,224.6789,605.3234,229.6882,615.1515,225.3778,620.5909,228.3570,594.6893,270.2203,612.0720,279.9139,598.4791,274.5442,603.9143,276.1952,597.4881,310.0630,609.9557,321.2832,597.7944,312.2830,605.0057,318.5353,585.7118,314.4965,602.1583,329.1320,582.6558,314.2034,594.9403,324.8519,580.1716,315.6775,589.4689,323.9923,613.4105,323.5695,604.0012,315.1280,,,617.6811,219.7251,,,,
73572,0,,,,,,,,,,,,,,,626.6618,221.3728,603.3000,215.9966,611.0414,242.6159,591.7685,231.6498,612.7621,240.1828,599.8725,235.4785,609.5355,282.6947,595.6796,275.6901,607.2758,318.8647,598.7346,310.7182,,,,,,,597.9489,214.6913,625.1897,219.9281,607.9040,215.1765,629.8664,221.7800,588.6518,230.4389,609.0209,240.9595,593.4852,231.6044,613.6140,243.7346,592.0247,225.1346,605.1676,229.5913,615.0214,225.5201,620.3348,228.6194,594.4817,270.2463,612.1205,280.7794,598.0596,275.0678,604.1532,276.9992,598.0801,309.7253,609.9739,320.9719,598.3329,311.8505,605.1183,318.3859,586.5186,314.1673,602.3496,328.8583,583.4508,313.9658,595.1989,324.8828,580.8395,315.5520,589.6798,324.3758,613.4023,323.1524,604.1802,314.7490,,,617.0651,219.8934,,,,
73573,0,,,,,,,,,,,,,,,626.5960,221.2729,603.2984,216.1888,610.7874,241.8395,592.9862,230.3586,613.0917,239.7036,599.7982,234.6873,609.5378,282.0980,595.5997,275.1287,607.4047,318.3919,598.5318,310.7805,,,,,,,598.0859,214.7467,625.5501,219.7949,607.5114,215.2799,629.6150,221.6387,589.7557,229.3074,608.9968,240.2687,594.2111,230.5577,613.1799,242.8308,591.9553,224.2681,605.5992,229.1528,614.2876,225.6640,620.1292,228.3197,594.3285,269.7882,612.2000,280.1604,597.9852,274.6324,604.0948,276.4520,597.8029,309.6889,610.0910,320.4523,598.2225,311.8579,605.2024,317.7645,586.5318,313.8679,602.6765,328.4037,583.6559,313.5585,595.6573,324.4905,581.1863,315.0349,590.0257,324.1730,613.5026,322.4780,603.9614,314.8136,,,616.5886,219.9648,,,,
73574,0,,,,,,,,,,,,,,,626.2793,221.2949,603.5426,216.4981,610.4566,241.3154,592.1106,231.0269,612.8705,240.5338,599.6462,235.7936,609.4571,282.2453,595.5617,276.0916,607.2517,318.8086,598.2658,311.0051,,,,,,,598.5727,214.7973,625.2549,219.9447,606.9960,216.3906,629.2636,221.6700,589.2430,229.9716,608.6776,239.8713,593.6151,231.2915,612.7871,242.2249,592.1264,225.6809,605.9332,230.2762,614.4991,226.4920,620.2729,229.1919,594.1487,270.9098,612.1971,280.2873,598.0166,275.5101,603.9058,276.7789,597.5184,309.8943,610.0123,321.0572,597.9228,312.0504,605.1555,318.1696,586.4747,314.3542,602.6502,329.0619,583.5575,314.0508,595.7892,324.7357,581.0426,315.5184,590.1215,324.3137,613.3569,323.2176,603.7228,314.9907,,,616.7714,220.1838,,,,
73577,0,,,,,,,,,,,,,,,627.1710,221.2881,595.8120,214.3809,610.4650,242.1931,588.1420,231.2658,614.0039,240.5798,601.6742,235.5966,609.4767,281.6231,596.7445,275.5322,607.0366,318.3322,597.9593,310.9758,,,,,,,594.9900,214.2311,625.6512,219.8185,598.2330,214.6333,630.1530,221.6370,585.2990,230.3887,608.7969,240.6330,588.9695,231.1063,612.6942,243.4130,593.0817,225.3538,606.7459,230.7192,616.1654,225.5703,621.6836,228.7024,595.4947,269.9353,612.1364,279.6348,598.9603,274.3245,604.1282,275.8671,597.5242,310.0999,609.7876,320.4161,597.3862,312.1095,604.8673,317.8162,586.0926,314.4210,601.9015,327.9334,582.7198,314.1842,594.7079,324.3294,580.1500,315.9590,589.2129,324.0835,613.7651,322.4868,604.0440,315.3087,,,618.6711,219.3588,626.4201,216.7639,,
73578,0,,,,,,,,,,,,,,,627.2078,221.4150,593.6716,214.4877,610.3213,242.3598,585.0727,230.6333,613.8833,240.0002,600.7075,235.5614,609.6525,281.8891,596.5287,275.5871,607.2830,318.8510,597.8660,311.2923,,,,,,,591.4645,214.3851,625.4533,219.9050,595.8797,214.6783,630.3265,221.7624,581.9156,229.5973,608.6419,240.8015,585.1059,230.6205,612.5752,243.7796,592.8691,225.3915,606.9329,230.2535,615.1197,225.0913,621.3167,228.2520,595.1307,270.0070,612.3096,279.9302,599.2657,274.5161,604.3588,276.1841,597.3600,310.4165,610.0997,320.9843,597.3764,312.3302,605.0695,318.3177,585.9271,314.4954,602.2565,328.1673,582.8936,314.0753,595.3023,324.5106,580.5420,315.6505,589.6094,323.8733,613.7221,323.4990,603.8392,315.4514,,,617.9683,219.3679,,,,
73579,0,,,,,,,,,,,,,,,627.0255,221.4590,593.3740,214.5510,610.4710,242.6055,583.5765,230.4364,613.8656,240.4920,600.6738,235.5780,609.6534,282.1384,596.4304,275.9819,607.2899,318.3549,598.1801,311.0808,,,,,,,589.7511,214.4236,625.2655,219.9926,595.5523,214.7519,630.2711,221.8033,580.3219,229.5218,608.7376,241.0221,583.4561,230.2409,612.9022,243.7634,592.7350,225.1822,607.1365,230.6149,614.5422,225.0066,621.1115,228.5781,595.2677,270.5664,612.2855,280.3718,598.9750,274.9106,604.2068,276.5029,597.5334,310.1825,610.0410,320.4775,597.6433,312.2037,605.0859,317.7119,585.9748,314.3512,602.3236,327.8756,582.8178,314.1457,595.2309,324.1357,580.2812,315.7843,589.6467,323.7188,613.6205,322.5897,604.2014,315.3685,,,617.8846,219.5315,,,,
73580,0,,,,,,,,,,,,,,,627.2828,221.1232,593.6111,214.5737,610.7385,242.2904,582.6889,230.0710,613.9527,240.1377,599.7545,235.3132,609.6513,282.1735,596.1059,276.2316,607.4158,318.6903,598.2330,310.9162,,,,,,,589.7209,214.3731,625.6319,219.6723,596.1309,214.8368,630.4073,221.4748,579.2733,229.2994,608.9394,240.7453,582.4836,229.7637,613.3064,243.3675,591.9338,224.9733,607.4522,230.0999,614.0171,224.5763,620.8615,228.0722,594.8092,271.0268,612.4598,280.3328,598.7306,275.2560,603.9833,276.7821,597.3809,309.9411,610.2848,320.8471,597.8343,312.0804,605.1181,318.1712,586.0290,314.1994,602.5939,328.3449,582.9390,314.0720,595.4178,324.5959,580.4210,315.8310,589.7855,324.1624,613.5220,323.0841,604.1689,315.0685,,,617.4815,218.9541,,,,
73581,0,,,,,,,,,,,,,,,627.1966,220.9590,594.3752,214.6926,610.3848,242.3227,582.3103,229.2783,614.0228,240.3697,600.2229,235.6260,609.6584,282.2414,596.1947,276.1190,607.3050,318.5573,598.2128,310.9328,,,,,,,591.9328,214.5701,625.4790,219.5901,596.8495,214.8712,630.1851,221.2942,578.8675,228.5422,608.4816,240.6881,582.0084,229.0486,613.0812,243.4430,592.2195,225.4601,607.1354,230.5756,615.4068,225.4989,621.6294,228.5616,594.9111,270.9453,612.3212,280.3779,598.6198,275.1984,604.1386,276.6127,597.4986,309.9655,609.9400,320.6223,597.6759,312.0942,604.9867,317.9744,585.8490,313.9910,602.4328,328.0021,582.6926,313.8938,595.2275,324.2198,580.0310,315.6373,589.5114,323.8543,613.3943,322.8135,604.1617,315.1244,,,618.4728,218.9853,625.3370,217.0739,,
73582,0,,,,,,,,,,,,,,,627.0419,220.8273,593.7475,214.7341,610.0055,241.8023,581.7186,229.4782,613.9383,240.0246,599.7594,235.4064,609.7634,282.4567,595.8805,276.4102,607.3508,319.0803,598.3145,311.2947,,,,,,,590.9295,214.6173,625.4591,219.5909,596.2041,214.9077,630.0588,221.1732,578.4831,228.5049,608.0508,240.4024,581.3203,229.3261,612.6229,242.7412,591.7674,225.1266,607.0113,229.9803,614.2811,224.6569,621.0203,227.9561,594.4790,271.0019,612.6369,280.4347,598.7540,275.3303,604.0790,276.7951,597.4778,310.3173,609.9649,321.2610,597.9045,312.5005,605.0492,318.5281,586.2803,314.5372,602.6704,328.8538,583.4624,314.3894,595.6951,325.0493,581.1098,316.1771,589.8522,324.5714,613.1514,323.4208,604.0101,315.4449,,,617.3938,218.8287,,,,
73583,0,,,,,,,,,,,,,,,626.5084,220.5967,594.0925,214.8231,609.6677,240.4527,581.3153,228.9400,613.7421,239.4465,599.2673,235.2961,609.6496,282.1106,595.6630,276.0584,607.5684,318.8572,598.4815,310.9445,,,,,,,591.8671,214.6657,625.2683,219.4414,596.5651,215.0434,629.3758,220.8041,578.3247,227.8654,607.6393,239.0460,581.0078,228.9342,612.3831,241.2492,591.2230,224.7633,606.9824,229.1643,614.3474,224.1404,620.7863,227.1427,594.2760,270.3991,612.5239,279.8889,598.5675,274.7798,603.8657,276.3398,597.5732,309.9723,610.1290,320.9539,598.1607,312.1316,605.3408,318.3289,586.6807,314.2494,603.1198,328.6319,583.7812,314.1507,596.2438,324.9633,581.3516,315.9872,590.3407,324.6533,613.3223,323.1874,604.0415,315.2087,,,616.9350,218.6592,,,,
73584,0,,,,,,,,,,,,,,,625.6227,220.0969,593.4297,214.6133,609.1408,240.4329,580.6858,228.7605,613.4102,239.1483,598.8557,234.9650,609.6282,281.8204,595.2393,275.7626,607.6023,318.2341,598.2107,310.6952,,,,,,,590.7300,214.4401,624.7054,219.0764,595.9368,214.8769,628.4914,220.2924,577.5376,227.8665,607.2557,238.8702,580.4151,228.7867,611.6926,241.4241,591.3903,224.6647,607.2126,229.4656,613.9920,223.9016,620.4281,227.2252,593.6810,270.0047,612.5239,279.4010,598.1103,274.4449,603.7115,275.9047,597.2258,309.7286,610.2143,320.3482,597.9438,311.8813,605.3853,317.7330,586.2712,313.9661,603.2622,328.1420,583.4121,313.8156,596.3705,324.3379,580.9221,315.5085,590.4135,323.8834,613.3384,322.4524,603.7076,314.8688,,,616.5305,218.6009,,,,
73585,0,,,,,,,,,,,,,,,625.5490,220.1665,593.1407,214.5183,607.9628,239.9268,580.2787,228.5056,612.7294,238.8415,597.7932,234.9244,609.7082,282.0790,595.0637,275.7628,607.6563,318.5717,598.4000,310.7330,,,,,,,589.8784,214.4001,624.7214,219.0395,595.5397,214.7780,628.2033,220.4589,577.1894,227.6799,605.9101,238.3096,579.9104,228.4644,610.4906,240.8798,590.6186,224.4277,606.6808,229.5103,613.3891,223.8165,619.8145,227.3273,593.5126,270.0365,612.4849,279.7870,597.9399,274.5947,603.7452,276.1719,597.4836,309.7467,610.3736,320.7803,598.0624,311.9309,605.3159,317.9945,586.0722,314.0204,603.2873,328.6367,583.0517,313.9555,596.1890,324.7921,580.5685,315.7026,590.2565,324.2329,613.6703,322.8492,603.8737,314.8620,,,616.4598,218.7582,,,,
73586,0,,,,,,,,,,,,,,,623.6264,220.7091,592.4960,214.7606,606.2851,240.0384,579.7201,228.8978,611.8209,238.5623,597.2852,234.7451,609.5580,281.7078,594.9505,275.8751,607.6381,318.2661,598.0995,310.8705,,,,,,,589.2545,214.5315,622.6667,219.3883,594.7937,215.1156,626.3078,221.1117,576.8174,227.8733,604.2601,238.3155,579.2526,229.0123,608.5339,240.9906,590.6187,224.7202,606.3083,229.2091,612.4524,224.1265,619.1179,227.1849,593.3953,270.1337,612.2831,279.5444,597.6791,274.5622,603.7681,275.8396,597.1988,309.7813,610.3095,320.4237,597.7607,312.0207,605.3380,317.7695,585.9764,313.9432,603.2020,328.3007,582.9834,313.8008,596.0574,324.3587,580.4632,315.4946,590.1740,323.8668,613.3518,322.5962,603.5782,314.9521,,,615.7930,219.1989,,,,
73587,0,,,,,,,,,,,,,,,622.0872,220.4150,592.1918,214.7479,603.5052,240.4801,579.4758,229.6138,612.0134,238.3561,597.8207,233.9297,609.4036,282.2857,594.6116,276.2562,607.7130,318.3878,598.3775,310.9325,,,,,,,588.3365,214.4545,621.1066,219.3002,594.3800,214.8249,624.7920,220.7683,576.4833,228.5468,601.9791,238.6435,578.9796,229.6771,605.7521,241.7729,590.8402,223.8179,606.1930,228.5855,613.3255,223.3756,620.2447,226.6554,593.0030,270.8693,612.2202,280.1678,597.5804,275.2469,603.7179,276.6193,597.5488,309.8611,610.4559,320.4066,597.9968,312.0588,605.4524,317.7769,586.2923,313.9527,603.4980,328.3675,583.3828,313.5667,596.3383,324.5621,580.7594,315.0455,590.3025,324.1269,613.4385,322.6111,603.9841,314.9605,,,617.0224,219.2351,,,,
73588,0,,,,,,,,,,,,,,,621.4928,220.4000,591.4513,215.8259,602.7813,238.9861,580.2577,230.7058,611.8692,238.2564,598.0933,234.5485,609.5162,282.2858,594.8851,276.1157,607.5773,318.9406,598.2493,311.0975,,,,,,,587.2474,214.5945,620.4828,219.2935,593.8835,214.9959,624.2287,220.8215,577.0954,229.7096,601.4081,237.3985,579.5709,230.9257,605.0131,240.0606,590.9224,224.5241,605.8345,228.4378,613.0785,223.8716,619.9060,226.7432,593.2628,270.5403,612.3610,280.0976,597.8428,274.7248,603.7828,276.3064,597.3744,309.9593,610.3900,321.1315,597.8522,312.1739,605.3654,318.3300,585.9190,314.0648,603.3985,328.7080,583.0030,313.6845,596.3066,324.7646,580.3689,315.0643,590.3864,324.2267,613.3783,323.6216,603.6827,315.5215,,,616.9616,219.1782,,,,
73589,0,,,,,,,,,,,,,,,620.5708,220.6884,591.1903,215.6657,601.5637,239.4232,580.9475,230.3470,611.3455,238.9106,598.3009,235.5929,609.4039,281.4028,595.3974,275.8526,607.5210,317.9579,598.4941,310.5427,,,,,,,587.5922,214.4807,619.0609,219.2870,593.1555,214.6943,623.4422,221.2589,577.9803,229.0504,600.2962,237.7131,579.9853,230.4630,603.7214,240.7361,592.3669,225.4009,605.6390,229.7699,612.4183,224.2263,619.0072,227.4078,593.6950,270.2693,612.0759,279.2088,598.0128,274.6188,603.5922,275.8218,597.7141,309.4302,610.2611,320.1380,598.1113,311.4590,605.1865,317.1835,586.2709,313.4943,602.9248,327.7314,583.2352,313.1115,595.9151,323.1940,580.5480,314.4411,590.0220,322.6076,613.4873,322.5184,603.8154,314.6612,,,615.8601,219.1954,,,,
73590,0,,,,,,,,,,,,,,,620.0836,220.6102,590.4467,215.7579,600.9697,238.9075,580.6372,229.9880,611.4152,239.1499,597.2596,235.2185,609.5846,281.4612,594.9120,276.2582,607.4153,318.0520,597.8718,310.4328,,,,,,,586.5884,214.3405,618.7733,219.2118,592.0429,215.7968,622.9006,221.1132,577.9005,228.8006,599.8037,237.1915,579.8381,230.0520,603.0266,240.3392,591.6941,224.8931,606.0162,229.8093,611.2010,223.9595,618.3408,227.1661,593.1561,270.5277,612.6205,279.1705,597.9786,274.5412,603.4976,275.8404,596.9284,309.3459,610.3348,320.2809,597.5852,311.3795,605.1149,317.2920,585.8323,313.8224,603.1821,328.0243,583.1950,313.5622,596.3115,323.4139,580.7175,314.9707,590.5305,322.8768,612.9578,322.5632,603.1923,314.6390,,,614.7752,219.2088,,,,
73591,0,,,,,,,,,,,,,,,619.9148,220.4633,589.8450,215.9606,600.4173,238.5506,581.1785,230.4328,611.1489,238.8054,597.7074,235.0158,609.4943,281.2844,594.8766,275.5678,607.2649,318.7316,597.5880,310.7960,,,,,,,585.5234,214.1633,618.4993,219.0254,591.3723,216.1975,622.8474,221.0137,578.7388,229.2551,599.2632,236.7555,580.3517,230.6613,602.3926,239.9621,591.4704,224.6501,605.1309,229.0867,610.9959,224.2033,618.0722,226.7905,593.0872,270.0171,612.5526,279.0232,597.7017,274.1815,603.2955,275.7636,596.6726,309.7122,610.2632,320.9981,597.3208,311.7912,604.9086,317.9922,585.6377,314.2262,603.2933,328.5138,582.9067,314.1135,596.2688,324.2569,580.3388,315.7592,590.4151,323.7916,612.9851,323.2117,603.0654,314.8498,,,614.2396,219.1331,,,,
73592,0,,,,,,,,,,,,,,,619.7235,220.5361,589.3287,216.1203,600.7880,238.4653,581.0623,230.9529,611.2407,238.3731,597.9937,234.8206,609.3704,281.3352,595.0972,275.9276,607.4246,318.2510,597.5798,310.4437,,,,,,,584.5072,214.2614,618.3456,219.0882,591.1489,216.4158,622.5770,221.0506,578.6478,229.9572,599.6041,236.7698,580.3155,231.2019,602.7900,239.8435,591.5639,224.8263,604.9300,228.9611,611.2711,223.7008,618.2864,226.3132,593.3071,270.2887,612.3671,279.0105,598.2094,274.3112,603.3901,275.7446,596.5963,309.3696,610.3705,320.4197,597.2811,311.4738,605.0892,317.5777,585.5922,313.9140,603.4355,328.0678,582.8976,313.6978,596.3781,323.7783,580.3419,315.3635,590.4945,323.4030,613.1546,322.7667,603.0753,314.8321,,,614.2980,219.2054,,,,
73593,0,,,,,,,,,,,,,,,619.4760,220.4083,589.1555,216.0847,600.5090,238.9221,581.4578,230.8383,611.1062,238.8782,598.1560,234.8746,609.2810,281.2027,595.1836,276.0089,607.4598,318.5447,597.7179,310.6781,,,,,,,584.4838,214.0659,618.2387,219.0323,591.0150,216.3312,622.2634,220.8900,579.0853,229.7221,599.4031,237.2560,580.7688,231.0484,602.6380,240.3674,591.6480,224.9606,604.6406,229.4296,611.1948,224.2270,618.0688,226.9659,593.3568,270.3872,612.1544,278.8602,598.1740,274.2627,603.4128,275.6926,596.8558,309.5760,610.3529,320.6449,597.3335,311.6630,605.1722,317.8435,586.0410,314.1416,603.4942,328.4180,583.3009,314.0057,596.5086,323.9799,580.8545,315.5155,590.6703,323.3831,613.1408,323.1287,603.2586,314.8360,,,613.8821,219.2427,,,,
73594,0,,,,,,,,,,,,,,,619.3983,220.4317,589.7834,215.8568,600.7715,239.6398,581.9261,231.7351,610.9510,239.5240,598.5737,235.5229,609.1192,281.4434,595.2084,275.6129,607.4720,318.4695,597.6049,310.7226,,,,,,,585.2565,213.8982,617.9665,218.9202,591.6637,216.0769,622.3975,220.7474,579.5938,230.5519,599.6456,237.8500,581.2771,231.8430,602.9368,241.0734,592.1322,225.7603,604.1308,230.1563,611.6655,225.1787,618.3589,227.7465,593.6650,269.9479,611.8279,279.0422,597.6644,273.9820,603.3484,275.6239,596.9406,309.5676,610.2971,320.6100,597.2064,311.7187,605.1743,317.8411,586.0507,314.0446,603.3077,328.3828,582.9964,313.7233,596.1701,323.9499,580.2731,315.2584,590.2797,323.3397,613.3759,323.0852,603.2984,314.9325,,,614.4240,219.1265,619.6976,216.3998,,
73595,0,,,,,,,,,,,,,,,619.7191,220.4166,590.0210,215.9171,602.0964,239.8875,583.0542,231.7340,610.6442,238.9954,597.9704,235.1989,609.0152,281.0409,595.2009,275.7616,607.7384,318.0451,597.8923,311.0563,,,,,,,585.4308,213.8199,618.4375,218.9089,591.7487,216.2089,622.4188,220.7530,580.6902,230.3636,600.7461,238.1379,582.4097,231.7948,604.2002,241.3937,591.6796,225.8044,603.7359,230.0321,611.5489,224.3727,618.1735,227.1200,593.6827,270.2993,611.5633,278.7084,597.7404,274.0269,603.4392,275.3170,597.2118,309.9569,610.5911,320.0051,597.5266,311.9862,605.4136,317.3220,586.4094,314.5730,603.6328,327.9224,583.3862,314.3147,596.5016,323.5357,580.7621,315.6843,590.4811,322.9457,613.6601,322.3050,603.4707,315.0685,,,614.2402,218.8289,,,,
73596,0,,,,,,,,,,,,,,,619.6890,220.4006,589.7201,215.6219,601.8188,240.7367,583.1043,231.8767,610.6296,239.0571,597.6349,235.5854,609.0167,281.8261,595.3104,276.6517,607.8070,318.9911,598.2501,311.0930,,,,,,,584.3922,213.7527,618.0748,218.9653,591.3575,215.7897,622.5585,220.7328,580.5313,230.5992,600.4283,238.9068,582.4905,231.8574,604.1163,242.0679,590.6940,226.3139,603.0958,229.9873,611.5249,224.3852,618.3257,227.1897,593.8171,271.1609,611.5583,279.4735,597.9729,275.1875,603.4560,276.2532,597.6138,309.9844,610.6199,321.1283,597.8892,312.1209,605.5333,318.1951,586.9147,314.4274,603.3932,328.8240,584.0478,314.2127,596.3666,324.4217,581.9325,315.5696,590.5349,323.8158,613.7989,323.4824,603.6352,315.0383,,,614.5193,218.8450,,,,
73597,0,,,,,,,,,,,,,,,619.8058,220.0376,591.7286,213.8407,602.4192,241.3703,584.3979,231.2421,610.2603,239.0874,597.4569,235.1426,608.7577,281.2246,595.4936,275.8912,607.7864,318.4082,598.6361,311.3444,,,,,,,587.7984,213.5857,617.7895,218.6876,593.5339,214.0053,622.6601,220.4228,581.7345,229.8760,600.7093,239.5352,583.9867,231.2645,604.7821,242.7159,590.6339,225.2800,602.9045,229.8806,611.9107,223.9897,618.3808,227.0387,593.9873,270.5977,611.1703,278.9823,597.8992,274.5618,603.0868,275.6402,598.1768,310.2366,610.5646,320.4972,598.2154,312.3996,605.6167,317.6433,586.7782,314.8153,603.1246,328.2432,583.7878,314.6151,596.0374,323.8882,581.4942,315.9362,590.0773,323.3069,613.8034,322.8057,604.2456,315.3044,,,614.8079,218.4094,,,,
73598,0,,,,,,,,,,,,,,,620.0911,219.5842,594.0820,213.8833,604.5076,241.8019,585.0344,231.3420,609.8407,239.4112,597.2902,235.7733,608.8032,282.1931,595.3754,276.3819,607.8426,318.8930,598.2934,311.4272,,,,,,,592.6018,213.5589,618.7871,218.5294,596.3577,213.9969,622.5681,219.9042,581.9367,229.9149,602.4738,239.9931,585.3483,231.3912,606.8248,243.1510,590.4118,225.7773,602.4055,230.2838,611.3308,224.8273,617.4185,227.0865,593.7728,271.0597,611.4136,279.9416,598.1453,275.1933,603.1118,276.6280,597.6468,310.2719,610.7237,321.0118,598.0853,312.4544,605.7092,318.0980,586.5989,315.1014,603.7436,328.8644,583.8854,315.0690,596.4614,324.5908,581.7353,316.4661,590.5747,323.9551,613.8741,323.2301,603.6318,315.0770,,,614.2209,218.1102,619.7654,216.0276,,
73599,0,,,,,,,,,,,,,,,619.9180,220.0709,595.0950,215.3380,605.8618,243.1855,585.5318,231.0907,610.1462,240.5641,597.0660,236.1305,608.5331,282.8656,595.5663,277.4087,607.6657,319.5596,597.4928,312.3518,,,,,,,594.0052,213.9609,618.4212,218.9721,597.7248,214.4008,622.2992,220.3268,582.6830,229.8990,603.8091,241.4987,585.8744,231.0509,608.0364,244.4948,589.2569,226.4184,601.8289,231.2675,611.3378,225.7420,617.3755,228.2064,593.9015,272.0445,610.9453,280.7346,598.7827,275.8194,603.4594,276.9605,596.5221,311.2028,610.4449,321.7399,597.3820,313.4286,605.4889,318.8505,585.8666,315.9108,603.6966,329.4968,583.5113,315.9747,596.4815,325.3074,581.5006,317.4071,590.8327,324.6709,613.3818,323.6285,602.8062,315.9964,,,613.2864,218.7897,619.5413,216.4534,,
73600,0,,,,,,,,,,,,,,,619.9024,220.3537,594.7185,215.5005,606.4409,243.3902,584.3412,232.2584,609.7595,240.8161,596.5185,236.5006,608.1250,283.2743,594.4305,277.3203,607.2965,320.0165,596.5534,312.1234,,,,,,,593.1016,213.8900,618.4850,219.1619,598.0522,215.3779,622.4049,220.4660,581.3824,231.1042,604.3340,241.9107,584.8901,232.0183,608.8404,244.4669,588.0677,227.2988,601.5295,231.7698,610.7729,226.7452,616.9628,228.8663,592.7248,272.1939,610.6089,281.3118,597.3404,276.1296,603.0043,278.0713,595.5685,310.9611,610.1262,322.2242,596.4830,313.1542,605.2329,319.2680,585.4382,316.0894,603.3194,330.0730,582.9224,315.8973,595.8581,325.8482,580.8588,317.0556,590.1723,324.8742,613.2044,324.4638,602.0693,315.5680,,,612.4868,219.1126,618.2627,216.4101,,
73601,0,,,,,,,,,,,,,,,620.0838,220.2786,592.3487,215.0782,607.0677,244.3199,584.0702,231.2859,609.3043,240.7381,595.4682,235.8797,607.7662,282.3662,594.5729,276.6166,607.4566,319.1910,595.9142,311.6245,,,,,,,591.6602,213.8492,618.7130,219.0764,595.4880,214.3316,622.8990,220.4917,581.2044,230.5501,605.1832,243.2065,584.7939,230.9819,609.2158,245.1457,586.5210,226.3890,600.9039,232.1630,610.4689,225.7133,616.9855,228.3282,593.1879,271.6342,610.4245,280.4830,597.8136,275.4480,602.7362,277.2731,595.1113,310.3930,610.5054,321.2441,595.8437,312.6470,605.4005,318.6487,584.7958,315.8998,603.7835,329.5310,582.3785,315.5928,596.1655,325.4071,580.4870,316.7543,590.3423,324.3367,613.2178,323.3414,601.5000,314.9657,,,612.2959,219.1183,,,,
73602,0,,,,,,,,,,,,,,,619.6976,219.9385,591.6496,215.3251,607.4665,244.0638,584.0472,232.1336,609.1438,239.5530,595.2399,235.4924,606.8294,282.2838,594.1871,276.4308,607.1946,318.6256,595.8615,311.4850,,,,,,,589.8891,213.7105,618.9853,218.8737,595.3344,215.3577,622.5304,219.9587,581.7809,231.4090,605.5861,243.3098,585.0151,231.7785,609.7010,244.5565,585.4937,226.3091,600.6920,230.0365,609.8882,225.3895,616.6139,227.5557,592.6682,271.5856,609.7082,280.2960,597.2625,275.2724,601.4709,276.8558,595.2798,310.3159,610.4627,320.6263,595.7832,312.5294,605.0756,318.1466,585.0837,316.0059,604.0693,328.9640,582.4881,315.4881,596.2390,324.9264,580.5689,316.6834,590.2125,323.8127,613.0212,322.7304,601.4391,314.7827,,,611.7005,218.6856,618.3027,216.2054,,
73603,0,,,,,,,,,,,,,,,619.4737,219.9148,591.2231,216.0028,607.8254,243.7136,585.5703,233.2781,606.6882,240.3904,593.3376,236.8559,605.7280,283.0395,593.4520,278.2171,607.4733,318.4034,595.4852,311.7650,,,,,,,590.0813,214.7604,619.1917,218.7586,594.3542,215.8529,621.7799,219.9453,583.1009,232.5962,605.7621,243.0070,586.5768,233.0006,610.5381,244.1900,584.5275,227.8186,599.4144,231.3595,606.5142,227.2122,613.3402,228.7599,591.8969,273.2776,608.6045,281.0910,596.5121,276.9429,600.4743,278.1330,594.9771,310.4608,610.7612,320.4245,595.4487,312.7979,605.4991,317.9381,585.3212,316.1169,604.4572,328.7450,582.6685,315.6655,596.7490,325.0861,580.6847,316.7491,591.0004,324.1840,613.0734,322.4949,601.3619,314.4159,,,608.7384,218.9903,614.2773,216.0542,,
73604,0,,,,,,,,,,,,,,,619.3796,219.2743,590.5674,215.3407,608.5260,243.6962,586.1719,232.6501,607.1388,239.7631,593.8020,235.8909,604.1262,282.5072,593.2002,276.9717,606.9366,318.7134,595.1564,311.5115,,,,,,,588.5697,213.4945,619.1631,218.2091,593.6797,215.1490,621.5808,219.2579,583.4619,231.9226,606.0804,242.9831,587.1781,232.4655,611.4797,244.1084,584.8898,227.1699,599.7214,230.9593,607.0602,226.5925,614.0534,228.3718,591.5742,272.1510,606.9663,280.4339,596.1975,275.5946,599.1345,277.1899,594.6612,310.3498,610.1225,320.6260,595.1156,312.5396,605.0688,318.1905,584.8736,315.5572,603.5342,328.6147,581.9623,314.8685,595.8347,324.9069,580.0045,315.9091,590.0280,323.9535,612.9111,322.8266,601.8377,314.4812,,,609.4810,219.0739,615.5519,215.9470,,
73605,0,,,,,,,,,,,,,,,619.0408,219.5978,590.0432,216.1980,608.1383,243.4367,584.1143,233.4463,605.1275,240.2648,592.8784,236.6539,601.3508,283.0705,592.5565,277.3860,606.9569,318.6996,596.3453,311.4883,,,,,,,587.7378,214.9432,618.7774,218.5800,593.1511,216.0510,621.1398,219.6018,581.0221,232.6622,605.6780,242.5432,585.3048,233.0044,611.1278,243.7801,583.8557,227.9893,597.7869,231.6495,606.0872,227.2183,612.4648,228.9615,591.0415,272.3408,603.9579,281.1969,595.0239,275.9883,596.3578,278.3387,595.9458,310.3767,610.0410,320.5598,596.1906,312.5257,605.1125,318.1686,586.8247,315.4951,603.5407,328.7787,583.3816,314.9847,596.2921,325.1819,581.1237,316.1223,590.7203,324.4375,612.5992,322.5529,603.0677,314.5341,,,608.3301,218.7950,614.0001,216.4510,,
73606,0,,,,,,,,,,,,,,,618.5386,219.9276,589.6423,216.5637,607.1505,242.8058,582.2854,233.8846,605.4974,239.7952,593.1797,236.5819,600.8843,283.1314,592.5550,277.6561,606.6253,318.4448,595.5283,311.6902,,,,,,,587.0886,215.3111,618.5021,218.9393,592.2615,216.4750,620.6262,220.1298,579.5909,232.9231,604.7244,242.0193,583.1978,233.4731,609.9607,243.0810,584.3799,228.1502,598.4404,230.9311,606.2788,226.9243,612.8036,228.6175,591.3338,272.6410,603.7198,281.3183,594.9966,276.1581,595.7444,278.4610,595.0999,310.4604,609.6826,320.2870,595.4270,312.7362,604.7537,317.8342,585.8270,316.0840,603.2367,328.4684,582.5532,315.4651,595.8818,324.7772,580.4186,316.7420,590.5232,323.9793,611.9514,322.2812,602.3033,314.6300,,,608.5272,219.5464,,,,
73607,0,,,,,,,,,,,,,,,618.1915,220.1866,588.1314,216.7562,606.9191,243.1164,580.3986,233.7844,603.9187,240.7689,593.8701,237.6230,598.5962,282.6620,592.1784,277.0483,605.8572,317.4109,594.9933,311.2347,,,,,,,584.9433,215.4104,617.7186,219.1473,590.9920,216.9524,620.4886,220.3812,577.8584,232.7382,604.5203,242.2431,580.6731,233.3906,609.4904,243.4634,584.2753,229.2724,595.6894,231.6790,606.3759,228.1129,611.6972,229.9931,591.0580,271.9945,600.9390,281.1067,593.8357,275.6653,593.6555,278.2505,594.8853,310.2241,608.6374,318.9023,594.7284,312.2350,603.9605,316.8174,585.5252,315.4121,601.8907,327.0690,582.0470,314.6050,594.5961,323.7607,579.7890,315.4648,588.7491,323.0595,611.4715,320.7623,601.7562,314.1593,,,607.6183,220.7230,,,,
73608,0,,,,,,,,,,,,,,,617.4308,220.3143,585.8053,216.5517,606.3355,243.2431,580.5963,233.8001,602.7448,240.3269,593.3917,237.3477,594.7980,283.0455,590.5542,277.6638,604.4032,318.0832,594.1196,310.8753,,,,,,,581.6642,215.0528,616.3152,219.2848,588.2311,216.5838,619.6828,220.5580,577.8204,232.9860,603.6640,242.5238,580.9523,233.3838,608.8633,243.7031,583.9201,229.4275,593.8740,231.7133,605.2621,228.2090,610.3418,229.8982,589.6756,272.6414,597.2608,281.3788,591.6644,276.8354,590.2997,279.0688,593.9523,309.8085,606.9703,319.5342,593.8816,311.9716,602.5582,317.5044,584.8284,315.3872,599.8698,327.8436,581.5975,314.8078,592.8082,324.2922,579.3094,316.0039,587.1979,323.4101,610.2888,321.2845,600.2367,313.6234,,,605.7850,220.8358,610.2785,216.7503,,
73609,0,,,,,,,,,,,,,,,617.0161,220.5507,585.2126,215.7744,606.3252,243.1299,579.2468,232.4810,601.7818,239.3144,593.6831,236.7105,592.7949,282.2472,589.7116,276.7794,602.0366,316.8207,593.4533,309.6378,,,,,,,582.2973,214.2332,615.6172,219.3924,587.3492,215.7812,619.2167,220.7340,576.6466,231.5872,603.6773,242.1840,579.9404,232.0753,608.6909,243.5411,584.1821,228.4334,592.6483,230.5522,605.3196,226.8327,609.4673,228.4683,588.9730,271.5962,594.5587,280.9020,590.1476,276.0038,589.2190,278.1812,593.3773,308.6547,604.0439,318.2704,593.1592,310.7782,600.3871,316.2028,584.4836,314.2801,597.7373,326.8321,581.2616,313.8839,591.2066,323.2036,579.0866,315.1848,585.8456,322.5687,608.0300,319.8455,599.1744,312.7124,,,605.3780,221.0921,,,,
73611,0,,,,,,,,,,,,,,,616.3097,220.5194,580.9552,215.8261,606.0162,241.6966,571.7797,232.2020,599.4377,237.8144,590.8270,235.3930,589.3549,280.1483,584.5562,276.5319,597.2219,315.0827,590.9061,309.2655,,,,,,,577.4269,214.3627,615.3904,219.2985,583.0843,216.0272,618.4564,220.6395,569.2086,231.3799,603.6678,241.0724,571.8561,231.7491,608.8429,241.7845,580.9422,226.8494,590.8765,229.5702,601.9069,225.4484,606.8376,226.7327,583.5545,271.6191,591.7420,278.5295,585.5619,275.5330,583.8956,276.3171,590.4192,308.1483,599.2912,316.7807,590.7767,310.6792,595.3709,314.4472,582.5951,314.2925,593.0205,325.5873,579.3599,314.4214,586.0545,322.1097,577.0912,315.9796,580.0892,321.9282,603.3511,318.0163,596.8488,312.0258,,,602.7902,219.8122,,,,
73612,0,,,,,,,,,,,,,,,615.3399,219.9905,579.9258,214.7890,606.1665,241.2406,568.5700,231.2047,598.2576,236.7896,590.1415,234.5656,583.8265,278.3739,585.9124,275.0949,592.9099,314.8883,592.3299,309.9582,,,,,,,575.5019,214.4709,613.7712,218.3163,582.3260,214.8621,617.8684,220.1816,565.4350,230.4128,603.9517,240.5777,568.7390,230.9010,608.7680,241.1654,579.8003,225.9176,589.6669,228.4100,600.7362,224.6168,606.0276,225.6618,584.6652,270.1545,587.2320,276.7236,586.5224,273.9164,578.7692,274.3914,591.3462,308.3355,594.9202,316.3435,591.9119,311.2252,591.0611,314.4221,583.3302,314.2941,588.9578,324.6479,579.7531,314.0544,580.0500,321.2802,576.9365,315.4235,573.8368,321.4009,598.8593,317.9384,598.9463,312.5270,,,602.1336,218.9033,,,,
73613,0,,,,,,,,,,,,,,,614.0331,220.4699,577.3069,215.1221,605.7209,243.6737,565.6578,231.8603,596.7728,237.7168,588.6201,235.9871,579.4786,277.6268,589.6333,276.2894,579.8644,313.0447,598.3565,310.3241,,,,,,,571.4152,214.8197,611.9952,219.6220,579.6973,215.2813,616.8584,220.5923,563.0806,231.2245,603.4846,242.8891,565.6304,231.5548,608.4220,243.9142,578.4043,227.2023,589.1534,229.2494,599.8017,226.0235,605.3664,227.6395,588.1444,271.6030,582.7223,275.9920,589.2629,274.6958,576.0147,273.7625,598.4539,308.9402,581.9167,314.5849,597.6645,311.3856,577.9948,312.5394,587.5211,314.0277,575.7284,322.4587,583.9761,313.8436,568.3669,318.8082,580.0858,315.3033,563.2997,318.5337,586.0288,316.9171,604.0696,313.4513,,,601.4281,219.6235,,,,
73614,0,,,,,,,,,,,,,,,613.2659,220.5934,574.7413,215.2633,605.0726,244.8911,562.7453,231.7822,594.7087,238.2319,585.8559,236.1945,577.4922,277.4144,588.8816,275.8796,573.1198,313.0870,599.1115,310.4413,,,,,,,569.9529,215.1529,611.3228,218.7992,576.8947,216.2964,616.1633,220.7998,560.1023,231.1151,602.7339,244.4073,562.8037,231.6348,607.8904,245.6807,575.9569,227.7542,587.8258,229.9751,597.4970,226.1799,603.0642,228.1087,586.9389,271.3819,580.2754,275.7781,589.7426,273.7869,574.1201,273.1424,598.8861,309.2776,575.8730,314.9273,598.6366,311.2748,571.0533,312.6566,588.3018,314.0832,569.0711,322.0563,584.8697,314.0538,561.4718,318.3459,581.5304,315.4509,555.9904,317.8645,578.8714,317.6345,604.2935,313.3277,,,599.1169,220.2828,,,,
73615,0,,,,,,,,,,,,,,,611.6724,221.7738,571.0879,216.7162,604.5538,244.6734,560.2440,230.9962,592.6539,238.4370,583.4618,236.2896,576.7629,278.3584,588.4877,276.7735,567.3583,315.0689,597.9947,310.4836,,,,,,,567.2315,215.6990,610.1434,220.8469,573.9183,216.9342,614.3741,221.9717,557.7044,230.3347,602.0393,244.1913,560.3705,230.8132,607.4710,244.8654,574.5423,227.3487,585.6626,230.3277,595.4974,226.6101,601.0396,227.9469,586.5836,272.4876,579.1878,276.9461,589.5300,275.4459,573.5661,274.6495,597.7040,309.0288,570.1796,316.7767,597.5235,311.3851,565.3248,314.1259,587.2192,314.1954,562.9286,324.0347,583.2261,314.3787,555.2922,319.7461,580.2197,316.0412,549.9335,318.7157,572.9871,319.8347,603.0297,313.0491,,,596.9164,221.2111,,,,
73616,0,,,,,,,,,,,,,,,610.7780,221.2833,568.8361,216.6573,603.5697,244.6623,557.9329,231.3191,591.4926,238.6960,582.4996,236.8468,574.8636,277.8863,589.0674,276.0352,562.0447,312.2549,597.5756,309.9575,,,,,,,566.2046,215.6206,609.2133,220.5035,571.1776,217.0120,613.4627,221.4569,555.1902,230.8677,601.1786,244.1737,558.1546,230.9144,606.5984,245.0438,572.3963,228.7042,583.0619,230.2654,594.0935,226.3454,599.9296,228.3238,586.5511,272.3483,577.7516,276.2472,590.0116,274.5922,571.7640,273.8489,597.1386,308.3199,565.1964,314.3342,597.0239,310.7546,560.0260,311.0287,587.3592,313.4794,556.1329,320.5210,582.8377,313.3872,549.0602,316.2680,579.9614,314.9006,543.7995,315.2175,567.6995,317.0880,602.7093,312.4335,,,595.1375,220.3356,,,,
73617,0,,,,,,,,,,,,,,,608.8214,221.7368,566.8143,215.8604,602.2892,246.0700,555.3945,231.4009,589.8076,239.6900,579.5950,237.4554,573.5570,278.6244,587.2168,275.5764,557.0258,311.3738,597.5918,308.5571,,,,,,,564.0974,215.6356,608.0487,220.9032,568.8030,216.9309,611.0955,221.8408,552.6917,230.8959,600.1574,245.5965,555.5696,230.8147,605.2479,246.7799,570.7685,229.7366,581.7622,231.6439,591.4597,227.7374,597.7601,229.4914,584.2011,271.9151,576.9024,277.3322,588.9405,274.1744,570.2744,274.2229,596.8438,306.9998,560.0341,313.7459,597.2140,309.4150,555.1398,310.3336,586.8940,312.4523,550.6403,319.5216,582.8515,312.7951,544.0891,314.8740,580.2461,314.7869,538.6341,313.6242,561.2512,316.4718,603.0017,310.4108,,,592.6523,220.7906,595.3154,218.2311,,
73619,0,,,,,,,,,,,,,,,605.7855,223.0854,562.1425,217.3447,600.2931,247.9206,551.2843,231.9184,586.4028,241.7873,577.8190,238.9645,570.4106,280.2547,586.2686,276.6481,552.8402,312.4125,597.9934,309.9921,,,,,,,558.9612,216.1489,605.0260,222.1410,564.3294,217.6691,608.0322,223.1754,548.4501,231.4287,598.0953,247.3432,551.3138,231.6105,602.9148,248.9716,568.3627,231.2103,577.9410,233.2039,588.7421,229.2180,594.0736,231.0481,583.2701,272.5597,573.8555,279.3152,587.4627,275.6422,567.2356,276.1054,597.3141,308.2030,555.6709,314.8907,597.4338,310.7926,551.0901,311.4394,586.5210,313.1050,545.7443,320.5010,582.5326,313.5398,539.6269,316.0238,580.0193,315.6633,534.4645,314.6769,557.1608,317.2052,604.0031,311.8460,,,588.9705,222.1199,,,,
73620,0,,,,,,,,,,,,,,,603.5803,219.9580,560.3670,220.6831,599.0337,238.8555,548.7453,238.7692,585.7468,238.6546,577.0908,240.2710,569.0162,277.1406,583.9045,278.6378,552.5032,311.5164,596.7197,311.3904,,,,,,,557.5620,219.9287,602.7755,218.7271,562.4255,220.8218,606.0011,219.9993,545.9609,238.2488,596.9164,238.6568,548.8240,238.1154,601.6501,238.7818,566.9020,232.4599,577.4053,230.6570,587.6378,229.1228,593.5238,229.4815,580.4335,275.0728,573.5143,273.3549,585.4290,275.8756,564.9546,273.8127,595.5965,310.6814,555.6989,313.1713,596.2462,311.8093,550.6657,310.6886,585.3416,314.3619,546.1245,320.5093,581.6830,314.2623,539.4325,315.0053,579.4228,315.2712,533.3615,314.5855,556.7735,316.2326,602.7254,313.8279,,,588.2327,221.5985,,,,
73621,0,,,,,,,,,,,,,,,600.7410,220.0583,558.2126,220.9618,596.5533,238.6187,546.9308,239.7351,582.6890,238.9449,573.9462,240.3480,567.5770,277.7113,580.3932,277.2418,552.0823,312.0402,596.4259,309.9480,,,,,,,555.7261,220.0468,600.0218,218.7937,560.1908,221.0765,602.9608,220.1108,544.2119,239.3668,594.3300,238.7145,546.7902,239.4428,599.3288,238.5619,564.1849,232.5760,574.5987,230.6687,583.7560,229.3276,590.0173,229.9394,576.9921,272.4441,571.5822,273.9965,581.7500,275.0916,562.6412,273.9590,595.1114,308.9332,555.0844,313.9530,596.3557,310.4439,550.0113,311.1546,584.9875,313.8924,546.3014,321.0314,581.1896,314.0614,538.8095,316.4096,579.1486,315.8218,533.0192,316.3205,556.7901,316.5894,601.7696,312.3891,,,584.5652,221.9359,587.1012,218.9973,,
73622,0,,,,,,,,,,,,,,,598.1296,222.5937,557.1726,216.8170,593.9939,247.4606,545.6160,230.9451,580.0696,241.5066,570.8525,238.4752,565.2471,280.4412,578.0379,277.7115,551.4706,313.7235,594.9862,308.6865,,,,,,,555.1684,216.7904,596.6401,221.7323,558.5794,217.2021,600.6630,222.6106,542.9834,230.6062,591.3493,246.9080,545.6618,230.8038,596.9382,247.5232,561.1945,229.7735,571.0419,232.0437,582.2729,228.1281,588.5567,230.3399,574.9448,272.8744,568.6801,279.1722,578.9494,275.9212,561.1226,276.1101,593.6740,306.8667,554.3106,315.9509,594.9130,309.6883,549.5944,312.7547,584.3545,313.1293,545.8841,322.6801,580.4607,314.1152,538.5730,318.5798,578.4603,316.2629,532.7922,318.0797,556.4905,318.3919,600.7370,310.4964,,,583.0605,221.4969,587.5766,219.0426,,
73623,0,,,,,,,,,,,,,,,594.8755,218.2241,554.2507,219.1300,589.9442,236.9451,542.9143,238.2098,575.7883,238.2811,566.3179,238.4713,562.9449,279.4731,570.1389,276.8083,551.7524,312.9227,592.0303,307.8766,,,,,,,552.0715,219.3434,,,555.6497,219.1475,,,540.1852,237.6592,586.8711,236.8169,542.9316,237.8364,593.1596,236.8806,557.0291,229.6920,566.7817,230.1647,579.0964,227.5581,584.7706,229.3134,568.0325,271.5560,565.7090,278.3605,571.6875,274.5605,558.4565,274.7846,590.7795,305.7071,554.6489,315.9272,591.7703,308.8703,549.6791,312.1518,583.4642,311.8707,546.0436,323.2615,579.7680,313.4294,538.7921,318.8130,578.3232,315.7395,532.4137,318.3083,556.8951,317.8712,598.0452,308.7743,,,580.3836,221.3948,,,,
73624,0,,,,,,,,,,,,,,,591.7762,221.2586,553.2772,218.9535,585.9870,246.6364,542.2329,229.0898,575.1583,240.4233,563.6760,236.4810,562.4182,280.8136,567.9643,277.7779,551.1445,314.8214,589.4624,305.5592,,,,,,,550.2556,218.9630,590.7603,220.2115,555.0473,218.9157,593.9596,221.1153,539.2233,228.9923,583.1117,246.1729,542.1398,229.2000,589.1031,246.7672,553.4197,226.2365,566.6382,230.1309,577.5600,226.1064,582.9195,228.3384,565.9019,272.6522,565.4567,279.3675,568.7391,275.3591,557.9858,276.1078,587.6922,303.9190,554.1647,317.5624,589.5794,306.7360,549.0328,314.2359,580.6311,310.8955,545.1811,325.4115,577.7561,312.8775,537.3058,321.2320,576.6836,315.5500,531.0737,320.4119,556.8063,320.3671,596.0935,306.8056,,,578.7127,221.0042,,,,
73625,0,,,,,,,,,,,,,,,587.9711,221.7183,550.5252,215.4113,580.8841,245.2462,540.3344,228.8886,569.9099,239.7398,559.3245,235.2024,561.7142,281.5887,558.2272,276.5963,550.7845,315.7771,586.5647,303.8777,,,,,,,547.5254,215.2920,587.2499,220.8694,553.8740,215.5904,590.2140,221.7574,537.6287,228.3627,578.3526,244.7912,540.3478,228.9190,583.4753,245.3928,551.2192,224.9741,562.9608,229.9457,571.8375,226.0890,577.6085,228.8733,555.8422,272.3198,564.0911,280.2123,559.4042,275.7570,557.1342,276.8525,585.4962,302.1825,554.2685,318.2151,586.4894,305.4179,548.8256,315.1598,579.1269,310.7922,545.9350,325.1617,575.6957,313.3308,538.4060,320.8448,574.7335,316.3283,532.9086,319.8947,556.4138,320.4890,594.0598,304.1160,,,573.8416,219.7935,,,,
73626,0,,,,,,,,,,,,,,,585.8838,220.7724,550.9787,214.9221,577.5825,245.0934,539.3790,227.9119,568.0635,239.4108,556.0497,234.4415,560.7481,282.9759,550.5053,275.9141,551.1478,316.7896,580.9864,301.6323,,,,,,,546.3306,214.7493,585.4699,219.7886,555.7925,215.1550,587.6617,220.7559,536.6181,227.4204,575.0159,244.5980,539.6986,227.9835,580.4629,245.3574,548.6200,223.8925,562.1526,229.1869,569.6062,224.9231,576.3178,227.9182,547.7917,272.2569,564.0434,281.1398,554.0280,275.7300,555.8036,277.5546,578.7389,300.1157,554.3113,319.0798,581.1399,303.3134,549.1317,315.9735,574.8425,309.3725,546.8072,326.4170,572.7398,312.5034,538.7547,321.7376,572.5978,315.8857,532.8307,320.7333,555.3859,321.5530,587.5688,300.2259,,,572.5757,219.3105,,,,
73627,0,,,,,,,,,,,,,,,581.9211,221.3280,548.8328,218.0871,571.5523,245.4513,538.4529,227.9309,567.0855,239.7944,553.8582,234.6069,559.5370,282.7972,545.2545,275.0257,550.8680,316.5740,573.5222,299.3778,,,,,,,,,581.7246,219.9677,551.6620,218.0229,584.4413,221.4248,535.2121,227.6303,569.3130,244.9460,538.6698,227.9981,574.6746,245.9089,546.1425,224.5072,560.6131,230.2009,567.4203,224.3951,574.5339,227.9069,541.8911,271.5078,562.9073,281.4032,549.3406,275.2132,554.3591,277.1853,570.2916,297.4858,554.0353,318.8844,574.0276,300.9111,548.9031,316.1258,567.7448,307.0353,546.4817,326.8294,566.2878,310.9253,538.7399,322.5217,566.1605,314.9775,533.0899,321.7639,555.2449,321.2795,580.1031,298.5781,,,570.6655,218.9490,,,,
73628,0,,,,,,,,,,,,,,,578.5591,220.9077,547.1389,214.5572,567.6748,244.9362,537.7911,227.4734,563.9031,239.1746,551.8172,233.7533,558.9223,283.3196,539.4683,273.8186,550.6783,315.5729,564.7817,300.3698,,,,,,,,,577.8767,219.6099,550.3865,214.7737,581.3724,221.0841,534.9485,226.9019,565.2150,244.3526,538.2738,227.6847,570.5742,245.4586,543.8150,223.9596,557.1032,229.4896,565.1196,223.9733,571.4855,227.1019,537.2246,270.7577,561.8290,282.0046,542.4349,274.0389,553.2729,277.0915,563.0183,298.4501,553.8300,317.6594,565.0669,301.9071,548.8754,315.0103,558.5185,308.2268,547.1786,325.2249,556.8785,311.6840,539.8248,320.8054,555.9345,315.4852,534.1841,319.5620,556.0301,320.1265,571.9288,300.3729,,,568.1831,218.8320,,,,
73629,0,,,,,,,,,,,,,,,574.8567,221.0978,547.4023,217.6795,563.2194,244.7464,537.8235,228.0468,562.5246,239.8416,550.8326,234.6774,556.2560,282.0581,534.6038,272.9220,551.6481,314.8273,558.7485,298.8912,,,,,,,544.9816,214.1777,573.7209,219.8934,552.3319,217.4904,577.6637,221.2498,534.6202,227.1336,560.7064,244.1552,538.7177,228.3416,566.0209,245.4702,543.0121,225.1977,553.5843,230.8230,565.1740,226.0136,570.3129,228.7998,533.0347,269.6207,558.8877,280.7882,536.6682,273.5711,550.9829,276.3281,557.8350,297.3633,554.3071,316.8883,558.7816,300.3683,549.3600,314.0807,552.7794,305.9470,547.4488,324.8798,549.9311,309.2181,540.0181,320.3253,548.2681,312.8932,534.7475,319.0522,557.1501,318.9655,566.2046,299.8080,,,567.0570,219.4174,,,,
73630,0,,,,,,,,,,,,,,,573.5690,220.5545,548.3904,213.9453,561.1091,243.9499,538.2010,228.1131,562.7403,238.7030,550.2753,233.3060,555.4170,281.1763,532.1567,271.8327,551.9327,314.0413,555.6800,300.2625,,,,,,,544.4583,213.7420,572.5976,219.2474,553.0215,214.1515,576.3933,220.7242,535.4586,227.2929,558.6858,243.0097,539.2749,228.3279,564.2853,244.2089,542.6449,223.7238,554.4238,229.3682,565.3448,224.4072,570.5688,227.5383,530.5613,268.1301,558.5192,279.5880,534.4278,272.4157,549.5892,275.6086,554.4907,298.4859,554.6249,316.3137,555.7957,301.9307,549.5390,313.3737,548.6953,307.7743,548.1091,324.3979,546.0163,310.5774,539.7948,320.1574,543.8457,313.2859,534.3523,319.1176,557.3052,318.1048,562.6929,301.2777,,,567.1168,218.3281,,,,
73631,0,,,,,,,,,,,,,,,569.7930,220.2350,549.0121,213.8139,557.1440,243.4469,537.7416,228.3365,560.1600,239.3444,546.9910,233.9531,554.1313,282.1770,527.5103,272.1330,550.3833,315.5451,545.9698,303.9924,,,,,,,543.9708,213.6581,568.8656,218.9023,553.4418,213.9752,572.6482,220.4391,535.5042,227.5512,554.7120,242.2905,538.8092,228.5624,560.1719,243.8732,540.7445,223.7861,552.5881,229.5524,561.7519,225.5921,567.5969,228.1609,525.8182,268.3577,557.4970,280.0267,530.5388,272.4542,547.7836,276.2605,545.1173,302.5021,552.5404,317.7468,545.9600,305.3972,548.5327,314.9942,538.2529,309.4529,546.6671,325.1846,535.1335,310.8910,539.6213,321.1025,532.6203,313.4334,534.4764,320.2607,556.2296,320.2611,551.1905,306.3802,,,563.7778,218.1328,569.1861,215.8531,,
73632,0,,,,,,,,,,,,,,,567.0587,220.1862,545.3990,214.9239,552.8100,242.6483,533.5147,229.6788,558.7499,239.5145,544.5282,234.3963,553.2599,283.1109,524.0773,272.7154,550.1541,315.8975,537.2896,305.5133,,,,,,,541.7077,213.6951,566.2968,219.0006,549.2423,214.2663,569.7714,220.3316,530.8446,228.9364,550.7503,241.5961,534.4991,229.8660,555.5188,243.4717,537.7525,224.7960,552.0182,230.7652,559.6655,225.8227,566.4867,228.4516,522.4292,268.3685,556.6823,280.8306,527.6051,272.7911,546.2857,277.1891,535.9434,303.8648,553.0365,318.0050,537.5071,306.9409,548.1908,315.4025,527.2005,310.2923,546.8584,325.4247,524.8315,311.1844,539.8730,321.7918,523.3260,313.7152,534.6244,321.3057,555.7554,320.0405,543.1602,308.7961,,,562.0594,218.1405,567.3391,215.8544,,
73633,0,,,,,,,,,,,,,,,563.6355,219.8621,548.2773,213.8402,548.4834,242.1376,539.4904,229.8539,555.7601,239.2967,541.6633,234.4800,552.0300,282.5500,520.6108,272.9369,549.4541,315.8847,527.7707,305.9343,,,,,,,546.0941,213.6042,562.3715,218.8134,559.2896,214.3079,566.3005,220.1146,537.4592,229.1873,546.0672,240.9287,541.2702,229.5659,551.3643,242.8821,534.4390,224.3212,548.3833,230.2448,558.0737,225.5043,565.0592,228.1177,519.0778,268.6764,554.8579,280.4927,524.1611,272.8102,545.5345,277.0143,526.3051,304.3914,552.6734,318.0278,528.0113,307.1689,547.3125,315.5263,517.1387,310.4712,546.8932,325.6929,515.2160,310.9131,539.1621,321.8974,513.5975,313.0560,533.8344,321.2544,555.0872,320.1378,533.3549,309.0716,,,560.2787,217.8935,565.5195,215.7484,,
73634,0,,,,,,,,,,,,,,,558.1986,219.8438,553.8086,214.3617,542.1651,241.4727,537.6569,229.4313,550.4590,239.0735,537.0711,235.2633,550.6068,281.9074,517.1376,272.5211,549.8295,315.0776,514.4790,307.0058,,,,,,,541.9316,213.9495,556.4173,218.8389,553.5703,214.6021,560.9841,220.0572,535.0369,229.1877,539.9051,240.2188,538.5761,229.4240,544.7189,242.3918,530.8840,224.9050,542.5571,229.3701,554.1196,225.9014,560.1578,227.8708,516.0565,268.0890,553.5721,279.6480,521.6120,272.4995,543.9230,276.6341,513.2951,305.5852,552.7156,316.8105,514.5604,308.1050,547.6009,314.6862,502.0830,310.1014,545.8765,325.0550,499.6496,309.7020,538.3511,321.7838,497.5886,310.9668,532.5129,321.3574,555.5511,318.3045,519.5102,311.4109,,,555.4328,218.9915,559.6156,216.0134,,
73635,0,,,,,,,,,,,,,,,553.6267,220.6743,542.2924,216.9421,537.5744,240.9286,533.2808,230.5810,545.9371,238.7530,533.2558,235.4057,548.9202,281.7448,515.0730,272.8224,549.4037,315.8403,505.6279,307.6670,,,,,,,539.2415,214.7243,552.0929,219.4207,546.8699,216.4100,555.9789,221.0002,529.7474,230.1655,535.5174,239.3901,535.2772,229.9022,539.9657,241.8326,527.4044,225.2158,536.6686,229.0949,550.1402,225.6539,553.9878,227.5394,514.0048,268.2390,551.1125,279.3492,520.6402,273.1651,543.0325,276.9240,504.8589,306.3709,551.5319,317.4587,505.2961,308.6038,547.3639,315.5583,493.5435,309.4831,544.5380,325.6190,491.2077,308.4597,537.2858,322.3181,489.1038,309.4686,532.2898,322.1607,554.7557,319.1789,510.0776,312.5257,,,550.3139,219.1020,,,,
73636,0,,,,,,,,,,,,,,,549.1674,220.6829,540.4358,217.2260,532.5084,241.2075,531.0216,231.7003,538.4606,239.6411,535.3773,236.9260,548.1249,282.2033,547.8145,276.3298,548.8130,315.8689,498.2289,307.5702,,,,,,,537.4553,214.7826,547.1266,219.5720,543.8261,216.7617,552.0960,221.0805,529.4937,230.7352,530.1288,239.5460,533.5105,231.1506,534.6195,242.3196,528.2030,226.8583,526.2073,229.5360,549.5638,227.1370,549.2338,228.4682,549.2365,271.9428,549.4271,280.0681,518.5761,273.4966,518.0125,274.0565,497.9519,306.5793,550.1362,317.2535,497.8719,308.5619,547.4131,315.3971,486.6029,308.3632,543.1216,325.3043,482.2033,306.4568,535.9983,321.5392,479.5738,306.9384,532.1872,321.3012,554.8806,319.5094,501.8880,313.1722,,,547.7883,219.3426,553.1711,216.9158,,
73637,0,,,,,,,,,,,,,,,545.7923,220.7657,535.4861,216.8470,528.2664,240.2480,528.2771,232.0884,539.4410,239.6567,527.9601,236.4223,544.7552,281.6245,509.9494,272.5767,548.7411,315.6973,495.1328,306.7150,,,,,,,532.3641,215.0636,544.1845,219.7211,539.7286,216.6433,548.6780,221.2773,523.8890,231.7855,526.3719,238.6292,529.2528,232.1762,530.5083,241.5415,521.6349,227.1547,529.0443,230.0523,545.1263,227.4392,548.3888,228.6620,509.7469,268.1999,546.6677,279.4083,514.2747,272.5848,538.8555,276.8080,494.6576,305.8597,551.0169,317.2986,494.8466,307.5796,546.8818,315.0621,482.6004,307.5981,544.1502,325.3590,480.1420,305.5374,536.8901,321.8809,477.1285,305.7698,532.0830,321.5693,554.9136,318.6715,498.9927,312.6075,,,544.7597,219.4619,549.0352,217.1311,,
73638,0,,,,,,,,,,,,,,,542.4173,221.1460,531.8398,216.6880,523.5721,240.1937,523.3097,232.6158,537.1901,240.2293,524.5172,237.0866,542.5994,282.3396,505.6945,273.1311,548.2802,315.5330,492.6477,307.4432,,,,,,,529.1496,214.8454,540.8181,219.8864,535.0330,215.2140,545.4398,221.5483,520.5281,231.4596,521.9301,238.5976,524.3345,232.4758,525.8111,241.5006,517.5686,227.8345,527.7107,231.1939,539.7707,227.4464,544.8562,228.8272,504.9700,268.6689,544.5662,279.7706,510.2669,273.5772,536.2612,277.7304,491.9399,306.3241,550.7119,317.0086,492.4866,308.3903,546.2324,314.8596,479.6734,308.3050,544.3648,325.1287,477.4383,306.5270,537.0404,321.7962,474.9545,306.9027,532.0591,321.3614,554.1957,318.0643,496.5667,313.2556,,,540.9379,219.5978,545.2315,216.7635,,
73639,0,,,,,,,,,,,,,,,539.5556,220.8023,528.7964,215.9181,520.6197,240.0683,517.7958,231.8623,534.0423,240.6837,520.1433,238.2867,539.9359,281.6466,502.1147,273.3081,547.4005,315.7756,492.3434,308.3187,,,,,,,526.6356,215.6913,538.2023,219.1488,529.9816,216.8026,542.1262,221.4794,515.7297,231.7715,519.0065,238.4052,517.7542,231.9023,522.6035,241.2145,513.7929,228.8219,524.3556,231.8287,534.7807,228.1540,540.5902,229.1444,501.0020,268.9048,541.7395,279.4640,507.0943,273.3747,533.2812,277.6397,491.3227,307.0149,550.0246,317.2701,492.3081,309.2320,545.2579,315.1626,479.1395,310.2234,544.4276,325.3946,477.1473,309.1037,537.2392,322.1609,476.1403,309.9571,531.9090,321.7159,553.1467,318.8920,496.5213,314.0052,,,535.9496,219.6323,540.8174,217.5619,,
73640,0,,,,,,,,,,,,,,,534.7512,221.1176,528.4260,216.0814,517.7373,240.0771,515.5103,232.3601,528.5546,239.5038,516.6612,237.2571,535.8270,281.1012,499.2484,273.2499,546.1288,315.7840,490.9784,309.1407,,,,,,,521.2022,215.7253,532.7278,220.2185,529.3869,216.1381,537.8738,221.3690,513.3953,231.9396,515.8231,238.5124,516.0699,232.1778,519.7159,241.2809,509.3568,227.8921,518.1935,230.1019,532.9450,226.5439,537.4040,228.1081,498.8548,269.1546,537.3707,278.7720,502.9085,272.7589,529.8165,276.5107,490.3499,307.9867,548.5469,317.1536,490.6041,309.9182,543.9061,315.1788,477.7970,311.7530,543.3029,325.4902,474.0665,310.3502,535.8616,322.1989,474.1834,311.5025,530.6257,321.8633,552.3207,318.9389,496.1504,314.8893,,,533.5065,219.1328,537.4551,217.8107,,
73641,0,,,,,,,,,,,,,,,530.8370,220.5397,518.2589,215.6745,514.3714,240.2797,513.1438,232.0689,524.8080,239.8377,510.6308,236.9927,531.1873,280.7288,496.9936,273.5216,545.4744,314.9181,490.4735,309.1400,,,,,,,515.0032,215.4441,529.1319,219.7278,526.3239,216.0782,533.8853,220.7622,510.3388,231.7356,512.2228,238.5591,513.7082,231.7707,516.5283,241.5757,504.3562,227.5677,515.7273,231.1693,527.8372,226.2172,533.8065,227.8659,495.9806,269.3449,532.9845,278.4683,501.2528,272.9506,524.6275,276.5453,489.8523,308.0443,548.0733,316.0877,490.0387,309.9230,543.2497,314.6403,477.3751,312.0680,543.7848,324.8287,473.4114,311.0936,536.2435,322.3406,473.4183,312.6547,530.7385,322.4154,551.8470,317.3234,495.8038,314.2169,,,529.0478,218.4544,533.1001,217.5705,,
73642,0,,,,,,,,,,,,,,,528.2868,220.0232,525.2613,215.3028,512.6919,240.2251,511.1752,231.5941,522.6388,238.5788,509.8600,235.4573,528.2723,280.4037,495.8570,273.5071,544.2242,314.8868,490.3885,309.4437,,,,,,,515.1042,214.7826,526.9562,219.0412,525.8402,215.4928,531.2867,220.3385,507.7321,231.1888,510.4255,238.4875,512.2527,231.1261,515.0360,241.3475,502.6628,225.8728,512.8876,229.2231,527.2968,224.9803,531.8069,227.0909,494.9403,269.0939,530.1139,278.0845,499.8241,272.5466,521.8772,276.1829,489.8694,308.3545,546.8543,316.1819,489.9077,310.2696,542.0183,314.5819,477.8968,312.2078,542.7983,324.4310,474.5519,311.2094,535.4168,321.8064,472.0941,312.6203,530.1016,321.8235,550.9701,317.3566,495.4838,314.6254,,,527.6492,218.1808,531.6545,216.9006,,
73643,0,,,,,,,,,,,,,,,525.1897,218.9089,523.0544,214.6551,510.1865,239.2831,508.3896,231.2578,519.2790,237.8168,505.9465,234.3498,521.3430,279.8224,494.5145,272.9497,541.8041,313.1912,490.2010,309.3013,,,,,,,512.6726,214.1396,523.3432,217.2500,523.1739,215.0542,528.1323,219.2304,505.0560,230.5885,507.9419,237.5263,508.6988,230.6943,512.5116,240.2518,497.6812,224.1985,510.0098,227.8170,523.7665,223.9885,528.8525,226.3714,493.6359,268.1911,523.2915,278.1589,497.7888,271.9051,515.5066,275.9414,489.9639,308.2299,544.6463,314.5083,489.4548,310.0873,539.5403,313.1185,478.4554,312.5187,542.1030,323.8643,473.5219,311.5495,534.4585,321.7426,471.5613,312.9166,529.0482,322.1487,548.4857,314.9661,495.3988,314.2943,,,524.7008,217.4874,,,,
73644,0,,,,,,,,,,,,,,,522.2873,218.5099,519.0606,213.9611,507.4437,238.2817,505.7498,231.2497,514.7880,236.6117,503.7813,233.5951,513.9549,279.4743,493.1946,273.5566,538.1281,310.6244,489.6015,309.3650,,,,,,,508.9742,213.4035,519.9211,216.9650,519.5984,214.1072,525.4669,218.8805,503.4037,230.6819,505.2947,236.6625,506.2529,230.6698,509.6281,238.9344,495.4153,224.3701,505.3861,226.8651,521.1664,223.0848,525.4049,224.8246,492.5112,268.8851,515.7422,277.5664,495.8654,272.5409,509.2956,276.0387,489.7216,308.4662,540.9502,311.6035,488.8350,310.2324,535.9438,310.6907,478.8811,312.4004,540.0364,321.6861,474.3677,311.6035,532.4994,320.6127,470.6933,312.9644,527.8841,321.4213,544.0023,311.0353,494.8255,314.4064,,,521.5875,216.8646,,,,
73645,0,,,,,,,,,,,,,,,519.9452,218.1410,515.8552,213.5243,505.1109,238.1523,502.2786,231.6634,511.0974,236.7871,500.4276,233.8615,507.4394,279.6064,491.6886,273.6715,533.3152,308.6889,489.5383,309.4966,,,,,,,504.7872,212.9814,517.5659,216.7182,515.9261,213.6563,522.8913,218.3237,500.1481,231.0700,503.2406,236.7014,502.4633,231.1217,507.1257,238.8549,492.0196,224.6516,502.2175,227.2529,516.6487,223.8330,521.1380,225.3195,491.2443,269.0004,509.4996,277.9693,493.8422,272.8797,502.6234,276.0924,489.6965,308.5957,536.2687,309.1057,488.8661,310.5054,531.1862,309.3325,478.7083,313.0632,537.0216,320.6393,475.2249,312.0533,529.8430,320.5057,472.4667,313.3182,525.4137,322.1705,538.7501,307.6718,495.7774,314.6064,,,517.0136,216.6019,520.9192,215.4978,,
73646,0,,,,,,,,,,,,,,,517.0698,217.3627,509.4806,212.7006,502.8723,238.0735,497.1382,231.4253,508.4265,236.7440,497.5839,234.0110,501.0997,279.4222,488.9686,273.8171,527.1834,310.5566,489.0907,309.1311,,,,,,,501.5537,212.2564,514.1442,216.6583,510.0228,212.8453,520.2272,217.6791,495.1831,230.0351,500.8971,236.8288,497.2250,230.6608,505.0381,238.9042,488.7993,224.4868,498.6711,227.9595,513.3378,223.9059,518.3241,225.2919,488.3220,269.2007,503.2762,277.5470,491.4298,272.8558,496.3366,276.0666,488.5663,308.1026,530.1137,311.5320,488.7594,310.1722,525.1445,310.9437,478.1252,312.9782,531.4995,321.8653,474.3374,312.0969,524.3413,321.3175,471.7566,313.1984,519.8481,322.4975,532.3542,310.4209,494.3988,313.6764,,,513.5777,216.2846,,,,
73647,0,,,,,,,,,,,,,,,513.6995,216.9554,494.5846,213.7579,499.8648,237.1793,483.4722,230.6933,502.7853,236.3145,493.3980,233.8780,492.0330,278.5005,489.0915,274.5071,516.7887,310.6172,489.1501,309.3763,,,,,,,491.3957,211.9991,511.4232,215.6413,498.8170,213.5346,516.0948,217.2696,480.9071,229.3871,497.3586,235.7042,484.6355,230.4843,502.2215,237.9066,486.1600,224.5262,493.1698,227.1947,509.3806,223.5252,512.3241,224.8306,488.5597,269.6198,493.7004,276.7570,489.6744,273.0628,488.0533,275.1633,489.2264,308.3288,519.2094,312.0106,488.3835,310.4898,515.1039,310.8152,478.4839,313.0187,519.8937,321.9720,474.6093,312.1810,513.1084,320.9301,471.5450,313.3075,509.4241,322.1788,522.3452,311.3018,494.4572,313.6091,,,509.5333,216.0106,,,,
73648,0,,,,,,,,,,,,,,,511.4341,216.9369,489.0738,213.1597,497.0955,236.3887,477.1302,229.0082,498.8168,235.5423,490.5583,233.4342,488.3678,277.8569,486.4000,273.9748,509.0600,309.3068,488.0118,309.4472,,,,,,,485.5302,211.4258,508.3690,216.0754,492.4761,213.0409,514.3863,217.0643,474.1948,227.8113,495.4633,235.1741,477.2671,228.9819,499.3430,236.8197,483.9435,223.9959,490.5794,226.3019,505.2359,223.3013,508.3705,224.7012,486.0127,269.3390,489.8320,276.2673,486.3765,272.6484,485.4183,274.4093,488.2010,308.3653,511.5031,309.9694,487.4981,310.4811,507.5829,309.6629,479.6801,313.2110,511.2359,320.3592,474.7757,312.5553,504.2330,320.2744,471.5356,313.7050,500.0723,321.8417,514.2412,308.9534,493.3258,313.7750,,,505.0591,216.5782,,,,
73649,0,,,,,,,,,,,,,,,508.5619,217.1330,482.5201,211.6845,495.0992,237.1189,472.1682,228.0033,497.2943,234.5475,489.3380,232.4163,484.7811,277.1876,483.3453,273.4513,499.9508,308.7177,487.4306,308.3741,,,,,,,478.5424,211.4980,506.0413,216.1683,487.2547,211.7691,511.7823,217.2164,468.8903,226.8785,493.1725,235.9008,472.2865,227.7348,497.4615,237.6905,481.0679,223.2738,488.0238,225.8282,503.8114,221.7165,507.6097,223.7131,482.2846,268.8738,486.3105,275.9252,483.1893,272.6096,481.2106,273.9881,487.6310,307.2172,502.2479,309.4588,487.2552,309.5580,498.1671,308.8651,479.4152,312.7415,498.6107,319.8676,475.4045,311.9892,491.4054,319.1402,472.0958,313.4351,486.8825,319.8969,506.3640,308.9457,493.1503,312.3417,,,504.1179,216.1903,,,,
73650,0,,,,,,,,,,,,,,,506.2345,216.9961,478.4415,212.9634,492.9219,236.1848,467.6934,225.8288,493.7945,233.7691,485.5236,231.6290,480.1978,276.1851,480.0973,272.5930,489.9217,310.6770,488.8569,306.3824,,,,,,,,,,,482.4489,212.0971,509.2056,217.1498,464.5614,224.8393,491.0230,235.0992,468.0434,225.8396,495.4126,236.7416,477.7912,221.5866,484.6458,224.7586,500.0630,221.2947,503.7014,222.9791,479.4970,267.5910,481.8414,274.9179,480.2437,271.7075,476.0982,272.3133,488.6005,305.0358,492.3319,312.3807,488.3525,307.5474,488.5419,310.2139,480.1499,311.7555,486.7353,321.4347,476.0459,311.5502,479.8217,318.6138,473.3023,313.2199,474.8801,318.5273,496.4810,312.8899,494.7659,309.2816,,,499.6620,216.1073,,,,
73651,0,,,,,,,,,,,,,,,504.0658,216.4551,475.0335,211.7005,490.8302,236.7498,462.9229,226.0192,489.9809,233.8872,483.2059,231.5702,474.2063,275.2340,482.1035,272.4875,484.5168,312.4599,487.6771,307.2848,,,,,,,471.9813,211.5139,501.9263,215.0050,478.5102,211.8239,506.9381,216.4891,460.3824,225.2367,489.1311,235.9176,463.1049,226.2208,493.2739,236.9656,475.7495,221.1297,482.4207,223.9299,497.4555,221.1743,500.0628,222.8952,481.0603,267.7341,476.3784,274.2506,480.6211,271.4308,471.3158,271.3629,487.7217,305.9319,485.8629,314.0967,486.8134,308.1618,483.5199,312.1232,479.1848,311.5768,480.7976,322.1862,474.2503,311.4587,473.9446,318.4611,471.2062,313.4333,469.0824,318.5665,491.2347,317.0143,493.6315,310.5496,,,497.1101,215.5480,,,,
73652,0,,,,,,,,,,,,,,,501.3311,216.4663,472.3322,211.8356,489.2576,238.2599,458.5546,225.5785,487.3399,234.5455,481.4584,232.0479,468.4662,275.3815,483.2572,274.2289,471.4411,313.2304,488.5637,308.9935,,,,,,,469.2399,211.6163,498.5848,215.2786,475.4171,212.0052,504.2363,216.5260,456.2538,224.7124,487.1083,237.2734,458.8449,226.0218,491.5205,238.4051,473.5381,221.8616,479.3506,224.5198,495.2412,221.7523,497.8616,223.6542,481.9335,269.8356,470.4987,274.3113,482.7914,272.8304,466.6626,271.7525,489.0695,307.5480,472.9323,314.7602,487.6292,309.8346,470.2386,312.9853,480.5534,312.9026,466.5363,321.8315,475.6324,312.5817,459.9851,318.3575,472.4363,314.5210,455.8956,317.9029,477.0695,318.3641,493.8397,312.1051,,,494.7933,215.5196,,,,
73653,0,,,,,,,,,,,,,,,498.4228,216.8810,469.5460,212.2527,487.1848,238.2551,454.8410,224.4488,484.5509,234.8453,479.4604,232.3961,465.1712,274.7111,481.1446,273.9626,461.3888,312.3513,488.0582,307.9842,,,,,,,466.2476,212.0511,495.9152,215.7096,471.4758,212.4759,501.3454,216.8747,452.6721,223.5666,484.6912,237.3841,455.0190,224.9661,489.4614,238.2430,471.5654,222.5940,476.2221,224.9352,493.0731,222.3225,495.4575,224.1840,480.0098,269.5248,467.6371,273.2841,481.1295,272.5997,463.0648,271.0483,488.6704,306.7112,463.2913,313.9914,487.1404,308.7150,459.8906,311.7397,479.5851,311.6852,455.0359,320.8670,474.2996,311.9288,449.2805,317.1088,470.8042,314.1463,444.5648,316.3757,466.5789,317.8624,493.5314,310.5387,,,492.8905,216.0730,,,,
73654,0,,,,,,,,,,,,,,,496.6147,217.3828,468.0063,212.2526,485.8282,239.6420,452.5843,223.8172,482.6622,235.7054,476.9175,233.0825,464.2066,275.0274,480.1446,273.5561,456.3904,312.5111,488.1220,307.8853,,,,,,,465.4383,212.0224,494.0333,216.5965,470.1884,212.4419,499.7931,217.3779,450.3949,222.9681,483.3723,238.7392,452.9271,224.2988,488.2544,239.6470,469.2547,223.7883,474.1612,226.4702,490.3293,222.9634,493.1390,224.8074,479.0306,269.5175,466.9758,273.6581,480.2304,272.2224,461.7587,271.2686,488.5626,306.8356,458.6205,314.0735,487.2057,308.6610,454.8632,311.8517,479.3056,311.9097,450.3234,320.3649,474.2961,312.1995,443.6717,316.3562,470.7986,314.4374,438.9397,315.2638,461.7517,317.5512,493.3733,309.8462,,,489.9706,216.9395,,,,
73655,0,,,,,,,,,,,,,,,494.2739,217.3452,464.7339,212.4062,483.8726,239.6549,448.9496,224.2453,479.4756,235.7854,473.3940,233.6498,462.6410,274.9101,478.6785,273.1013,447.2645,310.1753,488.0844,307.2207,,,,,,,461.6720,212.1875,491.2052,216.6781,467.0420,212.5234,497.4507,217.3443,446.4982,223.6629,481.2172,238.7508,449.5484,224.6554,486.4246,239.3657,465.5728,223.7994,471.1619,226.5071,487.1239,223.1942,489.8075,225.2652,477.2471,269.0436,465.8029,273.7021,478.8996,271.6134,460.0245,270.8904,488.4691,306.3513,449.1700,312.0697,487.1778,308.0964,445.8181,309.3491,478.7383,311.3635,440.1322,317.8789,473.9590,311.5354,434.5005,312.9014,470.4934,313.8868,430.0950,311.7084,451.4159,315.8264,493.9492,309.7717,,,486.7352,216.8746,,,,
73656,0,,,,,,,,,,,,,,,490.2484,218.1121,460.4541,212.7753,481.2662,241.1041,445.5036,224.1774,475.4498,237.7599,469.3583,235.0957,458.8067,276.0021,477.0446,274.0369,440.8185,309.0251,487.7547,307.5215,,,,,,,458.5391,212.5974,487.3762,217.3538,463.3383,212.8747,493.1111,218.0899,443.2687,223.3134,478.5845,240.1602,446.0302,224.5165,483.7027,241.1392,461.5481,224.9904,467.2324,228.1397,482.2356,224.7909,485.0486,226.7115,475.0308,269.7857,462.2697,274.3465,477.3822,271.8631,456.7629,271.6381,487.7356,306.4296,442.8080,310.6238,487.1140,308.6053,439.3884,308.2014,478.4810,311.3132,432.9060,316.1114,473.9042,311.6682,428.3350,311.1668,471.0000,314.0310,423.4304,309.9091,444.3282,313.4348,493.3145,310.4688,,,482.0852,217.8326,487.5623,214.8094,,
73657,0,,,,,,,,,,,,,,,486.6696,219.2813,456.7463,213.2411,478.0147,240.4187,442.4725,224.0375,471.8391,238.5977,466.3384,235.8083,453.9745,276.8355,475.1372,275.6695,436.3500,309.8697,486.9149,308.5360,,,,,,,454.4375,213.0222,484.0141,218.2597,459.2952,213.4325,489.4238,219.3210,440.2506,223.4370,475.3680,239.5861,442.7938,224.4450,480.0472,240.1493,457.8495,226.3544,463.0177,229.2876,477.3035,225.8469,480.4834,227.6762,473.1464,271.1771,456.8382,275.0639,475.0915,273.5379,453.4204,272.9227,486.8216,307.2178,438.0869,311.2056,486.2985,309.7255,435.0220,309.0048,478.0709,312.2411,427.7547,316.5164,473.5194,312.5474,423.2309,311.9125,470.5498,314.6386,419.2948,310.6238,440.0237,314.1421,492.3713,312.3650,,,476.8090,219.0104,,,,
73658,0,,,,,,,,,,,,,,,483.4156,220.4588,453.7010,213.9915,475.6273,242.6080,439.6135,224.7969,467.8985,239.8922,462.6804,236.6495,450.9117,277.2981,472.3171,275.2393,433.9082,311.3571,486.5626,309.2449,,,,,,,,,481.1005,219.5010,456.3910,214.3739,485.9660,220.5333,437.3691,224.3066,473.1659,241.7500,439.8467,225.0673,477.5148,241.8978,454.6440,226.6822,458.7338,229.8808,474.2329,226.2503,476.5107,228.2681,470.3164,271.4801,453.3033,275.9678,471.9920,273.9624,450.0455,273.6663,486.4080,307.8719,435.3415,313.3463,486.0185,310.4356,432.5085,310.4628,477.9433,313.3542,425.6130,318.4849,473.3424,313.7550,420.1252,313.8220,470.4320,315.7227,416.1160,312.2381,438.0168,316.7052,492.1788,312.3672,,,474.0847,220.1111,,,,
73659,0,,,,,,,,,,,,,,,478.0717,220.1225,449.8282,214.7296,471.3594,243.1041,435.9720,225.7174,462.2575,239.3556,458.4619,235.7794,447.2021,277.5726,467.8097,274.5642,431.7936,311.1219,485.5757,306.6216,,,,,,,,,475.5067,219.5862,452.8077,214.8694,480.6495,220.4993,433.7932,225.0086,468.9320,242.5453,436.4335,226.1244,473.7004,242.6522,450.6425,225.1812,452.5124,229.6498,469.4490,226.1698,471.6469,227.9986,465.7191,270.7038,449.1545,276.3351,466.7652,273.5012,445.6564,273.3634,485.9874,305.2290,433.0819,313.0559,484.8600,307.7257,430.5015,310.4212,478.5399,312.1820,423.4710,318.9782,472.9087,312.5353,417.7518,314.5471,469.5792,314.4776,415.1601,313.7609,437.2394,316.7421,491.3337,309.1425,,,469.0731,220.2999,,,,
73660,0,,,,,,,,,,,,,,,473.4541,220.0260,445.9738,218.3658,468.7444,234.1154,433.5805,235.5971,457.0633,239.9080,452.7456,237.1082,444.7662,277.3703,461.3329,274.3688,431.7839,312.1326,483.9647,306.0889,,,,,,,443.6182,218.3761,,,448.0710,218.5115,,,431.1854,234.8743,465.8481,233.6406,434.0834,235.2698,471.4130,234.1997,445.5353,225.0673,448.1414,230.5849,464.7291,226.6783,466.9889,228.3729,459.6824,270.3292,447.2591,276.0440,461.0161,273.0046,442.2115,273.1673,484.0944,304.9850,433.5074,313.7077,483.3153,307.0755,430.2666,311.2213,477.1211,312.0302,424.4962,320.1136,471.8499,312.3082,417.8817,315.6291,468.9796,314.1877,414.2883,314.6715,437.8023,316.7608,490.2169,308.4247,,,463.9171,220.0179,468.3324,217.1550,,
73661,0,,,,,,,,,,,,,,,469.3635,219.4718,442.9404,214.5879,463.6879,243.5765,432.5999,228.4448,453.0949,239.3766,448.4123,236.6553,442.3870,277.2038,456.3802,275.0924,431.1345,311.7017,481.1120,303.8171,,,,,,,440.7320,214.3140,467.5541,218.3646,445.0916,214.8949,471.6189,219.5198,429.9828,227.7604,461.0492,243.1015,433.0458,228.4001,466.1720,243.3371,441.4429,226.6324,445.2602,230.0611,458.8586,226.7589,461.8027,228.5169,454.4462,271.1989,444.6905,275.7459,456.6685,273.8640,439.6114,273.9094,480.7338,302.3389,433.4210,313.5915,480.7414,305.0784,429.5597,310.8226,475.1018,310.5836,424.7533,320.2201,470.7414,312.0785,418.2696,315.8705,468.3084,314.4396,413.2428,314.9973,436.1996,316.2795,487.1383,304.8954,,,459.1720,219.5351,462.8596,216.6500,,
73662,0,,,,,,,,,,,,,,,465.1465,218.6516,439.2623,213.7131,459.0243,242.8568,431.1248,229.9421,450.0939,238.7394,445.1868,235.6483,440.8420,277.1997,450.1580,274.7183,431.4084,312.7752,476.3614,299.7768,,,,,,,436.1910,213.4954,463.9150,217.2161,443.5354,213.7985,467.4538,218.6811,428.1658,228.8079,456.5428,242.4173,431.4806,229.6448,461.7625,242.4841,437.4685,225.7737,442.6792,229.1942,456.0546,226.0423,459.0847,227.6402,447.5443,271.5834,442.9189,276.2462,450.6854,273.9093,438.5031,273.8453,475.5104,298.2850,433.1619,314.4738,476.3808,300.9535,429.9010,311.8810,471.8896,307.8629,425.9056,321.3626,468.7126,310.1868,419.2299,317.1074,466.7892,312.9719,414.7701,316.4439,436.0353,317.6984,482.3310,299.8540,,,455.9321,218.5751,460.9277,215.7587,,
73663,0,,,,,,,,,,,,,,,461.0121,218.0576,446.1926,215.4637,453.9445,242.6953,437.7163,231.9728,447.3280,238.9057,442.8943,235.9571,439.0916,278.2585,444.2295,274.2459,431.6277,312.6047,470.5372,297.7257,,,,,,,441.7771,213.2563,459.0113,217.2543,448.9852,215.1397,463.9150,218.1586,435.2682,231.3499,451.1860,242.3145,439.4152,231.9721,456.5892,242.6233,435.2589,226.7140,439.4698,229.6386,454.8724,226.9344,457.2991,228.1936,442.7948,271.1581,440.6447,277.0657,443.8121,273.7206,436.8385,274.4160,469.6737,296.4835,433.4354,314.0423,470.5079,299.0892,430.0273,311.6659,468.0904,306.3479,425.1782,321.5737,465.7212,309.5184,419.0066,317.1325,464.5508,312.5981,414.5413,315.9399,436.9350,316.7569,475.9408,296.6022,,,454.9550,218.6127,458.6564,214.4935,,
73664,0,,,,,,,,,,,,,,,458.4980,217.4747,440.6586,214.5328,450.0041,241.0435,431.5928,230.1577,445.5036,237.5514,439.4335,234.1488,438.0194,279.1465,437.7951,273.3473,431.7300,312.5534,464.6569,298.2365,,,,,,,436.6855,212.2176,455.8295,216.7144,444.6050,214.2966,461.1007,217.7486,429.2771,229.5322,447.7313,240.5049,432.6831,229.9286,452.3047,241.1753,431.7969,225.2735,436.7940,228.1773,452.3183,225.5864,455.0193,226.8756,436.7099,269.9878,439.2497,278.0408,436.7986,273.0624,435.3271,274.7077,464.2144,296.8354,433.8726,314.3276,464.5216,299.6728,430.0951,311.7707,462.1429,305.9690,426.2330,321.7032,459.1290,308.9567,419.5658,317.6765,458.0064,312.2073,414.5145,316.8166,436.3221,316.9443,470.2048,297.9258,,,451.8070,217.7815,454.8899,214.4902,,
73665,0,,,,,,,,,,,,,,,454.2348,217.7217,442.3001,214.8287,443.8772,240.4759,434.9084,233.0381,444.0841,237.3531,437.7166,234.8127,436.8816,279.6076,431.1343,272.6269,430.9064,313.7717,457.0876,296.5886,,,,,,,439.8281,213.3537,452.2149,216.7101,445.9962,214.5489,456.8221,217.9775,431.9199,232.6198,441.5536,239.8012,435.3088,232.6513,446.1638,240.6494,429.8567,226.2702,435.3965,228.9644,450.5645,226.0537,453.0518,227.4699,430.6634,269.5272,439.0202,278.4730,431.1182,273.0277,433.7940,275.1489,456.3676,295.0800,432.8793,315.5802,457.1329,298.2487,429.4109,313.0954,453.0956,303.8550,424.8274,322.6524,450.5276,307.4621,418.7874,318.5135,449.7232,310.8296,414.2999,317.5052,436.4527,317.9122,463.0403,296.2479,,,450.2281,217.7167,455.0300,213.9195,,
73666,0,,,,,,,,,,,,,,,452.4457,217.0847,438.4908,213.1656,441.2516,239.6978,433.2517,231.2664,444.0503,236.0453,435.9738,233.1516,436.3096,279.5344,425.0108,271.4903,430.6487,313.4796,452.9936,297.9002,,,,,,,435.0725,211.5260,450.9314,216.2957,443.0866,211.9857,455.2276,217.0953,430.2042,230.9302,439.0253,238.9470,434.1070,230.7282,443.6631,239.9579,428.2456,224.3884,434.9688,226.9368,449.5497,224.2773,453.0353,225.4709,424.2248,268.3336,438.1479,278.1883,425.8504,271.9538,432.6472,274.9101,452.3906,296.4820,433.0524,315.4980,452.9631,299.4496,429.1922,312.7632,448.0213,305.6520,424.8153,322.9174,445.2290,308.8340,418.2304,318.6706,443.6734,311.8481,413.4677,317.7693,435.6971,318.2570,459.3451,297.5871,,,449.1357,216.1611,454.2573,213.6960,,
73667,0,,,,,,,,,,,,,,,450.0474,216.1010,444.0081,211.1134,437.0826,238.4752,429.5488,228.9341,440.4516,236.2989,432.4241,233.0448,433.2864,279.7475,419.1359,270.4761,431.4338,312.4781,443.0446,298.4355,,,,,,,435.3318,210.7525,448.4197,215.2714,445.0160,211.1754,452.7317,216.0808,427.4273,228.2934,434.7690,237.4512,430.5249,228.7588,439.5510,239.2356,424.5458,223.8402,431.0631,226.9231,447.2659,224.4125,450.4858,225.7973,418.3409,267.3611,434.9881,278.4217,419.6597,271.0394,430.0201,275.4033,442.4303,296.5609,433.3023,314.4112,443.0038,300.3039,430.1181,311.7325,436.6272,305.8443,427.4457,322.1619,433.2433,308.1396,420.4252,318.0557,430.1285,310.8567,415.9768,317.2615,436.6645,316.8906,450.4971,299.1514,,,447.5866,216.7494,452.7387,212.6951,,
73668,0,,,,,,,,,,,,,,,446.3682,216.2761,426.5633,211.1019,432.0153,236.6740,417.1602,229.9470,437.5329,235.2803,426.6239,232.1553,431.8132,278.0463,413.9797,269.5322,430.7184,312.0882,435.1112,300.5274,,,,,,,424.1453,210.9720,444.5446,215.5070,429.4490,211.4643,449.2002,216.4190,414.2069,229.3880,430.1874,235.4236,418.2744,229.8118,434.5275,237.6391,419.5431,223.0686,430.1939,225.8545,441.3079,222.9258,446.6789,224.4123,412.4681,266.1200,434.6404,276.0438,415.9736,270.2273,427.2459,273.2552,434.8769,299.1851,433.1912,313.9192,434.5652,301.9370,429.0532,311.3486,429.5407,307.1113,426.6113,321.8878,425.5581,308.5860,419.6934,318.1310,422.5365,311.0870,415.1991,317.5140,436.2458,316.2162,441.8121,302.1449,,,442.8273,214.7749,446.3127,212.7792,,
73669,0,,,,,,,,,,,,,,,443.8043,216.0769,436.7692,211.4783,428.1487,235.5937,421.1258,229.0631,434.5534,235.3287,425.2568,231.9871,430.4377,279.2030,408.8497,269.6140,429.7200,312.8208,425.5476,302.7922,,,,,,,427.0269,211.1424,442.0074,214.6781,437.4010,211.6731,446.8729,215.9745,417.9869,228.6245,426.2374,234.2848,421.5631,228.9511,430.5004,236.5711,418.6179,222.6484,426.4937,225.1180,440.7906,223.2132,444.7276,224.4653,408.2838,265.9822,432.9955,276.9300,409.9249,269.8704,425.9355,274.0639,425.7556,301.3378,431.6099,314.7180,424.8694,304.0852,428.4765,312.2342,419.3601,308.2440,425.4024,322.7125,414.5044,309.5638,420.1066,319.7009,411.8122,312.2136,415.4689,319.2548,435.5195,316.5021,431.9554,305.7077,,,442.1524,215.5015,446.4841,212.8360,,
73670,0,,,,,,,,,,,,,,,439.7064,216.4238,432.9772,211.6312,423.9569,234.4868,419.9343,229.4171,431.8554,235.1267,423.1769,231.8729,429.5330,278.1904,403.7657,269.2670,429.7069,312.7188,414.4548,303.7506,,,,,,,424.4984,211.1369,437.6613,215.6585,432.7424,212.6978,442.6999,216.5879,418.1666,228.9321,422.0899,233.1372,420.3726,229.2323,426.0177,235.3932,415.5996,223.3763,422.7492,225.2230,438.1729,223.7325,441.8304,224.6659,403.4945,265.8919,432.0087,276.0776,404.7010,269.3600,424.9733,273.5783,414.6787,302.5910,432.5016,314.4252,414.1534,304.9017,427.9555,312.4471,406.4074,308.4023,426.3567,322.8123,402.6845,308.8267,419.3454,319.2529,400.1666,310.9215,414.5350,318.9222,435.5551,316.5568,420.8700,306.9668,,,438.4819,214.9309,442.9626,213.1059,,
73671,0,,,,,,,,,,,,,,,434.5387,216.6732,429.4713,211.9494,417.6449,234.8507,416.2208,230.1161,426.8752,235.9297,417.5641,232.9462,427.6467,279.5104,399.3379,270.1431,430.0592,312.8945,400.4499,304.8012,,,,,,,425.0435,211.5714,432.1932,215.1753,430.4240,212.0946,437.3545,216.8260,414.6598,229.3951,415.5907,233.1366,417.0642,230.0463,419.6161,235.9658,410.8053,224.1266,417.5144,226.2746,433.3449,224.4372,436.8773,225.7129,398.8049,266.2222,429.9523,277.5040,401.9401,270.3955,422.4823,274.9480,400.0184,303.7101,432.0945,314.6191,400.2499,306.1378,427.9669,312.4568,389.3412,308.7944,426.4911,323.4711,386.7984,308.9929,419.5181,319.7014,384.6153,310.6064,414.6942,319.3688,435.2560,316.2494,405.5338,308.8825,,,433.9446,216.3916,438.2320,213.4669,,
73672,0,,,,,,,,,,,,,,,429.8939,217.4020,425.9682,212.4684,413.1893,234.8821,413.3314,230.1407,423.4707,236.7253,413.4544,233.8261,426.0732,279.6610,396.5665,270.7122,429.3497,312.8169,390.5818,306.0820,,,,,,,417.8847,211.9457,427.8759,216.5145,426.1563,212.6429,432.9545,217.5820,411.8847,229.3723,410.6356,233.4297,414.2352,230.0238,415.0840,235.9982,406.7029,224.5527,414.8237,227.3773,428.5834,224.6130,432.4391,226.0579,396.1604,266.5364,428.3292,277.5166,399.7204,270.7927,420.7918,274.7699,390.2850,305.1107,431.7213,314.1366,390.0583,307.2602,427.3268,312.4898,380.7927,308.4163,426.5603,323.1468,377.4802,307.6703,419.5093,319.9963,374.5491,308.8259,414.5341,319.6507,434.8617,315.5609,394.8920,311.2293,,,428.7408,217.0230,432.1636,213.9177,,
73673,0,,,,,,,,,,,,,,,425.7490,217.4974,421.2963,214.6164,408.4640,234.7340,413.1094,231.0231,420.5197,236.8535,412.8309,234.7118,424.1841,279.0765,393.7267,270.8466,429.3003,312.7450,381.8532,305.4548,,,,,,,416.7746,211.9813,423.3795,215.5406,424.4652,214.2337,428.6861,218.0150,412.2642,230.4749,406.4848,233.2964,416.4942,231.7665,410.1408,235.5563,405.9804,224.8914,411.6889,227.6095,427.3595,224.6712,429.5939,225.8901,394.0374,267.0992,425.6078,276.7964,396.3319,270.6428,419.7393,274.1384,382.2440,304.7933,431.0652,314.2266,381.2449,306.5883,427.5186,312.2427,371.5767,306.6249,424.9281,322.6789,368.8912,304.9347,418.4541,319.6357,366.0716,305.3958,413.8930,319.1248,434.8981,315.6811,385.5667,311.5974,,,426.8594,216.8008,430.4341,214.0221,,
73674,0,,,,,,,,,,,,,,,422.5079,217.6640,416.9710,214.7549,404.4059,235.2105,410.1330,231.9053,416.6882,237.5440,409.0033,235.6824,421.9820,278.6507,390.6367,271.5058,428.8456,312.6518,375.0046,304.6806,,,,,,,413.3723,212.3823,419.5118,215.9685,420.9336,214.5120,425.5965,218.1350,409.4906,231.5058,402.1415,233.5324,413.1665,232.5848,406.5295,236.0092,402.6888,225.9871,407.6301,228.4778,423.1826,225.4918,425.8650,226.7256,391.0904,267.5883,423.1936,276.4812,392.9705,271.3322,417.4970,274.2747,375.4612,304.2591,430.5710,314.1568,374.0501,305.3958,427.2342,312.0796,364.3222,304.9239,424.3319,322.5621,360.3834,302.3230,418.0473,319.3971,357.8921,302.0563,413.5676,318.8289,434.3755,315.5264,378.2888,311.2897,,,422.5269,218.4988,426.5215,214.4952,,
73675,0,,,,,,,,,,,,,,,417.5326,218.4865,413.1685,215.0762,399.8978,234.8739,404.0111,232.3428,413.3518,237.2769,405.0756,235.3814,418.9194,278.2811,387.2962,271.1585,428.3343,313.1338,370.9198,305.2698,,,,,,,411.6070,213.3513,414.8448,217.5475,415.5000,213.7875,421.0408,218.6504,403.9548,231.7675,398.2369,233.3304,407.9797,232.7816,401.0124,235.7442,398.4994,225.5687,404.3658,227.6577,418.5303,225.4969,422.3698,226.4429,387.5914,267.2966,420.0737,275.9442,390.3467,270.6542,413.7546,273.5777,371.0637,304.9607,430.0852,314.6454,370.3644,306.1987,426.5997,312.4549,359.6941,306.4233,424.4984,323.1740,356.9025,304.5270,417.6518,319.8670,356.8544,304.6921,412.8008,319.5646,433.8752,316.0737,373.9194,311.8089,,,418.5845,218.0993,422.6086,215.2906,,
73676,0,,,,,,,,,,,,,,,413.5214,218.8393,408.1154,216.0615,395.8741,236.1760,399.5675,232.4215,409.2133,238.8026,401.4941,236.0817,416.4134,279.9551,383.4011,271.9605,427.9668,312.6566,369.7631,307.0781,,,,,,,403.4552,213.2564,411.1446,217.7554,411.3634,215.1347,416.6280,219.0714,399.6907,232.0906,393.8369,234.7220,403.7236,233.1197,397.0758,236.9573,394.7241,227.3666,399.7491,229.8665,416.0689,226.3307,419.1511,227.3508,384.1466,268.0110,417.6530,277.4238,385.4239,271.7286,411.3857,275.7387,370.1803,306.7074,429.8405,314.0614,369.2997,307.9786,426.1079,312.2865,358.6447,308.5126,424.3845,323.2062,355.8877,306.5990,417.4617,320.3208,355.8372,306.6287,412.6804,320.1119,433.7721,315.4847,373.8867,313.4097,,,415.4571,218.7770,418.5606,215.1426,,
73677,0,,,,,,,,,,,,,,,410.6403,219.1169,407.7632,215.8026,393.0135,236.3759,398.7210,231.6191,405.3020,237.3446,399.1974,235.1929,412.3175,279.1497,380.5737,272.1344,427.1116,312.7323,367.9291,307.3276,,,,,,,403.0134,213.8800,408.3177,217.2899,412.0746,214.5041,413.5158,219.5269,397.7200,231.1886,391.1539,234.7662,402.4952,232.1981,394.6174,237.1036,392.0477,225.5077,394.5416,228.1472,414.6363,224.7587,416.3202,225.8650,381.3854,268.1284,413.4214,276.7306,382.4691,271.3829,407.6338,274.9156,368.6873,306.7948,428.7796,313.7528,367.2929,308.1982,425.4082,312.3804,356.1145,309.2329,423.3202,322.7613,355.8920,307.5057,416.4313,320.4049,355.8248,307.6790,411.7150,320.2902,433.5613,315.1037,372.2283,313.1997,,,413.1248,216.8136,416.5504,215.7996,,
73678,0,,,,,,,,,,,,,,,409.1094,219.1071,405.1105,215.7227,391.1132,236.0913,397.2153,232.4214,403.4938,238.0189,395.1348,235.9766,409.9642,279.5861,377.9087,273.4623,426.3186,312.1881,366.8556,307.6654,,,,,,,401.0531,214.0168,407.1315,217.5514,409.9401,214.7137,411.5150,219.6181,397.3751,232.3299,389.5832,234.3293,401.8260,232.8493,392.8160,236.7708,389.0110,227.0599,392.8629,229.7163,411.7515,225.5916,413.8501,227.2204,378.6492,269.5697,411.0110,277.0858,380.3195,272.4670,405.2257,276.2507,367.4459,307.0678,428.0601,313.1820,366.2867,308.4816,424.5293,311.8365,355.2544,309.9976,423.3331,321.9364,355.0282,308.2732,416.2921,319.9365,354.9807,308.5328,411.7500,319.9175,432.5304,314.2707,371.2924,313.3212,,,410.0150,217.2397,414.1367,216.0794,,
73679,0,,,,,,,,,,,,,,,404.7704,218.2665,402.3202,215.2228,387.9115,235.9718,406.2852,233.0804,398.0687,237.4087,390.9345,235.3430,404.7351,279.5246,375.1132,272.8315,424.8066,309.5963,366.4407,307.2474,,,,,,,399.0777,213.6740,401.7888,217.1097,408.4778,214.2889,407.4047,218.6124,403.7439,232.5646,386.2271,234.4142,407.0064,232.6558,389.5183,236.4296,386.4843,226.5073,389.1442,228.8171,408.8366,225.4461,410.1898,226.8314,375.4400,268.6130,405.7284,277.4606,377.8180,271.6304,399.6727,276.4290,366.7715,306.6467,426.4507,310.5228,365.8326,308.0058,423.0606,309.2853,356.1161,309.8813,422.2231,319.8535,353.5639,308.5203,415.2224,318.5297,353.4714,309.3139,410.7442,319.1125,431.5759,310.5584,370.7765,312.9721,,,407.2887,216.7892,410.2599,215.7323,,
73680,0,,,,,,,,,,,,,,,400.7487,217.7838,396.6366,214.7982,385.1635,235.3016,401.4277,233.3594,392.1544,235.8687,388.8477,234.2724,397.9717,279.5646,372.3885,271.9136,421.9035,308.2566,366.9610,307.9377,,,,,,,394.3164,213.5088,397.8061,216.8599,398.6734,214.2089,403.6390,218.1400,397.2631,232.8117,383.0120,233.9876,402.6699,232.9417,386.7526,235.6090,382.5304,225.1509,383.6284,226.4445,404.3514,224.3989,405.1608,225.4202,373.0577,267.8737,398.3957,277.3624,373.9546,270.5663,394.3787,275.8693,367.4211,307.3143,423.6464,308.9931,365.8519,308.4971,420.2886,308.1128,356.8189,311.3140,421.4094,319.0105,352.3517,309.6383,414.5391,318.4545,350.2833,310.3841,410.2876,319.5686,428.1613,308.7109,372.0474,313.7068,,,402.9196,216.7255,406.6486,215.5976,,
73681,0,,,,,,,,,,,,,,,398.6385,217.7319,395.3043,215.0443,382.4352,234.6799,388.6372,231.8345,389.9639,235.3895,385.5231,233.2401,391.2750,279.7361,370.3078,271.4728,417.7259,305.6918,366.6614,307.2005,,,,,,,392.0375,213.3655,395.0051,216.6364,400.5604,214.1303,401.7503,218.3061,388.4730,231.7644,379.9593,233.3253,392.4989,231.8668,383.8396,234.9855,379.3156,224.2024,381.1861,226.0429,401.4143,223.3829,402.8985,224.7028,370.7196,267.0647,392.3197,277.8448,371.9267,270.1898,387.7068,275.9209,367.2156,306.4048,419.7677,306.4162,365.6088,307.9008,416.0988,305.7085,357.7344,310.7432,419.6448,317.5224,352.2711,309.3851,413.3266,317.7669,348.2192,310.3395,409.0985,319.3460,423.5843,304.6338,371.5104,312.6883,,,400.1987,216.7496,,,,
73683,0,,,,,,,,,,,,,,,390.4678,216.2954,387.5528,213.5457,375.7314,233.1323,376.4845,228.9395,381.0866,233.8298,378.3675,231.8867,375.3526,278.1847,367.2560,271.9451,403.4538,301.7402,366.0217,307.4028,,,,,,,385.6808,212.1443,385.9720,215.3747,389.2444,213.2730,393.1710,215.6397,375.7940,228.3379,373.4391,231.8920,377.9184,228.7838,377.1861,233.5262,371.5045,222.5848,371.8563,224.2677,394.7997,222.9163,395.6534,223.6159,368.8428,267.4922,375.6163,276.2097,367.8623,270.3116,373.1521,274.8189,366.6130,306.7936,405.2489,302.5991,364.9779,308.4921,402.3447,302.2483,357.8285,310.4665,406.0682,314.4392,352.0662,309.1892,399.7097,315.9026,348.1774,309.7403,395.7065,318.2326,410.1653,299.5899,371.2902,312.4933,,,393.2306,213.8927,397.1695,213.9976,,
73684,0,,,,,,,,,,,,,,,386.5985,215.8767,383.0272,213.4404,372.8468,232.4766,377.3902,228.2358,378.1490,234.2074,379.1181,232.4996,369.6757,276.8898,366.6229,271.7903,397.0165,303.2438,366.2774,307.5241,,,,,,,381.1254,211.5086,382.8079,214.6655,386.0871,213.0394,390.2576,216.2115,376.6351,227.6555,370.5402,231.1521,379.7135,228.7067,374.3358,232.8040,371.1841,223.0965,368.2253,224.9275,392.1838,223.3645,391.8623,224.3261,368.2164,267.8991,369.4244,275.3235,364.9029,270.1313,368.7721,273.5248,368.1084,306.8104,398.3927,303.7033,364.9804,308.2933,396.2219,303.7582,359.8388,310.0231,397.8154,314.7612,354.3235,308.6553,392.1375,315.4569,350.3152,309.4865,388.0833,317.3749,403.4946,302.0326,371.4657,312.2744,,,389.7417,215.1620,393.7001,213.4049,,
73685,0,,,,,,,,,,,,,,,386.3244,214.7263,372.5699,211.8117,371.4737,232.4238,362.8806,227.5494,378.0507,233.1929,375.0548,231.3040,365.7972,275.4066,365.0581,271.7478,388.1370,304.1772,366.0496,307.1490,,,,,,,370.8054,211.6209,382.1249,214.6802,376.5951,212.0045,389.3202,214.9148,359.5875,226.4688,369.7432,231.3030,363.7124,227.3924,373.0270,232.9312,367.7161,221.9603,368.7581,223.7129,388.5199,222.1991,389.6262,223.1396,366.2903,267.4487,366.1867,273.8272,364.3469,269.9908,364.6785,271.9329,366.8870,306.4711,390.1668,304.4168,365.3927,308.0322,387.1044,304.5604,358.9629,310.3770,389.2561,315.5723,353.7600,309.6468,382.2343,315.8598,349.8273,310.7644,377.9093,317.4924,393.9342,303.1201,370.9959,311.7997,,,388.5616,213.3061,392.0612,213.4725,,
73686,0,,,,,,,,,,,,,,,383.5351,214.8954,369.4220,211.3320,369.4509,231.9010,361.4589,225.4978,375.7947,232.0178,373.0751,229.7478,363.0793,274.7767,363.7818,270.9209,374.4383,308.3606,365.8433,306.4885,,,,,,,368.8762,211.0003,379.2912,214.2259,374.6627,211.4599,386.4884,214.4864,358.2787,224.3485,367.8278,230.6673,361.9973,225.2405,371.3184,232.3427,366.7208,220.5188,366.6522,222.6397,387.2118,221.2662,387.6646,222.2588,363.9980,266.4701,363.6477,273.2030,362.0587,269.4034,361.0817,271.3035,366.6081,305.5311,376.4569,309.3082,365.1704,307.4641,373.1007,308.1772,358.6060,309.9332,371.0050,318.2338,353.8563,309.1124,364.7554,316.4652,350.2503,310.2227,359.9439,316.7108,380.5274,309.8817,372.5932,310.6063,,,386.1109,212.8203,390.5877,212.9365,,
73687,0,,,,,,,,,,,,,,,381.2617,215.1783,367.5308,211.6125,367.5178,231.1807,357.7618,224.0223,374.0360,231.0347,372.8421,228.9077,357.2295,273.6250,363.2940,269.5989,366.9548,308.4699,367.0932,304.3403,,,,,,,366.7168,211.3835,377.1462,214.4488,372.1811,211.9292,384.0507,214.7437,355.1462,222.8167,366.0229,229.8095,358.2502,224.0062,369.2380,231.7544,365.4258,219.9525,364.6433,222.3701,384.9952,220.6693,385.1655,221.8580,363.3117,265.2202,358.2183,271.8106,361.1678,267.9939,356.1394,269.9062,367.3850,303.2206,368.7380,310.0617,366.1551,305.2163,365.9282,308.3015,359.9245,308.7895,362.4864,318.1769,354.4595,308.4511,356.0264,315.0279,350.8381,309.6640,351.7866,314.9189,373.6106,312.0146,373.3362,308.4609,,,383.7775,213.1871,389.7193,213.4220,,
73688,0,,,,,,,,,,,,,,,378.1417,215.4703,369.8474,212.5935,365.6239,230.9679,354.8850,223.0132,370.7774,229.7739,371.7262,228.4070,353.6699,272.2456,363.2498,270.1306,359.9440,309.0131,364.9997,306.0150,,,,,,,367.4993,212.3268,,,374.3196,213.0485,381.0968,215.5552,353.1988,221.7172,364.0256,229.6443,355.3561,223.1251,367.2161,231.4632,364.3841,218.6277,362.2854,220.6731,383.8350,219.8613,382.9266,220.4327,363.8093,266.1381,354.7503,270.7328,361.0428,268.3127,353.0276,268.6285,366.0190,305.1778,360.6942,310.3062,363.7539,306.6268,358.8056,308.6592,358.2722,310.4450,354.3044,317.8254,352.9005,309.7937,348.0998,314.8353,349.3807,310.9662,344.3163,314.6842,365.3775,313.0467,370.5356,310.5850,,,382.3775,214.0652,,,,
73689,0,,,,,,,,,,,,,,,375.3859,216.7528,366.7318,212.9804,363.1392,231.6868,352.5906,222.4921,368.3718,229.9077,370.0455,228.1839,350.6646,271.8750,363.6044,270.4622,351.3416,309.6767,365.5025,306.7904,,,,,,,,,,,370.4394,213.5496,378.4259,216.1249,351.1359,221.1404,361.4074,230.3705,352.8169,222.6790,364.7048,232.2258,362.6712,219.0126,360.6593,221.1288,381.5198,220.2558,380.6818,220.7018,364.2917,266.3889,351.7081,270.1485,361.1889,268.4042,350.8368,268.6491,366.8803,306.1225,352.3745,311.1682,364.4052,307.4775,350.4081,309.1113,358.0977,310.8259,345.0980,318.1325,352.9512,310.0545,338.9599,314.4530,349.1145,311.0801,334.5851,313.6277,357.4933,314.3795,370.7545,311.5164,,,380.4145,214.6277,,,,
73690,0,,,,,,,,,,,,,,,375.0920,216.6687,,,362.1737,231.4041,350.8613,221.8084,367.5455,229.4999,369.3448,227.6619,348.5224,271.4002,363.0664,270.6367,346.8278,309.2683,365.1881,306.2898,,,,,,,,,,,369.0260,213.4418,,,349.3288,220.5906,360.4234,230.3321,351.1525,222.0269,363.7215,231.9527,362.2108,218.7047,359.4815,220.9715,380.3517,220.3594,379.4019,220.7490,363.8064,266.4516,349.7220,269.4720,360.5539,268.5241,348.8516,268.0566,366.7294,305.6394,347.7222,310.8535,364.0234,306.9584,346.1187,308.5120,358.7192,310.1773,340.1604,317.3244,352.7613,309.4080,334.4308,313.2301,348.5199,310.4298,330.4148,312.7174,353.0044,314.5579,370.5239,310.7796,,,379.0816,214.5241,,,,
73691,0,,,,,,,,,,,,,,,371.5948,215.8827,362.6530,213.0162,359.6040,232.6422,349.8777,222.1864,365.7835,230.3016,367.5938,228.7146,346.6845,271.4177,361.4267,269.9411,339.5801,308.0790,365.3729,305.2343,,,,,,,361.2669,211.8546,367.9332,214.9630,366.5790,212.3037,374.5655,215.8314,348.1782,220.9752,357.8265,231.5783,350.3562,222.3618,361.2355,233.0524,360.7965,219.0083,357.7429,221.3816,378.8044,219.6989,377.5845,220.7503,362.1363,265.5013,347.9796,269.6351,359.5983,267.6543,347.2355,267.7875,366.8107,304.4824,340.4838,309.4949,363.9547,305.9034,338.8464,307.1705,358.6469,309.1645,331.3238,315.2704,352.6284,308.9477,326.5873,310.7821,348.8591,310.2953,322.9723,309.9364,344.6603,312.9703,370.4437,309.2032,,,376.6864,213.5855,,,,
73692,0,,,,,,,,,,,,,,,369.4667,215.9394,362.2915,212.9410,357.9390,233.4366,348.6784,222.8797,362.8910,232.7294,364.8041,230.5782,345.2569,271.9519,360.1711,270.2342,333.6048,307.2859,365.6573,304.6666,,,,,,,360.3442,211.7870,366.0362,214.8348,365.5784,213.0029,372.6163,216.0198,346.8599,221.6828,356.1857,232.4701,349.1847,222.9381,359.8024,233.9201,358.2435,220.2866,355.1186,222.6974,375.5379,221.3964,374.5141,222.6900,360.6940,265.6118,346.3399,270.3538,358.7468,268.2638,346.2572,268.1870,367.0075,303.7741,334.2276,309.0017,364.1113,305.4825,332.9679,306.4236,359.2440,308.5150,324.5611,313.9222,353.1897,308.8263,319.7096,309.0683,348.9668,310.2716,316.1249,308.1709,338.1086,312.6319,370.7600,308.3444,,,373.7514,214.5482,,,,
73693,0,,,,,,,,,,,,,,,367.3087,216.0436,358.4847,213.2199,355.6505,233.8018,347.7054,222.9933,361.6874,231.9423,362.4647,230.0341,342.8132,271.4672,358.6425,269.7184,327.3380,306.1562,365.7100,304.5115,,,,,,,357.0477,211.9810,363.7944,214.9852,362.0541,212.4775,370.3105,216.0732,345.3931,221.6589,353.7868,232.9134,348.2551,223.1210,357.5364,234.2352,355.5426,220.0120,353.8431,222.3860,373.3622,220.6591,372.9209,221.7524,358.6203,265.3963,344.3356,269.9245,357.8152,267.9836,343.4530,267.7090,366.8609,303.5426,328.1528,307.9542,364.3733,305.3504,326.5025,305.2246,359.1581,308.1341,317.8523,312.2153,353.5380,308.2083,314.1174,307.5913,349.2889,309.7615,310.7095,306.4759,331.2774,311.9809,371.1763,308.1260,,,371.8780,214.5310,,,,
73694,0,,,,,,,,,,,,,,,364.6506,216.3547,356.2383,213.5033,353.5241,234.8057,346.1589,223.6411,359.1602,232.5920,360.2664,230.3548,340.4203,271.0969,357.2281,269.9934,323.2049,305.5471,365.5592,303.7503,,,,,,,354.7108,212.1882,361.3273,215.1549,359.9811,212.5632,367.8325,216.4705,343.5763,222.3588,351.3419,233.7628,346.8730,223.6587,355.1594,235.1866,352.8247,220.9201,350.9657,223.2524,370.5309,221.0749,369.8979,222.3747,357.4420,265.6866,341.9865,269.3719,355.7362,268.0824,341.3222,267.4237,367.0192,302.7131,323.6309,306.9433,364.2126,304.5924,322.6734,304.5745,359.5026,307.7216,313.2107,310.8428,353.3518,307.3603,309.8241,306.4500,349.1732,308.7759,306.9369,305.2054,327.0617,311.1432,371.1892,307.0001,,,368.6705,214.8590,,,,
73695,0,,,,,,,,,,,,,,,361.5316,217.2639,360.4729,214.7344,350.4311,235.2400,351.8315,226.7485,354.8339,233.3880,355.7129,231.5005,336.2073,271.3820,355.2260,270.1246,319.3741,305.5845,365.2299,304.6815,,,,,,,359.5449,212.9095,358.0879,215.6986,363.5654,214.5555,364.2128,217.5391,349.6174,225.1983,348.1582,234.2055,353.5557,226.4315,351.7664,235.5872,348.4384,220.7990,346.6338,223.5500,367.5480,221.2873,366.9376,222.4311,355.3283,265.8668,337.4609,269.7606,353.9334,268.3485,337.3126,267.7752,366.6545,303.5960,319.6999,307.1231,363.7447,305.7225,318.9046,304.5462,359.1659,308.4904,309.2924,311.2581,352.8586,308.1709,306.0807,306.7919,348.5503,309.4668,303.4324,305.4320,322.6756,310.9297,370.5256,308.5138,,,365.8855,215.8922,,,,
73696,0,,,,,,,,,,,,,,,359.0899,216.5522,356.9089,215.2360,347.9671,236.0877,348.9103,227.2995,353.2325,233.6393,353.4257,231.8356,333.8328,271.6266,353.9980,270.7275,317.7695,305.8347,365.0377,304.9303,,,,,,,353.4063,213.7087,355.7034,216.5837,360.6140,214.3334,361.7886,217.5392,346.9782,226.3313,345.6281,235.0615,350.6656,227.3428,349.6286,236.4136,346.4235,221.9074,344.8170,224.1899,365.4397,222.1114,365.1932,223.3829,354.1963,266.5134,334.9923,269.9527,352.5738,268.7664,334.7399,268.0046,366.4180,303.9860,318.1135,307.3071,363.6378,305.9020,317.2061,304.8543,358.8384,308.9033,307.2810,311.6347,352.3938,308.4867,303.5798,307.0311,348.1792,309.8269,300.3667,305.5613,321.4487,311.2438,370.5037,308.8609,,,363.9290,216.1878,,,,
73697,0,,,,,,,,,,,,,,,355.3580,218.1344,352.7827,216.2213,345.4327,235.9877,347.0835,229.2133,351.5475,234.3114,350.8459,232.4692,332.0149,272.1497,353.1293,271.0261,317.1735,306.3818,364.8138,305.2962,,,,,,,349.8458,214.1743,351.2028,217.1682,356.1896,215.7640,358.5758,217.3158,345.1410,228.2904,343.2519,234.9906,348.5672,229.1365,346.9469,236.1763,343.7363,222.3161,342.3779,224.6970,363.1129,222.5056,363.1815,223.8298,353.1575,266.8179,333.1537,270.3366,351.8954,269.4323,333.5545,268.6287,366.1246,304.3496,317.4028,307.9089,363.4903,306.3198,316.6277,305.4788,358.9108,309.1655,306.5555,312.8147,352.3893,308.8822,302.9984,308.1195,348.2642,310.2174,300.1934,306.6093,321.6506,311.6210,370.1809,309.4500,,,360.9172,216.9176,,,,
73698,0,,,,,,,,,,,,,,,352.2658,219.1653,351.2848,216.6673,342.3739,236.8218,346.1711,230.1323,348.6603,235.2614,349.1917,233.3157,330.7315,273.1182,352.7453,272.0202,317.6833,307.7609,365.0776,305.8297,,,,,,,348.8866,214.6275,348.3540,218.2718,354.8017,216.5839,355.3232,219.0353,344.0453,229.4140,340.1489,235.9237,347.7946,230.1195,343.9551,236.8679,341.7992,222.9623,339.9154,225.9318,361.2294,223.3503,360.7562,225.0122,352.9945,267.6583,331.6826,271.1424,350.9922,270.2127,332.4605,269.6946,366.5039,304.9403,318.0968,309.3648,363.6904,306.7138,317.1275,307.0670,359.2307,309.7484,307.2942,314.2262,352.6892,309.4350,303.4529,309.4153,348.4402,310.8516,300.7293,307.8939,321.9931,313.2815,370.2544,310.1405,,,358.7757,217.8458,,,,
73699,0,,,,,,,,,,,,,,,349.9595,221.1237,350.4619,218.5721,339.8002,237.6811,344.4825,231.5165,345.7774,236.8101,347.3523,234.7052,329.7155,274.9559,351.9487,273.5932,319.3570,309.5173,364.6526,306.0714,,,,,,,348.3416,216.4255,345.5815,219.3830,353.7820,218.3156,352.6705,221.1150,342.8293,230.7598,337.6498,236.9541,346.2626,231.7520,341.2665,238.0349,339.5394,224.9143,336.3671,227.7755,358.7536,225.7625,357.7546,227.2807,352.2156,269.5969,330.4009,272.8889,349.7263,272.2132,331.2723,272.0362,365.9970,305.1929,319.7574,310.8838,363.2082,306.8596,318.7507,308.9227,358.7121,310.2498,309.4850,316.4390,352.0968,309.8600,305.6879,312.2852,347.8942,311.3097,302.3547,311.3391,324.4564,314.4948,369.6904,309.7713,,,356.5236,219.9203,,,,
73700,0,,,,,,,,,,,,,,,347.3519,221.2951,348.5843,218.8125,337.3722,238.5164,341.3447,231.6593,342.2000,236.6682,344.9456,234.5431,328.5920,275.3139,350.2790,273.3956,317.9388,310.2298,364.4687,306.1327,,,,,,,347.1123,217.1739,343.3993,219.8783,351.3567,217.7727,349.6854,221.4399,339.6287,230.5181,335.0864,237.6558,343.7920,231.5668,338.6746,238.7772,336.6815,224.4032,333.7096,227.4886,356.0420,225.3536,354.5356,226.5713,350.1320,269.2802,329.2831,273.3134,347.7464,272.1589,330.6280,272.1616,365.9925,305.2410,318.4251,311.6406,362.9453,307.1150,317.1499,309.7283,358.8477,310.4864,308.1097,317.5372,351.9406,310.4849,303.3771,313.6747,347.5975,311.8333,299.6460,312.8679,323.5959,314.8861,369.6585,309.8218,,,352.9556,219.7164,,,,
73701,0,,,,,,,,,,,,,,,344.9680,221.1093,347.8778,217.7138,335.4009,238.7062,339.9500,231.1804,341.4271,235.6307,344.2782,233.2615,327.0555,274.7702,346.7978,273.0056,317.7090,310.7390,363.9891,305.8355,,,,,,,347.0765,217.3560,340.7921,220.0901,350.3423,218.0082,347.6091,221.1765,338.8740,230.0556,333.1921,237.8165,342.9630,230.9349,336.5292,239.1172,335.4206,223.3564,332.1069,226.3972,354.8264,223.7143,352.9518,225.6970,346.3004,268.8341,327.5757,272.7841,344.5499,271.9438,328.9736,271.5383,365.4852,304.8642,318.2583,312.1324,362.4684,306.8686,316.8930,310.1221,358.3271,310.4562,307.7932,318.2503,351.4028,310.7072,302.7830,314.3885,347.0693,312.4223,298.8437,313.5818,323.3646,315.3691,369.6802,309.3032,,,351.8021,218.8886,,,,
73702,0,,,,,,,,,,,,,,,342.7311,220.0057,346.0055,217.6779,334.3927,238.2459,338.1093,230.9736,340.8912,234.9273,343.8784,232.7036,326.0035,274.1627,345.2366,272.6738,317.6204,310.1020,363.2545,304.5864,,,,,,,339.5817,217.2247,338.5814,219.9211,348.3659,217.8076,345.7788,220.1760,336.2057,229.6624,332.0409,237.3917,340.4625,230.9745,335.6485,238.4362,334.8059,223.1687,331.5182,225.7165,353.9110,223.1861,352.0670,224.7839,344.8931,268.6947,326.5264,271.8968,342.6322,271.5098,327.6404,271.0128,364.8316,303.4743,318.1635,311.3246,361.6868,305.6342,316.8527,309.5948,358.3578,309.5659,307.7127,317.7766,351.3259,310.0097,302.8885,314.1900,346.9830,311.8833,299.0496,313.5830,323.5566,314.6286,369.2719,307.8087,,,351.0546,218.7549,,,,
73703,0,,,,,,,,,,,,,,,338.8704,220.0052,338.6313,217.5030,331.4292,237.6716,335.8019,231.2929,339.1154,235.6778,341.7869,233.6118,324.4194,274.8373,341.4222,273.1510,317.6346,310.7882,362.0493,303.0874,,,,,,,337.0051,217.2334,334.6258,219.8670,344.5213,217.7418,340.9274,219.9153,334.0780,230.1389,329.3338,236.9220,338.1673,231.2966,332.4085,237.8548,333.3929,223.9406,330.2367,226.2794,351.2005,223.8846,349.5812,224.6775,341.4705,269.2821,325.2373,272.7648,339.3715,271.8409,325.7314,271.6226,363.4303,301.7574,318.1764,312.0796,360.6634,304.1950,316.8940,310.1090,357.6008,308.5662,308.1353,318.3919,350.9594,309.5676,303.4699,314.8413,346.8309,311.5782,299.7921,314.0003,323.4583,315.2895,368.1987,305.7634,,,347.7443,218.6558,,,,
73705,0,,,,,,,,,,,,,,,332.9898,220.7953,334.6437,218.1816,324.8286,236.6872,333.0821,230.0320,335.9543,235.1845,339.3771,232.9272,323.7246,275.8574,334.9926,271.4133,317.2638,311.0300,358.0078,301.0457,,,,,,,,,328.4714,219.6562,337.9760,217.5559,335.2947,220.8070,331.8048,228.6409,322.3040,235.9414,335.7386,229.9087,325.7033,236.9668,330.4978,224.0396,326.4997,226.2105,347.5591,224.4114,345.7198,224.2191,335.4918,267.1224,324.1579,273.9900,332.2346,270.9461,324.4379,272.5062,359.0748,299.6361,317.9672,312.0970,356.8718,302.1522,316.3452,310.1869,354.8795,306.8984,307.6549,318.6835,349.1261,308.3914,302.9279,314.9565,345.3616,310.7636,299.2314,314.2403,323.6978,315.1128,364.6205,302.9367,,,344.1133,218.6199,,,,
73706,0,,,,,,,,,,,,,,,329.2215,220.8512,343.8438,217.5665,320.3687,236.2369,339.8639,229.9012,333.4282,235.3300,337.6994,233.4865,323.6020,275.4678,330.4220,270.0766,317.2239,310.5842,352.7165,299.4654,,,,,,,,,325.4305,219.7493,343.7329,217.7505,331.7486,220.8414,336.0868,229.6406,317.9564,235.4747,341.3331,229.5296,321.0397,236.4413,328.3624,223.7988,323.4026,226.1645,344.8260,224.2396,342.3576,224.2285,330.7412,265.9001,323.8856,273.6945,327.5409,269.8341,324.4639,272.0388,353.8970,298.1575,318.0802,311.6689,351.5501,300.5639,316.4167,309.7376,349.7131,305.2043,308.7283,318.6627,343.8876,306.7782,303.8940,314.8241,340.4591,308.8530,300.4254,313.9474,323.4115,314.3197,359.1498,301.4041,,,341.4742,218.6276,,,,
73707,0,,,,,,,,,,,,,,,326.3456,220.7189,336.5284,218.2981,316.9057,236.1196,332.7365,229.9850,331.4567,235.6864,336.2222,233.8585,322.6085,275.6501,328.4462,270.5679,316.8699,311.0154,348.3137,300.2672,,,,,,,,,,,339.1826,217.6988,329.1434,220.6115,330.5405,228.8769,314.5968,235.2143,334.7226,229.9155,317.2928,236.4107,327.3310,224.0269,321.7310,226.4508,343.8492,224.6646,341.3992,224.5347,328.8149,266.2942,322.6279,273.6408,325.5589,270.3098,323.3129,272.1856,349.6129,298.9435,317.4808,312.1243,347.0469,301.2369,316.0495,310.2691,345.3431,305.6123,307.4309,318.7257,339.3384,307.1876,303.2424,314.9208,335.7502,309.7197,300.1117,314.1643,322.7878,315.1537,354.2782,302.5263,,,339.3792,218.4896,,,,
73708,0,,,,,,,,,,,,,,,324.8028,219.6705,337.1382,217.5599,314.8742,235.5996,332.4793,229.4577,330.1580,234.0195,336.6436,232.4604,322.0543,275.1548,327.8362,269.4567,317.2335,310.6600,343.5601,301.5874,,,,,,,,,,,339.4847,217.7932,327.5042,219.8299,331.1833,228.3908,312.0476,234.6784,334.4796,229.2928,314.9311,235.8755,328.3241,223.3294,321.1600,225.4306,343.3112,223.9333,340.1844,223.4812,328.7642,265.1669,321.9642,273.0901,324.6393,269.1162,322.9648,271.8187,345.0358,300.5725,317.7803,311.6502,342.2509,302.4064,316.6212,309.9607,340.0993,306.4585,307.1433,318.1999,334.1170,307.6329,303.1714,314.5237,330.2510,309.8260,299.9118,313.9905,323.0598,314.8161,349.5621,304.4208,,,339.6740,218.8361,,,,
73709,0,,,,,,,,,,,,,,,322.4054,219.6128,337.7260,217.5797,312.4577,235.2735,334.6887,228.3125,330.0274,234.8834,336.3801,233.1214,321.7156,275.4058,325.9257,270.1288,317.0045,310.8725,338.9631,303.4166,,,,,,,,,,,338.8337,217.7580,325.4980,219.7682,332.3582,227.6575,309.7019,234.2276,336.2823,228.2752,312.3937,235.5816,327.4110,223.5674,320.8381,226.1626,343.5546,223.7386,340.5277,224.0013,327.0670,265.6891,321.7889,273.6619,323.1866,269.6716,322.4581,271.7280,340.2204,302.4122,317.5016,312.0621,337.6102,304.4891,316.4352,310.0407,334.0422,307.8268,307.5490,318.3773,327.6896,308.4701,303.3451,314.7416,324.0048,310.4637,299.9687,313.9679,322.5935,315.1738,344.7613,307.4451,,,339.5645,218.5524,,,,
73710,0,,,,,,,,,,,,,,,321.1793,219.6642,,,311.0715,234.7166,330.9841,228.0073,329.3214,234.5564,334.6124,232.1006,321.1788,274.9948,324.4557,269.7834,316.8498,310.6118,332.9849,303.3342,,,,,,,,,316.0189,219.5672,335.5382,217.8099,324.5019,219.7952,328.8048,227.3441,308.0652,233.6305,332.4931,228.0262,311.2503,234.9614,325.7938,223.3866,319.6533,225.8990,342.0941,223.7834,339.4255,224.0086,325.5566,265.3185,321.4780,273.0859,322.0891,269.2618,321.0960,271.3897,334.0830,302.2388,317.7426,311.8765,331.8180,304.4714,316.1719,309.9503,327.6339,307.4640,308.9905,318.7670,322.3933,307.8244,304.4547,315.2920,318.1191,309.7291,300.8427,314.3547,322.2455,314.6686,338.8138,307.6486,,,338.6793,219.7662,,,,
73711,0,,,,,,,,,,,,,,,319.7625,219.6666,,,309.2776,234.1369,332.6751,228.2489,328.0516,234.3981,334.1677,232.2208,320.5846,275.5012,323.4703,270.0547,317.7076,310.6990,329.0244,303.8797,,,,,,,,,,,338.1490,217.8581,322.9848,220.0093,330.1629,227.5074,306.6299,233.0917,334.2510,228.3307,309.5397,234.3413,325.2338,223.5553,318.2107,225.8225,341.2846,223.2883,338.0844,223.3531,324.6169,265.3994,320.7884,273.5833,321.1920,269.3989,320.9404,271.7682,330.6358,302.8938,318.5021,312.1176,327.6790,304.8945,316.9074,310.0500,323.7084,306.9879,310.1018,318.5888,318.5370,306.8929,305.2053,315.0219,314.8181,308.4530,301.4899,314.2523,323.0658,314.9766,335.0106,309.0882,,,337.7766,219.8657,,,,
73712,0,,,,,,,,,,,,,,,317.9930,219.5121,340.4915,217.4603,307.4248,234.7931,335.7992,228.4753,326.6935,235.1810,333.1386,232.5530,320.0945,275.7791,323.0770,270.1242,317.3456,310.8609,324.3213,304.3626,,,,,,,,,,,341.6813,217.6322,320.8882,219.7588,333.4227,227.6241,304.9014,233.7892,338.0631,228.6055,307.9535,235.1318,324.8518,223.5896,317.7778,226.2539,340.2604,224.0238,336.6144,224.4565,324.4685,265.9446,320.1078,274.0809,320.7434,269.4332,320.2596,272.0523,326.3583,303.3433,317.6448,312.1725,322.9347,305.3054,316.7609,310.2910,319.4535,307.3943,309.4731,318.6328,314.3082,306.6533,305.1080,315.0635,310.3189,307.9499,301.7153,314.2246,323.2646,315.1020,329.7684,309.5504,,,336.7393,219.6620,,,,
73713,0,,,,,,,,,,,,,,,316.9124,219.5203,,,305.7565,234.1199,334.9636,227.5402,326.2101,234.2141,332.3215,231.5421,319.9774,275.0817,322.4272,270.5905,316.4573,311.2495,320.8876,304.5784,,,,,,,,,,,,,,,332.5701,227.1960,303.3873,233.1809,337.0314,227.8074,306.3218,234.3246,323.7716,223.1011,316.7585,225.4673,339.1907,223.3337,335.3501,222.5667,324.0204,266.1620,319.8255,273.1203,320.4981,269.1371,320.5298,271.1746,322.3604,303.4502,316.6880,312.6199,319.4931,305.4957,315.8543,310.6877,315.3917,307.5278,307.7238,318.7335,310.3093,306.6880,303.7993,315.2403,306.3039,307.7853,300.6485,314.3820,322.2052,315.8166,325.3409,309.9692,,,335.1452,219.6585,,,,
73714,0,,,,,,,,,,,,,,,315.0554,220.0182,337.5698,217.3896,304.9515,234.4428,334.0610,228.1488,325.7058,234.8078,332.2560,232.1092,319.9165,276.2684,322.1296,271.2324,316.3115,311.7516,319.9319,304.9600,,,,,,,,,,,338.9304,217.5530,318.6039,219.5872,331.8038,227.7078,302.5435,233.4395,336.1146,228.3409,305.4165,234.7071,323.5819,223.6093,316.3057,226.0625,338.6828,223.6769,334.7074,223.9941,323.5878,266.7519,319.6182,274.1281,320.5063,269.6599,320.6904,272.0133,321.4999,303.8700,316.2546,313.3108,318.4556,305.7968,315.7904,311.1581,314.6018,307.8276,306.9518,319.2958,309.3325,306.7477,303.4482,315.7160,305.3529,307.7445,300.5010,314.7202,321.6112,316.2600,323.9738,310.0420,,,334.2274,219.4183,,,,
73715,0,,,,,,,,,,,,,,,,,,,303.6420,233.3869,333.7938,227.9633,325.1029,233.3686,331.4585,230.8726,319.4604,275.0558,321.3844,270.5598,316.4087,311.5917,318.5484,304.9424,,,,,,,,,,,,,,,331.2962,227.4963,301.3664,232.3195,335.8007,227.9280,303.8235,233.6251,323.1180,222.3767,315.5032,225.3945,337.9525,222.3786,333.8742,221.9674,322.6427,265.9889,319.1710,272.8829,319.7050,268.7133,320.2036,270.6417,319.9453,303.8911,316.5379,313.3048,317.2246,305.8645,315.8034,311.0101,312.9702,307.7412,307.5890,319.4497,307.8874,306.8660,303.8003,315.9403,303.7784,308.0653,300.8609,315.0002,321.6691,316.3725,322.4980,310.4295,,,333.6169,218.9171,,,,
73716,0,,,,,,,,,,,,,,,313.2185,219.4906,335.9975,216.4830,302.1806,233.9487,332.7553,229.9193,323.9248,233.9163,330.9939,231.7546,319.4187,275.7707,320.5800,271.4380,316.5243,311.4688,318.6428,304.9418,,,,,,,,,,,337.4096,216.6615,,,330.6715,229.2752,299.8374,232.9426,334.8980,230.0312,302.7798,234.2684,322.8120,223.2958,315.3676,225.9282,337.4429,223.0269,333.1225,223.4669,321.9753,266.9145,319.2200,273.5932,319.2476,269.6452,320.2147,271.3912,319.9710,303.8249,316.6084,313.1890,317.3068,305.8421,315.9981,310.9135,313.2003,307.4982,307.8374,319.1993,307.9945,306.6931,304.2251,315.8133,303.8936,307.9307,301.3690,314.9709,322.0074,316.2480,322.5966,310.3423,,,333.4176,218.8591,,,,
73717,0,,,,,,,,,,,,,,,313.6611,218.2325,,,301.2416,233.8921,333.7083,229.8407,323.5322,234.4054,330.1225,231.7091,318.8169,275.7531,320.6936,271.0423,315.9237,311.3143,318.4166,304.8120,,,,,,,,,,,338.2467,216.3714,316.2954,218.1594,331.3687,229.3203,298.8283,232.7250,335.5880,230.0945,302.0026,234.0456,322.1803,222.5252,313.8995,225.7340,337.3662,222.7891,333.4448,223.4908,322.1331,266.7062,318.4775,273.5524,318.7219,269.3991,319.8375,271.4258,320.0745,303.9232,315.9911,312.9364,317.1397,305.6497,315.6980,310.6699,313.4915,307.4868,307.7059,318.8852,308.3023,306.4629,304.4302,315.7623,304.3598,307.7456,301.7800,314.9679,321.3997,315.8624,322.7619,310.4163,,,333.9848,218.4722,,,,
73718,0,,,,,,,,,,,,,,,313.3866,217.4621,,,300.6485,233.0794,332.8119,229.5875,322.5683,233.2164,329.4473,230.5455,318.4759,275.3094,320.3640,270.0390,316.1568,311.3993,318.6942,304.9534,,,,,,,,,,,337.7202,215.8509,316.0745,217.6807,330.6091,229.0946,298.1613,231.9774,334.6356,229.8948,301.4853,233.4726,321.5674,221.5620,312.7626,225.1183,336.6942,221.5267,332.3794,222.2364,321.6229,265.7109,318.1294,273.3966,318.1064,268.6245,319.1294,270.7384,320.5694,304.1694,316.2647,313.0296,317.4144,305.8140,315.8640,310.8632,313.4694,307.8880,307.8861,319.3751,308.2536,306.9452,304.1347,316.1928,304.1820,308.1327,301.2806,315.5287,321.7333,315.8187,323.5154,310.3317,,,332.5692,216.9532,,,,
73719,0,,,,,,,,,,,,,,,313.8274,217.8803,333.9626,215.1633,299.6857,232.7959,328.8873,230.1645,322.1286,233.7886,326.7052,230.8899,317.6134,276.1018,319.0670,270.9348,316.3162,311.3263,318.6213,304.6474,,,,,,,,,,,335.3205,215.1369,316.0910,217.9518,326.2865,229.5568,297.1808,231.6482,330.4231,230.4027,300.5814,233.2712,318.5586,221.6948,312.6510,225.5770,334.8928,221.9715,331.5771,223.0423,320.0177,266.3170,317.4306,274.2041,317.2786,269.3812,318.1195,271.3471,320.2157,303.8149,316.5141,312.9177,317.2617,305.4767,316.0135,310.6720,312.9178,307.6071,308.2784,319.6185,307.6382,306.8189,303.8350,316.0995,303.6897,307.9830,300.7888,315.6561,321.7262,315.6118,323.7506,309.8418,,,330.7375,217.1306,,,,
73720,0,,,,,,,,,,,,,,,313.6256,217.7613,,,299.6634,232.2716,324.0648,230.4992,321.7643,233.4901,324.6064,231.4476,317.3316,275.8978,318.6425,271.1493,315.8030,311.2448,317.8670,305.0874,,,,,,,,,309.7861,216.6644,330.1931,214.7915,316.3758,217.9843,320.7590,229.4077,297.0760,230.9963,325.3465,230.3617,300.4395,232.8103,315.9081,222.8888,312.9224,225.9826,332.9410,222.5479,331.1352,223.3453,319.4831,266.8896,317.5548,274.0503,317.2117,269.8254,317.1119,271.5621,319.2003,304.2283,316.5645,312.8685,316.7031,305.8899,315.2471,310.6936,311.8379,308.3212,308.9621,319.8719,306.5566,307.5185,303.7472,316.2838,302.5451,308.6860,300.3228,316.0698,321.4064,315.4736,323.3244,310.1212,,,329.3997,217.2482,,,,
73721,0,,,,,,,,,,,,,,,314.1844,217.5434,335.4900,214.1245,300.1712,232.4176,329.7366,229.0275,319.4731,233.6493,324.8044,231.8508,316.9594,275.9087,318.7749,270.4419,315.6410,311.7644,318.3414,305.6548,,,,,,,333.8818,214.0208,309.9418,216.2845,336.3878,214.2220,317.2429,217.7770,327.9605,228.1242,297.8723,231.1200,330.8245,229.2093,301.1099,232.9837,317.4483,222.4933,311.2385,225.1704,332.2171,222.5651,329.2495,223.5797,319.6157,265.5634,316.9792,273.9586,316.8796,268.9637,317.1911,271.2224,320.4492,304.8183,315.7406,313.4187,316.8864,306.3808,315.1315,311.3603,313.9424,308.8218,307.8445,320.0856,308.1908,307.6390,303.9378,316.3317,303.9186,308.5413,301.0006,315.5337,321.1616,316.1727,323.0879,310.8532,,,328.4206,216.2952,,,,
73722,0,,,,,,,,,,,,,,,314.4001,217.3906,335.2705,214.3754,300.9279,232.1140,328.1638,229.0815,318.9775,233.0574,323.4841,231.6678,316.4725,275.6856,318.2328,270.4768,315.7418,311.8259,318.1930,305.4623,,,,,,,333.4904,213.2745,310.5496,215.7517,336.5096,214.6171,317.5936,217.6403,326.4842,228.6463,298.7048,230.7358,329.3045,229.4600,301.6309,232.7085,316.5736,222.4591,310.8333,224.7190,331.4536,222.6896,328.6588,223.3059,319.1244,265.9534,316.5765,273.7652,316.1537,269.1842,316.2746,271.4148,320.1503,304.5671,316.1679,313.4811,316.8237,306.1626,314.9761,311.4054,313.3227,308.4638,307.7023,320.3062,307.6167,307.3336,303.6371,316.5609,303.3345,308.2446,300.5883,315.6962,321.5653,316.3027,323.0552,310.5082,,,328.0171,216.1358,,,,
73723,0,,,,,,,,,,,,,,,314.8502,216.9946,325.6430,214.2680,301.4047,232.1568,320.6148,228.6060,318.5066,233.2420,321.9149,231.2960,315.9118,275.1791,317.6798,270.1168,315.6679,312.0693,318.0853,305.0739,,,,,,,326.0035,212.6513,310.6757,215.0695,328.7234,214.1333,318.3324,217.0822,317.3730,227.7915,299.2123,230.7521,322.5414,228.8239,301.9254,232.5930,314.7444,221.7674,310.0978,224.3612,330.2124,222.4630,328.0500,223.5643,318.5912,265.5430,315.9400,273.3386,315.6386,268.7168,315.9096,270.8783,319.8844,304.2534,316.1405,313.6749,316.6289,305.7624,314.7930,311.6097,312.8151,308.2635,307.2846,320.3770,307.3198,307.2207,303.2254,316.5758,303.0387,308.0722,300.2158,315.6933,321.4529,316.4450,322.7067,310.1851,,,327.4918,215.6676,,,,
73724,0,,,,,,,,,,,,,,,315.9730,216.2307,325.1204,213.4614,301.9318,232.3830,319.4695,229.3315,317.3318,233.8537,321.0002,232.0226,315.1940,275.7684,317.1519,271.0293,315.7479,311.7792,318.3630,304.6387,,,,,,,325.2741,211.8264,311.4078,214.3636,328.6359,213.3110,319.5489,216.3533,316.7165,228.2266,299.5983,230.8376,321.6782,229.2047,302.5856,232.8292,313.6755,222.5494,308.5276,225.1095,329.7225,222.8101,327.4741,224.0401,317.9241,266.1087,315.2894,274.0285,314.9231,269.4539,314.7505,271.6785,320.1858,303.7553,316.2677,313.3396,316.8239,305.3487,314.8674,311.2333,312.9845,308.0926,307.5249,320.0430,307.6323,307.2158,303.3142,316.4640,303.3945,308.1121,300.2689,315.6546,321.5548,315.9838,322.9504,309.6353,,,326.7352,214.9393,328.7715,213.4752,,
73725,0,,,,,,,,,,,,,,,316.2380,215.4396,323.8339,212.8962,302.9086,232.4404,317.9876,228.7552,317.1192,233.1936,320.4221,231.4879,315.2195,275.7780,316.8751,271.1942,315.5999,312.0136,317.9967,304.9374,,,,,,,323.3562,211.2062,311.7965,213.7337,328.0643,212.7173,319.6689,215.4924,315.5765,227.7498,300.5147,231.0857,320.5621,228.8130,303.5947,232.8838,312.8082,221.9237,308.1029,224.3698,329.2638,221.9505,327.2072,223.2314,317.5266,265.9278,315.2851,273.8959,314.8032,269.3018,314.8602,271.4298,319.7211,304.0495,316.1370,313.4556,316.5253,305.6942,314.6782,311.5568,312.5520,308.4873,307.2727,320.2412,307.1747,307.7961,303.0154,316.7129,302.9421,308.8313,299.9981,315.9445,321.6025,316.1722,322.5953,309.9318,,,326.3650,214.1106,328.6231,212.9872,,
73726,0,,,,,,,,,,,,,,,316.6022,215.2238,323.5913,212.7166,303.3337,233.0788,317.3965,228.6745,317.0243,233.2334,320.4573,231.3758,315.0074,275.7727,316.8556,271.1269,315.6502,312.0481,317.9243,305.1631,,,,,,,323.1411,210.9180,312.3835,213.4163,327.3049,212.5624,319.9871,215.4189,315.0271,227.6063,301.0588,231.7581,319.9354,228.7053,303.8390,233.5154,313.1624,222.0259,308.3697,224.8051,329.1822,221.9762,327.1456,223.3333,317.5069,266.1170,315.0673,273.9136,314.7041,269.3539,314.7107,271.6417,319.7829,304.2557,316.1790,313.4696,316.5663,305.8838,314.7337,311.5536,312.6864,308.5889,307.1454,320.2631,307.3234,307.7621,302.9018,316.7120,303.0867,308.6567,299.9261,315.9249,321.7090,316.1541,322.7122,310.0377,,,326.3960,214.0113,328.5483,212.7032,,
73727,0,,,,,,,,,,,,,,,317.8389,215.0040,323.6924,212.4727,303.9424,233.8117,317.6966,228.3525,316.9383,233.4569,319.8294,231.2424,315.1519,275.6836,316.7546,271.3220,315.7808,311.9827,317.8596,304.9519,,,,,,,323.0547,210.5574,313.4049,213.0129,327.2063,212.3460,320.8959,215.2969,315.2029,227.2534,301.8700,232.4933,319.7294,228.1263,304.5508,234.3221,312.3992,222.0262,308.1850,224.8220,328.5483,221.9881,326.8159,223.4202,317.3134,266.2718,315.0325,273.8811,314.6680,269.4982,314.6953,271.6601,319.4588,304.0021,316.2437,313.3685,316.4253,305.7751,314.8251,311.4523,312.2186,308.5077,307.0229,320.1414,306.9614,307.7405,302.9785,316.5419,302.6954,308.6685,299.9621,315.6643,321.6844,316.2268,322.4383,309.8553,,,325.9533,214.0606,328.5532,212.2691,,
73728,0,,,,,,,,,,,,,,,318.5775,214.8628,323.7998,212.4553,304.4565,234.1883,316.9855,228.6005,316.3227,233.5804,319.8729,231.4233,315.1531,275.8054,316.4300,271.0926,315.7609,311.7965,317.8007,304.5375,,,,,,,322.6988,210.1797,314.2494,212.7506,327.0643,212.3601,321.4192,215.1411,314.7902,227.5122,302.2696,232.9003,319.2775,228.4365,305.0283,234.7495,312.3499,222.2569,307.5934,224.7363,328.2348,222.0344,326.3251,223.3242,317.0619,266.1116,314.9390,274.0533,314.3176,269.3579,314.7781,271.6873,319.4268,303.6784,316.1657,313.1391,316.3283,305.3367,314.8504,311.2482,312.1696,308.1416,306.9836,319.9362,306.8637,307.4050,302.9547,316.3461,302.5791,308.3228,299.9037,315.4711,321.6588,316.0333,322.4050,309.3634,,,325.5683,214.1293,328.4137,211.9192,,
73729,0,,,,,,,,,,,,,,,318.5624,215.0021,324.1166,212.7933,304.3041,234.7112,316.2786,228.8904,316.1745,233.9684,319.6065,231.8172,314.8036,276.2263,316.7204,271.4375,315.7227,312.0611,317.8752,304.6143,,,,,,,322.8398,211.0092,314.2781,212.5935,326.7852,212.4892,321.4890,215.2531,314.4596,227.8521,302.1800,233.2748,318.9756,228.8177,305.0470,235.3556,312.1922,222.5094,307.3783,225.2810,327.9117,222.4220,326.0928,223.7753,317.2369,266.3684,314.5890,274.4094,314.4800,269.5921,314.4377,272.0508,319.4321,303.7172,316.0908,313.4835,316.3927,305.4343,314.7894,311.5198,311.9982,308.0647,306.9538,320.1391,306.8559,307.3730,303.0547,316.4374,302.6310,308.3048,299.9207,315.4382,321.5436,316.4212,322.3654,309.4857,,,325.4660,214.6529,328.8671,211.8022,,
73730,0,,,,,,,,,,,,,,,318.6618,214.7704,322.5965,212.7464,304.4872,234.8845,314.2726,228.7312,316.3648,233.6217,318.9486,231.2958,315.0491,276.1072,316.6495,271.0061,315.9437,312.0947,317.5832,304.3853,,,,,,,321.6932,210.9648,314.3217,212.2840,325.6420,212.5218,321.7148,214.9919,312.5740,227.6109,302.0572,233.3925,317.1540,228.7327,305.4471,235.5095,311.4715,222.2102,307.5833,224.6808,327.7349,222.0702,326.1996,223.3963,316.9748,265.9750,314.8834,274.2790,314.5013,269.2062,314.1263,271.9089,318.9203,303.4014,316.4184,313.4870,316.2459,305.2475,314.8623,311.5167,311.5418,307.9271,307.2116,320.1999,306.6480,307.2240,303.0959,316.5021,302.5750,308.2178,299.8331,315.5457,321.7185,316.3834,322.2241,309.2606,,,325.4066,214.7210,329.1487,211.5220,,
73731,0,,,,,,,,,,,,,,,318.6308,214.6699,321.4156,212.7101,305.2728,235.5564,312.6535,229.0746,316.2831,234.0251,318.4656,231.7210,315.3011,275.8920,316.6072,271.3247,316.0778,312.0021,317.1362,305.1749,,,,,,,320.7704,211.0476,314.6134,213.2663,324.3332,212.5322,321.6529,214.8145,311.3638,228.1041,303.0463,234.0496,315.9554,229.1347,306.3645,236.1130,311.2325,222.7226,307.5778,225.3044,327.4808,222.2113,325.9292,223.3316,316.8964,266.4059,315.0923,273.9887,314.4665,269.4072,314.2528,271.7341,318.4311,304.2419,316.5825,313.3351,315.8819,306.0340,314.9733,311.4333,310.9024,308.5817,307.5262,320.1682,305.9644,307.8139,303.3803,316.6359,301.9737,308.8580,300.1156,315.7739,321.5321,316.0845,321.8975,310.0810,,,325.0350,214.4091,329.5446,211.1013,,
73732,0,,,,,,,,,,,,,,,318.6104,214.7612,321.0935,212.7469,305.2830,235.7880,312.3656,228.9057,316.4642,234.1750,318.3097,231.8360,315.2777,275.7978,316.5132,270.7615,316.0878,312.1367,317.1976,304.8591,,,,,,,320.3966,211.1780,314.6195,213.2872,323.8712,212.5673,321.8111,214.8360,310.9253,227.9040,303.0493,234.1827,315.4774,229.0217,306.2747,236.2653,310.7587,222.7178,307.4481,225.4889,327.6282,222.0543,326.0640,223.2617,316.8094,265.9173,315.0681,273.9346,314.3838,269.0712,314.1369,271.6308,318.5189,303.8538,316.6260,313.5069,315.9352,305.7322,315.0265,311.5810,310.9252,308.2146,307.6477,320.2998,305.9388,307.6054,303.4649,316.6167,301.9762,308.7498,300.2086,315.6679,321.5653,316.4909,321.9444,309.6869,,,324.8233,214.5463,329.2075,210.9184,,
73733,0,,,,,,,,,,,,,,,318.9624,214.1750,319.4525,212.0150,305.7422,235.4417,307.5277,227.0790,316.5307,233.8621,318.2571,231.3079,315.5467,275.5422,316.3493,271.1144,316.1703,311.7452,317.4799,305.0449,,,,,,,318.1564,210.1833,315.0291,212.9607,322.0980,211.6181,322.0483,214.0440,305.1364,225.9936,303.1260,233.7968,309.5721,227.1153,307.1781,235.9300,310.4818,221.5824,307.0360,224.2086,328.1156,221.3691,326.5393,222.6784,316.5238,265.8541,315.1251,273.6700,314.4154,268.9794,314.7544,271.1895,318.6850,304.0803,316.6997,313.1091,316.2532,305.9593,315.0971,311.2469,310.9873,308.4407,307.5136,320.1122,305.8038,307.7984,303.0996,316.6846,301.7678,308.8836,299.7786,315.8933,321.5885,316.0829,322.0932,309.9694,,,325.8674,213.8733,330.5047,211.0589,,
73734,0,,,,,,,,,,,,,,,319.0060,214.2262,317.6421,211.7207,305.9201,235.7516,306.1437,226.4835,316.7258,233.6861,317.9835,230.9700,315.4474,275.8427,316.1805,271.1754,316.4160,311.6705,317.7456,304.9753,,,,,,,314.6963,209.9303,315.2733,213.0293,320.6095,211.2766,322.0970,214.1751,303.4924,225.4379,303.3709,234.3721,307.6941,226.4522,307.3532,236.2081,309.9591,221.6682,306.9312,224.2413,328.0101,221.2956,326.6124,222.7214,316.2640,266.2384,315.1789,274.1326,314.1252,269.4150,314.2036,271.6749,318.8538,303.9752,317.0115,313.0446,316.5800,305.8115,315.3739,311.1442,311.0992,308.2809,308.1104,320.0082,306.0258,307.6717,303.6123,316.5297,302.1567,308.7673,300.2186,315.7005,321.9238,316.0265,322.3665,309.5830,,,325.5320,213.9748,330.9352,210.8903,,
73735,0,,,,,,,,,,,,,,,319.2321,214.1610,316.5538,211.6054,305.7068,235.1991,304.7898,226.4161,317.0923,233.8903,318.1789,231.1286,315.4808,276.1082,316.3116,271.7688,316.2989,312.1443,317.3918,305.2363,,,,,,,312.9878,209.7177,315.6524,213.0658,319.6388,211.2222,322.3175,214.1546,302.1080,225.4475,303.1057,233.8333,306.0602,226.3994,307.2269,235.7823,309.9171,221.9001,307.2809,224.8098,327.8812,221.5820,326.4644,222.9366,316.4836,266.9669,315.2227,274.2589,314.2546,269.9697,314.2742,271.8546,318.4836,304.2205,316.9558,313.6486,316.2245,306.1099,315.1606,311.6221,310.9162,308.4441,308.0038,320.4912,305.9645,307.8309,303.5879,316.7903,302.0881,308.9675,300.2350,315.8427,321.6503,316.6573,322.1253,309.9404,,,325.4375,214.9873,330.4527,210.9044,,
73736,0,,,,,,,,,,,,,,,319.2348,214.2295,316.2756,211.7125,305.9074,235.2915,304.5049,226.2062,316.8597,233.9443,318.0321,231.2950,315.5942,276.0363,316.1421,271.9156,316.1893,312.0965,317.0969,305.4474,,,,,,,312.0821,209.8652,315.6296,213.1715,319.3050,211.3571,322.2118,214.3919,301.8319,225.4052,303.3783,234.0462,305.7419,226.2245,307.4517,235.8520,309.9167,221.9616,307.1841,225.0600,327.6623,221.9265,326.2737,223.2428,316.3209,267.2162,315.3126,274.2303,314.1991,270.0678,314.3627,271.8568,318.2094,304.4252,316.8102,313.5810,315.9060,306.2974,315.0378,311.5510,310.6638,308.6663,307.8531,320.3843,305.7558,308.0853,303.3953,316.8248,301.8683,309.2215,300.0444,315.8823,321.6662,316.4230,321.8381,310.1750,,,325.3094,215.0822,329.8273,210.9207,,
73737,0,,,,,,,,,,,,,,,319.0155,214.6178,316.5732,212.3006,305.6123,235.6345,304.3552,226.4613,316.6963,234.0043,318.2930,231.3206,315.6676,276.4754,316.4458,272.3100,316.1756,312.3735,317.1655,305.4384,,,,,,,313.0530,210.1391,315.4485,213.4976,319.7038,211.8450,322.0714,214.7801,301.6569,225.6064,303.2176,234.4539,305.5245,226.3277,307.0927,236.2360,310.2779,222.1398,307.2843,225.1863,327.4994,221.9506,325.9292,223.4613,316.6918,267.5673,315.4245,274.6129,314.4020,270.4803,314.5836,272.2976,318.3313,304.4719,316.7929,313.8236,316.0067,306.3284,315.0415,311.8090,310.9855,308.5984,307.9395,320.5261,306.1205,308.0602,303.7346,316.9586,302.2487,309.1638,300.4625,316.0070,321.6330,316.5950,321.9949,310.1640,,,325.0278,215.4501,329.7836,210.9144,,
73738,0,,,,,,,,,,,,,,,318.9038,214.6124,317.0271,212.0937,305.5628,235.9167,304.1777,226.5511,317.0108,234.0633,318.2440,231.3745,315.5282,276.1212,316.2504,272.0082,316.0787,312.2480,317.2115,305.3854,,,,,,,314.1199,210.0686,315.3448,213.4443,319.9956,211.7345,321.9749,214.7509,301.4969,225.7183,303.0467,234.7834,305.3822,226.3889,307.1038,236.5583,310.0714,222.0466,307.3382,225.2714,327.6121,222.1094,326.1467,223.4568,316.4933,267.4431,315.2487,274.2956,314.2740,270.2329,314.3682,271.9307,318.3604,304.4160,316.7417,313.7060,316.0099,306.2345,314.9476,311.7397,310.9044,308.6287,308.0617,320.5633,305.9961,308.0510,303.6575,316.9736,302.1029,309.1622,300.3066,316.0208,321.5708,316.6080,321.9776,310.0936,,,324.9397,215.4153,329.3668,210.7915,,
73739,0,,,,,,,,,,,,,,,319.1281,214.6351,318.2305,212.2671,305.7806,236.0174,305.5665,225.7956,316.7805,233.8189,318.5273,230.9867,315.5407,276.1641,316.2290,272.0759,316.0551,312.3650,317.0606,305.5426,,,,,,,316.6566,210.4515,315.8065,213.4648,320.6938,212.0064,322.1407,214.7656,303.3346,224.9636,303.3682,234.9335,307.2475,225.7520,307.2185,236.6086,310.4452,221.8362,307.5357,225.0730,327.6090,221.5377,326.1283,223.0131,316.5432,267.3273,315.4168,274.3542,314.3730,270.1906,314.5843,271.9482,318.2266,304.5601,316.6860,313.8680,315.8909,306.4755,314.8680,311.8786,310.8549,308.6569,307.7971,320.7102,305.9661,308.0888,303.4563,317.0983,301.9823,309.1626,300.0453,316.1396,321.5907,316.7419,321.9288,310.2806,,,325.0227,215.0072,329.2829,210.7958,,
73740,0,,,,,,,,,,,,,,,319.1473,214.7339,318.3629,212.3195,305.6650,236.5396,305.8564,226.4606,316.8697,233.9163,318.3603,231.1619,315.6138,276.2875,316.3580,271.9532,316.0426,312.3687,317.0962,305.5698,,,,,,,316.6483,210.4716,315.8667,213.5148,321.0123,212.0854,322.2816,214.8022,303.4586,225.5829,303.1907,235.3484,307.7878,226.2700,307.1334,237.2765,310.2379,222.2945,307.5693,225.3020,327.6293,221.8172,326.1820,223.2489,316.6364,267.2021,315.5047,274.5162,314.4145,270.1671,314.6243,272.1081,318.2777,304.6820,316.6678,313.8586,315.9221,306.4758,314.7940,311.8517,310.8604,308.7870,307.6619,320.7425,306.0490,308.1853,303.3942,317.0791,302.0868,309.1568,299.9392,316.0775,321.5881,316.6038,321.9914,310.3325,,,324.9032,213.9595,329.0999,210.7991,,
73741,0,,,,,,,,,,,,,,,319.3028,214.5478,318.2122,212.0099,306.6285,236.0382,305.5142,225.4988,317.0409,233.3326,318.5324,230.7260,315.5955,276.0375,316.2041,271.7601,316.3310,312.2704,317.2379,305.5055,,,,,,,316.6778,210.2478,316.1963,213.4771,320.5785,211.8473,322.2284,214.6193,303.1763,224.7156,304.0050,234.9436,307.1874,225.3725,308.1443,236.7275,310.3319,221.6902,307.8063,224.4289,327.6244,221.3254,326.2457,222.5949,316.4686,266.8675,315.3425,274.2217,314.3196,269.8952,314.5561,271.7662,318.3984,304.5609,316.9017,313.7877,316.0541,306.4034,315.2267,311.7488,310.9316,308.7883,308.0034,320.5719,305.9627,308.1772,303.7102,316.8777,302.1132,309.2741,300.3681,315.9056,321.7146,316.6414,322.0334,310.2550,,,325.0226,213.8647,329.1227,210.8320,,
73742,0,,,,,,,,,,,,,,,319.3931,214.6307,318.3974,212.0861,306.9993,236.2607,306.5176,225.9404,317.1914,233.3310,318.3693,230.5274,315.5904,276.1598,316.3483,271.5453,316.2908,312.4968,317.0881,305.3904,,,,,,,316.8549,210.2774,316.3784,213.4907,320.8494,211.9137,322.4739,214.7826,304.0124,225.1039,304.4680,235.0794,308.1866,225.7521,308.3528,236.8884,310.0509,221.8189,307.6550,224.5858,327.5590,220.9892,326.1995,222.4597,316.6291,266.6529,315.4540,274.4242,314.2889,269.8150,314.2564,272.0088,318.2592,304.3895,316.8524,314.0565,315.9071,306.2632,315.1021,311.9633,310.6966,308.6484,307.7847,320.9919,305.8057,308.1196,303.5981,317.1270,301.8959,309.2358,300.2405,316.1651,321.5341,316.9192,322.0413,310.2048,,,324.9079,213.9572,329.5960,210.8720,,
73743,0,,,,,,,,,,,,,,,319.2704,214.7340,317.9269,212.2049,307.0456,236.7867,306.0804,226.9408,317.5133,233.6753,318.9114,231.0678,315.6230,276.1492,316.4630,271.7025,316.2548,312.3125,317.1802,305.5205,,,,,,,316.6432,210.3594,316.4718,213.5429,320.3626,211.8736,322.1441,214.8413,303.5125,225.9771,304.6421,235.5340,307.6467,226.6752,308.4706,237.3729,310.6296,222.3252,308.0666,225.1590,328.1377,221.4443,326.7789,222.8547,316.7239,266.8630,315.4138,274.3788,314.3378,269.9522,314.3647,272.0590,318.3810,304.5293,316.8144,313.8501,315.9457,306.3897,315.1181,311.8194,310.6736,308.7982,307.8586,320.7764,305.7373,308.1814,303.5459,317.0412,301.8306,309.2825,300.2170,316.1017,321.4855,316.6664,322.0003,310.2484,,,325.1652,214.0657,329.1521,210.8972,,
73744,0,,,,,,,,,,,,,,,319.2283,214.8388,318.5616,212.2399,307.4431,236.5943,306.7035,227.5952,317.4297,233.7050,318.8456,231.2688,315.5108,276.4744,316.4543,271.9712,316.2186,312.2991,317.1756,305.5487,,,,,,,317.1271,210.3454,316.4396,213.6136,321.0411,211.9194,322.2379,214.8766,304.0216,226.5716,305.0719,235.3974,308.5547,227.3255,308.8918,237.1824,310.4657,222.4740,307.8389,225.1149,327.8779,221.7157,326.4698,223.0076,316.7786,267.1092,315.3402,274.6521,314.2957,270.1805,314.2002,272.3988,318.3936,304.5463,316.7966,313.8207,315.9205,306.4118,315.0770,311.7688,310.7162,308.7927,307.9300,320.7244,305.7695,308.2049,303.6239,317.0002,301.8697,309.3097,300.2959,316.0959,321.5079,316.5428,322.0485,310.2901,,,325.0756,214.2208,329.5423,210.8874,,
73745,0,,,,,,,,,,,,,,,318.9302,214.8947,319.1388,212.4687,307.0152,236.8890,307.1314,228.4384,317.1509,233.8046,319.4998,231.5864,315.5169,276.3204,316.4491,272.1603,316.1819,312.4958,317.3311,305.6327,,,,,,,317.7504,210.7602,315.8764,213.6719,321.5850,212.0584,322.0802,214.9036,304.5838,227.3785,304.7975,235.7671,309.1771,228.2323,308.3938,237.4599,311.5441,222.8620,307.8269,225.7267,328.2455,221.9733,326.6861,223.4072,316.8405,267.6000,315.2076,274.5123,314.2233,270.4247,314.5258,272.3281,318.5592,304.5786,316.6248,313.8883,316.0754,306.5384,315.1519,311.9696,311.1253,308.8272,307.5400,320.7999,306.0814,308.3288,303.4255,317.1921,302.3012,309.4694,300.3421,316.2805,321.6591,316.8123,322.0445,310.3060,,,325.3886,215.3891,329.6309,210.8445,,
73746,0,,,,,,,,,,,,,,,319.0337,215.0169,320.4276,212.6576,306.9610,236.6975,309.1915,229.0435,317.0434,233.7834,319.4978,231.5903,315.5331,276.4375,316.5089,272.0120,316.2388,312.3026,317.4661,305.3080,,,,,,,318.8276,210.9955,315.9089,213.8009,322.7568,212.2762,322.4013,215.1220,306.7229,227.8049,304.7805,235.5753,311.7961,228.9563,308.1613,237.2741,311.5583,223.0767,307.6755,225.5990,328.1750,222.0817,326.4577,223.4059,316.9639,267.3638,315.2108,274.5809,314.1180,270.2809,314.4779,272.3780,318.7396,304.2118,316.7138,313.7387,316.2080,306.1684,315.2018,311.8093,311.1660,308.4478,307.5840,320.8103,306.0475,308.0014,303.3073,317.1513,302.4000,309.1788,300.1584,316.2841,321.7530,316.6461,322.1687,309.8684,,,325.4349,215.4988,329.9540,210.9203,,
73747,0,,,,,,,,,,,,,,,318.7193,215.0043,319.6121,212.5995,306.9790,236.6678,308.1147,228.8469,316.8633,233.5085,319.1412,231.3246,315.6824,276.4698,316.5555,272.1157,316.1051,312.3082,317.1836,305.6705,,,,,,,318.1181,210.9287,315.5706,213.8164,322.0996,212.2106,321.9953,215.0769,305.7624,227.6391,304.8068,235.5836,310.7886,228.8024,308.1264,237.2540,311.3975,222.7049,307.6257,225.1498,327.7817,221.8123,326.1596,223.1028,316.9064,267.4574,315.2918,274.5642,314.3513,270.2433,314.9018,272.3071,318.4372,304.6433,316.5374,313.7249,315.9153,306.5168,315.0897,311.7657,311.0297,308.7876,307.5425,320.6349,305.9385,308.1670,303.3546,317.0402,302.2869,309.2604,300.2322,316.1635,321.5350,316.5275,321.7463,310.2505,,,325.1051,214.3235,329.0173,210.9025,,
73748,0,,,,,,,,,,,,,,,318.7166,214.8797,319.4700,212.4832,306.7036,236.6194,307.5014,228.9294,316.8981,234.0190,319.1390,231.6724,315.7724,276.4382,316.5665,272.2547,316.2209,312.4802,317.3489,305.7196,,,,,,,317.7615,210.7438,315.5516,213.6689,322.0023,212.0253,322.0409,214.9703,304.8629,227.8651,304.5428,235.6115,309.9742,228.8999,307.8601,237.1613,311.2090,223.2227,307.4695,226.0204,327.8563,222.4042,326.2422,223.5737,316.8648,267.6278,315.4077,274.5707,314.3829,270.4311,314.8870,272.3276,318.5844,304.7043,316.6502,313.8946,316.0708,306.5616,315.1805,311.9554,310.9977,308.8452,307.6566,320.7083,305.9643,308.1702,303.3720,317.0615,302.3326,309.2324,300.2234,316.1391,321.6582,316.8211,321.9226,310.3715,,,325.0600,215.5016,329.0266,210.7148,,
73749,0,,,,,,,,,,,,,,,318.7535,214.8528,319.1404,212.6240,307.1988,236.1503,308.0955,228.6936,316.6724,233.6439,319.1697,231.4979,315.7796,276.2966,316.6558,271.9664,316.2318,312.3932,317.3182,305.5312,,,,,,,317.9970,211.1171,315.7494,213.6411,321.6241,212.2441,321.9718,214.8640,305.6386,227.3796,304.9102,235.0739,310.6651,228.7310,308.3601,236.5852,311.2001,222.8157,307.4403,225.2158,327.5459,221.8558,325.9506,223.0788,317.0067,267.3799,315.3222,274.4309,314.4466,270.1985,315.0438,272.1404,318.5663,304.4867,316.6478,313.7721,316.0509,306.4027,315.3072,311.8631,311.1244,308.7364,307.8051,320.5967,306.0535,308.1261,303.5772,317.0130,302.5160,309.2510,300.4822,316.0898,321.7402,316.7061,321.9006,310.0960,,,324.7967,215.2559,328.5474,210.7629,,
73750,0,,,,,,,,,,,,,,,318.6622,214.8118,318.7886,212.5703,306.9821,235.9934,307.4814,228.2785,316.8163,233.6914,319.1154,231.4156,315.8222,276.5646,316.5545,272.2800,316.2276,312.4376,317.2329,305.6627,,,,,,,317.2956,210.7978,315.5308,213.5974,321.3399,212.0271,321.9592,214.8394,304.7579,227.0502,304.6113,234.8797,309.7510,228.3456,308.1941,236.3894,310.9104,222.8207,307.3628,225.3482,327.8656,222.1026,326.2840,223.2389,316.8812,267.6290,315.4438,274.6756,314.3487,270.4313,314.9456,272.4133,318.5409,304.6025,316.6682,313.8168,315.9419,306.5423,315.2275,311.9007,310.9473,308.7612,307.7552,320.7090,305.8922,308.1066,303.5292,317.1019,302.2062,309.1984,300.4767,316.2135,321.7562,316.7341,321.9536,310.1781,,,325.0245,215.3782,328.7400,210.7621,,
73751,0,,,,,,,,,,,,,,,318.9290,214.6291,320.7536,212.5565,306.6615,235.8981,310.5606,228.4553,316.5512,233.5195,319.1914,230.9646,315.7806,276.4180,316.7029,272.0784,316.1530,312.2985,317.3963,305.3849,,,,,,,319.7607,210.9065,315.6020,213.4530,323.0960,212.0385,322.1710,214.6378,308.5919,227.1783,304.3202,234.7955,315.1685,228.8653,307.8641,236.2630,311.0315,222.1818,307.0073,224.8592,327.8532,221.6597,326.0845,222.8069,317.0888,267.2600,315.3547,274.4976,314.3016,270.1240,314.9068,272.2318,318.7598,304.4154,316.5689,313.7002,316.1018,306.2087,315.1959,311.7991,311.1776,308.6674,307.6722,320.6980,306.0020,307.9447,303.4311,317.0376,302.3108,309.0266,300.3380,316.1613,321.7375,316.6379,322.1398,310.0209,,,325.0767,215.0889,329.2563,210.7858,,
73752,0,,,,,,,,,,,,,,,318.9349,214.5169,320.1385,212.5239,306.4235,235.7982,309.2046,228.4275,316.6760,233.4615,318.7581,230.7862,315.8177,276.4533,316.5706,271.9070,316.1819,312.3698,317.5428,305.4262,,,,,,,319.2609,210.7204,315.4609,213.3865,322.5991,211.9701,322.1641,214.5507,306.7851,227.0895,303.9182,234.5992,312.1852,228.6308,307.6444,236.1799,310.3511,222.2785,306.8789,224.9802,327.6487,221.7189,326.0455,222.9769,316.8190,267.1805,315.3980,274.5813,314.2489,270.1213,314.7585,272.3657,318.8876,304.4087,316.6080,313.7500,316.2664,306.2594,315.2384,311.8314,311.2453,308.6383,307.7796,320.6132,306.0384,307.9694,303.5338,317.0640,302.4433,309.0339,300.4005,316.2028,321.7422,316.7251,322.2826,309.9725,,,324.9808,215.1255,329.3781,210.8600,,
73753,0,,,,,,,,,,,,,,,318.5394,214.7474,319.6028,212.6075,306.1576,235.6323,308.7008,228.4193,317.0844,233.8344,319.0645,231.4082,315.7305,276.3474,316.6694,271.8369,316.1325,312.2629,317.5309,305.2071,,,,,,,318.6451,210.9533,314.9763,213.5449,322.0446,212.1697,321.8612,214.7454,306.1324,227.1315,303.6861,234.4474,311.5080,228.5393,307.3502,236.0842,311.1447,222.8840,307.6148,225.6270,327.9203,222.1813,326.3488,223.2997,316.9978,267.1462,315.3960,274.4925,314.3201,270.0774,314.7030,272.3118,318.8841,304.2052,316.5882,313.6750,316.2512,306.0459,315.1540,311.7149,311.2388,308.4969,307.7333,320.5904,306.0385,307.8142,303.3950,316.9841,302.3375,308.8888,300.1292,316.0790,321.6918,316.6388,322.2538,309.7980,,,325.1466,215.4086,329.6285,210.8008,,
73754,0,,,,,,,,,,,,,,,318.2741,214.6759,318.5856,212.6144,305.4711,235.9352,307.2913,228.6533,316.9274,233.9691,318.7754,231.5453,315.7355,276.4095,316.5387,272.0527,316.1883,312.3632,317.4350,305.5575,,,,,,,317.3331,210.8170,314.6840,213.4604,321.1233,212.0268,321.4605,214.6731,304.5847,227.6473,302.8478,234.6680,309.7122,228.8019,306.8996,236.3958,311.0278,223.2550,307.3858,225.8465,327.6780,222.2993,326.1939,223.4235,316.7821,267.4215,315.3501,274.5778,314.3252,270.2543,314.8049,272.3873,318.7029,304.6003,316.6159,313.7495,316.1688,306.4081,315.1718,311.8128,311.0793,308.7867,307.4995,320.6304,305.8682,308.0678,303.0970,316.9978,302.1712,309.1038,299.7703,316.1318,321.6428,316.6779,322.2006,310.2277,,,325.1128,215.4095,329.6040,210.8169,,
73755,0,,,,,,,,,,,,,,,318.3563,214.6826,320.7098,212.3143,305.7045,235.5581,310.5704,228.7315,316.7625,233.6576,318.8099,231.2837,315.6428,276.2926,316.5796,272.1648,316.1651,312.4148,317.5222,305.5996,,,,,,,319.8038,210.7513,314.8881,213.5036,323.1658,212.0606,321.5677,214.7160,308.8788,227.5443,303.1363,234.3321,314.0214,228.9119,307.0192,235.9773,310.9431,222.7231,307.2159,225.1801,327.5151,221.8884,325.9810,223.0419,316.9227,267.4577,315.3072,274.4123,314.2085,270.2934,314.5480,272.3307,318.8242,304.6336,316.6025,313.7602,316.2635,306.4716,315.1582,311.9293,311.1336,308.8088,307.6429,320.7153,305.9221,308.0724,303.2627,317.1918,302.1844,309.1112,299.9772,316.3512,321.7768,316.7480,322.2605,310.1801,,,324.7699,213.9294,328.6750,210.7029,,
73756,0,,,,,,,,,,,,,,,318.6158,214.3915,320.1958,212.1602,305.7703,235.7934,308.9912,228.9536,316.8224,233.8974,318.7821,231.4346,315.7099,276.4086,316.2134,272.1311,316.0621,312.3136,317.2654,305.5188,,,,,,,319.5598,210.5863,315.2111,213.3103,322.7708,211.8557,321.7488,214.4736,306.6301,227.7671,303.1408,234.4479,312.1396,229.0743,307.1322,236.2637,310.8265,222.7965,307.2068,225.6188,327.5785,222.0699,326.0176,223.2740,316.4744,267.3528,315.2937,274.4946,314.0118,270.3153,314.5742,272.3623,318.5246,304.4901,316.5001,313.7076,316.0025,306.3762,315.0473,311.7851,310.8372,308.7396,307.5012,320.6236,305.6317,308.0416,303.0808,316.9530,301.9502,309.0732,299.8456,316.0848,321.7107,316.6340,322.0969,309.9775,,,324.8136,215.1841,328.5753,210.7015,,
73757,0,,,,,,,,,,,,,,,318.5070,214.6880,321.7117,212.2601,305.5786,236.6728,314.2997,228.7006,317.1535,234.3058,319.0218,231.6456,315.4095,276.2866,316.2335,272.0938,315.7813,312.5027,317.3669,305.4113,,,,,,,320.4534,210.5538,314.7967,213.3376,324.4761,211.9838,321.8364,215.9791,312.7645,227.7417,303.0049,235.0814,316.9345,228.6420,306.6465,237.1220,311.2186,222.7909,307.5673,226.1256,328.1979,222.0008,326.6721,223.4537,316.6355,267.3931,315.2451,274.3825,313.9116,270.3591,314.1565,272.1893,318.6705,304.4409,316.3294,313.9541,316.1017,306.2580,314.7010,311.9809,310.9702,308.6406,307.0401,320.7924,305.9063,307.9443,302.7447,317.1194,302.0500,308.9872,299.4814,316.1376,321.3127,316.9261,322.1697,309.9812,,,325.0946,215.5940,328.5703,210.6947,,
73758,0,,,,,,,,,,,,,,,318.6155,214.5331,321.4009,212.1956,305.5569,236.3310,313.9203,228.3886,316.8713,233.9595,319.0977,231.5015,315.4850,276.1898,316.5820,271.8247,316.0033,312.4615,317.4762,305.1805,,,,,,,320.2750,210.5404,315.1358,213.2937,324.1097,211.9009,321.8188,214.6963,312.5795,227.4740,303.0135,234.7589,316.9150,228.4357,306.7084,236.8945,311.3272,222.6781,307.2887,225.7151,328.2261,221.7670,326.5593,223.1928,316.9496,267.0971,315.2214,274.3359,314.0990,270.0703,314.2505,272.0170,318.7922,304.2476,316.4817,313.9297,316.2345,306.0220,315.0462,311.9137,311.0669,308.4350,307.3300,320.7436,305.9168,307.7162,303.0678,317.0028,302.1030,308.7199,299.8367,315.9856,321.5413,317.0440,322.1946,309.8166,,,325.1350,215.3825,329.2213,210.8261,,
73759,0,,,,,,,,,,,,,,,318.6825,214.6595,322.7918,212.4072,305.4928,236.1180,317.3343,228.6692,316.8710,234.4072,319.2319,231.6176,315.4186,276.5510,316.7740,271.9738,316.0513,312.5059,317.7389,305.2729,,,,,,,321.3543,210.8592,315.0490,213.3174,325.6388,212.2131,321.8428,214.8361,315.3460,227.7229,302.7040,234.6041,319.3685,228.6549,306.6378,236.6362,311.4857,222.6998,307.4116,225.9801,328.3130,222.2023,326.6466,223.5489,317.1339,267.2607,315.2065,274.6250,314.2433,270.2376,314.1864,272.2700,319.0453,304.3126,316.5063,313.9218,316.5020,306.1439,315.1219,311.9992,311.2081,308.3755,307.4429,320.7726,306.0972,307.7880,303.0451,317.1198,302.3242,308.8874,299.8094,316.1459,321.6594,317.1011,322.3855,309.8556,,,325.2913,215.6318,329.3611,210.8583,,
73760,0,,,,,,,,,,,,,,,318.2385,214.4316,320.2614,212.2021,305.0915,236.2264,312.9113,228.2779,316.7904,234.2706,319.0154,231.6761,315.4626,276.4879,316.7010,271.8261,316.1364,312.4121,317.7021,305.1392,,,,,,,319.1969,210.5810,314.8024,213.1988,322.9906,211.8747,321.4410,214.4054,311.8314,227.3553,302.4145,234.7879,316.3029,228.3855,306.2608,236.7605,311.0069,222.8363,307.0462,226.1230,328.1055,222.1260,326.4669,223.4832,317.0353,267.1058,315.2219,274.5193,314.1127,270.1671,314.0310,272.2441,319.0248,304.1850,316.5866,313.7776,316.4801,306.0142,315.2678,311.8981,311.2026,308.2980,307.6179,320.7275,306.0901,307.7124,303.1850,317.1603,302.3278,308.8179,299.9541,316.2454,321.8702,316.8413,322.4335,309.6457,,,324.9623,215.5005,328.9777,210.8307,,
73761,0,,,,,,,,,,,,,,,318.0808,214.7871,320.7584,212.4877,305.0600,236.5657,312.1343,228.3537,316.8475,234.4555,319.1357,231.7741,315.4713,276.5458,316.4754,272.1844,316.1078,312.4385,317.5978,305.2653,,,,,,,319.7330,210.9861,314.4799,213.4083,323.4261,212.2990,321.4289,214.6685,311.5400,227.4699,302.4659,235.1645,316.0422,228.5425,306.2074,237.1334,311.3889,222.8739,307.3044,226.2440,327.9419,222.2196,326.3043,223.5600,316.7132,267.4909,315.1211,274.5430,313.9662,270.4926,314.1623,272.3944,318.8621,304.3632,316.5675,313.7791,316.3524,306.0910,315.1979,311.9670,311.0914,308.4752,307.5925,320.5966,305.9761,307.8227,303.1150,317.0599,302.2030,308.8711,299.9055,316.1442,321.8146,316.8874,322.2470,309.8430,,,324.8922,215.5861,328.8996,210.8697,,
73762,0,,,,,,,,,,,,,,,317.9719,214.9222,321.6435,212.6053,304.8621,236.8864,313.7899,228.4245,316.7073,234.4514,319.2354,231.4010,315.4858,276.8562,316.8075,272.0325,316.2103,312.5024,317.6722,305.2150,,,,,,,320.2658,211.0544,314.2852,213.5800,324.2434,212.3494,321.2742,216.2349,313.5342,227.7328,302.2449,235.4415,316.9532,228.5291,306.0054,237.3717,311.6386,222.5668,307.1110,226.2109,328.0977,221.9791,326.2857,223.4222,317.0627,267.1987,315.1941,274.8736,314.1677,270.3318,314.1004,272.5716,318.9715,304.2858,316.6336,313.9231,316.4306,306.0632,315.3216,311.9792,311.2681,308.3689,307.7438,320.7919,306.1045,307.7710,303.3151,317.1308,302.3182,308.8649,300.1267,316.1702,321.8819,316.9465,322.2886,309.7273,,,325.0426,215.5620,329.6632,210.8451,,
73763,0,,,,,,,,,,,,,,,318.2797,214.7466,320.7958,212.5225,305.1705,236.4730,311.1936,227.6878,317.0607,234.2069,319.2835,231.1691,315.3900,276.4947,316.3004,271.7777,316.0914,312.3538,317.6629,305.1658,,,,,,,319.8112,210.8222,314.4846,213.4864,323.5395,212.0756,321.4070,214.8998,309.9850,226.7500,302.7375,235.0607,315.1468,227.9162,306.2946,236.9024,311.4724,222.0908,307.4616,225.6763,328.3210,221.7997,326.6396,223.3076,316.5893,266.9087,315.0636,274.4967,313.9377,270.0384,314.0811,272.2021,318.9354,304.2320,316.5617,313.7701,316.4097,306.0138,315.2043,311.8392,311.2067,308.2906,307.6750,320.6788,306.0339,307.7242,303.2400,316.9739,302.2442,308.7861,299.9982,316.0021,321.7493,316.8355,322.2564,309.8052,,,325.4778,215.3175,330.0985,211.0852,,
73764,0,,,,,,,,,,,,,,,318.3716,214.7876,321.2724,212.7080,305.0914,236.7915,312.8588,228.3233,316.8461,234.4506,319.0269,231.4402,315.4124,276.5440,316.3822,271.9681,316.1578,312.3192,317.6104,305.1262,,,,,,,320.1486,210.8982,314.6275,213.5203,324.0640,212.1086,321.5245,214.9696,311.7493,227.3920,302.5580,235.3746,316.4792,228.5125,306.1947,237.2353,311.1922,222.6016,307.1949,226.1423,328.0162,222.1971,326.3739,223.6220,316.5954,267.2692,315.1006,274.6094,313.9573,270.2705,314.0676,272.3348,318.8590,304.1908,316.6059,313.6848,316.3784,305.9615,315.2628,311.7782,311.1943,308.1979,307.6717,320.4875,306.0602,307.6319,303.2031,316.8910,302.2286,308.7150,299.9481,315.9205,321.8486,316.6814,322.2278,309.7178,,,325.1641,215.5365,329.3052,211.2425,,
73765,0,,,,,,,,,,,,,,,318.4202,214.6757,320.4989,212.3582,305.1278,236.6549,312.3056,228.2272,316.8374,234.2197,318.9362,231.3809,315.6021,276.5638,316.4279,271.9999,316.1403,312.3792,317.5182,305.2670,,,,,,,319.6740,210.6863,314.9476,213.4484,323.4855,211.8743,321.4346,215.9392,311.4040,227.3651,302.5737,235.2593,316.1587,228.3961,306.3051,237.1021,311.0972,222.3727,307.1676,225.9090,328.0900,222.0087,326.4269,223.4687,316.4933,267.2076,315.2312,274.5687,313.9586,270.1472,314.1075,272.3028,318.7484,304.3748,316.5769,313.7431,316.2831,306.0930,315.2326,311.8575,310.9024,308.4651,307.6934,320.6282,305.7556,307.8193,303.1484,316.9485,301.9599,308.8447,299.8991,315.9841,321.8838,316.8708,322.1672,309.8123,,,325.2878,215.4487,328.9858,211.3626,,
73766,0,,,,,,,,,,,,,,,318.2126,214.9071,319.6844,212.5725,304.9879,236.7707,310.9334,227.8607,316.9135,234.3210,318.8865,231.5486,315.8213,276.8189,316.6204,272.2405,316.2633,312.7200,317.3296,305.4553,,,,,,,318.7387,210.9522,314.8386,213.7315,322.4376,212.1492,321.2172,214.9277,309.6112,227.0534,302.4824,235.4083,314.3056,228.0488,306.1336,237.2613,310.8018,222.8632,307.0832,226.0724,327.9436,222.2565,326.3601,223.5850,316.6523,267.5128,315.5138,274.8341,314.1142,270.5362,314.2134,272.6255,318.5076,304.5369,316.7115,314.0583,316.1242,306.2943,315.3595,312.1798,310.7526,308.4979,307.8633,320.8450,305.7083,307.8106,303.2750,317.0684,301.9240,308.8149,300.0224,316.0719,321.8966,317.2870,322.0220,309.9117,,,324.9257,215.5745,328.9140,211.5126,,
73767,0,,,,,,,,,,,,,,,318.2156,215.0883,319.7676,212.8194,304.9573,236.5262,310.5562,227.9589,317.0032,234.3368,319.0043,231.5197,315.8641,276.8116,316.5023,272.2258,316.1395,312.4657,317.3912,305.2885,,,,,,,319.0016,211.0903,314.8407,213.9203,322.5924,212.3446,321.3154,215.1152,309.2486,227.0724,302.4196,235.2080,314.2355,228.1678,306.1760,236.9899,310.9123,222.8879,307.1143,226.1864,328.0908,222.2877,326.4679,223.6500,316.5363,267.5049,315.5464,274.9118,314.1008,270.5718,314.2744,272.6649,318.5900,304.3231,316.6169,313.8404,316.1765,306.1494,315.2097,311.9603,310.8579,308.3272,307.8895,320.7676,305.7422,307.8348,303.2165,317.1020,301.8667,308.9718,299.9202,316.1720,321.8907,316.9200,322.0689,309.7117,,,325.1575,215.7181,329.0104,211.7234,,
73768,0,,,,,,,,,,,,,,,318.2713,215.2698,320.4550,212.9178,305.1386,236.6016,311.6636,228.1189,316.9391,233.8617,318.9509,231.1664,315.6772,276.8524,316.4272,271.8969,316.1396,312.3563,317.4113,305.1916,,,,,,,319.5698,211.2003,314.8730,214.1570,323.4194,212.4400,321.3171,215.4515,311.1018,227.4541,302.5782,235.2241,316.2264,228.4199,306.2901,237.2032,310.9438,222.5628,307.0891,225.3280,327.9085,221.8452,326.2844,223.0475,316.5501,267.0745,315.3578,274.8394,313.9566,270.2248,314.0970,272.4992,318.6226,304.2483,316.5875,313.7133,316.2032,306.0442,315.2394,311.8399,310.9710,308.3163,307.7793,320.6526,305.8969,307.7669,303.2678,316.9913,302.0322,308.8350,300.0509,316.0479,321.9370,316.8038,322.0451,309.7078,,,325.0278,214.4154,328.4969,211.9365,,
73769,0,,,,,,,,,,,,,,,317.8615,215.8231,319.7341,213.4902,305.0227,237.0796,310.1827,227.8959,316.9659,234.6683,319.7314,231.6935,315.6894,276.3192,316.8949,271.2207,316.1204,312.5093,317.5351,305.1544,,,,,,,319.0629,211.9625,314.1296,214.4920,322.2282,213.2825,320.8317,215.7558,308.0590,226.8665,302.4623,235.6229,314.4411,228.1671,306.1984,237.6737,311.8045,222.7046,307.3784,225.8496,328.2404,221.5648,326.4393,223.2412,317.2031,266.2215,315.3065,274.4748,314.4035,269.4664,314.4817,271.8845,318.8104,304.2311,316.5567,313.8468,316.3169,305.9860,315.2569,312.0030,311.2280,308.3354,307.6959,320.6800,306.1265,307.8402,303.4210,317.0804,302.3335,308.9298,300.3202,316.1546,321.7140,316.9293,322.1331,309.7731,,,325.0082,214.8982,327.9271,212.1041,,
73770,0,,,,,,,,,,,,,,,317.8748,216.0791,318.9297,213.7733,304.9361,237.3148,308.6845,227.8349,316.8163,234.3755,319.0080,231.2551,316.1224,276.5475,316.6758,271.6275,316.1697,312.3984,317.4684,305.3126,,,,,,,318.1641,212.3230,314.1634,214.7277,321.4872,213.4568,320.9819,216.0424,306.4889,226.7800,302.2992,235.8848,312.5178,228.1270,306.1202,237.8593,311.1351,222.5344,307.1331,225.4510,327.9108,221.6227,326.2907,223.2978,316.8205,266.4791,315.7688,274.6750,314.4543,269.7334,314.7500,272.0553,318.7070,304.3368,316.6385,313.7770,316.2575,306.1814,315.3033,311.8681,310.9484,308.4125,307.8587,320.5385,305.9067,307.9076,303.4141,316.9052,302.0929,309.0812,300.2603,315.9764,321.8099,316.7884,322.0080,309.9476,,,324.7830,215.0075,327.5885,212.2896,,
73771,0,,,,,,,,,,,,,,,317.8647,215.9660,319.8416,213.6163,305.0504,237.4081,311.2036,228.0062,317.1709,234.0821,319.6757,231.3078,316.0040,276.1572,316.7828,271.4410,316.0545,312.3547,317.4337,305.2801,,,,,,,319.1903,211.9677,314.2044,214.6252,322.5466,213.0834,320.9604,216.0754,310.1273,227.1413,302.4351,236.0332,315.8964,228.4073,306.1098,237.8722,311.5976,222.3412,307.3756,225.2685,328.2468,221.5695,326.4722,223.0556,317.1148,266.3485,315.5515,274.3202,314.6760,269.5953,315.0229,271.6726,318.6705,304.3579,316.5076,313.7412,316.2129,306.1388,315.1828,311.8236,310.8687,308.4538,307.6017,320.4882,305.8204,307.8587,303.2171,316.8084,301.9447,308.9090,299.9982,315.8667,321.7000,316.8718,321.9300,309.9935,,,324.9965,214.6678,327.5078,212.2421,,
73772,0,,,,,,,,,,,,,,,317.5948,216.4167,321.5448,214.1568,304.9310,237.2651,315.1460,229.0284,316.9045,234.5648,319.6407,231.8194,315.9672,276.2539,317.0238,271.7061,316.0367,312.4829,317.5895,305.2128,,,,,,,320.7257,213.1209,313.7871,215.0087,324.1683,213.7812,320.7545,216.5427,314.1443,228.3499,302.4598,235.9004,318.3794,229.0487,305.9906,237.7284,312.1919,222.8898,307.7705,225.9238,328.1046,222.0339,326.2977,223.6089,317.3623,266.6541,315.4894,274.4030,314.6719,269.8767,314.9828,271.9487,318.9175,304.2088,316.4417,313.8501,316.3402,306.0646,315.2002,311.9894,311.3669,308.3698,307.5446,320.5937,306.2306,307.7991,303.2794,317.0075,302.4344,308.9229,300.1715,316.0900,321.6232,317.0969,321.9829,309.8635,,,324.8635,215.4084,327.6395,212.2407,,
73773,0,,,,,,,,,,,,,,,317.6045,216.4241,321.7813,214.0679,304.8229,237.4274,315.7792,229.2451,316.8971,234.7053,319.4403,231.7257,315.8800,276.2586,316.9118,271.5656,316.0433,312.4427,317.4685,305.1150,,,,,,,321.1174,212.7412,313.7433,214.9694,324.7247,213.6277,320.8419,216.5577,314.5384,228.6032,302.2613,236.0504,318.5069,229.2484,305.8566,237.8545,311.9647,222.9631,307.5625,226.1682,328.2113,222.2300,326.4767,223.8653,317.2275,266.4825,315.4301,274.4173,314.4904,269.7917,314.6425,272.0241,318.7801,304.1341,316.4309,313.8119,316.2284,305.9144,315.1644,311.9091,311.1666,308.2896,307.4412,320.6408,306.0524,307.7272,303.1740,316.9394,302.2414,308.8433,300.0242,316.0284,321.6189,316.9517,321.9017,309.7322,,,325.1284,215.4906,328.5333,212.3546,,
73774,0,,,,,,,,,,,,,,,317.9311,216.3162,322.0078,214.0236,304.9729,237.3637,315.7714,229.4013,316.9140,234.9941,319.4960,232.1816,315.7807,276.4383,316.7566,271.7011,316.0453,312.2481,317.7000,305.3017,,,,,,,321.3486,212.7077,313.9773,214.8211,324.8964,213.6346,321.1596,216.4000,314.6203,228.7113,302.4185,235.9572,318.5410,229.3548,305.9798,237.8180,312.1294,223.1199,307.8133,226.3634,328.2254,222.6704,326.4682,224.0657,317.0923,266.7836,315.3748,274.5557,314.5943,270.0039,314.6745,272.1258,319.0167,304.3549,316.4644,313.6342,316.4432,306.1249,315.2366,311.7307,311.4060,308.5739,307.6743,320.4800,306.2199,307.9384,303.3500,316.9311,302.5048,309.0428,300.2293,316.0510,321.7456,316.5855,322.1508,309.9082,,,325.2200,215.5995,328.7468,212.3722,,
73775,0,,,,,,,,,,,,,,,317.8697,216.2672,322.4664,214.1297,304.7734,237.2544,317.4220,228.9959,317.0696,234.9058,319.5342,231.8948,315.7888,276.4355,316.9237,271.3376,316.0400,312.3407,317.6919,305.2414,,,,,,,321.4553,212.7289,313.7008,214.7520,325.1871,213.6752,321.1125,216.3758,315.5350,228.3111,302.1898,235.8869,319.4534,228.8946,305.7998,237.6850,312.1588,223.0032,307.8780,226.3007,328.4745,222.2614,326.7336,224.0389,317.2168,266.4866,315.3450,274.5929,314.6025,269.8348,314.6574,272.0726,319.0006,304.3065,316.4653,313.7282,316.4325,306.0745,315.2163,311.8052,311.4976,308.4121,307.6132,320.5869,306.3187,307.8014,303.3981,316.8406,302.5565,308.8875,300.2893,315.8654,321.7037,316.7365,322.1784,309.9380,,,325.2542,215.6050,328.5217,212.3806,,
73776,0,,,,,,,,,,,,,,,317.7523,216.3925,321.3059,214.2393,304.7039,237.2825,316.0072,229.3261,317.0363,234.7145,319.1574,231.6604,316.0292,276.2060,316.9840,271.2605,316.0668,312.3122,317.5507,305.2554,,,,,,,320.2909,212.8800,313.7204,214.9148,324.0568,213.8877,320.9103,216.4604,314.3900,228.6083,302.1401,235.9875,318.3837,229.2456,305.6793,237.5998,311.8361,222.9563,307.8681,226.0747,328.2211,222.1245,326.6155,223.9457,317.1505,266.3941,315.6132,274.4306,314.6685,269.7485,314.6793,271.9020,318.8557,304.2674,316.4852,313.6831,316.3181,306.0920,315.2484,311.7856,311.3042,308.4730,307.6384,320.4974,306.1925,307.8015,303.3299,316.8383,302.4635,308.9226,300.2110,315.8939,321.6903,316.7511,322.1552,309.9644,,,324.9561,215.6678,328.2223,212.4643,,
73777,0,,,,,,,,,,,,,,,317.7903,216.3038,321.0057,213.9303,304.7272,236.7929,315.3758,228.9292,316.9714,234.2659,318.9765,231.3009,315.9335,276.1921,316.9465,270.9622,316.1175,312.2624,317.5282,305.2718,,,,,,,320.2178,212.4607,313.8730,214.7874,323.9294,213.2474,320.9105,216.2719,314.1000,228.2486,302.0624,235.4490,318.2077,228.9206,305.8084,237.2079,311.5325,222.5334,307.6570,225.4705,328.0960,221.7311,326.5041,223.6339,317.1388,266.1491,315.5536,274.4137,314.9562,269.4692,314.7294,271.7179,318.7488,304.2879,316.5546,313.6829,316.3228,306.1198,315.2828,311.7094,311.1144,308.4546,307.7458,320.6067,306.0893,307.8353,303.4332,316.9261,302.3571,308.9881,300.2788,315.9392,321.7287,316.7941,322.0326,309.9690,,,324.8607,215.3786,,,,
73778,0,,,,,,,,,,,,,,,318.1204,216.1986,321.2765,213.9786,304.6910,237.3468,313.5007,228.8651,317.2051,234.3377,319.2259,231.2546,315.6562,276.2925,316.8287,271.0247,316.0771,312.1821,317.7056,305.4214,,,,,,,320.3789,212.3270,313.8712,214.8186,324.2652,213.5328,321.1625,216.3183,312.6311,228.1337,302.1212,235.9737,317.8421,228.9443,305.7788,237.8925,311.6998,222.5277,307.7930,225.4813,328.4190,221.7079,326.7464,223.6382,317.1652,266.4570,315.3360,274.5789,314.5956,269.6184,314.5089,271.8225,318.9555,304.4319,316.5515,313.5984,316.4913,306.2099,315.2246,311.5752,311.3147,308.4858,307.6754,320.4918,306.2954,307.8394,303.3990,316.7788,302.5731,308.9118,300.3125,315.7394,321.6630,316.6272,322.0833,310.0405,,,325.3456,215.3858,,,,
73779,0,,,,,,,,,,,,,,,318.2332,215.8707,321.9507,213.6278,304.6478,237.3034,316.3492,229.1340,316.8940,234.5716,319.1480,231.6370,315.6680,275.9487,316.7280,270.9416,316.0513,312.1467,317.7759,305.2780,,,,,,,321.7161,211.9884,314.1223,214.5998,324.9756,212.9130,321.1812,215.9762,314.8571,228.3276,302.1725,235.7824,319.0873,229.0048,305.8715,237.8456,311.4972,222.7982,307.4317,225.7767,328.2048,222.2875,326.5072,223.8654,317.2474,266.2320,315.3397,274.1997,314.7671,269.4107,314.7054,271.4791,319.0141,304.3638,316.5674,313.5634,316.5398,306.0882,315.2027,311.5966,311.2751,308.5515,307.5933,320.4311,306.1940,307.8084,303.2578,316.7554,302.4157,308.8652,300.0176,315.8394,321.6535,316.7206,322.1937,310.0447,,,325.1977,214.9810,328.5489,212.6352,,
73780,0,,,,,,,,,,,,,,,317.8817,216.1580,323.0552,214.1328,304.5698,237.6100,316.9100,229.3383,316.9765,235.0538,319.5468,231.9959,315.8022,276.1112,316.9663,271.1599,316.0243,312.0938,317.8448,305.4435,,,,,,,322.1967,212.4450,313.6253,214.7421,325.6422,213.4684,320.9168,216.2743,315.0180,228.4962,302.0379,236.1163,319.2802,229.2367,305.7141,238.1666,312.0543,223.2067,307.6890,226.4114,328.4244,222.6673,326.6724,224.3706,317.3588,266.5251,315.4918,274.3670,314.6924,269.6817,314.6895,271.7234,319.1425,304.5297,316.5050,313.5004,316.6032,306.2494,315.1902,311.5805,311.5096,308.5919,307.6122,320.3262,306.4404,307.8770,303.3666,316.6380,302.7195,308.9086,300.2923,315.6609,321.6043,316.6360,322.2365,310.1327,,,325.3950,215.4444,328.8674,212.6523,,
73781,0,,,,,,,,,,,,,,,317.6715,215.8901,321.5881,213.5450,304.9074,237.1236,314.0887,228.4388,316.4342,234.0506,319.1632,231.0487,315.6031,276.2731,316.7547,271.1907,315.9344,312.5421,317.6220,305.3518,,,,,,,320.7202,211.7057,313.6023,214.5032,324.4551,213.3003,320.7323,216.0272,312.6291,227.6800,302.5825,235.6069,316.8561,228.5286,305.8858,237.7522,311.3957,222.2750,307.4046,225.5106,327.8668,221.9168,326.2133,223.6203,317.0496,266.0025,315.3106,274.5668,314.4510,269.4677,314.5181,271.8404,319.0157,304.3305,316.3547,313.9987,316.3132,306.2006,314.7979,312.0294,311.8666,308.5864,307.1550,320.8791,306.7970,307.8594,303.0592,317.2159,302.7098,308.9690,299.8810,316.3599,321.4698,316.9047,322.4657,310.1475,,,325.0129,215.0166,,,,
73782,0,,,,,,,,,,,,,,,318.2406,215.8517,322.0001,213.3977,304.5152,237.1958,314.1004,228.5661,316.9824,233.8941,319.7050,230.8454,315.8402,276.3667,316.8224,271.1703,316.0472,312.2636,317.7176,305.4209,,,,,,,320.6730,211.6074,314.0854,214.5148,324.9444,213.0505,321.3852,216.0199,312.5361,227.7672,302.1905,235.6250,317.0898,228.5473,305.4038,237.8477,311.6239,222.2558,307.6023,225.4542,328.6703,221.7075,326.9730,223.5257,317.1247,266.1151,315.5525,274.6535,314.4747,269.4754,314.7682,271.8645,319.0026,304.3380,316.4766,313.7284,316.4362,306.2605,314.9991,311.7098,311.7629,308.6321,307.4818,320.7729,306.5684,307.9232,303.2063,317.0937,302.6543,309.0633,300.0087,316.2264,321.6126,316.4849,322.3020,310.0967,,,325.6934,215.0387,,,,
73783,0,,,,,,,,,,,,,,,318.1015,216.0379,321.9273,213.6118,304.4493,237.4890,315.0188,228.6926,317.5682,234.4186,320.0232,231.3230,315.9985,276.4997,316.3272,271.4979,316.1283,312.6135,317.4980,305.4726,,,,,,,320.4891,211.7072,313.9366,214.7013,324.7151,213.3001,321.2988,216.1594,313.1219,227.9815,301.9099,235.9450,317.6862,228.6047,305.3141,238.1156,311.9600,222.3522,308.1542,225.7852,328.8540,222.2115,327.2072,223.9882,316.5976,266.4410,315.7119,274.7663,314.0772,269.7323,314.7968,272.1517,318.7452,304.4267,316.5803,314.0405,316.3002,306.3044,315.0739,312.0549,311.4112,308.6152,307.5918,320.9471,306.3684,307.9512,303.2571,317.1479,302.5687,309.0795,300.1149,316.2630,321.5656,316.9291,322.1160,310.0135,,,325.7336,215.4107,,,,
73784,0,,,,,,,,,,,,,,,317.3162,215.8584,321.4905,213.4049,304.3477,237.5792,314.5355,228.6528,317.6930,234.6015,319.8611,231.3533,316.0145,276.2484,315.8491,271.2609,315.8439,312.5100,317.1021,305.3044,,,,,,,319.9546,211.5308,313.3344,213.4870,324.5056,213.1317,320.5610,216.0127,312.6752,227.8275,301.7427,235.9414,317.3555,228.5238,305.3102,238.1767,311.7962,222.5294,308.1421,226.0330,328.8610,222.1570,327.3088,224.1311,316.0916,266.2739,315.6897,274.5350,313.9739,269.5253,314.9109,271.9371,318.3745,304.2580,316.3810,313.9690,315.7999,306.1358,314.7172,311.9553,311.0711,308.4398,307.5165,320.8937,305.8420,307.7059,303.1032,317.0510,301.8263,308.7944,299.7893,316.0956,321.4837,316.9306,322.0081,309.9524,,,325.6363,215.2737,328.9240,212.9283,,
73785,0,,,,,,,,,,,,,,,316.0599,216.5720,323.0269,214.0252,304.4187,237.7634,316.9487,228.6626,317.0665,234.7106,320.2355,231.5783,316.0577,276.6365,315.8904,271.7729,315.4622,312.6705,316.3125,305.5156,,,,,,,321.2765,211.8964,311.9750,215.0453,325.4634,213.3873,319.3284,216.5147,314.7631,227.8643,301.9345,236.2720,318.9508,228.5460,305.3340,238.3647,312.7379,222.6968,308.0111,226.0667,328.5984,222.2381,326.8048,224.0989,316.2275,266.6631,315.6043,274.8035,313.9511,269.8306,315.2126,272.3262,317.8104,304.5637,315.8906,314.1377,315.0759,306.3166,314.4081,312.2085,310.8784,308.3764,306.6678,321.0312,305.8185,307.4565,302.5716,317.2725,301.6928,308.4566,299.5053,316.3506,321.2281,316.9383,321.3329,310.4322,,,325.3727,215.5780,,,,
73786,0,,,,,,,,,,,,,,,316.0675,216.3715,322.8771,213.9043,304.4707,237.7601,316.5745,228.6962,317.1922,234.8961,320.3870,231.5720,315.5497,276.7896,315.5998,271.7649,315.4847,312.6800,316.7084,305.3685,,,,,,,321.0916,211.8993,311.6821,214.9041,325.3202,213.3877,319.1378,216.3983,314.3695,227.8983,301.9635,236.1122,318.7872,228.5957,305.2926,238.3627,312.9847,222.6978,308.2048,226.2779,328.7255,222.3676,326.9249,224.3591,316.1303,266.7112,315.2998,274.9856,313.7996,270.0339,314.5873,272.5714,318.1582,304.4671,315.9341,314.0904,315.4576,306.1839,314.4344,312.2042,311.3432,308.0002,306.8231,320.8570,306.3129,306.9679,302.6710,317.1676,302.2466,307.7883,299.5758,316.2547,321.2172,316.8464,321.5977,310.4886,,,325.5170,215.3300,327.4996,212.9978,,
73787,0,,,,,,,,,,,,,,,315.2545,216.2718,321.8837,213.3807,304.7089,237.3456,315.6317,227.5970,317.6357,234.8263,320.4105,231.2138,315.5710,276.6817,315.5885,271.3277,315.3963,312.1392,316.7269,304.8156,,,,,,,320.1294,210.8949,311.2226,214.8934,324.7396,213.0566,318.6839,216.2604,313.3728,226.8679,302.2959,235.6323,318.0573,227.5227,305.7207,237.8653,312.4128,222.2519,308.4153,225.7827,329.0391,222.1329,327.2604,224.1953,316.0917,266.3055,315.4948,274.9239,313.9772,269.9529,314.5738,272.4995,318.2527,303.8628,315.9507,313.5445,315.5957,305.6037,314.2779,311.6997,311.5498,307.0754,306.8566,320.6265,306.4396,305.9815,302.4069,317.0106,302.2216,306.9361,299.1796,316.3403,321.3266,316.3067,321.8176,310.3066,,,325.5025,215.1977,,,,
73788,0,,,,,,,,,,,,,,,314.4160,215.9170,320.5889,213.0281,304.4650,237.3135,315.7846,227.4382,318.4450,234.2839,321.1895,231.1210,315.4936,276.5649,315.7727,270.9649,315.1454,312.5071,316.8870,304.1873,,,,,,,317.8857,210.9037,310.1109,214.6901,323.0499,212.6552,317.6554,215.8842,313.3369,226.7359,301.9850,235.7069,318.3161,227.2938,305.2860,237.8221,313.0769,222.1117,308.9813,225.7065,329.6512,221.9725,327.9197,223.7584,316.3513,266.1232,315.3655,274.7803,314.2121,269.8666,314.7712,272.6023,318.4442,303.2103,315.7295,313.8905,315.6933,305.0258,314.0495,312.0370,311.7443,306.5076,306.5661,320.9552,306.7250,305.3779,302.0374,317.4315,302.4737,306.3157,298.6893,316.7307,321.2195,316.5519,321.9654,309.6576,,,325.9293,214.4497,327.8338,212.7883,,
73789,0,,,,,,,,,,,,,,,314.2342,215.6223,321.5969,212.7923,304.3627,236.9545,317.8931,227.1027,318.3991,233.6836,321.3399,230.8615,315.4597,275.6237,315.8533,270.4086,315.3673,312.0185,317.0157,303.9049,,,,,,,319.2302,211.0442,309.8509,214.4760,323.9973,212.5211,317.2640,215.6928,315.3282,226.3528,301.7478,235.4465,319.9321,226.9626,305.1520,237.2609,313.4171,221.7433,309.0045,224.9913,329.8137,221.9030,328.0820,223.4108,316.5588,265.4880,315.3110,273.8669,314.3194,269.0782,314.8973,271.4570,318.6719,303.1628,315.7945,313.3542,315.6555,304.7219,314.4107,311.5391,312.0597,306.1709,306.5962,320.5077,306.8322,304.8557,302.0399,316.8572,302.6195,305.6138,298.7566,316.1719,321.2955,316.1637,321.8867,309.6917,,,326.0887,214.3478,327.7629,212.8483,,
73790,0,,,,,,,,,,,,,,,313.3560,215.8221,322.2886,213.1930,303.9123,236.9452,320.3811,227.6057,317.9488,233.8266,322.1309,231.0881,315.1611,275.6978,317.1796,270.0419,314.7147,311.9537,318.4127,303.6583,,,,,,,320.1119,211.2013,309.1315,214.5817,324.4806,212.8973,316.1254,215.6532,317.8761,226.8575,301.2848,235.4715,322.1532,227.4135,304.6160,237.1274,314.7180,222.0046,308.7313,225.3416,329.8311,222.1153,327.5722,223.5066,318.0020,265.2300,315.2487,273.8461,314.9635,268.7116,314.8896,271.6015,320.1271,302.7529,315.1264,313.3186,316.8829,304.4141,313.8918,311.5159,313.9586,306.0492,306.5306,320.4122,308.6341,304.9435,302.2759,317.0277,304.4345,305.6455,299.0249,316.2123,320.7133,315.9309,323.1775,309.0706,,,325.7865,214.3924,327.4788,212.9289,,
73791,0,,,,,,,,,,,,,,,312.9979,215.2283,325.0096,212.6857,303.7438,236.6993,322.3175,227.2828,317.4374,233.3896,323.5153,230.5328,314.7184,274.6681,318.9252,268.8561,315.8871,311.3696,322.1946,302.5995,,,,,,,324.6592,211.1379,309.1826,214.2552,328.2593,211.4789,315.7639,215.3611,320.4038,226.4895,301.0947,235.1785,324.3301,227.0913,304.3123,236.8423,316.4867,221.0277,308.8882,224.6166,330.3359,221.0619,327.0530,222.6424,319.7968,264.4016,314.4783,272.7209,315.7911,267.8552,314.7417,270.8077,324.1061,301.7481,315.8842,312.5250,320.4761,303.4053,315.4404,310.9190,318.1635,305.0750,307.7810,319.3932,312.7772,304.2688,303.4961,316.2174,308.3163,305.1829,300.2857,315.5821,321.5599,315.5434,326.9201,307.8312,,,326.0953,213.7474,327.6920,212.9502,,
73792,0,,,,,,,,,,,,,,,312.9767,214.9034,325.2841,212.3732,303.2458,236.2774,322.7645,226.4366,318.3559,232.8171,324.3109,230.4258,314.9462,274.0910,319.9814,268.2364,315.9020,311.2290,324.4523,302.8708,,,,,,,324.3919,210.7183,309.1427,213.8676,328.1522,211.1091,315.6209,214.9344,320.7911,225.6400,300.8554,234.6588,324.5972,226.5014,303.5758,236.5848,317.1348,220.8670,309.6526,224.2323,330.9361,220.5109,327.7500,221.8748,321.0269,263.8193,314.7015,272.1177,316.5495,267.5783,315.0409,270.3005,326.6853,302.0148,316.0263,312.4129,322.7251,303.7116,315.4128,310.8203,320.4348,305.4672,308.0315,319.4860,314.7113,304.5833,303.6170,316.1762,310.3070,305.4562,300.4918,315.5647,321.6263,315.5088,329.5918,307.8637,,,326.4916,213.1943,327.9844,212.4712,,
73793,0,,,,,,,,,,,,,,,313.2397,216.5881,326.4704,212.7714,302.8889,237.0367,322.8164,226.5644,318.1226,233.8752,323.7467,231.0891,315.1863,273.9568,321.6734,268.1936,315.8888,311.3549,327.1220,302.2811,,,,,,,325.6866,210.7484,308.8095,214.0211,329.4767,212.3128,315.7657,216.3899,320.2238,225.5974,300.6545,235.4815,324.5359,226.8332,303.2104,237.4189,316.8539,221.7399,309.2914,225.0809,331.0436,221.5080,328.0924,223.2983,322.7387,263.8843,314.8501,271.8534,317.8520,267.6275,315.7375,270.3615,329.5215,301.5202,315.9000,312.3735,325.6025,303.0718,315.4771,310.9360,323.2526,305.2480,307.6004,319.3947,317.5814,304.5544,303.6271,316.2166,313.2073,305.6473,300.6283,315.6712,321.7996,315.3587,332.5014,306.6300,,,327.2164,214.8872,328.9452,212.4826,,
73794,0,,,,,,,,,,,,,,,313.0167,216.4074,326.8787,212.5379,302.9712,236.6977,325.0189,226.7745,319.0302,233.2097,325.3937,230.1700,315.5178,273.9258,323.2476,266.6623,316.1690,310.9937,330.8857,300.0173,,,,,,,325.3668,211.0368,309.0588,213.1250,329.5867,211.4967,315.3136,216.2113,322.6183,225.9627,300.4162,235.1298,326.7820,226.9332,303.3884,237.0364,317.7256,221.1444,310.5018,224.5520,331.8843,220.7369,328.4919,222.6361,324.1324,262.5849,314.7723,271.7097,319.4512,266.6788,316.1600,270.2717,332.9845,299.2462,316.2472,311.9236,329.4085,300.9882,315.8426,310.4738,326.6241,303.2336,307.5026,318.8934,320.7160,302.9965,303.5914,315.8677,316.3231,304.4208,300.5838,315.5658,322.1635,314.9660,336.3418,304.2289,,,327.3417,213.7565,329.7866,212.7941,,
73795,0,,,,,,,,,,,,,,,314.0510,216.6551,327.7388,212.7334,303.9157,235.6947,326.3915,226.6887,319.8181,233.1404,326.4247,229.5936,315.6634,273.1433,324.9315,264.7267,316.1333,311.1952,334.5296,297.7911,,,,,,,326.2861,211.7118,310.3751,213.8041,329.7074,212.0344,316.1039,215.5113,323.9911,225.7024,301.4123,234.0774,328.2232,226.5794,304.5581,235.9220,317.5004,220.3893,311.2092,223.7363,333.1154,219.5811,329.5741,221.9589,325.5524,260.4941,315.1329,271.0042,321.3542,264.8951,316.6470,269.3124,336.7728,296.7972,316.2004,312.1664,332.9994,298.9295,315.7559,310.5831,330.9561,300.9423,307.5451,319.0556,324.4793,300.9946,303.3061,315.9049,320.2093,302.6313,300.0725,315.6091,322.3509,315.1687,340.2978,301.9694,,,328.2528,214.2752,331.2522,213.6514,,
73796,0,,,,,,,,,,,,,,,314.2485,217.0431,330.3848,212.3609,304.7317,234.9902,327.7978,225.7557,321.6215,232.5429,329.2130,228.9964,316.2786,272.9841,328.0644,264.8606,315.7765,311.3432,337.2231,297.5964,,,,,,,326.5759,212.1523,309.7352,214.1801,332.3008,212.5763,316.9682,215.8676,325.2868,225.0932,302.4374,233.3236,329.1606,225.6555,305.0144,235.2548,319.9120,220.5394,312.9697,223.5684,334.6147,219.5176,331.2273,221.8512,329.0752,260.6785,315.9335,270.8165,324.4279,264.8164,317.4477,269.1252,339.4821,296.5412,316.5389,312.4844,335.6496,298.8271,314.8312,310.6655,333.4261,300.7184,307.7905,319.3219,327.2790,300.8031,303.2009,316.1013,323.2942,302.4364,299.9024,315.6775,321.9972,315.9831,342.5981,301.7714,,,329.3421,214.5666,,,,
73797,0,,,,,,,,,,,,,,,315.8561,215.7672,331.6634,212.6880,305.8076,234.2860,329.5012,226.4424,323.3952,231.9260,331.5052,228.8699,317.1210,272.6077,330.4979,264.4678,315.7000,311.7539,340.1625,297.4631,,,,,,,328.0177,212.5547,310.6556,214.6609,333.3489,212.9035,319.3921,214.8849,327.2965,225.4360,303.2193,232.7182,331.1280,226.2807,306.0616,234.6177,322.4225,220.1337,314.8345,223.1528,337.0833,219.9634,333.3671,221.8198,331.6063,259.9433,316.6319,269.8837,326.7820,264.4409,318.3802,268.8372,342.3158,296.2364,316.1170,313.0549,338.5508,298.6711,314.8409,311.1335,336.3505,300.6903,307.8176,319.5713,330.1931,300.7234,303.2365,316.4477,326.0260,302.2722,300.1477,315.7966,322.1196,316.5650,345.4805,301.6637,,,332.2272,214.9820,,,,
73798,0,,,,,,,,,,,,,,,316.2320,216.4058,332.4969,213.0776,306.4941,234.1447,329.8137,226.4619,324.1900,231.9302,332.3044,229.0411,317.8627,271.7629,331.6201,264.2983,315.6891,311.9390,340.6482,297.8538,,,,,,,327.6704,212.9064,311.0844,215.1395,334.5552,213.1786,319.1777,216.3498,327.4769,225.5512,304.0932,232.6618,331.3181,226.2116,306.8797,234.3338,323.6224,219.8905,315.7155,223.1735,337.6569,220.0108,333.7855,221.6290,332.7958,259.6902,317.2894,269.2334,327.5404,264.3156,319.3896,268.1673,342.8295,296.7993,315.9115,313.0673,338.9477,299.0494,314.9741,311.2918,336.7344,301.1036,307.5944,319.6854,330.5136,301.0418,303.2472,316.6921,326.4166,302.5071,300.3875,316.1122,322.0060,316.7298,345.7615,302.1100,,,332.9178,215.4563,,,,
73799,0,,,,,,,,,,,,,,,319.1181,216.4754,327.2317,213.3640,307.8498,233.1353,329.3396,226.7290,326.7277,230.4582,333.3487,227.4567,319.1987,270.8593,333.2926,263.9546,315.7970,311.9109,340.8965,297.8015,,,,,,,324.7237,213.2084,313.5264,215.4909,329.8286,213.5290,322.2317,216.4981,327.0616,225.7221,305.4680,231.6069,330.2318,226.4613,308.2436,233.5200,323.5895,219.2055,317.4763,222.6045,338.9645,218.5234,335.8071,220.3043,334.1469,259.1742,319.1189,268.2634,329.5460,263.6041,320.5032,266.9566,342.9555,296.8330,316.5762,313.1154,339.2687,299.0860,314.8143,311.2339,336.6085,301.0713,308.3781,319.9629,330.6261,301.2189,303.2393,316.9148,326.5472,302.8708,299.7865,316.2171,322.1155,316.7600,345.9131,302.4605,,,334.2591,214.9039,,,,
73800,0,,,,,,,,,,,,,,,321.7883,216.2186,325.4595,213.2339,310.0800,232.5299,330.4215,227.2263,329.9569,229.4376,335.0948,227.0232,320.2632,270.2515,334.2252,264.1440,315.8743,310.6279,341.1375,298.0749,,,,,,,323.8818,212.9617,316.6604,215.3076,328.4528,213.3455,324.2713,216.3573,327.7114,226.4013,307.3048,230.9746,330.9608,227.0465,310.3812,232.8052,325.8459,219.2234,320.0946,222.4176,341.3607,218.4290,338.2119,220.0620,334.9548,259.4260,320.2618,267.6224,331.0102,263.4265,321.6633,266.4448,343.0950,297.0747,316.6353,311.8039,339.6165,299.2214,314.8799,309.9876,336.3921,300.9725,308.2678,318.6717,330.5235,301.0090,303.1191,315.9319,326.5559,302.4716,299.7248,315.4995,322.3037,315.1544,346.0213,302.7350,,,336.7165,215.6635,,,,
73801,0,,,,,,,,,,,,,,,323.9502,216.1110,324.7064,213.1417,312.4041,231.9528,330.3936,226.8325,331.8552,229.0001,335.8957,226.5782,322.3918,269.8783,334.6617,263.9596,315.8947,310.1043,341.1539,298.1000,,,,,,,323.4479,212.9567,319.4842,215.2445,327.3094,213.2552,326.4979,215.4841,327.5517,225.7492,309.9292,230.5007,330.1172,226.5345,312.8918,232.2395,326.6964,218.7092,322.3413,221.6931,342.9255,217.8044,340.3989,219.3124,335.2029,258.9542,322.5785,267.6690,331.6366,263.1785,323.4477,266.3096,342.9338,297.0170,316.7301,311.2080,339.6490,299.3678,314.9655,309.4116,335.8900,300.8435,308.0480,318.3203,329.8498,300.9832,302.4430,315.4780,325.8094,302.6012,298.8113,315.2072,321.8990,314.4941,346.1909,302.9743,,,339.4921,214.7773,,,,
73802,0,,,,,,,,,,,,,,,326.9096,216.7743,339.2932,213.7133,314.6509,231.7149,336.8161,226.2586,333.9233,228.7048,338.9524,225.8858,324.2206,270.3123,335.3763,264.5734,315.6668,309.6118,341.3734,298.4639,,,,,,,,,322.0867,215.9031,340.8202,213.7734,328.4512,216.0335,332.6203,225.4114,311.7734,230.2347,337.8577,226.1188,315.2970,231.9047,329.4275,218.4695,324.3548,221.9288,346.0187,218.0661,343.3380,219.5547,336.1285,259.5342,324.4321,268.0078,332.2848,263.6978,324.9962,266.5433,343.2152,297.4202,316.3394,310.9446,339.8284,299.7988,314.7472,308.9611,336.2033,301.1133,307.3390,318.1680,329.9993,301.0576,302.0219,315.3999,325.8816,302.5759,298.2464,315.2064,321.4264,313.5678,346.2486,303.2116,,,342.6855,215.3477,,,,
73803,0,,,,,,,,,,,,,,,329.2895,216.7563,342.1704,213.5347,317.7979,231.9885,338.3159,226.7713,336.7732,229.3513,341.6874,226.4323,326.3403,270.1253,337.3948,265.3268,318.9732,309.7603,341.4359,298.5546,,,,,,,330.3064,213.1759,324.5365,215.7414,343.7989,213.6510,331.0057,216.7806,334.8317,226.0465,314.9901,230.5934,339.5304,226.4620,318.5912,232.2309,332.6455,218.3960,327.5183,221.9096,348.1210,217.9793,345.5252,219.3387,338.2716,260.1636,326.3379,267.8103,334.4096,264.0801,327.3386,266.4190,343.1569,297.7547,320.2546,310.9400,339.9800,299.9287,317.8750,309.2171,336.4462,301.3588,311.8738,318.2816,330.6947,301.3829,306.1834,315.7079,326.9203,302.7758,302.2730,315.7857,324.9938,314.1109,346.3888,303.5986,,,344.6596,215.1384,,,,
73804,0,,,,,,,,,,,,,,,330.4740,216.7399,340.4451,213.3769,319.7142,232.4095,338.2152,227.1230,337.9712,230.3254,342.1728,227.5184,327.2841,270.4458,338.0479,265.0979,323.6475,309.3649,341.4939,298.7769,,,,,,,332.4055,213.1224,325.9926,215.4729,342.9978,213.4482,332.2908,216.8131,334.9119,226.2464,317.0817,231.0185,339.3390,226.8855,320.4408,232.6623,333.0953,219.2426,328.4729,222.7927,348.8239,218.9103,346.2109,220.0979,339.1335,260.0934,327.4262,267.9483,334.6928,264.0717,327.7970,266.7851,343.1696,297.8264,324.9163,310.4946,339.9412,300.0697,322.4646,308.9703,336.2391,301.4127,316.7092,317.7277,330.9301,301.3955,311.5469,315.3086,327.1569,302.7204,307.8023,315.3175,329.5887,313.7391,346.6693,303.9219,,,345.2032,214.9211,,,,
73805,0,,,,,,,,,,,,,,,332.1078,215.6037,335.3322,212.4684,322.8330,231.7352,338.7695,226.0633,338.7520,229.9790,343.7658,227.0234,330.1777,270.3604,339.4370,265.5260,330.7362,308.4787,341.3019,298.8980,,,,,,,334.4615,212.1920,327.7976,214.7375,343.4796,212.5593,333.7644,214.8223,335.8728,225.4909,320.0469,230.3817,340.0009,225.6454,323.4488,231.9847,334.6339,218.5723,329.6345,221.6964,350.0694,217.2235,347.6046,218.5775,340.4071,260.6880,329.8220,267.8854,336.0389,264.3996,330.6094,266.5533,343.0828,298.0038,330.8998,309.1667,339.3237,300.0593,330.1956,308.0524,336.2064,302.2522,323.3532,316.7452,330.6147,301.9872,318.5647,314.1807,326.4728,303.3283,315.7641,314.3727,336.1297,312.0893,346.6849,303.8008,,,346.5853,213.9932,,,,
73806,0,,,,,,,,,,,,,,,333.1979,215.1787,343.9903,211.9410,324.7945,231.7246,341.4800,225.9283,339.9014,230.3881,344.6252,227.3608,332.0048,270.5280,340.5955,265.4138,335.8116,308.4966,342.2918,299.2418,,,,,,,343.1785,211.7314,328.9024,214.1085,345.7955,212.0523,334.9345,215.1553,338.4015,225.3464,321.9314,230.5028,343.1655,225.5602,325.3080,231.9070,335.9997,218.5444,330.5418,221.6838,351.3298,217.6730,348.4837,219.0774,341.5420,260.6994,331.7502,267.9558,337.3328,264.3687,332.2492,266.5199,343.8318,298.4041,336.0980,309.3404,340.7426,300.3744,335.2173,308.2083,337.8204,302.5620,328.3602,316.6002,332.5182,302.0981,324.2606,314.5037,328.4213,303.2191,321.1332,314.7359,341.3521,312.0725,346.8801,304.0449,,,347.2695,213.4253,,,,
73807,0,,,,,,,,,,,,,,,334.7666,214.0753,344.8485,211.1931,326.6101,230.8592,341.6790,224.7943,342.2018,229.3557,345.4580,226.3781,335.5535,269.8600,339.9105,264.6453,341.5780,306.5103,342.7039,298.1663,,,,,,,338.4451,210.9180,330.6512,213.1242,346.0682,211.2120,336.7878,213.2977,338.7815,224.0203,323.8816,229.6801,343.2135,224.6312,327.1378,231.0598,337.0771,217.2564,332.7353,220.5509,352.5893,216.5795,350.4317,217.9393,340.7525,259.5537,335.6016,267.4414,337.2338,262.9365,335.0929,265.4895,344.0491,297.3939,342.0947,307.4579,341.3362,299.3851,340.6999,306.2527,337.6298,301.4828,334.5562,315.5320,332.2980,300.7771,330.0169,313.5274,328.4068,301.8016,327.0192,313.7696,347.5789,310.0451,347.5037,303.2791,,,349.4365,212.5941,,,,
73808,0,,,,,,,,,,,,,,,336.9313,213.4759,343.1412,211.1975,328.3286,230.5363,342.9371,225.4518,342.8324,230.0623,345.6943,227.4116,339.4913,269.9030,339.5643,264.5374,348.6350,306.0595,344.2697,297.8789,,,,,,,339.2165,209.9252,332.3119,212.1253,345.5037,210.1929,338.8061,213.4543,339.5690,224.6109,325.7910,229.2629,344.5065,225.3094,328.8223,230.9377,337.6571,217.5800,333.9563,220.9248,353.0565,217.4302,351.3100,218.8556,340.3898,259.3882,339.3377,267.6518,337.9114,263.2062,338.9311,265.8930,345.3690,297.0230,349.1656,307.0230,343.0956,299.2771,348.0110,305.8400,338.6373,301.4678,343.3394,315.3046,333.3155,300.7412,338.2486,313.2744,329.7139,301.9260,335.3326,313.7036,354.7117,309.5057,349.7115,302.4409,,,349.6337,212.3506,,,,
73809,0,,,,,,,,,,,,,,,338.6612,212.9677,346.2397,210.9020,329.4638,231.0242,343.9302,226.7140,343.6439,230.9415,347.8605,228.7843,342.0599,270.4253,341.4258,266.1002,356.2805,305.2225,342.6202,298.6216,,,,,,,343.0630,209.4743,334.5988,211.7086,347.8354,210.6692,340.9839,212.9802,341.9836,226.1081,326.8738,229.5265,345.5507,226.4806,329.8477,231.5109,339.5402,219.8119,334.7430,222.0982,354.9869,218.9422,353.0841,220.5523,342.3436,261.1126,341.5246,268.2855,339.7320,264.2011,342.2468,266.4706,343.8085,298.0066,357.0196,306.3222,341.6529,299.6925,355.2645,305.0767,337.4478,301.8515,351.1647,314.4773,332.0205,300.7531,345.9423,312.5305,328.3392,301.4834,343.2397,312.9374,362.5418,308.2545,347.2454,303.2041,,,351.1967,212.4086,354.3871,211.4027,,
73810,0,,,,,,,,,,,,,,,339.7922,211.9590,344.0654,209.8408,329.8283,230.8842,338.9642,226.7655,344.6275,230.9890,348.1989,229.5096,343.7195,270.1559,342.4174,265.7284,358.8770,304.5225,342.1760,298.3490,,,,,,,342.0143,209.5782,335.1896,211.7940,346.8362,210.0663,342.5268,213.0316,338.8835,226.2992,327.2224,229.4236,342.7462,226.9142,329.7540,231.3645,339.3440,220.2485,335.2650,222.0068,355.1224,219.3110,353.6813,220.4624,342.9316,261.0602,343.2387,268.0898,340.6962,263.9295,343.0055,266.2787,343.2387,297.8033,360.3267,305.3227,341.2103,299.3420,357.6659,304.3238,337.2063,301.7308,354.1881,313.3011,331.8178,300.5086,348.6425,311.5504,328.3147,301.2453,345.5678,312.3242,365.7207,307.0489,347.2302,303.3789,,,351.4435,211.2493,357.3396,211.5654,,
73811,0,,,,,,,,,,,,,,,338.8912,214.8773,348.9576,211.3717,330.7586,231.5333,347.8793,225.8862,346.2549,232.0025,350.3565,230.5355,347.5298,271.0156,343.2700,265.5873,364.4878,304.1893,342.8101,298.4138,,,,,,,348.2194,210.1147,334.1730,212.3628,351.6175,210.6083,341.2406,213.6847,345.5430,225.2661,328.3752,230.3123,349.6425,225.8150,330.9987,231.8578,341.8291,220.8125,337.0745,223.0071,357.4037,219.7789,355.0976,220.7873,344.8948,261.1332,346.6324,268.8105,341.5616,263.9548,347.2981,267.1417,344.4022,297.9884,365.2541,305.0021,341.9191,299.5072,363.6312,303.9654,337.6679,301.7867,359.9342,313.1900,332.8310,300.5802,354.1738,311.5271,328.5716,301.5368,351.0290,312.0787,371.3072,306.4230,347.6607,303.4823,,,352.8118,212.5136,,,,
73812,0,,,,,,,,,,,,,,,340.9169,214.9332,351.0021,211.7026,332.0978,232.1147,351.0241,227.9687,347.5996,232.8141,351.7107,231.1004,351.7847,271.3457,344.1807,265.6390,369.0348,303.4625,343.4258,299.1098,,,,,,,348.7631,210.2993,336.6276,212.4965,352.9778,211.6155,342.9195,214.7752,348.5730,227.2425,329.6332,230.8784,352.5321,228.0197,332.5717,232.4909,342.8792,221.8373,337.5841,224.2085,359.0851,220.6215,356.6464,221.4089,345.6727,261.6415,350.8662,269.1806,342.8009,264.5134,351.9477,267.6419,344.8494,298.7677,369.9809,304.4810,342.2560,300.0025,368.0040,303.3592,337.7843,301.9636,364.7354,312.9218,331.3120,300.7955,358.6753,311.3688,327.5285,301.5790,355.1475,311.7799,376.3311,305.6136,348.0728,303.9922,,,354.7124,212.9002,357.3566,212.0053,,
73813,0,,,,,,,,,,,,,,,342.4635,215.1914,354.4614,211.7096,332.9179,232.4760,353.5827,228.7933,349.5029,232.5230,353.6686,230.8545,356.0525,271.1607,344.8246,265.1702,371.1034,304.6235,344.0497,298.2896,,,,,,,351.5918,210.3460,338.3412,212.5768,355.9690,211.6477,344.6809,214.2693,351.6786,228.2542,330.3624,231.1528,355.2136,228.8865,333.3525,232.8395,344.4207,221.6937,339.4172,224.1078,361.1824,220.4955,358.6153,221.1990,346.2433,261.2037,355.4396,269.2088,343.9451,263.8167,355.5217,267.2361,345.5910,297.8957,372.4419,305.7648,342.9634,299.2632,369.8505,304.3319,338.2567,301.5915,366.5583,313.6583,332.0874,300.2936,360.0327,311.5805,328.2944,301.1463,356.1673,311.7051,377.3101,307.1541,349.3356,303.6827,,,357.6504,214.1789,360.2251,212.1049,,
73814,0,,,,,,,,,,,,,,,343.7085,215.7709,355.4882,211.0065,333.4514,233.0910,355.1620,228.2015,352.5387,233.2348,355.9572,231.0036,359.2537,271.0055,346.1660,264.9245,371.9564,304.7624,343.9570,298.8302,,,,,,,351.9841,210.6372,339.2555,212.8509,357.7418,211.1954,346.0521,215.6625,352.9004,227.9970,331.0127,231.7392,356.3546,228.3347,334.0689,233.5502,347.0039,222.2281,342.1893,224.8595,363.8645,220.9210,361.5251,221.8226,347.3799,261.1311,359.0583,268.9884,345.1411,264.1645,358.1008,267.1928,345.4423,298.3786,373.3363,306.0243,342.7769,299.8489,370.5111,304.4771,338.1558,301.6699,366.8181,314.0534,332.2919,300.5219,360.4405,311.6487,328.5310,301.3241,356.5387,311.6487,377.8762,307.6435,349.2432,303.9598,,,359.1193,213.5881,360.4762,212.4936,,
73815,0,,,,,,,,,,,,,,,344.9490,216.6647,357.9106,211.3352,333.8688,234.0062,357.6890,227.3984,355.6563,233.5470,360.3836,231.1143,362.6880,271.0932,348.2612,265.1524,372.5065,304.9890,344.7055,298.3757,,,,,,,356.1361,211.1556,340.3251,213.0364,360.2193,211.5296,347.4831,216.4269,355.6412,227.0385,331.6619,232.5080,359.2359,227.3356,334.6811,234.5262,350.9077,222.0634,345.8636,225.3078,367.4202,220.9822,364.7345,221.9669,349.4411,261.0780,362.6745,268.6799,347.6085,264.0754,361.4459,267.2237,346.2633,297.9186,373.6139,306.3052,343.5290,299.5664,371.2832,304.7780,339.1523,301.3961,366.8757,314.0900,333.2752,300.2970,360.9540,311.7201,329.4725,301.2077,357.1478,311.8110,378.4987,308.2575,350.0006,303.8122,,,361.1989,214.0511,,,,
73816,0,,,,,,,,,,,,,,,346.8691,216.8315,358.9191,211.8743,335.2917,234.3703,358.9047,226.8253,357.8135,233.0234,361.8180,230.6317,364.9720,270.8056,349.5582,265.6426,372.8987,306.2768,345.7357,298.2092,,,,,,,358.1587,211.7217,342.0348,213.7064,361.8616,212.1953,349.6282,216.7510,357.1543,226.3729,332.7228,232.8871,360.1992,226.7704,336.5290,234.9321,351.6771,221.8845,348.1665,224.9940,369.2811,220.5805,367.3715,221.7852,350.7709,261.8649,365.1198,268.5499,349.1736,265.0331,363.1000,267.4703,347.0007,297.6238,374.4558,307.4905,344.6704,299.3630,371.4766,305.9790,339.4682,301.1207,367.8939,315.2975,333.6100,300.2765,361.4839,312.6696,329.8187,301.2810,357.3864,312.6146,379.3103,309.7219,350.9254,303.4049,,,362.8851,214.4360,,,,
73817,0,,,,,,,,,,,347.8833,213.5314,,,347.7204,217.9787,362.8681,212.2619,335.9407,235.7280,363.0353,226.0677,360.7656,234.3093,364.5529,231.9903,367.1077,271.8114,351.0803,265.6322,373.0205,306.8914,346.5578,297.5601,,,,,,,360.9557,212.0389,343.3561,214.6428,366.6204,212.3387,350.8408,217.9866,360.7935,225.5604,333.7535,234.1652,364.3385,226.2210,337.3141,236.4862,355.1272,222.9514,350.5591,226.5342,371.8273,222.0020,369.7782,223.1321,352.6460,261.6312,367.0361,269.6374,350.6689,264.7740,365.4823,267.9323,347.9427,296.9893,374.4262,308.0380,345.2194,298.7363,371.7841,306.5364,340.5458,300.6574,367.3615,315.5676,334.5193,299.7529,361.2417,312.7199,330.6090,300.9376,357.4847,312.4798,378.8779,310.4514,351.8134,302.9900,,,366.6439,215.7064,,,,
73818,0,,,,,,,,,,,,,,,349.0530,217.9082,367.2846,212.3766,337.9993,236.0426,365.2881,225.9159,362.0923,232.9489,367.0930,230.1666,368.2670,271.6858,352.4709,264.4418,372.9721,307.5504,349.1701,297.3807,,,,,,,361.6887,212.1879,344.9129,213.8896,369.1884,212.5388,352.1095,217.6686,362.6743,225.5144,335.6671,234.4526,366.4752,226.0891,339.5322,236.7204,357.0359,221.7147,352.0297,225.8330,373.6243,220.2373,371.3712,221.9598,354.1216,260.3880,368.4177,269.6244,352.4184,263.6264,366.5163,267.6071,350.4608,296.7077,374.5057,308.7517,348.2631,298.6228,371.6994,307.1468,342.1547,300.5106,367.7154,316.1720,335.9754,299.6630,361.2718,313.2644,332.3799,300.8380,357.0661,312.8903,378.6872,311.0748,354.1176,302.3668,,,368.3842,213.6988,,,,
73819,0,,,,,,,,,,,,,,,350.6127,217.6189,363.9631,212.0131,339.7083,236.4666,367.2485,226.1350,365.1137,232.8291,368.0000,229.9887,369.5603,271.1171,354.2908,263.8443,372.8339,306.0898,351.7330,296.8690,,,,,,,362.5312,211.7639,346.1356,214.4715,364.7273,212.1905,353.9003,217.3807,364.0132,225.9084,337.5019,234.8125,368.2186,226.3337,341.1438,237.0324,358.4637,221.4263,354.2875,225.1784,375.1030,220.2901,373.4371,221.7039,355.5515,259.6660,369.7926,269.1593,354.0894,263.2738,367.4088,266.9521,352.8136,296.0840,374.5590,307.2425,350.8745,298.1085,371.4739,305.6354,344.6345,299.8200,368.1040,315.0318,339.0499,298.8407,361.3846,312.2010,335.0937,300.0230,357.4494,311.9920,378.6370,309.2894,356.6079,301.4552,,,370.2145,213.2475,,,,
73820,0,,,,,,,,,,,,,,,352.7823,216.7405,363.3856,211.6503,342.1081,236.6223,368.1686,226.4211,367.8296,231.8149,368.3537,228.6467,369.8227,271.0164,356.0379,263.1295,372.9037,306.6667,354.2081,296.5065,,,,,,,361.4654,211.4256,348.5359,213.4207,363.9059,211.8187,356.1883,216.5425,364.8431,225.9004,339.5456,234.9469,368.7747,226.2557,343.3894,236.8111,358.2008,220.3936,356.3385,224.5829,376.7185,218.5830,376.1190,220.4391,357.0119,258.8070,369.7923,269.1392,355.9766,262.7618,368.0336,266.7346,355.2256,295.7774,374.7780,307.7041,353.4290,297.8490,371.5021,306.2327,346.8019,299.3825,368.0534,315.8038,342.4196,298.5535,361.1110,313.2276,338.7495,299.7384,357.0327,313.0816,379.0378,309.8586,359.0711,301.4675,,,373.8883,212.9937,,,,
73821,0,,,,,,,,,,,,,,,355.3463,216.7521,371.9837,211.5152,344.8268,236.6987,370.3994,225.3026,367.7544,231.0785,369.4774,228.1154,371.1411,270.9492,357.6141,263.5792,373.0045,306.6138,358.1071,296.6368,,,,,,,363.9609,211.3332,350.8890,213.4229,374.0403,211.6730,358.9275,216.4653,366.9800,225.7374,342.0226,234.8262,371.2015,225.6965,346.1963,236.9573,359.0592,219.9011,356.6196,224.1811,377.7708,217.9631,376.5854,220.0730,358.6133,259.3342,370.8413,269.0007,357.8262,262.7945,369.6663,266.1720,358.8836,295.6450,374.4763,307.5925,357.4738,297.9557,371.6307,306.2233,350.8405,299.6384,368.0516,315.5407,346.5743,299.0574,361.3922,313.0892,343.3993,300.4158,356.9707,312.9598,378.6213,309.9764,363.0417,301.5994,,,374.6533,213.0116,,,,
73822,0,,,,,,,,,,,,,,,356.6861,216.5669,373.1808,211.4889,345.9857,237.3401,371.4333,225.6669,367.7729,231.5452,370.3473,228.4512,371.5229,270.7899,357.8743,263.3574,372.9165,306.4539,360.1519,296.3541,,,,,,,364.7597,211.3145,351.7872,213.4553,374.8461,211.6665,359.5793,216.3430,367.9760,225.8746,343.1856,235.6559,372.3868,226.0065,347.3640,237.4676,360.2382,219.5958,357.0795,223.9148,378.6455,217.7902,377.2275,220.0540,358.8952,259.3123,371.1850,268.8047,357.8028,262.7150,370.0606,266.0262,361.0355,295.5466,374.3491,307.5091,359.4742,297.7129,371.6895,306.0970,352.8955,299.7396,367.7866,315.4626,347.8929,299.1929,361.3352,312.9151,344.6268,300.4946,356.7903,312.8574,378.6898,310.0071,365.6468,301.5044,,,375.5982,213.0143,,,,
73823,0,,,,,,,,,,,,,,,357.8863,216.7918,372.7966,211.4707,348.3176,237.9335,371.0499,226.3877,368.7352,232.1235,370.5623,229.8803,371.4963,270.3057,359.0233,263.7534,373.0368,306.1432,363.1775,296.6961,,,,,,,365.9607,211.2143,353.0172,213.4106,374.2463,211.7187,360.4521,216.6341,367.8469,226.5855,345.3723,236.7703,371.9500,226.7669,349.4943,238.1306,360.9927,220.8193,358.5032,224.8941,378.6211,219.0989,377.2043,220.7963,359.9617,259.6810,371.4919,268.3926,359.2557,262.8600,369.8697,265.9382,364.0510,295.9018,374.3747,307.2469,362.4985,297.8921,371.7919,305.7824,356.4279,300.2187,367.4768,315.2326,350.8974,299.6612,361.2434,312.4702,347.5139,300.9703,357.0081,312.3417,378.5748,309.7211,369.0416,301.6155,,,375.1469,212.9580,,,,
73824,0,,,,,,,,,,,,,,,358.6678,216.5354,365.3430,211.6207,350.4742,237.9353,369.5882,225.6185,369.8538,232.1876,370.0757,229.4160,371.8226,271.4093,360.1103,263.9028,372.6175,306.3238,365.8338,296.9919,,,,,,,364.2095,211.3085,354.5166,213.5467,365.8109,211.8618,361.1419,215.4390,366.1322,225.4985,347.6582,237.0034,370.2206,225.8865,351.4821,238.2493,360.8377,220.4713,359.7334,224.5557,378.0147,219.4003,377.0156,221.2680,360.6546,259.8345,372.1246,269.5270,360.3509,263.3704,369.1035,266.7084,366.3591,296.0437,374.2174,307.4649,365.2250,298.1296,371.1758,305.8787,359.0142,300.6085,367.6916,315.7166,353.7693,300.2220,361.2722,313.0628,350.5045,301.5298,357.1962,313.0818,378.1879,309.6113,371.0907,301.6331,,,373.8791,213.0720,,,,
73825,0,,,,,,,,,,,,,,,359.4033,216.8539,365.4947,211.8336,352.2869,238.0873,369.3884,225.7616,369.4311,232.4265,371.3439,229.4518,371.8762,271.0665,361.9114,263.8490,372.5860,305.8851,368.0390,296.9998,,,,,,,364.1874,211.5538,354.9260,213.8045,366.2538,212.1361,361.7611,216.7388,365.6745,225.4544,349.7600,237.3034,370.1788,226.1141,352.7338,238.4428,361.9505,220.7028,358.8925,224.7962,378.7707,219.8256,377.1083,221.7766,362.4602,259.7452,372.0043,269.2233,362.1358,263.0035,369.7538,266.3741,369.0702,296.1322,373.9314,306.9867,367.4033,298.2166,371.3985,305.5135,361.8081,300.8465,366.6447,315.0201,356.7861,300.2449,360.6165,312.3714,353.1358,301.5959,357.0740,312.2345,378.3360,309.4219,373.5277,301.6435,,,374.6585,213.2856,,,,
73826,0,,,,,,,,,,,,,,,360.5488,217.0446,369.4731,213.1306,353.8821,238.4512,370.3722,225.7928,369.5813,233.1062,372.0018,229.2968,372.1248,271.9270,364.0416,264.4121,372.8156,306.0883,369.0361,297.8210,,,,,,,365.4741,211.5244,355.7303,214.8748,370.0513,211.9990,362.8027,215.7781,366.6175,225.4608,351.4746,237.4812,371.7331,225.7062,354.1414,238.8203,363.2686,221.0898,359.2645,225.2160,379.1893,220.1351,377.4878,222.2571,364.5470,260.3592,371.9478,269.8963,363.7412,263.8331,370.4790,267.1503,370.2259,296.9606,373.7686,307.1011,368.2791,299.0231,371.8235,305.7160,363.3915,301.4412,366.2730,315.1084,358.4988,300.5943,360.7382,312.5289,354.7545,301.7074,357.5811,312.3563,378.5982,309.5823,374.6403,302.4172,,,374.6971,214.0175,376.4386,213.5556,,
73827,0,,,,,,,,,,,,,,,361.2534,215.8304,366.9644,213.1812,355.8828,238.3968,368.5141,226.5149,369.9250,233.1841,372.1212,229.3091,370.6919,271.7642,368.1419,265.1717,372.9311,306.0316,371.1628,298.0667,,,,,,,364.6627,211.3878,356.7224,214.8337,368.0250,212.6809,363.4124,215.6202,364.9142,226.5283,353.4991,237.5144,370.1402,226.2817,356.1368,238.7220,363.3810,221.2297,359.5727,225.2720,379.0189,219.7872,377.3629,222.1564,368.5619,260.8635,370.5591,269.9384,366.8453,264.3351,369.3321,267.0087,372.0371,297.3398,373.8163,307.0463,370.3165,299.1456,372.0516,305.6630,365.5819,301.5128,365.9831,315.1164,360.7785,300.7142,360.7805,312.5880,356.8926,301.6253,357.9452,312.4196,378.4297,309.5925,376.9370,302.4624,,,374.7365,213.1526,376.7432,213.5442,,
73828,0,,,,,,,,,,,,,,,361.7288,216.0079,365.4409,213.2058,357.5210,238.7096,362.7988,227.8234,369.8737,233.1505,371.1984,230.0360,370.3620,271.4310,369.6181,266.1421,372.6913,305.3281,371.5040,298.2173,,,,,,,363.2337,211.4741,357.1438,215.0227,367.3922,212.5212,363.9048,215.6936,361.4100,227.4067,354.9012,237.9156,366.1585,227.1825,358.0302,238.8375,362.0389,222.0448,359.5770,225.5700,378.4679,219.6202,377.2627,221.5604,370.1462,261.4357,370.1746,269.6075,367.9404,264.7478,369.2453,266.7450,372.2948,297.6628,373.6261,306.3172,370.6050,299.4558,371.7866,305.1570,365.7126,301.9441,365.9434,314.4907,360.8898,301.3624,360.8276,312.3564,357.0077,302.4670,358.0352,312.5105,378.1781,308.7528,377.0824,302.7370,,,374.0935,213.7242,376.4296,213.1048,,
73829,0,,,,,,,,,,,,,,,361.4778,215.4372,366.3349,212.6924,358.2952,237.4820,365.3963,227.8833,369.3417,232.6669,371.5906,230.6760,369.9379,271.6277,370.7044,266.8930,372.8763,306.3276,372.4086,299.0964,,,,,,,363.3627,210.9920,357.2544,214.4947,368.1397,212.2640,363.5620,215.1333,362.6438,227.7558,355.9022,236.8078,367.7188,227.2542,358.7206,237.4932,362.4145,222.8426,359.3641,225.9389,378.2908,220.4474,376.6240,221.8253,371.2178,261.9369,369.6709,269.8541,368.7809,265.0468,369.5537,267.0964,373.5537,298.3526,373.3565,307.3645,371.4772,300.0967,372.2502,306.1240,367.2266,302.4498,365.4361,315.1360,361.9399,301.8946,360.5922,312.8469,358.0225,303.1374,357.8781,312.7760,378.3685,310.1377,378.2639,303.1445,,,374.0394,214.0832,376.9204,212.7768,,
73830,0,,,,,,,,,,,,,,,361.4942,215.4231,366.4530,212.8421,358.2900,236.9914,365.3137,228.6412,368.5051,232.7504,370.6370,230.8656,369.6375,272.0258,369.9652,267.6681,372.7341,306.3282,371.9356,299.0341,,,,,,,363.0641,210.9685,357.1856,214.2779,368.5436,211.4996,363.6975,215.0255,362.9133,228.3441,355.6587,236.4678,367.4521,228.1259,358.8943,236.7736,361.5551,222.4921,358.6292,225.2809,377.5799,220.3957,376.0422,221.8048,370.1818,262.4985,369.1524,269.9702,367.8510,265.4570,368.9367,267.3720,373.0216,298.5377,373.2519,307.3572,371.1109,300.2907,372.2343,306.1239,367.0442,302.5811,365.8171,314.9233,361.8623,302.0717,361.1853,312.6247,358.1744,303.5083,358.4940,312.5217,378.0580,310.2568,377.6840,303.4509,,,373.2781,213.5683,375.5977,212.6214,,
73831,0,,,,,,,,,,,,,,,360.7169,215.2975,364.9026,212.6009,357.3006,236.0021,364.0467,228.2136,367.8534,232.2562,369.9360,230.3344,368.4024,270.3310,369.4748,266.4270,372.8605,304.5959,372.2435,297.8905,,,,,,,361.7416,210.8674,356.6821,214.3703,368.0373,211.4712,363.2070,214.9883,361.6822,227.6192,354.5884,235.4745,366.1885,227.7492,358.1193,235.6219,360.7996,222.0291,357.2920,224.5234,376.6446,220.0094,374.9936,221.4501,369.6003,260.9224,367.9090,268.1713,367.0051,264.3409,367.5094,265.9719,373.4332,297.5855,373.4275,305.9243,371.3151,299.2298,372.2842,304.4721,367.1590,301.7876,365.8512,313.7007,362.0623,301.3792,361.4709,311.3293,358.2389,302.8080,358.4059,311.4985,378.2731,308.6875,377.6866,302.7241,,,372.6831,213.5486,374.7102,212.6215,,
73832,0,,,,,,,,,,,,,,,359.9318,215.0650,364.6657,212.4653,356.1230,235.3233,364.7278,227.1732,366.8512,231.2089,369.2562,229.3222,365.4196,270.5287,368.1151,266.0890,372.2141,304.0930,372.1277,297.4176,,,,,,,361.4970,210.8466,355.6215,213.3155,367.8255,211.4699,362.2349,214.7012,362.1882,226.6925,353.3602,234.6757,366.8642,226.5969,356.7136,234.9489,360.4846,221.0087,356.7322,223.4970,376.6351,218.9773,374.8500,220.5909,368.1878,261.0565,365.1859,268.7288,365.5528,264.6388,364.4423,266.7722,373.3076,297.0997,372.9501,305.2989,371.1474,298.6773,371.6240,303.9322,366.9599,301.5401,365.5911,312.9169,361.8987,301.1616,360.6980,310.5558,357.9840,302.6090,357.6946,310.8213,377.8206,308.0640,377.6521,302.2108,,,373.1436,213.2761,,,,
73833,0,,,,,,,,,,,,,,,359.3832,215.1446,365.4157,212.5943,355.1261,235.0767,363.7340,227.4487,365.3589,231.6308,367.6226,230.4189,361.8899,270.1515,367.0766,266.4608,371.4268,304.3004,371.3458,297.7999,,,,,,,361.6750,211.1804,355.0541,213.5425,369.6296,211.7573,361.5533,214.7599,361.5284,226.9760,352.6933,234.4154,365.8179,227.2074,355.7340,234.7261,358.8442,221.5131,355.6964,224.1441,375.7287,219.7601,374.0152,221.4826,367.2725,261.5207,362.2076,268.5345,364.4986,265.0094,361.2235,266.6912,372.4647,297.2552,372.3684,305.4801,370.4539,298.9905,370.6990,304.2865,365.8533,301.3672,365.7464,313.5711,360.4033,300.9406,360.2702,311.1331,356.5332,302.4837,357.1538,311.5849,377.4026,307.8716,377.7393,302.5388,,,372.6470,212.9466,,,,
73834,0,,,,,,,,,,,,,,,358.8654,214.8223,363.9771,212.6611,354.3102,234.0856,363.9027,227.7387,364.2476,232.3671,367.6074,230.8765,359.4413,269.2088,366.9158,266.2797,371.1369,302.5002,372.1849,296.5687,,,,,,,360.9690,211.1123,354.7936,213.2304,366.7530,211.5396,360.9855,214.4624,361.3065,227.3137,352.0352,233.3796,366.2285,227.5859,354.9065,233.6916,359.0421,221.7241,355.2959,224.4866,375.0683,219.9230,373.2005,221.3355,367.3181,261.5159,359.4454,267.7914,364.2750,264.4149,359.2772,265.7455,373.4478,296.2553,371.8288,303.5165,371.2781,297.7794,370.4210,302.5710,367.0588,301.1607,365.5093,311.8206,361.8028,300.8330,360.1677,309.7680,358.0941,302.3723,357.2622,310.3362,376.6289,306.1361,378.4671,301.6267,,,371.5792,213.7050,,,,
73835,0,,,,,,,,,,,,,,,358.0378,214.6122,362.8049,211.8775,352.0500,234.3670,364.7008,227.3512,362.0986,232.9347,367.3871,230.7359,355.8051,269.1784,366.7868,265.9634,369.4997,301.0296,372.7430,297.1958,,,,,,,361.3604,209.6138,354.0036,211.5781,367.6295,211.2448,359.9881,214.2893,361.9227,226.8918,349.9001,233.8171,366.3111,227.3752,352.7194,234.4257,358.8384,222.4711,353.3963,224.9870,374.1914,221.0770,371.5678,222.1471,367.4022,261.2701,355.1194,267.8485,363.5804,264.2694,356.3506,266.0281,374.5820,296.7760,369.6785,302.3486,371.6230,298.4744,368.8341,301.2502,368.7493,301.4383,362.9669,309.5197,362.8221,301.1893,358.6374,308.1643,358.9556,302.3963,356.3041,308.6114,375.2250,304.9375,378.7332,302.1131,,,370.5217,213.9184,,,,
73836,0,,,,,,,,,,,,,,,357.1975,214.1442,361.9946,211.0220,350.1909,233.1282,363.2868,226.6467,360.5473,231.9548,366.8766,230.1497,351.9855,267.0326,366.5272,264.1528,367.5833,298.2605,373.7523,296.0198,,,,,,,360.0582,209.0959,353.0834,211.1041,366.4749,210.4954,359.0210,213.6922,360.5959,226.3170,348.1662,232.5112,364.8135,226.6344,350.9122,233.0004,358.4969,221.8142,351.6164,224.0001,373.5384,220.2558,370.4963,221.3584,367.4834,259.4730,351.1842,265.5463,363.0516,262.0158,352.6269,263.6382,375.7001,295.6393,367.6447,299.7315,372.3676,296.9666,367.0639,298.4814,369.7268,300.0912,360.8759,307.1797,364.0053,299.9551,357.0299,304.6228,360.2595,301.2270,354.5793,304.5792,373.0580,302.4064,379.7696,300.2618,,,369.6948,213.8583,,,,
73837,0,,,,,,,,,,,,,,,356.7085,214.2215,362.7286,211.7509,347.7036,233.1318,362.5249,226.8174,358.2597,232.4095,365.1472,230.4495,349.0879,267.6777,365.8537,265.9477,362.7991,298.7978,372.9529,296.8371,,,,,,,360.0191,208.9196,352.8464,210.9407,365.9826,210.3624,358.7763,213.9315,359.9100,226.4926,345.8163,232.1869,363.8540,226.7647,348.5337,233.2496,356.9178,221.6684,349.3998,224.1143,371.6054,219.9152,368.6879,221.1019,367.0216,261.2397,348.3501,266.1309,362.2567,263.7560,350.2520,264.3985,375.0209,296.7490,362.6257,300.5039,371.5683,297.8462,362.3582,299.1175,368.0488,300.6433,355.5085,307.1052,362.8788,300.2816,351.7898,304.6792,359.2406,301.2419,349.3072,304.6273,368.4708,303.2563,378.4761,300.3039,,,367.8069,212.6751,372.9679,210.5637,,
73838,0,,,,,,,,,,,,,,,355.6462,213.7016,360.2267,210.1143,345.5638,232.0663,361.6928,225.8291,357.4762,231.3560,364.2371,229.7942,346.7053,266.2483,365.2595,264.8594,357.1851,298.3856,372.0887,296.3860,,,,,,,358.0428,208.8546,351.8428,210.7936,362.1100,209.2122,357.7413,213.4518,359.1306,225.2457,343.2583,230.7809,362.9226,225.5816,346.1902,232.3010,355.5315,220.0549,348.2500,223.1767,371.1994,219.4403,368.0351,220.7437,366.6160,260.1848,345.9967,264.8038,361.1887,262.9306,347.8568,262.9457,374.4892,296.0776,357.1182,299.8521,370.6547,297.3467,356.8311,298.3558,367.8797,299.8706,349.9895,306.3761,362.0581,299.6869,346.1555,303.7090,358.0089,300.5808,343.2432,303.8369,363.3628,303.1250,378.0321,300.0027,,,367.5715,213.0087,372.4542,210.5906,,
73839,0,,,,,,,,,,,,,,,354.1370,213.1594,358.4458,208.6686,342.4818,231.5667,358.2276,225.5826,355.3490,230.5327,362.8459,229.2572,342.0793,264.7615,363.3920,263.4289,346.9736,297.1603,371.8278,295.6079,,,,,,,356.3715,208.4894,349.6103,210.5133,360.4418,208.8912,356.6620,212.0517,355.8248,224.9156,340.2141,230.0540,359.6327,225.2563,343.0198,231.7328,353.7753,219.0114,346.4413,222.0154,369.6623,218.2654,366.2789,219.7278,364.5311,259.4806,341.4032,263.4360,359.8847,262.1420,343.5239,261.8632,374.0171,295.1269,347.0514,298.5534,370.1754,296.5833,346.6040,297.0830,367.5176,299.0697,339.6758,305.1028,361.2441,298.8360,335.5423,302.2740,357.2416,299.4301,332.8602,301.8760,352.6208,301.4009,377.5379,299.4895,,,365.5439,211.1445,370.4305,210.3128,,
73840,0,,,,,,,,,,,,,,,351.8788,213.2327,357.2431,209.1022,340.8552,230.8997,354.7986,225.8409,354.1192,230.5155,361.0203,229.5213,340.2536,263.8815,362.7077,262.9946,340.0188,295.9671,371.1961,294.7517,,,,,,,356.2516,208.8951,347.0519,210.6605,359.5211,209.2738,354.8512,212.0674,352.9553,224.9420,338.4568,229.3622,357.5194,225.2550,341.4160,231.1024,352.1008,218.9343,345.6577,221.4865,368.1352,219.1042,365.0688,220.3100,363.6515,259.1499,339.7402,262.6145,359.4477,261.7084,341.9725,260.9610,373.3392,294.3443,340.5093,297.1260,369.4889,295.9054,339.3200,295.9448,367.0582,299.5549,331.5368,303.6642,360.7660,298.8050,327.9218,300.7807,356.3993,299.3422,325.5013,300.1120,345.3432,300.4297,376.4938,299.8185,,,362.9239,211.7060,370.8198,210.6182,,
73841,0,,,,,,,,,,,,,,,348.7542,213.5647,356.2099,211.2159,337.8478,230.6789,351.6457,225.9451,352.0264,230.2813,358.8842,228.9536,338.5376,262.8058,361.4635,261.9688,333.5529,296.0689,371.7680,295.7847,,,,,,,355.5227,209.8979,344.3325,211.9930,359.1971,210.2124,351.7248,213.5244,349.5076,225.3829,335.7253,229.3710,353.2742,225.8026,338.7737,230.9524,350.7690,219.0749,344.1874,221.7020,366.4950,218.6349,363.2145,220.2122,362.2473,258.6399,338.4723,261.2275,358.5664,260.7282,340.8556,259.6528,373.8671,294.9656,333.5119,297.4063,370.0248,297.0262,333.0163,296.2906,367.3050,300.9827,324.6469,303.1268,361.0194,300.3918,321.0211,300.5119,356.6812,301.4790,318.3447,300.0092,338.6415,300.7461,376.7938,300.2454,,,362.1036,212.5812,,,,
73842,0,,,,,,,,,,,,,,,347.2789,213.4835,356.2297,211.4639,335.9992,230.3876,349.9513,225.1382,349.8318,230.5472,357.0727,228.9851,336.6840,262.8776,360.1733,262.4983,327.4492,296.0278,371.9382,295.6767,,,,,,,356.1886,209.8430,343.2237,212.5075,359.0027,210.1751,349.8408,213.5342,347.8578,224.5154,334.1019,228.9539,351.6546,224.9322,336.7947,230.7040,349.8248,218.5821,341.9348,220.6049,364.3656,218.6239,361.0539,220.2973,360.9813,259.0673,336.2630,261.3357,357.2555,261.1202,339.8361,259.5982,374.1072,294.8830,327.3762,297.3362,370.2415,297.1210,327.0605,296.0089,367.7225,301.1084,317.9419,302.4147,361.1763,300.8528,314.7521,299.3609,356.6434,301.9507,312.3230,298.8620,332.1709,300.4727,376.9008,300.2286,,,360.4924,212.4991,,,,
73843,0,,,,,,,,,,,,,,,345.4116,213.5304,349.3780,209.8815,334.0603,231.0590,349.0740,224.8349,346.6719,231.1528,353.8883,228.9105,334.2013,262.2618,358.5140,262.2373,322.9527,295.5377,371.6452,295.4597,,,,,,,347.4079,209.4066,341.7150,211.6705,355.8562,209.9644,347.5756,213.3335,346.6409,224.1253,332.1554,229.3973,350.7930,224.6771,334.7280,231.5295,345.7078,218.4559,338.5072,221.2949,360.9759,218.7568,357.9939,219.7216,358.8098,258.8861,333.8250,260.9045,355.4651,261.1010,336.7052,259.3257,373.4802,295.0875,322.7447,296.9923,370.1276,296.8632,322.4909,294.9818,367.1230,301.5679,312.8927,301.0141,360.8369,301.1920,308.8864,296.8387,356.5793,302.4666,307.2237,295.4858,327.3408,301.0611,376.8160,299.8263,,,357.5635,212.0568,361.0155,211.2034,,
73844,0,,,,,,,,,,,,,,,344.3259,213.6003,348.5615,210.8000,331.9726,231.6851,347.9732,225.0462,344.9674,229.9639,351.1212,228.3385,331.7423,262.4677,356.4833,262.1130,320.4209,295.3743,370.9542,295.5001,,,,,,,346.0396,209.6036,341.0260,212.4034,349.8775,210.0848,346.5032,213.4690,345.1346,224.2876,329.7440,230.1245,349.7954,224.5763,332.6296,231.9847,342.7581,218.2902,336.5303,220.8115,358.1198,218.2615,355.2810,219.4540,356.5079,258.3131,331.3542,261.3380,353.1688,261.1676,333.7203,259.7826,372.6591,295.1690,320.2561,297.0641,369.4452,296.8992,319.9720,294.6128,366.5098,301.7295,309.5843,300.9160,360.4512,301.4582,305.7343,295.8299,356.2620,302.6492,305.6646,294.3979,324.9928,300.7149,376.5577,299.8115,,,354.5751,212.3837,,,,
73845,0,,,,,,,,,,,,,,,341.9162,213.7136,346.3122,210.9542,330.9427,232.0344,344.6519,226.0939,341.6047,230.9069,348.2145,229.8237,329.0994,263.9954,354.3904,262.6782,318.9971,296.3010,370.3404,294.1280,,,,,,,343.7501,209.7621,338.3886,212.6315,347.6817,210.1836,344.1862,213.6521,342.4883,225.2307,328.7776,230.5006,346.8828,225.6742,331.7719,232.2064,339.6953,219.5249,333.1473,221.9793,355.7746,218.4116,352.7451,219.6691,354.1282,258.8411,328.7162,262.5234,351.0971,261.5923,331.1701,261.1425,372.0869,293.5638,318.7196,298.0472,368.8111,295.9125,318.5030,295.6957,365.9329,300.2715,309.0873,302.3882,359.7345,300.7111,306.2279,297.9132,355.6170,302.3092,303.8946,296.6858,323.8248,301.2754,375.8079,298.3196,,,352.0455,212.6977,,,,
73846,0,,,,,,,,,,,,,,,341.1244,213.3858,345.5093,210.7505,330.2376,232.3178,341.6922,225.2091,340.7386,230.1910,346.6095,228.9390,327.3902,263.6375,351.9922,262.8902,318.5413,296.2087,368.9634,294.4339,,,,,,,343.5760,209.6330,337.3252,211.6214,347.6014,209.9828,343.6128,213.5679,340.6057,224.0425,327.9413,230.7073,344.5655,224.6732,331.2439,232.4660,337.7621,218.6220,331.7343,221.2695,354.5744,217.9715,351.7161,219.4797,351.9949,259.5606,327.2288,261.8980,348.9506,261.7599,329.1827,260.8195,370.7043,293.8135,318.3988,297.7871,367.4955,295.9486,318.0914,295.6615,364.9711,300.2948,308.1327,302.0834,358.7324,300.6190,306.2675,297.9915,354.8350,302.3263,304.5260,297.2162,323.9285,301.4072,374.9695,298.3213,,,350.7373,212.3134,,,,
73847,0,,,,,,,,,,,,,,,337.9803,213.9417,342.6059,211.4576,327.7931,233.7538,339.0258,226.1276,337.3401,231.0117,343.7209,228.2929,324.6997,263.5358,349.0008,262.7555,317.3970,296.2848,367.7005,294.0887,,,,,,,340.2434,209.7518,333.9361,212.8442,344.1683,210.5391,340.4913,213.9927,337.4288,225.3465,325.4513,232.7017,341.6007,225.8940,328.6186,233.8744,335.2412,218.9164,328.2866,222.0901,351.1689,219.3368,347.9789,220.7723,349.2934,259.3851,324.3911,262.1320,345.3781,261.5591,326.8671,260.7472,369.6013,293.5453,317.2167,297.6706,366.0812,295.3124,316.9618,295.4927,364.4568,299.9156,307.9945,302.4191,358.5121,300.1941,303.9583,298.9588,354.2673,301.7141,300.9594,298.1729,322.6495,301.3282,372.9617,297.7917,,,347.3707,212.7107,351.2245,211.3731,,
73848,0,,,,,,,,,,,,,,,334.7778,213.0456,342.3190,211.1769,326.5345,234.1684,337.0381,226.0634,333.9552,230.4542,340.8384,228.8734,322.2968,263.6731,343.3301,262.7162,317.2717,296.2850,365.6030,292.9364,,,,,,,340.5280,209.2730,330.1157,212.1136,344.1164,210.4468,337.5040,213.1769,335.8149,225.1718,324.1400,233.3583,339.3363,226.0080,327.5000,234.1484,333.1294,219.7342,325.5989,221.9176,347.7704,219.4202,344.5858,220.7878,344.2415,259.8052,321.5984,261.8613,340.2256,261.8430,324.8719,260.8653,367.7687,292.6016,316.7398,297.4640,363.8325,294.1057,316.9610,295.5834,364.4636,300.1415,307.1963,301.9599,357.9156,300.5739,303.5112,298.6645,353.6500,302.4105,302.1576,298.3104,322.4088,301.3855,371.2013,296.0088,,,344.0176,212.2239,345.7870,210.8989,,
73849,0,,,,,,,,,,,,,,,331.9775,212.7462,336.6207,210.6782,324.5416,233.6402,332.6668,225.1251,330.8212,229.9017,338.3265,228.3395,320.1336,263.2112,337.8525,261.9697,317.0728,295.8208,362.4786,290.6507,,,,,,,335.5984,209.1424,327.3545,211.8887,339.2555,209.4965,334.5507,212.6425,331.8952,224.3311,322.3350,232.9471,335.1030,224.9036,325.5153,233.6528,330.2058,219.1014,323.0840,221.4267,345.4817,218.6220,342.3993,219.7214,338.7384,258.9423,319.5045,261.2028,334.6635,261.1132,322.2750,260.3315,364.4542,290.3959,316.7609,297.0502,360.7628,292.2498,316.6540,295.1104,362.7474,298.6519,308.0082,301.9726,356.5378,299.7446,303.6046,298.8601,352.6846,302.0129,300.6563,298.1454,322.5243,300.8012,368.1507,292.8557,,,341.6099,211.8059,345.0777,210.7350,,
73850,0,,,,,,,,,,,,,,,329.5774,212.4670,334.2271,210.4734,321.7072,232.3996,332.6841,224.8273,329.6838,229.0740,335.3250,226.8574,317.7262,263.0968,332.4428,261.9820,316.6786,295.8918,356.6714,288.6556,,,,,,,331.8759,208.6903,326.0038,211.4085,336.2357,209.9824,331.8666,212.3661,330.6831,224.1194,319.4940,231.4881,334.6868,224.5451,322.7170,232.4635,327.5097,218.4990,320.3311,220.2075,342.7345,218.1216,340.2250,219.7334,333.2601,259.0452,317.3312,261.5970,329.7387,261.0833,319.2481,260.8142,358.5308,287.8616,316.6174,297.1697,355.0308,289.9223,316.1471,295.3495,358.8898,297.6222,307.2697,302.8246,353.3283,299.3820,304.0324,299.2518,350.3390,301.7057,301.4296,298.7547,322.7562,300.4731,362.1134,289.6473,,,339.1965,211.5137,341.5422,210.1668,,
73851,0,,,,,,,,,,,,,,,324.8462,211.5876,330.8111,209.7962,318.8076,231.8881,325.9092,224.4969,326.3107,227.9791,331.2675,226.1571,315.6515,262.0249,325.0340,259.9158,316.2061,295.1708,348.6339,285.9232,,,,,,,326.2766,207.8735,320.8677,210.5529,331.9154,209.4167,327.4812,211.5000,324.0856,223.9744,316.3977,231.0788,327.8929,224.4866,319.3973,231.9368,323.8944,218.2110,318.3374,219.4604,338.8107,217.3551,336.3540,218.7087,325.7114,256.6185,315.2092,260.7958,322.2797,259.1059,316.7825,259.4754,350.2373,284.7643,316.5575,296.8025,347.3181,287.0504,315.6552,294.5397,350.1461,293.1767,307.7207,302.1081,344.6336,295.5549,304.1512,298.8175,342.1333,298.0427,301.7445,297.9364,321.7518,300.2462,353.5890,286.5848,,,335.5073,210.5051,337.6673,209.3994,,
73852,0,,,,,,,,,,,,,,,323.6470,210.8589,332.7071,208.9820,315.6657,231.0760,328.7428,223.9043,323.7054,227.1823,330.1509,225.7117,314.6860,261.9631,320.5164,258.8900,316.5616,295.7826,342.2970,284.4442,,,,,,,330.6702,207.3961,318.8660,209.9335,334.2891,208.4796,326.0006,210.8935,326.7766,222.9578,313.2076,230.2461,330.5173,223.7895,316.4594,231.0444,323.0346,216.7839,315.8544,218.2121,337.4848,216.7748,334.0920,218.5002,321.4199,255.8108,313.9877,260.5019,317.1572,258.1640,316.3309,259.6251,344.1183,283.2988,316.4941,297.2925,341.0155,285.5770,316.2470,295.2510,343.6098,290.8148,307.8845,302.8024,337.9787,292.8145,304.5656,299.2662,335.2870,295.4527,301.9735,298.3989,322.2353,300.5866,347.7137,284.7714,,,334.5568,210.6287,338.7055,208.8910,,
73853,0,,,,,,,,,,,,,,,321.2475,211.0008,330.1545,209.8303,312.6250,229.8840,326.5709,223.0716,321.6707,227.1400,328.6364,224.9455,313.4607,263.3293,318.0747,258.4393,315.9429,295.7607,335.9680,283.9963,,,,,,,325.7101,207.2281,317.4387,209.8845,331.2012,209.3071,323.4759,210.9115,324.7150,222.3847,310.7878,228.6786,328.4573,223.3097,313.0464,230.0550,322.0868,217.2016,314.1165,218.8445,335.7950,216.8322,332.1450,218.3128,318.9436,255.5116,312.8196,262.2238,314.7172,258.4156,314.7816,260.2556,337.9848,282.7438,315.9472,297.2938,334.6202,284.9689,315.6489,295.1322,336.4396,289.4432,307.5285,302.7815,330.7004,291.3409,304.2555,299.3607,327.6012,293.7592,302.1372,298.5363,321.0925,300.2128,341.8252,285.1358,,,332.3676,210.1402,334.8334,208.4721,,
73854,0,,,,,,,,,,,,,,,319.3050,210.5774,329.0105,209.5666,310.7109,228.3176,324.2344,223.2578,320.1780,226.9483,326.2764,225.5355,313.3158,262.4214,316.4580,258.2465,315.8491,295.0575,328.4099,285.6690,,,,,,,328.4904,207.7055,315.7190,209.4839,331.4427,208.8862,321.9321,210.5529,322.0662,222.4422,308.8902,227.0364,326.1383,223.6465,311.1215,228.6223,319.8310,217.2226,312.3759,218.3271,333.1113,217.0375,329.7724,218.3201,317.4008,255.1541,313.0805,261.0790,313.9054,257.8822,314.1851,259.6076,330.2637,284.5295,315.9393,296.3912,327.2365,286.4804,315.4582,294.6580,325.8251,290.3202,308.1547,301.9181,320.5609,291.4404,304.7642,298.9980,317.3486,293.7436,302.1556,298.4025,320.7593,299.6769,334.6319,288.3042,,,330.0626,210.8028,332.7771,208.2819,,
73855,0,,,,,,,,,,,,,,,317.6615,209.8631,326.3077,208.8530,308.2084,228.2569,321.2144,222.5349,318.6027,227.5780,324.1672,226.0116,312.3994,263.9382,315.9287,257.6734,315.4035,295.7363,322.3111,288.3533,,,,,,,324.9018,207.1131,313.9914,208.7092,328.3128,208.2279,320.3577,209.8711,319.3205,221.7693,306.5545,226.8787,323.2980,222.8883,308.6583,228.5970,318.2315,217.6786,311.3075,220.0611,331.3666,217.4611,328.2549,218.8032,317.0055,254.1080,311.9387,261.8775,313.3168,256.8826,313.5093,260.2406,323.9636,287.2757,315.3445,296.7319,320.9541,289.2913,315.2120,295.4475,319.1110,291.8854,308.3206,302.4177,314.3983,292.2803,304.5365,299.5217,310.6940,293.7573,301.9862,299.1961,320.5429,300.0851,327.3863,291.7487,,,328.2598,210.9094,330.8447,207.4684,,
73856,0,,,,,,,,,,,,,,,316.1793,209.7028,326.2557,208.7311,306.1051,227.3171,320.0443,223.0876,317.1159,226.8323,322.1746,225.6756,311.5177,263.4186,314.0405,258.1179,314.7676,295.6619,316.8403,289.0058,,,,,,,325.3637,207.0616,312.2552,208.4647,327.7775,208.1570,318.9909,209.7849,318.0724,222.3862,304.5042,225.9109,322.2482,223.3724,306.5550,227.6597,316.8532,217.5358,310.6050,219.4994,329.6217,217.3817,326.8325,218.4766,315.2349,254.4146,311.2686,261.3682,311.7067,257.1209,312.3409,259.7690,318.8041,288.2839,314.8774,296.8804,315.5607,289.7940,314.6115,295.5586,313.2383,291.8500,307.8008,302.5570,307.9580,291.0464,304.1422,299.7650,304.0928,292.1348,301.3485,299.7352,320.1131,299.9553,321.7010,293.3900,,,326.7202,210.6307,328.9568,207.1462,,
73857,0,,,,,,,,,,,,,,,315.5227,208.9993,325.0149,207.1972,305.1914,226.6631,319.8300,222.1319,316.4971,225.9260,320.9221,224.2214,311.1198,261.9792,310.8646,257.5602,315.1976,295.4222,310.7490,288.8419,,,,,,,325.2002,205.7247,311.7508,207.3184,327.2126,206.9770,318.2189,209.0341,317.7709,221.2924,303.3301,225.2599,321.8460,222.3021,305.9727,227.0138,314.8935,215.8445,309.7348,217.6742,328.6462,216.0896,326.4339,217.1413,312.4804,253.5896,311.0837,259.8926,309.5820,256.3682,311.6314,258.4272,312.0337,288.0970,315.3792,296.6379,309.7586,289.6678,314.7103,295.5129,305.9951,290.9594,308.6677,303.0418,300.4758,290.0993,304.7679,300.3227,296.7967,291.1214,301.7433,300.3427,320.6168,299.6441,315.5269,293.2727,,,326.2715,209.3831,328.2913,207.0787,,
73858,0,,,,,,,,,,,,,,,314.9505,209.0384,324.8689,207.1462,303.8730,225.7890,318.3279,221.4874,315.1874,225.6581,320.0302,224.0468,311.3806,261.8901,310.4579,257.9147,314.4783,295.0991,309.6965,288.2837,,,,,,,325.0103,205.5527,311.0013,207.3200,327.4212,207.0254,317.6397,209.0205,316.4995,220.6089,302.4858,224.4262,320.5071,221.5676,304.3081,226.0474,313.9705,215.0744,308.5284,216.6778,327.9133,215.5552,325.5519,216.6725,311.9369,253.2383,311.1519,259.8388,309.0142,256.1090,312.2787,257.9826,311.1479,287.5378,314.4150,296.2678,308.8793,289.1479,314.0577,295.0670,304.6754,290.8381,307.6978,302.6738,299.3783,290.1482,304.1013,300.0631,295.4955,291.1472,301.1668,300.1605,320.0430,299.4006,314.2760,293.0221,,,325.5234,208.4739,327.4046,206.7854,,
73859,0,,,,,,,,,,,,,,,314.5059,209.1964,322.5832,206.9932,303.5614,225.3497,317.2073,220.8713,314.0032,225.9547,318.0977,224.1257,310.9209,262.6399,309.2734,258.3110,315.3061,295.6106,304.0360,288.2067,,,,,,,323.5050,205.9033,310.0745,207.7796,325.2888,207.1398,317.1104,209.1597,315.4479,219.9577,301.9119,224.0201,319.5875,220.9585,304.0189,225.6192,312.0610,215.0428,307.1885,217.1591,326.6630,215.6648,324.4503,216.5237,311.1009,253.6614,310.3196,260.3704,308.3111,256.4736,312.4154,258.8307,305.7170,287.5978,315.0160,296.8556,303.1198,289.0925,314.8846,295.6530,299.3957,291.4054,307.6546,303.2515,294.8012,290.6032,304.2165,300.6292,291.1296,291.4686,301.8246,300.6360,320.2520,300.0331,308.7782,292.5677,,,324.5580,208.2383,326.4380,207.0686,,
73860,0,,,,,,,,,,,,,,,314.3925,209.1129,323.2911,207.3825,302.9797,224.9430,317.1651,221.7436,313.8551,225.2999,316.9991,223.7755,309.9071,262.2991,307.7697,257.9739,315.2481,295.8123,303.2373,288.1394,,,,,,,322.7387,205.8659,310.0008,207.7941,325.5768,207.2834,317.0527,209.1353,315.3849,220.8605,301.1374,223.5752,319.3750,221.5283,303.4701,225.1425,311.4249,214.7241,306.9411,216.5002,325.8109,215.0932,323.8953,216.0114,309.4656,253.3961,309.6029,260.1525,306.8589,256.0685,310.7566,258.6906,304.8813,287.3835,315.4312,296.9147,302.2121,289.0261,314.4746,295.8111,298.4343,290.9897,307.8440,303.2075,293.4629,290.1824,304.1405,300.4171,289.7871,291.2135,301.3849,300.3700,320.4028,300.0094,308.5383,292.7310,,,323.6970,208.2500,,,,
73861,0,,,,,,,,,,,,,,,315.0223,209.0996,321.0669,205.9423,302.9502,224.9327,315.6120,221.7342,313.3317,225.4952,316.1393,223.9186,309.2840,262.3208,306.4744,257.7163,315.2318,295.8250,303.9696,288.2505,,,,,,,320.9205,205.5663,310.8717,207.5982,324.2246,206.9419,317.2372,209.2035,314.4015,220.7160,301.3920,223.5781,317.9988,221.5143,303.5183,225.2899,310.5057,214.9156,306.6167,216.8922,324.8852,215.2373,323.3548,216.2228,308.1285,253.3864,308.8272,260.3343,305.4181,256.0456,310.0439,258.9389,305.2646,287.3762,315.3144,296.9064,303.1704,289.1858,314.4497,295.8244,298.4283,291.0902,307.9354,303.2241,293.6263,290.5128,304.1483,300.4153,290.0005,291.7427,301.1432,300.4009,320.5305,299.9813,309.2247,292.7262,,,322.8053,208.0351,324.9310,207.0183,,
73862,0,,,,,,,,,,,,,,,316.5366,209.0151,318.9113,207.0354,303.4813,224.7732,313.6746,221.1825,313.6801,224.3855,314.4668,222.6142,309.6014,262.6022,304.0113,256.8922,315.2213,295.8040,303.4244,288.1729,,,,,,,317.7989,205.4630,312.9884,207.5691,322.6111,206.9813,319.0086,209.1997,312.7500,220.2890,301.7182,223.4691,316.3825,221.0582,304.0331,225.2442,308.1370,214.4571,306.1096,216.3426,324.2133,214.8388,323.1861,215.8663,305.2479,252.8884,309.4956,260.5327,303.1913,255.8393,308.9887,259.3751,304.4383,287.2408,316.0780,297.0454,302.6406,289.0693,314.0720,295.6784,297.5906,291.0920,309.1891,303.4235,292.7059,290.6153,303.9813,300.6026,289.4715,291.9529,300.5431,300.4188,320.9289,299.7698,308.8417,292.2222,,,322.7443,208.2531,327.7970,206.8833,,
73863,0,,,,,,,,,,,,,,,316.4414,209.0326,317.1426,206.8424,304.5413,225.2076,313.0041,220.8185,313.8095,224.4146,314.0956,222.4637,310.1899,262.6911,303.3725,256.8525,314.2675,295.6121,304.2214,288.0788,,,,,,,316.0063,205.3134,313.1556,207.5784,321.2022,206.9067,319.0052,209.1915,312.4736,220.0845,302.6558,223.8457,315.6800,220.8617,305.3461,225.7947,306.7959,214.4240,305.4565,216.3095,323.7205,214.9868,322.9570,215.8540,304.6682,252.9050,310.2511,260.6031,302.9121,256.0229,308.9000,259.2894,305.1827,287.2846,315.3576,296.8124,303.4994,288.9784,313.0408,295.5437,298.7467,291.0215,308.4440,303.0344,293.4014,290.4549,303.2411,300.4978,289.9734,291.7365,299.7358,300.3566,319.4841,299.3567,310.2188,292.3019,,,321.8950,208.2747,,,,
73864,0,,,,,,,,,,,,,,,317.6385,208.9304,316.5061,206.7708,306.7438,224.2797,308.9257,219.5003,314.6595,223.6294,312.9244,221.4579,311.2037,261.8381,304.0416,256.2046,313.3728,295.4755,303.3063,287.9162,,,,,,,315.0331,205.3036,314.6275,207.7524,318.3986,206.8003,320.2008,209.0961,308.7000,218.8894,304.6868,222.9437,311.7127,219.4625,307.9496,224.9349,305.7511,213.7903,306.4624,215.3583,323.0632,213.8722,323.7937,214.4755,304.7880,252.1587,311.8524,259.7466,304.1071,255.5226,308.7890,258.4624,304.0225,287.1537,314.9042,296.6293,302.6445,288.9854,311.9692,295.3618,296.4944,291.1016,308.6203,303.2482,292.1439,290.7153,303.0289,300.7919,289.0358,292.1763,299.1280,300.9513,318.2241,299.0891,309.0649,291.9699,,,321.6887,208.2693,,,,
73865,0,,,,,,,,,,,,,,,318.7209,208.7187,313.5381,206.4964,308.3320,223.4101,303.5094,219.7862,314.5945,223.7703,311.9904,222.1091,311.2244,261.4935,304.3761,256.7121,312.4663,295.3825,303.6178,287.4660,,,,,,,310.4729,204.9386,314.8630,207.4502,314.5890,206.4228,321.1469,208.8728,301.5241,219.0293,306.2925,222.2563,304.2132,219.5844,309.9161,223.8695,306.4150,214.2034,307.6914,215.5795,321.9343,213.6801,323.2947,214.4245,304.7441,252.7624,312.2936,259.3114,305.2267,255.5754,308.7315,257.7673,304.2259,286.8074,314.0600,296.4813,302.9964,288.6967,311.1064,295.4319,296.6585,290.9239,308.1701,303.1694,292.4199,290.6505,302.5747,301.2469,289.4812,292.0606,298.5994,301.7420,317.1864,299.2165,309.3344,291.8652,,,321.4737,208.0489,,,,
73866,0,,,,,,,,,,,,,,,320.0635,208.5978,310.6597,206.5869,309.8835,223.2830,301.9065,219.3269,315.6974,223.3252,311.8793,221.7184,311.8082,261.2978,304.0155,256.4989,313.5894,294.4979,303.2510,287.5696,,,,,,,307.4956,205.0241,,,313.2075,206.2318,322.6067,208.7681,299.5360,218.4964,308.0885,222.1526,302.2529,219.1187,311.6051,223.7024,306.0301,213.9487,308.5816,215.3350,322.1437,213.1021,324.2576,213.6861,303.8685,252.5302,313.4282,259.0404,305.5257,255.3318,308.6124,257.4500,303.5495,286.8308,315.6964,295.5103,302.8040,288.7026,311.9290,294.5465,295.6998,291.1169,310.7750,302.6472,291.9141,290.7853,304.6405,300.6559,289.2919,292.1983,300.5665,301.2455,318.2576,298.0165,308.6367,291.6380,,,321.8389,207.8558,,,,
73867,0,,,,,,,,,,,,,,,321.4600,208.5360,312.4939,206.3182,311.9978,223.5272,301.1680,218.3172,316.1807,223.4419,310.8555,221.8764,313.0411,261.0711,304.5402,256.6323,315.9115,293.0372,303.2748,287.6690,,,,,,,308.9996,204.9349,317.2187,207.6712,315.1434,206.0866,324.8642,208.4608,298.8844,217.2529,310.2284,222.4790,301.4364,218.2129,313.7265,224.0899,306.5386,213.8233,310.3619,215.1400,322.0493,212.5590,324.8859,212.9656,303.9993,252.4563,314.7759,258.8523,306.4249,255.3637,309.5401,257.1539,303.4894,286.9716,317.9520,294.0547,303.0230,288.8229,314.2632,293.2025,295.7361,291.1392,313.4725,301.4816,292.3135,291.0532,307.3307,299.8340,289.9684,292.4404,303.1906,300.5885,319.9921,296.1165,308.1368,291.6128,,,322.1306,207.4749,,,,
73868,0,,,,,,,,,,,,,,,322.6808,208.1908,308.1513,205.0179,313.7921,223.4284,300.1499,217.9369,317.2559,223.0844,310.2605,222.1184,314.5720,261.5953,304.7496,256.8155,318.7654,292.3697,302.9014,288.0477,,,,,,,307.1839,204.7903,,,312.1012,205.1556,326.7802,207.5745,297.6743,217.0466,312.0902,222.2640,300.4206,217.7085,315.5682,223.8743,305.4827,214.0078,311.1018,214.9901,321.8936,212.0268,325.5762,212.3778,304.1486,252.6601,316.4025,259.3896,307.1738,255.5926,310.7447,257.7593,302.9356,287.4414,320.9715,293.3604,302.6964,289.1905,317.0838,292.5689,295.1978,291.2919,316.6443,300.8817,291.9760,291.2065,310.0369,299.2853,289.6715,292.5856,306.0348,300.0275,322.4955,295.2080,307.7510,292.0281,,,322.2260,207.1515,,,,
73869,0,,,,,,,,,,,,,,,324.2318,207.9875,309.6279,204.8257,315.4885,223.8332,301.2707,217.8867,318.5164,223.4079,312.0061,222.0544,315.5208,261.3060,305.2291,256.6240,323.0754,292.2619,303.0131,287.8109,,,,,,,308.6988,204.6371,320.3505,207.4099,313.3234,204.9953,328.1128,207.4287,298.4186,216.9905,313.6320,222.7477,301.4642,217.7034,317.2514,224.0596,307.4421,213.9490,312.3592,215.0692,323.6275,212.3464,327.0173,212.8196,304.8557,252.1864,317.1980,259.0887,307.6399,255.2309,311.8986,257.6263,303.1248,287.3118,325.4271,293.3641,302.8258,288.9822,321.2880,292.5363,295.9086,291.2548,322.3971,301.0287,292.1089,291.2442,315.1667,299.4723,289.4278,292.6623,310.8783,300.3744,327.1085,295.2299,307.7370,291.9046,,,323.9438,206.9633,,,,
73871,0,,,,,,,,,,,,,,,326.2198,207.9828,310.9067,204.8291,317.2651,224.1338,301.9942,218.1379,319.4683,223.6158,312.6777,222.3666,318.0276,260.9139,305.4509,256.1678,329.0959,290.7198,303.8593,287.8020,,,,,,,307.5215,204.6159,,,313.6263,205.0025,328.2630,208.0159,299.3585,217.3695,315.5199,223.2933,302.5249,217.6880,319.2238,224.2933,306.9549,214.1072,312.4139,215.2358,325.4002,212.7684,327.9114,213.5667,305.1394,252.0978,319.3779,258.8676,307.4881,254.9895,314.6936,257.6309,303.5749,287.0362,331.2699,291.7618,303.4584,288.8310,327.4156,290.9352,294.9091,290.7263,328.1792,298.9949,291.3979,290.3353,321.8113,297.5692,289.1714,291.6576,317.5967,298.1320,333.6281,293.3786,308.1578,291.8484,,,325.1699,207.3360,,,,
73872,0,,,,,,,,,,,,,,,327.5240,207.7195,311.5284,205.2612,318.7704,224.4408,303.5155,218.2530,321.0390,223.8338,313.4314,222.2720,320.3638,261.6134,305.9324,256.3626,332.6831,290.5710,303.4203,287.5222,,,,,,,308.6496,205.1083,325.9733,207.6372,315.1200,205.4452,328.8950,207.8587,301.1079,217.3554,317.1784,223.5733,304.1589,217.9748,320.7394,224.4686,308.1950,214.0980,313.2805,215.4098,326.1106,212.6943,328.7567,213.6520,305.6083,252.0998,321.7292,259.4234,308.3718,255.0634,316.9590,257.9907,303.3184,286.8054,334.7893,291.7333,303.0130,288.7158,331.0271,290.9261,294.7962,290.7334,331.8133,298.8695,291.7797,290.5847,325.5075,297.4439,289.4941,292.0393,321.2018,298.0535,337.3494,293.2918,307.8039,291.8584,,,326.1202,207.3702,,,,
73873,0,,,,,,,,,,,,,,,329.2124,207.7071,312.2161,205.2431,319.9163,225.5466,305.0854,218.9132,322.2890,224.6284,314.6058,223.2606,322.6497,261.9480,306.8675,256.8024,335.0216,290.6367,303.3093,287.6620,,,,,,,310.2475,205.0616,327.5038,207.6299,316.4851,205.4744,330.7926,207.8667,302.7037,217.9460,318.1297,224.5118,305.8471,218.6794,321.6720,225.7600,309.4104,215.0955,314.3767,216.5201,326.8445,213.9085,329.5972,214.7354,306.4251,252.6081,323.9916,259.8072,309.1400,255.7102,319.1709,258.4720,303.2444,286.9430,337.0081,291.6764,303.0077,288.7871,333.3017,290.9654,295.1912,290.8281,333.4480,298.6859,291.7959,290.7249,327.1857,297.1706,289.3547,292.1228,322.8961,297.6473,339.6540,293.3590,308.1396,291.9221,,,327.1047,207.5422,330.9529,206.6754,,
73874,0,,,,,,,,,,,,,,,329.9649,207.9992,316.5555,205.6977,320.8694,226.2462,307.3082,219.2547,323.7137,224.8573,316.6120,222.5306,325.2067,261.5014,307.9354,256.4056,335.8187,290.9305,303.2679,287.6341,,,,,,,313.1253,205.4470,328.0563,207.9137,319.3879,205.7974,331.9737,208.9285,305.2655,218.2925,319.1569,225.4195,308.1476,219.0913,322.5504,226.3055,311.7498,214.5264,315.6303,216.5784,329.4102,213.6911,331.4236,215.0276,307.6301,252.5118,326.1867,259.3675,310.0756,255.2940,321.9465,257.9425,303.4413,286.9516,337.6820,291.9442,302.9262,288.6497,334.1637,291.1119,295.2888,290.8712,333.7269,298.9479,291.7404,290.6025,327.4679,296.9913,289.0986,291.9538,323.2401,297.0713,340.4328,293.7272,307.9536,291.9508,,,329.4735,207.9395,333.3309,207.1088,,
73875,0,,,,,,,,,,,,,,,331.2282,209.2190,317.9452,205.7297,322.8729,226.9323,310.3396,219.7795,326.2834,225.3813,319.5951,223.1429,328.1583,261.5409,310.4067,256.2963,335.9098,290.9127,303.4202,287.2836,,,,,,,314.2823,205.5970,328.6709,208.1738,320.8547,205.9558,332.7162,209.2068,307.7467,218.6009,321.0233,226.1748,311.1504,219.6485,324.8569,227.0046,314.4922,214.5029,319.0014,216.7557,331.8153,213.6172,334.3020,215.2655,310.4583,252.2240,329.0646,259.3001,312.4248,254.9842,325.3744,257.7668,303.8941,286.6823,337.6717,292.1130,303.0728,288.2664,334.2947,291.1692,295.6060,290.6942,333.3848,299.1836,291.9031,290.3541,327.0919,297.2636,289.0651,291.7299,322.9259,297.2917,340.4122,293.7651,308.3009,291.5528,,,331.6206,208.0488,334.2196,207.2877,,
73876,0,,,,,,,,,,,,,,,332.1378,209.3097,320.1276,205.8568,324.1264,227.3068,314.2795,219.5959,328.3879,224.0265,322.4254,221.5753,330.2108,261.3152,311.5632,255.7552,336.0944,291.3194,303.3524,287.0832,,,,,,,317.7027,205.7653,329.4986,208.2453,323.6051,206.1313,334.2991,209.2544,311.5199,218.7015,322.1458,226.4700,315.1181,219.3643,326.1081,227.3475,317.1452,213.7122,320.5179,215.7059,334.0392,212.7422,336.4454,213.7256,311.9388,251.9583,331.2275,259.1881,313.3953,254.4427,326.9392,257.4287,303.8847,286.5190,337.8331,292.3649,303.0034,288.0473,334.5782,291.3269,295.5527,290.7340,333.2177,299.2868,291.6621,290.3993,326.9692,296.9157,288.8043,291.7704,322.8362,296.8391,340.6294,294.3146,308.6509,291.2778,,,333.8829,208.2072,,,,
73877,0,,,,,,,,,,,,,,,333.1198,209.7388,330.8638,207.4029,325.2402,227.2629,323.5842,220.5919,330.8783,224.8847,323.7497,222.0827,332.2711,261.4211,313.1464,255.5112,336.2804,291.2905,304.6237,286.7968,,,,,,,325.1866,206.0550,330.2477,208.5310,334.1814,206.3953,335.4864,209.8013,321.6600,219.6643,323.2048,226.4523,324.8645,220.0646,326.9530,227.4724,317.4969,214.4201,322.3623,216.9046,335.8091,213.1657,339.0496,214.3472,313.5720,251.5599,333.9098,259.2663,315.2501,254.3761,328.2827,257.4227,304.9979,286.2548,338.2921,292.6682,304.3254,287.7351,334.4968,291.3417,296.5446,290.4044,333.7702,299.5930,293.3247,290.2440,327.2967,297.1343,290.5805,291.6986,323.1154,297.0141,340.5924,294.4366,309.6420,291.0187,,,336.0915,208.4585,,,,
73878,0,,,,,,,,,,,,,,,334.2015,209.8049,332.4141,207.3372,326.3468,227.3917,325.5506,220.4802,332.6666,225.2307,325.9769,222.6205,334.0479,261.5356,314.5986,255.4244,336.7096,291.1983,307.8705,285.9344,,,,,,,326.8668,206.2126,331.1886,208.6342,335.2687,206.5545,336.7472,209.8287,323.4097,219.4011,324.3926,226.5883,326.7128,219.7952,327.9662,227.5766,319.3050,214.9681,323.9053,217.3049,337.4232,213.4874,340.4768,214.8123,315.0015,251.5272,335.6963,259.6285,316.5958,254.3858,330.0828,257.5830,308.0780,285.3568,338.6503,292.6881,307.4593,286.9201,334.9769,291.1210,299.3788,289.4963,333.8294,299.5357,296.2511,289.2342,327.6718,296.9947,293.6757,290.6159,323.4666,296.9357,340.8392,294.2627,312.5251,290.2486,,,337.2793,208.5968,,,,
73879,0,,,,,,,,,,,,,,,335.4028,209.7394,334.9762,206.3144,327.5890,227.3231,326.8203,220.8546,334.2263,225.2117,326.6320,222.6731,334.6808,260.4762,316.3186,255.0839,336.3941,290.9179,312.0894,285.5689,,,,,,,327.9845,206.0879,332.3893,208.5516,336.2509,206.6040,337.7440,209.7099,324.5682,219.7708,325.7413,226.3963,328.1343,220.2658,329.3733,227.5928,320.7787,214.9743,326.0180,217.1440,338.5373,214.0571,341.6325,215.4615,316.4308,251.3000,336.3643,258.6379,318.3717,254.1947,331.1153,256.8138,311.6495,284.8186,338.3764,292.3455,311.8166,286.5216,334.5574,290.8661,303.1285,288.6089,333.7448,299.2970,300.0042,288.3201,327.3699,296.8215,297.6067,289.6283,323.2769,296.8108,340.4781,294.2019,316.1351,289.7467,,,338.0735,208.3193,340.2136,207.5984,,
73880,0,,,,,,,,,,,,,,,336.8618,209.5000,336.5873,206.0987,329.0203,227.1882,328.0664,219.9756,335.7321,225.0006,328.9113,221.8834,335.7850,260.4602,318.1324,254.6739,336.4125,291.3073,316.7783,285.8867,,,,,,,329.1648,205.9670,333.8741,208.3999,337.7998,206.3400,339.3293,209.4469,326.5100,219.1730,327.2266,226.4549,329.4667,219.6250,330.7038,227.5842,322.7568,214.3906,327.5445,217.0371,340.1929,213.8934,343.4513,215.3342,318.3308,250.9443,337.6487,258.7115,319.5208,254.0748,332.3414,256.9179,316.5964,284.9833,338.6048,292.5896,316.4334,286.7493,334.5846,291.2740,309.1313,288.7033,333.9430,299.3485,305.5115,288.3552,327.5910,296.8469,302.9120,289.5861,323.4497,296.7570,340.6965,294.5523,321.4597,289.6256,,,339.7182,207.2897,342.4254,207.4510,,
73881,0,,,,,,,,,,,,,,,338.7816,209.2016,337.7551,205.7527,330.6333,226.4806,330.1017,219.6640,337.9938,224.7204,330.0639,222.1303,336.3616,260.5054,320.4695,255.2379,336.4267,290.9844,321.5984,285.3487,,,,,,,330.3720,205.6333,335.5903,208.0987,338.8447,206.0884,341.1700,209.1537,328.4334,218.9149,328.8305,225.5703,331.3546,219.2394,332.4024,226.8251,324.2318,214.3617,330.3023,216.8609,341.4882,213.7716,345.2328,215.1742,320.2540,251.6142,338.1751,258.6612,321.8132,254.5604,332.9848,256.9209,321.4600,284.6669,338.5660,292.1319,321.1632,286.4800,334.6461,290.9876,313.6366,288.4935,333.9983,298.9767,310.8006,288.5887,328.0262,296.8070,308.5089,290.2227,323.7595,296.9711,340.5861,293.8375,326.2377,289.2654,,,341.3640,207.7462,343.9158,207.1033,,
73882,0,,,,,,,,,,,,,,,339.2535,208.9465,338.0749,205.4511,331.3604,226.0496,329.9114,219.9864,338.8442,223.6086,330.9644,221.3543,336.8425,260.1406,321.9762,254.9155,337.0389,290.4354,324.8534,284.1357,,,,,,,329.6215,205.3043,336.0805,207.7916,338.9896,205.7368,341.7329,208.8836,327.6795,218.9860,329.6789,225.2289,330.6046,219.4936,333.0312,226.3130,324.7682,213.8698,331.2924,215.6652,341.7329,213.0402,345.7787,214.4589,321.5853,251.4379,338.6324,258.3890,323.4004,254.1858,333.3380,256.4853,324.5805,283.4595,339.0743,291.5786,324.5813,285.3824,335.4439,290.2853,316.7702,287.5015,334.2987,298.2949,313.6539,287.7879,328.4987,295.9773,311.3649,289.3997,324.0631,295.9987,341.3011,293.2791,329.6317,288.0399,,,342.0779,207.4971,,,,
73883,0,,,,,,,,,,,,,,,341.2419,208.4968,338.5428,205.0343,332.8787,226.4014,330.2878,220.1440,339.7441,224.2677,331.8571,221.6112,337.3671,259.8089,324.8564,254.9351,336.7942,290.3971,330.0762,283.5135,,,,,,,330.6419,204.8391,338.2202,207.4601,339.3521,205.1611,342.9806,208.4398,328.3539,219.3437,331.2095,225.7655,330.6504,219.4800,334.6677,226.8190,326.0352,214.4334,332.5304,216.6527,342.5805,213.6180,346.4501,214.7567,324.3332,251.5009,339.0962,258.2823,326.3526,254.3532,333.6707,256.3053,329.7746,282.6468,338.7244,291.5690,329.8180,284.5445,335.3223,290.3049,322.6038,286.7182,334.1878,298.4523,319.2685,286.8818,328.6264,296.0956,316.9672,288.2354,324.2830,296.1918,341.3221,293.1058,334.7313,286.3835,,,342.4554,207.9506,344.4872,206.3162,,
73884,0,,,,,,,,,,,,,,,343.0684,208.4620,340.6919,204.9545,334.7465,226.1653,332.9617,220.1938,340.7251,224.2097,333.3708,221.8118,338.3989,259.3131,328.6262,255.1417,337.1377,289.9834,334.2383,282.2036,,,,,,,332.7715,204.7160,339.5661,207.3174,341.5829,204.9442,345.0052,208.3535,331.0738,219.3777,333.0135,225.3816,333.3322,219.3963,336.3904,226.5889,327.5834,214.4784,333.7786,216.4654,344.1904,213.4184,347.7759,214.5796,327.9548,251.6056,339.9886,257.8957,329.8716,254.4853,334.7246,255.9234,334.3662,281.1698,338.9726,291.1667,333.8879,283.3231,335.7835,289.8008,328.3085,285.9300,334.6775,297.9197,324.5243,286.3464,328.7591,295.5884,322.0249,288.0939,325.0034,295.5749,341.9029,292.8314,338.6203,284.9081,,,343.9848,206.9168,346.5392,206.2249,,
73885,0,,,,,,,,,,,,,,,344.9948,208.1854,341.9297,204.7325,336.5287,226.1238,334.3430,220.5853,341.9660,224.5989,334.1473,222.3727,338.9810,259.0299,331.9497,255.2152,338.0233,289.0000,340.9372,281.0824,,,,,,,334.5846,204.5443,341.3551,207.1372,342.7102,204.7184,347.0813,208.0490,332.2501,219.6514,334.8377,225.2651,334.4739,219.4096,338.1129,226.5627,328.4714,214.8245,334.8031,216.8718,345.6240,213.4590,348.9380,214.5876,331.2223,251.5481,340.4597,257.5409,333.7107,254.4711,335.8485,255.7549,340.4667,280.0330,339.7583,290.5549,340.6270,282.2084,336.4161,289.1372,334.8607,285.5979,335.7195,297.6738,331.6264,286.4915,329.5935,295.3590,329.0691,288.2633,325.7787,295.3865,342.5232,292.2784,345.5101,283.5769,,,345.0402,206.9009,347.2402,206.0206,,
73886,0,,,,,,,,,,,,,,,345.1893,207.9685,336.8235,206.2444,338.4241,225.6414,334.8629,220.2711,343.0118,223.9537,335.6906,222.3569,339.9985,259.5647,335.5014,255.4114,337.2404,289.5645,347.2455,280.0446,,,,,,,333.6284,204.5865,342.1278,207.1373,343.2809,205.0421,347.3843,207.9331,332.8740,220.0477,336.5170,224.9694,334.8983,219.5916,340.0961,225.8721,329.7704,215.2192,335.4191,216.3194,346.5205,213.3667,350.0477,214.2819,334.1408,252.6028,341.4909,258.0026,336.2135,254.9063,336.8483,256.2258,346.2987,279.1258,339.7157,290.9616,347.4695,281.2571,336.0824,289.5560,341.3556,285.2100,335.1127,297.9707,339.5839,286.3679,329.0110,295.7658,338.4669,288.5577,324.7734,295.9040,341.5201,292.6663,352.0521,282.0918,,,345.6415,206.0333,348.3395,206.0869,,
73887,0,,,,,,,,,,,,,,,347.9938,207.2320,337.4080,204.8620,341.3633,225.4456,332.4319,219.6979,345.0789,223.5180,339.0551,221.4049,341.4402,257.7259,340.8237,254.5658,337.2474,289.7366,353.0662,279.1125,,,,,,,333.1236,204.5996,346.3035,207.1917,340.3306,205.0045,349.2695,207.2589,329.4282,219.1880,339.3910,224.7262,332.9795,219.3141,343.5088,225.7214,333.2581,214.0357,337.0590,215.4389,350.1445,212.8403,351.9871,213.6325,339.5780,251.5680,342.4314,256.2146,340.8318,253.6942,339.2336,254.7311,352.4887,278.2095,339.6761,290.9944,353.1130,280.2708,335.8361,289.5111,347.4475,284.5748,334.0332,298.1395,344.8464,285.6181,328.2493,295.2647,343.3043,287.6182,324.5702,295.3692,341.7623,292.9211,358.2177,280.9313,,,348.5558,206.1240,,,,
73888,0,,,,,,,,,,,,,,,349.1616,207.4697,337.5505,205.2357,343.4944,225.7235,331.5691,219.9498,347.2474,224.3773,341.5725,222.7431,342.7122,257.8138,343.8929,254.6949,337.7509,289.5875,356.6067,278.1176,,,,,,,334.0407,204.8380,348.0001,207.5496,340.3045,205.2211,351.0471,207.4459,328.5580,219.3669,341.8253,224.9874,332.1841,219.7433,345.4886,225.9082,335.7622,215.3110,339.2729,216.2533,351.2110,213.3008,353.0528,214.0165,342.7432,251.8129,343.7069,256.3959,343.8755,253.9673,340.9275,254.9631,356.0480,277.1682,339.9051,290.5274,356.4927,279.3529,336.2893,289.4025,349.5963,283.4542,334.1798,297.4451,347.0433,284.8223,328.2349,294.9326,345.0849,286.7920,323.9052,295.1604,342.2635,292.7871,361.5644,280.2440,,,349.3656,206.4385,,,,
73889,0,,,,,,,,,,,,,,,350.4953,207.5234,336.9775,205.9634,345.4843,225.9213,331.0826,219.4682,348.6456,224.2780,343.0728,222.8143,343.0822,257.3736,347.2170,254.0055,338.1657,289.1142,357.6920,278.5043,,,,,,,334.7691,204.9168,349.4228,207.6175,340.8741,205.2963,352.0853,207.4662,328.7884,218.9788,343.8431,225.4222,331.3102,219.1732,347.1999,226.2265,337.3358,214.8432,340.5715,215.6321,352.7159,212.2834,354.1945,213.1756,345.9639,250.1469,344.1307,255.7787,346.6828,252.7255,342.1702,254.0671,357.6534,277.6825,340.1025,290.2699,357.3240,279.6871,336.8133,289.1351,351.0906,283.6253,334.2256,297.6831,347.8494,284.9444,328.6757,295.1880,345.6266,286.8568,324.8023,295.2803,342.5419,292.2959,362.6163,280.4660,,,350.5646,206.5008,,,,
73890,0,,,,,,,,,,,,,,,351.4315,207.9870,337.9213,205.6880,347.0981,226.1854,331.4252,220.0321,349.6862,224.0894,344.3649,222.7979,343.9384,257.3600,349.1683,253.8143,338.4349,289.6001,358.6088,279.1901,,,,,,,335.1980,205.3151,350.2682,208.0646,341.2538,205.7585,353.1024,207.9315,329.3438,219.5254,345.3964,225.5219,331.7347,219.8176,348.8900,226.3518,338.6333,215.2500,341.5531,215.8771,353.8385,212.6150,355.2642,213.6039,348.0130,249.9726,345.1590,255.5531,348.6015,252.5838,342.7188,254.0915,358.4695,278.4127,340.3948,290.7873,358.2465,280.4102,337.0927,289.6234,351.4980,284.2106,334.0974,298.0766,348.4577,285.3225,328.4723,295.5149,346.0333,286.9390,324.4320,295.4191,342.9339,293.3082,363.1962,281.7554,,,351.6474,206.9302,,,,
73891,0,,,,,,,,,,,,,,,352.7911,208.4591,338.1288,206.9031,349.0137,225.2935,331.8623,218.8601,350.3079,223.8618,345.5781,222.6448,345.1092,257.3194,351.6959,253.7214,338.7616,289.2325,358.9067,279.7823,,,,,,,336.7999,205.7044,351.7095,208.4637,342.3799,206.2093,354.4505,208.3971,329.9685,218.4747,347.1369,224.4998,332.2583,218.6495,350.7733,225.1552,340.1175,214.9953,342.4467,215.5278,355.5655,212.6211,356.4715,213.2793,350.9900,249.6699,346.2369,255.2859,350.6452,252.2206,344.6160,254.0929,359.2855,279.1098,340.3304,290.6925,358.5030,281.0422,337.7559,289.3274,352.3202,284.4904,334.0207,297.2844,348.9289,285.3111,328.7143,294.7172,346.3216,286.7754,324.8226,294.4676,342.8508,293.1272,363.5428,282.3499,,,353.3448,207.3623,,,,
73892,0,,,,,,,,,,,,,,,353.9476,208.8008,337.8426,206.5283,351.0089,225.6071,332.1224,218.3209,351.7312,223.6607,346.0221,222.7669,346.2170,256.5758,354.2646,253.5807,339.0757,288.0510,360.0833,280.4359,,,,,,,335.3345,206.2912,352.0976,208.8598,341.2093,206.6274,355.5096,208.8252,329.9843,218.0812,349.1315,224.9535,332.3351,218.1505,352.6778,225.2801,341.8479,215.1020,344.1281,215.7698,356.5662,212.4238,358.3090,213.2999,353.3285,249.1512,347.5346,254.8951,353.7026,251.9786,345.7242,253.4501,360.4111,279.8010,340.7071,289.7572,359.4210,281.7593,337.9707,288.1706,352.9416,285.4646,334.5470,296.0991,349.6372,285.8580,329.2489,293.6160,346.6429,287.3134,325.3197,293.4276,343.0012,292.2426,365.0233,283.3079,,,355.1535,207.7624,,,,
73893,0,,,,,,,,,,,,,,,354.9553,208.7005,338.7113,206.5146,352.5838,224.8615,333.4272,217.5999,353.1553,222.5535,347.4700,221.2892,346.6872,255.6752,354.5761,253.9858,339.8971,286.8787,360.0799,280.4461,,,,,,,336.3232,206.3305,353.0626,208.7580,342.6776,206.5836,356.5604,208.7289,331.3816,217.3108,350.5636,224.3677,333.7550,217.4198,354.1726,224.4298,343.5593,213.7239,345.5539,214.5569,358.3798,211.2296,360.1291,211.9562,353.9448,249.1647,347.9131,254.0483,353.7588,251.8618,346.5659,252.7060,360.5392,279.9796,341.3393,288.6083,359.3012,281.9618,338.8629,286.8761,353.3509,285.4186,335.3831,294.8077,349.7438,285.9209,330.0545,292.1704,346.7003,287.5146,326.2335,292.3259,343.8831,291.2129,364.8720,283.7499,,,356.7404,207.7873,,,,
73894,0,,,,,,,,,,,,,,,355.9229,209.0350,340.3600,206.7580,353.3889,223.9190,334.3416,217.4262,354.2094,221.5160,349.6593,220.2406,347.0281,254.4704,355.1155,251.6954,340.5766,285.7496,360.4145,280.1496,,,,,,,,,,,345.0329,206.6989,,,332.2206,217.1162,351.3878,223.4680,334.7020,217.3163,354.7948,223.3564,345.4208,213.0663,346.4729,213.5585,359.7973,210.6250,361.0178,210.2144,354.5377,247.8011,348.3048,252.9048,354.6262,250.4728,346.8090,251.6500,360.8354,279.8046,342.1199,287.3738,359.6332,281.5399,339.4613,285.8552,354.0948,285.1278,336.1833,293.3277,350.3276,285.7001,330.8401,290.6924,347.4392,287.0937,327.1506,290.7597,344.9322,290.2570,365.1976,283.7468,,,357.8347,208.0508,,,,
73895,0,,,,,,,,,,,,,,,356.4596,208.5796,343.5484,206.2771,354.6242,223.1158,335.2995,217.0071,354.8887,221.4639,350.7506,220.5242,347.7437,254.1012,355.2976,253.3797,342.6332,285.3404,359.9938,280.9516,,,,,,,338.9965,206.0158,354.4711,208.4747,347.8304,206.2881,358.1919,208.5304,332.9542,216.6521,352.5274,222.5231,335.4612,216.9646,355.9368,222.6820,346.3487,213.0972,347.2467,213.4541,360.1226,210.7838,361.4658,211.1101,354.6947,248.6857,349.0906,252.6142,354.9813,251.1077,347.1366,251.4988,360.3074,280.6651,344.2235,286.8264,359.1642,282.2423,341.3479,285.3788,353.8720,285.7177,338.4317,292.8471,350.4369,285.9572,333.4189,290.2876,347.7529,287.1647,329.4608,290.5967,347.3253,289.5118,365.0639,284.3539,,,358.3866,207.5795,,,,
73896,0,,,,,,,,,,,,,,,357.0010,207.7964,344.1718,205.4816,355.3274,222.1698,336.4560,216.1885,355.4724,221.2010,351.6447,220.4896,348.2913,253.8716,355.3922,251.5677,344.6716,285.2019,359.1349,280.0352,,,,,,,340.4596,205.2908,354.9846,207.6478,348.3961,205.5851,358.5961,207.7700,333.8361,215.8212,353.1535,221.5988,336.6569,216.1834,356.5444,221.7248,346.3572,212.7467,347.5138,213.2986,361.1129,210.6267,362.4003,210.6588,354.8736,247.7087,349.5043,252.4644,355.0708,250.2991,347.8852,250.9780,359.8131,279.3661,345.9349,286.6100,358.1521,281.1812,343.5564,285.0147,352.7155,283.8905,340.3452,292.6869,349.4720,283.9626,335.1415,289.8518,346.8901,285.3012,331.6833,289.8463,349.1233,289.5167,364.0364,283.6978,,,359.3086,206.8395,,,,
73897,0,,,,,,,,,,,,,,,357.8694,208.0794,344.4347,205.3491,355.5135,221.7373,337.3208,216.3175,355.9643,220.4181,351.7211,219.7230,349.0798,253.1868,354.8150,250.2157,348.3486,283.7746,359.4829,279.7527,,,,,,,341.4418,205.1194,,,347.8819,205.3548,,,334.7013,215.7907,353.3698,221.2020,337.5244,216.4107,356.8324,221.3578,346.6516,211.7672,348.3159,212.7363,360.9656,210.6078,362.6054,209.7797,354.2831,246.8695,350.0340,251.7093,354.0822,249.3004,348.2334,250.3419,359.9972,279.1295,349.5710,285.1333,358.6158,280.6297,347.1598,283.5352,353.2201,283.7653,343.9400,291.6712,350.3034,283.8130,338.7392,288.8820,347.9828,285.1318,335.6992,288.8104,352.7231,287.9266,364.0105,283.6517,,,359.3219,206.6596,,,,
73898,0,,,,,,,,,,,,,,,358.2275,207.2129,345.2506,205.1453,355.8081,221.3777,338.5050,216.2134,356.3155,219.7725,352.6424,218.6231,349.6889,253.6015,354.8479,250.3042,350.8055,283.4342,358.9994,279.7522,,,,,,,342.1734,204.9449,,,348.8237,205.1946,,,335.9013,215.6894,353.6888,220.8480,338.7546,216.3198,356.9953,221.2537,347.5730,211.4457,348.5868,212.4135,362.2668,210.0079,363.2192,210.1874,354.6497,246.8385,350.3051,252.4126,353.7258,249.3530,349.0960,250.3936,359.5091,279.0969,351.6976,284.7303,358.2436,280.6072,350.0772,283.3253,353.0069,283.7181,346.7868,291.1883,349.9389,283.6107,341.6545,288.5253,347.4532,284.8114,338.4104,288.3679,355.2195,287.1625,363.3810,283.3681,,,360.5992,206.3704,,,,
73899,0,,,,,,,,,,,,,,,358.9382,206.8337,346.9215,204.7066,355.8131,221.1847,339.9063,216.5541,356.6949,219.5327,353.1654,218.6652,351.9206,253.7915,353.9656,250.3796,354.1729,282.4120,357.7385,279.5010,,,,,,,345.2120,204.4656,,,349.9009,204.7577,,,337.3813,216.1023,353.7980,220.5921,340.1297,216.4620,357.3430,221.0567,347.8285,211.2114,349.3509,212.2634,361.8556,210.2276,363.4343,209.4327,353.8199,247.0359,352.5518,252.7150,353.5169,249.3704,350.7306,250.5335,358.2370,278.8841,355.3705,283.6421,357.0970,280.2995,353.2238,282.2819,351.6690,283.4523,350.4475,289.9414,348.4898,283.2670,345.2158,287.7171,345.6059,284.3630,341.3307,287.7653,358.5244,285.6326,361.8475,282.8812,,,360.5038,206.0052,,,,
73900,0,,,,,,,,,,,,,,,358.5294,207.2741,347.5395,204.5012,355.5312,221.5653,340.7415,217.2008,356.7012,219.9033,353.3793,219.2249,353.1439,253.7538,353.6571,251.1298,355.9709,282.1430,357.7880,279.3617,,,,,,,346.4801,204.2763,,,350.6202,204.5225,,,338.3919,216.6625,353.3047,220.9625,341.2287,217.0284,356.8982,221.5019,347.9755,211.9028,349.4622,212.6742,361.9284,210.4671,363.4434,210.6336,353.5931,247.5634,353.6685,252.6192,353.3824,249.6364,351.9083,250.4534,358.1808,278.5847,357.0054,283.4662,357.1873,280.2400,355.0709,282.0790,351.5167,283.0295,352.4267,289.7177,348.3983,282.6900,346.9832,286.8637,345.6721,283.9670,343.5238,286.7988,360.4227,285.5015,361.8170,282.5690,,,360.3427,206.5119,,,,
73901,0,,,,,,,,,,,,,,,358.6822,206.8138,350.7470,205.2257,355.1510,221.6455,342.8282,217.3452,356.6023,221.1234,353.0349,220.5844,354.6569,254.3630,353.7732,251.2800,359.0297,282.8959,357.2652,279.5594,,,,,,,348.7113,203.8789,,,354.1179,204.2044,361.0509,206.2203,340.4964,216.7360,352.9224,220.8731,343.9230,216.9893,356.5191,221.5801,346.6415,212.9728,347.9719,213.6497,362.4095,211.2148,363.6448,211.5042,354.0629,247.4998,354.8969,253.2860,353.1695,250.0264,353.0347,250.9529,357.6881,278.8300,360.2284,284.5541,356.6033,280.5003,358.2903,283.1834,350.6230,282.9119,355.3692,290.5671,347.1511,282.7786,350.2835,287.4736,344.4448,284.0260,346.9162,287.5629,364.4064,286.7965,361.6159,282.8629,,,360.4667,206.2904,,,,
73902,0,,,,,,,,,,,,,,,358.5977,206.6898,350.2400,204.9607,354.7875,222.0558,342.5672,217.5567,356.4389,220.8359,353.0965,220.2812,355.1062,254.8230,353.4158,252.1959,359.4258,283.5865,356.7265,280.1687,,,,,,,348.3028,203.6644,355.6447,206.0154,353.7169,204.0377,360.7321,206.6661,340.1144,216.8706,352.4794,221.1793,343.6724,217.1390,356.3021,222.0394,346.2132,213.1112,347.7887,213.6917,362.1277,211.1120,363.5687,211.4223,353.3850,248.0999,355.5617,253.6979,352.7997,250.6096,353.0392,251.4260,357.0551,279.3495,360.7702,285.2714,356.1329,281.0671,358.6642,283.8350,349.9962,283.4645,355.7361,291.1928,346.6139,283.1912,350.6872,288.1025,343.9211,284.4600,347.0907,288.3473,364.7412,287.3196,361.1729,283.3282,,,360.6809,206.1776,,,,
73903,0,,,,,,,,,,,,,,,357.5871,206.6213,348.3275,204.7968,354.2555,222.3354,341.4157,217.6928,355.7516,220.4157,351.7846,219.9402,354.3292,254.7881,352.1439,252.5969,358.6077,283.0917,356.6817,279.9837,,,,,,,346.7109,203.5695,354.8893,205.8403,350.9216,203.8991,359.6719,206.5340,338.9240,217.0619,351.8607,221.5558,342.3998,217.2927,355.7255,222.2083,345.3116,212.6550,347.2473,213.2766,360.9104,210.4985,362.6533,210.6974,351.8458,248.7112,354.8271,253.6434,351.7238,251.1017,352.2766,251.5321,357.0605,279.2700,359.8289,284.7067,356.0560,280.9581,357.7827,283.2362,350.3252,283.5571,354.4622,291.1845,346.7943,283.4049,349.3642,287.9238,344.1363,284.7888,345.8852,288.2655,364.0999,286.5168,361.1690,283.1140,,,359.4705,205.8419,,,,
73904,0,,,,,,,,,,,,,,,357.1337,206.8392,351.5762,205.0880,353.1862,223.1824,343.0443,216.8349,355.6522,220.6679,351.5493,219.7658,354.0341,254.4646,351.0374,252.0433,357.8294,282.2821,357.0121,278.8472,,,,,,,347.9304,203.5312,354.6103,205.7459,354.5190,204.4804,359.3832,206.7236,340.7729,216.4856,351.1191,222.3203,343.9245,216.5281,354.7467,223.1238,345.2733,212.3023,346.9576,213.3012,361.4904,210.2125,363.2364,210.4418,350.8696,248.3999,354.6143,253.2028,350.7387,250.8056,351.6829,251.1903,357.2733,277.9249,359.2174,283.6430,356.3846,279.8825,356.8314,282.4178,351.6993,283.0669,353.8979,290.3814,348.0776,283.1056,348.6662,287.0993,345.7597,284.4983,345.4505,287.3038,363.2916,285.6553,361.4978,281.9616,,,359.6675,205.7575,,,,
73905,0,,,,,,,,,,,,,,,356.7363,206.4937,352.1001,204.8633,352.2328,224.4577,343.8809,217.1851,355.1395,221.2431,350.7393,219.7071,353.2477,255.5982,348.6214,252.4477,356.9332,282.1706,356.6828,278.2199,,,,,,,348.2773,203.4546,354.0841,205.5977,354.6357,204.3258,358.5958,206.4000,341.6837,216.7170,350.0242,223.6192,344.6848,217.0753,353.9230,224.3521,344.6274,212.4268,346.7896,213.7738,361.1765,210.6082,363.1485,211.3588,348.7065,249.0012,354.0144,254.4921,348.8996,251.5877,351.1834,252.3952,356.9595,277.2053,358.3805,283.4150,355.9908,279.1770,355.7798,282.1327,351.1637,282.3064,353.0738,289.8670,347.6727,282.7959,347.9613,287.1099,345.1079,284.4029,344.7065,287.3973,362.3382,284.9890,360.9986,280.6413,,,358.8993,204.7425,,,,
73906,0,,,,,,,,,,,,,,,356.3306,206.6109,354.4012,204.6941,351.4658,224.8381,347.1690,217.6304,354.7846,220.6867,352.4608,218.9568,352.2734,255.0458,350.4647,252.1097,356.5307,282.2555,356.3455,277.9964,,,,,,,350.8019,203.2849,353.5456,205.4078,356.1190,204.5058,358.1938,206.4295,345.2200,216.8858,349.2838,224.0574,348.1055,217.4760,352.9968,224.6527,345.6143,212.1179,346.0259,213.3445,362.2522,210.0467,363.0687,210.9660,350.8241,248.8519,352.3985,253.7489,350.0011,251.0586,350.8962,251.7401,356.8431,276.9658,357.5513,283.4926,355.4882,278.9961,355.5326,282.2934,351.1035,282.2273,351.9588,289.8516,347.1378,282.6493,347.0033,287.2071,344.4242,284.1511,343.8159,287.4322,361.8079,285.0319,361.0395,280.4727,,,359.5353,204.5135,,,,
73907,0,,,,,,,,,,,,,,,355.1153,206.6259,347.4275,204.7203,350.6531,225.1054,341.8666,216.1678,354.7399,220.7790,350.4326,218.8164,353.5644,255.2808,343.0816,251.1209,355.9331,282.8610,355.4238,276.8963,,,,,,,345.7072,203.4578,352.3222,205.5465,353.5355,203.8934,357.1070,206.4444,339.4587,215.7213,348.5493,224.4575,342.5243,216.2006,352.2449,224.9649,343.9435,211.8985,346.2819,213.4215,359.9977,210.3628,362.1711,211.3966,342.7212,248.5538,354.3441,253.9672,343.8549,250.5501,350.8851,252.0319,355.7380,275.5299,357.1683,284.0947,354.8067,277.8665,355.1040,282.7916,350.5232,281.2915,352.3548,290.7139,346.4098,282.0220,346.9706,287.9596,343.7284,283.7920,343.8120,287.8897,361.3649,285.7287,361.2855,279.1609,,,357.9502,204.6373,,,,
73908,0,,,,,,,,,,,,,,,354.5842,206.4211,346.6608,204.4575,349.5415,224.5735,341.4819,216.1782,353.5241,220.6933,349.4367,218.5919,353.6426,254.5036,341.1891,249.9934,355.9523,282.7789,352.8044,276.2413,,,,,,,344.8846,203.2017,351.7795,205.3131,351.1787,203.4336,356.0906,206.2240,339.0667,215.7918,347.2777,223.8717,342.2374,216.1450,351.3203,224.5383,343.2627,211.8576,344.9275,213.2110,359.1603,210.4664,360.7892,211.3439,341.5697,247.4028,354.1936,252.9912,341.6526,249.5644,351.1168,251.2140,353.3230,275.1196,357.1783,284.0048,352.2569,277.2398,355.0931,282.6954,347.1442,280.3448,351.7897,290.2094,342.9549,280.8131,346.3456,287.5567,339.9134,282.4502,342.7850,287.5340,361.5961,285.8662,357.6962,278.9521,,,357.0841,204.5125,359.3772,204.5760,,
73909,0,,,,,,,,,,,,,,,353.8836,206.5414,346.6507,204.5756,348.1128,224.4247,340.7865,215.4565,353.0059,220.9494,349.0775,218.6541,353.6589,254.6599,339.8106,249.2613,355.4648,283.0374,349.1906,276.3033,,,,,,,344.7458,203.3355,351.0046,205.3933,350.6641,203.5394,355.5494,206.4119,338.4167,215.1789,346.1403,223.7753,341.6795,215.5652,349.8208,224.2198,342.9634,211.6366,344.6032,213.0658,358.8979,210.6169,360.4699,211.5720,340.2484,246.4893,354.2522,253.0093,340.0854,248.7733,351.3756,251.2251,349.7225,275.3723,356.9379,284.3314,348.7640,277.2308,354.3738,283.0116,343.6406,279.7293,351.1963,290.5721,338.7425,280.3529,345.9494,288.1503,335.8265,281.8971,341.7947,288.1533,361.1309,286.3653,354.1174,279.2271,,,357.0335,204.5531,,,,
73910,0,,,,,,,,,,,,,,,352.5296,206.2977,347.6434,204.7820,347.0472,223.7081,343.4366,215.4646,352.5585,220.1293,349.8308,218.1560,353.2259,253.8042,338.0836,248.6443,355.9096,282.6009,345.0901,276.2629,,,,,,,344.6185,203.4301,349.5919,205.4769,350.4024,203.6743,354.1543,206.2670,341.7334,215.1863,345.0484,223.0072,344.4989,215.4309,348.4642,223.4959,342.6529,211.1779,343.6148,212.6560,358.8065,209.8827,359.8471,210.7203,338.5622,245.7478,353.7576,252.2638,338.6567,248.3337,351.0524,250.6234,345.4351,275.3787,357.3964,283.9260,344.5670,277.0865,354.6936,282.6424,339.1429,279.6347,351.4506,289.9515,334.3653,279.8318,346.3708,287.7218,331.4990,281.2496,342.2354,287.8520,361.3196,285.9140,350.6946,279.7302,,,356.1595,204.6301,,,,
73911,0,,,,,,,,,,,,,,,351.0089,206.4240,343.8389,203.6357,344.5713,223.6824,339.6984,215.5617,351.4666,220.5306,348.5709,218.4051,352.5010,253.9216,337.0233,249.1925,355.5209,282.2804,338.3807,277.1145,,,,,,,342.1412,203.4984,348.3278,205.5769,346.2187,204.0378,353.3061,206.3523,336.8047,215.1639,342.6740,222.7065,340.2245,215.5604,345.7950,223.6366,341.9174,211.1802,342.5667,212.9086,357.6377,209.9581,358.1273,210.9614,337.7963,245.9840,352.9435,252.2771,337.9215,248.6052,350.6481,250.8902,338.8548,276.3713,356.9999,283.4995,338.0093,278.0855,354.1774,282.3455,332.2058,279.9229,351.3533,289.7975,328.5684,280.0813,345.7946,287.2927,325.6977,281.3960,342.0471,287.4035,360.7545,285.5522,343.2116,280.2480,,,355.3206,204.7953,,,,
73912,0,,,,,,,,,,,,,,,349.1063,205.9562,342.1833,204.0776,343.2927,223.2356,338.5728,215.9702,351.0500,220.1649,346.0117,218.0423,351.8254,254.7424,336.9681,249.8842,355.7578,282.3990,334.3318,277.8393,,,,,,,339.3064,203.9557,346.8241,205.9589,343.8610,204.2049,351.0728,206.0196,335.5854,215.4420,341.5518,222.2917,338.9155,215.8622,344.4754,223.3099,339.8190,210.9555,342.2370,212.8536,355.8673,209.3985,357.3981,210.2477,337.6354,246.3441,352.2381,252.9552,337.6490,249.0854,349.6602,251.8142,334.8025,276.9898,357.2054,283.4556,333.7267,278.6268,354.4408,282.4068,327.5694,280.0772,351.6192,289.8244,323.5807,279.3844,345.9050,287.4674,320.8895,280.4309,342.2509,287.5318,361.2289,285.1364,338.7238,281.5000,,,353.7355,205.2267,,,,
73913,0,,,,,,,,,,,,,,,347.0383,206.7878,343.4741,204.1315,340.9897,222.6530,340.6935,215.3869,348.9014,220.1072,344.9983,218.1809,351.1428,254.0865,336.8442,249.3915,355.5507,282.9642,331.1680,277.2345,,,,,,,341.8216,203.9430,343.8125,205.9986,346.0170,204.2762,349.2032,206.0392,338.8657,214.7476,339.0753,221.6962,342.1839,215.2220,342.2804,222.6845,339.2759,210.4231,339.8944,212.1293,355.6340,209.1336,355.9205,209.5066,338.0965,245.4381,351.1856,252.0318,337.5929,247.8572,349.7855,250.3523,331.6131,276.9596,356.4864,284.1942,330.4271,278.1925,354.2285,282.9500,324.0023,279.4120,350.5196,290.5007,320.6095,278.3666,344.9121,288.1774,317.8118,278.8780,341.4084,288.3160,360.7921,286.3089,334.8234,282.0506,,,352.3856,205.1114,,,,
73914,0,,,,,,,,,,,,,,,345.4370,206.9389,343.9131,204.3387,339.1935,221.6142,342.0500,216.1989,347.9026,219.6353,345.2742,217.7914,350.4279,254.1711,336.0949,249.5777,355.2772,283.5932,330.4206,277.2989,,,,,,,342.7439,204.1610,342.7260,206.1701,346.2245,204.5294,347.5639,206.2412,340.7379,215.5409,337.5327,220.7932,344.4009,216.1453,340.1767,221.5306,339.1264,210.2649,339.1199,211.7109,355.0630,209.1965,355.1712,209.3580,337.3082,245.7984,350.3968,252.1585,336.6191,248.2700,348.6007,250.6588,331.0438,276.9777,356.2579,284.9937,329.6678,278.3079,354.0391,283.5981,323.1975,279.4388,350.5659,291.3086,319.8457,278.2083,344.9982,288.7958,316.8246,278.6593,341.5138,288.6336,360.5074,287.1514,334.2938,282.1811,,,351.7886,205.5255,,,,
73915,0,,,,,,,,,,,,,,,343.4974,207.7913,343.6110,204.8720,337.3918,221.6723,343.0025,217.0119,345.8810,220.0828,344.5064,218.8498,348.6128,254.6471,335.2991,250.5860,355.1354,283.0931,329.9011,277.9798,,,,,,,342.1910,204.7690,340.6777,206.7893,345.4468,205.0734,345.4948,207.5310,342.3437,216.4484,335.6973,221.0065,345.3527,216.8886,338.4187,221.6194,338.0963,211.4488,337.3223,212.7361,353.7485,209.7622,353.7259,209.8375,336.2357,246.9002,348.7540,252.7775,335.5300,249.4962,346.8598,251.5822,330.5781,277.5297,356.2619,284.3379,329.1401,278.8599,353.9186,283.1881,322.8342,280.2555,350.8233,290.9431,319.1489,279.3143,345.4399,288.6176,316.0478,280.0210,341.9238,288.6701,360.4170,286.1956,333.9832,282.3893,,,350.4335,205.9466,,,,
73916,0,,,,,,,,,,,,,,,342.4793,207.3494,342.4460,204.6342,335.8484,221.9377,340.4791,217.3885,344.1828,220.6228,343.3101,219.4846,346.6086,255.0575,333.9851,250.6430,354.7489,282.9979,329.4795,277.7845,,,,,,,340.9280,204.4196,339.5755,206.3621,344.4351,204.8244,344.5412,207.1325,340.1065,216.8545,334.1839,221.2005,343.1561,217.1420,336.9809,221.8779,336.8440,212.0996,336.2177,213.4224,352.1613,211.1302,352.1596,211.1601,334.9982,247.2058,346.4647,253.2528,334.1175,249.4922,345.4241,251.9122,330.1200,277.2496,355.8362,284.0476,328.6347,278.6419,353.6342,282.8426,322.7533,280.3717,350.3501,290.4482,318.9736,279.5549,345.2371,288.2502,316.0098,280.4434,341.6813,288.3251,359.9043,285.6323,333.8612,281.7301,,,349.2705,205.6391,,,,
73917,0,,,,,,,,,,,,,,,341.4565,206.9753,342.0411,205.4542,334.4954,221.0681,340.2922,217.9644,342.2994,220.2612,341.5959,218.8093,343.8291,254.5160,332.4262,250.1795,354.3473,283.3237,329.3771,277.9262,,,,,,,340.3101,204.3628,338.5263,206.2806,344.1342,204.7976,343.6665,206.3642,339.9115,217.5450,332.7375,220.3016,342.9688,217.3370,335.6342,221.0192,335.2890,211.6020,334.5715,212.9433,350.5892,210.8890,350.4651,210.8395,333.1704,246.7493,343.9267,252.6191,332.4244,249.2700,342.2285,251.6460,330.0730,277.4559,355.5585,284.1869,328.5787,278.7361,353.1457,283.0938,322.8818,280.5605,350.5641,290.7033,318.9814,279.8624,345.2703,288.7434,316.1500,280.8649,341.7469,288.8083,359.6443,285.6565,333.9528,281.7157,,,348.3725,205.5558,,,,
73918,0,,,,,,,,,,,,,,,341.3550,206.8299,341.7658,205.2511,334.2548,220.3464,339.8038,218.0549,341.4402,220.1134,341.3539,218.6618,342.7216,254.8568,331.8523,250.1253,354.0417,282.0695,329.2558,277.8907,,,,,,,340.1586,204.2430,,,344.3011,204.7216,343.5824,206.2510,339.0380,217.6161,332.3770,219.6040,342.2920,217.7303,335.2843,220.3340,334.8929,211.4994,333.8741,212.6316,350.3943,210.8318,349.9886,210.7759,333.1396,246.5632,342.6491,252.9965,331.4216,248.8671,341.1947,251.9477,330.1266,277.4580,355.3729,282.9393,328.3793,278.7716,352.8095,281.9003,322.9119,280.5979,350.3311,289.8733,318.8072,279.8506,344.8517,288.2292,315.7508,280.8288,341.2982,288.6107,359.2226,284.1702,333.9429,281.7358,,,348.3446,206.1554,,,,
73919,0,,,,,,,,,,,,,,,339.5836,206.7135,339.7870,205.2595,332.7544,219.7744,337.9969,217.6098,339.4052,219.6454,339.3046,218.3739,339.9094,254.0961,330.9126,250.0359,353.0194,281.5179,329.8052,277.5952,,,,,,,338.3512,204.2104,,,341.8930,204.7446,341.6406,206.2717,337.1666,217.0831,330.7331,218.9896,339.9382,217.2946,333.7231,219.8468,333.0879,211.2779,332.0532,212.1353,348.1948,210.4726,347.8505,210.3988,332.2056,246.2889,339.8965,252.3873,330.8468,248.4144,338.5008,251.5575,330.5338,277.2642,354.2332,282.1948,328.9850,278.4364,351.8398,281.4822,323.5370,280.4593,349.7093,289.0508,319.5946,279.6517,344.2286,287.8556,316.6422,280.5435,340.8916,288.5267,358.3167,283.4197,333.7181,281.4781,,,345.4169,205.4933,,,,
73920,0,,,,,,,,,,,,,,,338.6481,205.9738,337.8486,205.1579,331.6962,219.0325,332.0775,216.5690,338.0784,218.5084,339.7237,217.0150,335.3651,253.2800,331.7919,249.7039,351.8410,281.0745,329.8507,277.7384,,,,,,,335.9041,204.1031,,,339.6395,205.1303,,,330.6307,215.9411,329.6024,218.3336,336.7499,216.5503,332.6246,219.1414,333.0369,210.5589,330.5939,210.9940,347.5044,209.9596,346.6411,209.6720,333.4037,246.3467,334.7827,251.6389,330.6109,248.2142,334.8637,250.9090,330.9379,277.4925,352.5633,281.5042,328.9139,278.4706,351.1371,281.0404,325.0959,280.6594,348.6418,288.6685,320.2009,279.4821,343.8366,287.9003,317.0711,280.1385,341.1953,288.8079,357.8565,282.4682,333.5834,281.5796,,,344.6498,205.4333,,,,
73921,0,,,,,,,,,,,,,,,337.3499,205.7262,337.3361,204.8499,330.2581,218.6314,334.8121,216.2698,336.8216,218.4205,339.2428,217.1583,331.7260,252.4476,331.1536,249.5824,349.2592,279.7238,329.3078,277.2515,,,,,,,336.3509,203.8518,,,339.5226,204.3574,,,334.0835,215.7365,328.3446,217.7881,337.8155,215.8348,331.0554,218.7703,332.5603,209.9303,330.0843,210.8390,346.1905,209.3360,345.2751,209.1020,332.3097,245.7392,331.3791,250.8925,329.9572,247.7808,331.6233,249.9824,330.4973,277.0611,350.1800,280.0910,328.5598,278.1955,348.3801,279.6171,324.7030,280.2888,347.0038,287.7779,319.8741,279.3502,342.1500,287.3784,316.5780,280.0838,339.4273,288.5664,354.8435,280.5428,333.0251,281.4611,,,343.4046,205.1751,,,,
73922,0,,,,,,,,,,,,,,,336.4805,206.3592,335.3059,203.8871,329.1932,218.1119,332.9920,215.8423,336.3831,218.1628,338.0487,217.0314,330.2076,252.4076,329.9907,249.5558,346.3954,278.8630,328.8023,277.3038,,,,,,,334.2042,203.6823,,,336.9823,204.0191,338.3917,205.6855,332.4824,215.2576,327.4361,217.1955,335.6175,215.4366,330.1117,218.3657,331.7833,209.8957,329.1188,210.7857,345.1811,209.3650,344.2819,208.8846,331.1677,245.8218,330.0917,250.9747,328.8273,247.9023,330.0028,249.8287,329.8328,277.0027,347.2556,279.2430,328.2333,278.0772,345.7706,278.9135,323.6243,280.1301,344.5742,286.8673,319.5392,279.3815,340.3469,286.6771,316.3500,280.0877,337.7680,287.9498,352.0540,279.8490,332.6467,281.2332,,,342.5346,204.9678,,,,
73923,0,,,,,,,,,,,,,,,335.3090,205.4507,338.0358,203.7575,327.7384,217.1026,330.4824,214.8279,335.9615,216.9422,336.8233,215.6785,329.1383,251.0721,329.2842,248.6441,341.6250,279.0812,330.0144,276.5147,,,,,,,331.7419,203.4936,,,340.6835,204.0281,337.6907,205.5297,329.2197,214.2057,325.6441,216.0666,332.8546,214.7464,328.7204,217.3651,329.7089,208.5218,327.8330,209.4309,344.4771,207.7286,343.5894,206.5671,329.8824,244.6213,329.0139,249.5118,328.2098,246.9047,329.2398,248.6606,330.9519,276.1925,342.4717,279.5495,329.2733,277.5135,340.8182,279.4082,325.3336,280.4427,338.5663,286.7812,320.4413,279.6162,334.6572,286.2599,317.4129,280.2396,332.3371,287.6463,347.2954,280.6237,334.6352,280.5302,344.9968,204.6214,342.2091,204.6611,,,,
73924,0,,,,,,,,,,,,,,,334.6310,205.4038,337.2728,203.6424,326.5903,216.5255,330.0733,214.4974,336.0902,216.0954,336.4049,214.9293,328.5165,250.7544,328.4197,247.9000,336.6142,278.9770,330.8381,275.8278,,,,,,,330.8056,203.4310,,,339.3897,204.0245,,,329.1419,213.8279,324.7047,215.6681,332.0349,214.2871,327.4706,216.6928,329.5631,207.9581,328.3311,209.0649,343.7226,207.4356,343.3194,206.5946,328.9363,243.9256,328.3767,249.3340,327.5719,246.3058,328.1615,248.1958,331.6417,275.2873,337.4500,279.4583,330.1791,276.6219,335.6535,279.0874,325.6168,279.5545,333.4414,286.1606,320.8700,279.1106,328.9499,285.3083,317.8581,279.9892,325.7954,286.3170,341.6304,280.9249,335.7943,279.3365,344.3745,204.7163,341.4338,204.8042,,,,
73925,0,,,,,,,,,,,,,,,335.0940,205.7556,337.1239,203.9840,326.1152,216.3188,330.7177,213.9764,335.1672,216.1845,336.3885,215.1612,326.7735,250.6440,327.4030,248.1433,332.4899,279.4135,331.3181,276.1894,,,,,,,,,,,339.0394,204.3208,,,330.2816,213.2933,324.1914,215.4495,333.3646,213.7386,326.8834,216.4609,329.5350,207.7564,327.4286,209.2867,343.8181,207.5638,342.9230,207.0454,328.1072,243.9380,326.7768,249.0676,326.4567,246.4480,326.7702,247.9515,332.1482,275.4404,333.1677,280.3202,330.4484,276.9741,331.7557,279.3688,326.4986,279.6783,327.3732,286.7859,321.9504,279.2808,323.7346,285.6176,318.7794,280.3593,321.1815,286.2390,338.1321,282.1002,336.3047,279.6879,344.4265,205.1848,341.3872,205.1470,,,,
73926,0,,,,,,,,,,,,,,,,,337.2061,203.9464,325.3207,216.0429,331.3339,213.6846,334.2061,215.2917,336.5563,214.1816,326.0882,250.3020,327.6546,247.5665,329.8671,279.6788,329.9819,275.8846,,,,,,,,,,,338.8228,204.3588,,,330.6566,213.1764,323.4033,215.2853,333.9945,213.7306,326.0143,216.1598,329.2572,207.2752,326.2795,208.5819,343.0057,207.1096,341.9691,206.6461,328.3463,243.4737,326.0400,248.5226,326.3156,245.9078,326.1677,247.3612,331.1458,275.1621,330.5568,280.6909,329.0714,276.6665,329.1779,279.5839,325.2479,279.3595,324.0175,287.0253,320.6415,278.8144,320.1129,284.7971,317.5708,279.8682,317.4251,285.0663,334.9583,283.0452,334.8144,279.6205,343.3460,205.2107,340.4911,205.0682,,,,
73927,0,,,,,,,,,,,,,,,332.8365,205.6541,336.8066,203.9032,324.5471,216.0911,331.0532,213.7049,333.4197,215.2496,336.3892,214.1374,325.5735,249.8630,327.7573,247.3340,327.2314,279.4442,328.8371,275.6298,,,,,,,,,,,338.4523,204.3451,,,330.6181,213.1343,322.6552,215.4160,333.6277,213.5868,325.1164,216.2345,329.8988,207.0391,326.2119,208.4020,342.4599,207.0708,341.1101,206.4807,328.5845,243.1642,325.2483,248.0675,326.4493,245.4222,326.1096,246.7634,330.2163,274.9038,327.4634,280.5128,327.8390,276.2602,326.7647,279.3484,324.2933,278.8855,321.5159,286.2561,320.0731,278.4460,317.3850,284.0210,316.9293,279.6885,314.9449,284.1293,331.8079,283.2963,333.4124,279.4747,342.7596,205.0760,339.8509,205.0080,,,,
73928,0,,,,,,,,,,,,,,,,,,,323.6942,215.5304,327.0750,213.3962,333.0762,214.3448,334.6221,213.6172,325.4455,249.6005,326.8397,247.6472,325.6003,279.0244,327.5984,275.6174,,,,,,,,,,,336.8153,204.5032,,,325.8108,212.6746,321.8848,214.9059,329.3986,213.3670,324.3913,215.7004,327.4207,206.7263,324.9615,207.7596,341.4847,205.9643,340.5557,206.5668,327.5960,243.2435,325.4594,247.5444,325.8605,245.5091,325.1736,246.4983,328.7167,274.8722,326.1485,280.2302,326.6321,276.4134,324.9902,278.8296,322.4295,279.0496,319.6546,286.1806,317.8082,278.7623,315.0555,283.5433,314.4971,280.3137,312.4142,283.7811,330.6800,283.2192,332.3770,279.7630,341.3905,205.3399,339.1147,205.1951,,,,
73929,0,,,,,,,,,,,,,,,331.5057,205.8522,335.8939,204.1625,323.5030,215.9008,328.2833,213.5170,332.1824,214.9804,334.9144,213.9379,324.4443,249.6669,327.0871,247.2011,323.3414,279.6300,327.3939,275.8579,,,,,,,,,,,337.4456,204.5192,,,328.2630,212.8353,321.6509,215.3279,331.4356,213.4360,323.9691,216.0798,327.6242,206.8645,324.3447,208.2899,340.9956,205.2412,339.9016,206.5969,327.9510,243.3201,324.1771,247.9239,325.8895,245.5157,324.9518,246.5439,328.4798,275.1518,323.4960,280.9576,326.4467,276.5875,322.8539,279.3464,321.9316,279.2725,316.1813,286.6837,317.0737,278.9118,312.3133,284.2710,313.4438,280.1496,309.7414,284.2188,327.8417,283.8883,331.9115,279.7347,340.9734,205.3745,338.6172,205.2624,,,,
73930,0,,,,,,,,,,,,,,,331.1781,205.9244,335.3349,204.4601,323.5159,215.8591,327.8859,213.7904,331.8712,214.6345,334.7258,213.8886,324.0038,249.1749,327.2161,246.9646,322.2228,278.4683,327.7027,275.7585,,,,,,,,,,,337.1445,204.6202,,,327.6914,213.2133,321.7455,215.2148,330.4542,213.7757,324.0434,216.0410,327.6389,207.1752,324.3972,208.1864,340.8048,206.1985,339.5437,206.6408,328.0068,243.1375,323.6434,247.2922,325.8701,245.1280,324.6215,246.0189,328.7352,275.0358,322.2884,279.5860,326.6402,276.4220,321.7318,278.1773,321.9159,279.1054,315.0273,285.3113,317.2561,278.7230,311.4593,282.7637,313.8085,279.9652,308.8175,282.7690,326.0901,282.1265,332.0060,279.6219,340.6521,205.4375,338.2747,205.3139,,,,
73931,0,,,,,,,,,,,,,,,331.1130,205.9466,333.6629,204.4880,323.0725,215.7423,326.6649,214.0062,331.9757,215.0604,333.5852,214.5021,323.9378,248.9315,326.6471,246.9736,321.8958,278.1585,327.3734,275.0919,,,,,,,327.0606,204.1182,,,335.8366,204.6261,,,325.8651,213.3685,321.5468,215.0459,328.8673,213.8657,323.5843,216.0238,326.8140,207.4038,324.7427,208.5675,340.5025,207.2923,339.5076,206.8595,327.5281,243.0498,323.6418,247.1533,325.5798,244.9657,324.5334,245.8877,328.2116,274.3792,321.7559,279.3557,326.4313,275.7196,321.4308,277.9285,321.3332,278.5147,314.5102,285.0469,317.1486,278.0365,310.8035,282.5167,313.9453,279.4758,308.0080,282.5622,325.1651,282.0559,331.5166,278.8620,340.8310,205.4571,337.8803,205.4184,,,,
73932,0,,,,,,,,,,,,,,,330.6467,206.0083,333.4485,204.5770,322.8483,215.7609,327.2845,214.2522,331.2854,215.4876,332.9453,215.0321,323.3268,249.1181,326.6484,246.9556,320.5595,277.5072,327.6048,275.0412,,,,,,,,,,,335.6421,204.7143,,,326.5454,213.5941,321.1421,215.0740,329.4997,214.1224,323.3068,216.0240,326.5434,207.6175,324.2769,208.9543,339.8392,207.5819,338.8962,207.1763,327.5394,243.2534,323.0865,247.4263,325.4381,245.1762,323.8196,246.0720,328.4336,274.3923,320.4189,278.6257,326.6657,275.7278,320.2096,277.2153,321.5241,278.5080,313.0102,284.3508,317.2849,278.0904,309.5016,281.6994,314.2546,279.5827,306.7109,281.7438,323.8288,281.1526,331.4904,278.7787,340.1351,205.5570,337.5303,205.4939,,,,
73933,0,,,,,,,,,,,,,,,329.7616,206.1412,335.1991,204.6443,322.3382,215.2825,327.5367,214.5560,331.0964,215.3722,333.8090,215.2270,323.1445,248.5025,327.2750,247.2148,318.2036,277.5193,327.8909,275.1405,,,,,,,,,,,337.1860,204.7309,,,327.2169,213.9535,320.5386,214.6028,330.1627,214.4936,322.8395,215.3911,326.8760,207.8975,323.8479,208.8748,340.1222,207.7758,338.8380,207.0269,328.2051,243.6101,322.7023,246.4621,326.0231,245.1972,324.2937,245.6731,328.8679,274.5267,318.2191,278.5341,326.9158,275.7763,317.9490,277.2433,321.9500,278.6464,311.1311,284.1334,317.5878,278.1652,307.8274,281.3445,314.4111,279.4556,304.8455,281.2609,321.4239,281.2570,331.8335,278.8200,339.6223,205.6805,337.5420,205.5335,,,,
73934,0,,,,,,,,,,,,,,,329.2845,206.1615,335.1207,204.6496,321.6779,215.2808,326.8947,215.3016,330.7102,214.7919,334.2373,214.8069,322.1178,248.3142,327.0776,246.9675,316.8633,277.3228,328.3357,275.4346,,,,,,,,,,,,,,,326.2629,214.6394,319.9567,214.4289,329.5008,215.1193,322.1794,215.4772,327.2965,207.9179,323.6159,208.5697,340.3272,207.6915,338.6603,207.0126,328.0809,243.6090,321.7643,246.3725,325.5160,245.0724,323.5319,245.5703,329.4382,274.8359,316.7636,278.4657,327.2681,276.0358,316.6200,277.0219,322.7495,278.9036,309.3274,283.7977,318.1537,278.2997,306.1266,280.7600,315.0128,279.5604,303.5698,280.6736,320.2523,281.4649,332.2436,279.1460,339.3759,205.7130,337.5819,205.5782,,,,
73935,0,,,,,,,,,,,,,,,,,325.3476,204.6397,320.8187,214.8392,324.8214,214.6496,329.8908,214.3994,333.4119,214.5920,320.7289,248.3716,326.8579,246.9894,316.5446,277.0347,328.2373,275.3658,,,,,,,,,,,,,,,323.2454,213.9176,319.0693,213.9007,327.4552,214.5993,321.4323,215.0419,326.4160,207.6703,322.7103,208.2272,339.8903,207.4048,338.1284,206.7771,327.5757,243.3552,320.6129,246.4272,324.9976,244.9159,322.2724,245.4034,329.2912,274.8185,316.5153,278.1810,327.2003,275.9695,316.1055,276.8065,322.2975,278.9440,309.1454,283.6664,317.7760,278.4570,305.5271,280.6411,314.6573,279.8284,302.7579,280.5906,320.1305,281.1837,332.1061,279.0395,338.2134,205.7272,337.5501,205.5893,,,,
73936,0,,,,,,,,,,,,,,,327.2935,206.2490,324.0551,204.7501,320.4590,215.0696,322.5546,214.8433,329.3242,214.9697,333.1956,215.4461,320.2807,248.3225,326.7098,246.9800,315.6727,277.1064,328.3834,275.5868,,,,,,,,,,,,,,,320.8936,214.1309,318.8228,214.0944,325.4405,214.7456,321.1206,215.2577,326.2127,208.1070,322.3063,208.5064,339.8629,207.6606,337.9304,206.8336,327.4588,243.5855,320.3047,246.3724,324.7605,245.1225,321.9990,245.5800,329.5728,274.9573,315.6058,278.2297,327.2743,276.1927,315.3465,276.8593,322.3192,278.9688,307.8802,283.3241,317.6167,278.6033,304.2497,280.5308,314.3450,279.9367,301.5227,280.5472,319.2769,281.4534,332.1114,279.1841,338.0127,205.8376,337.5296,205.6993,,,,
73937,0,,,,,,,,,,,,,,,326.6975,206.3073,,,320.4759,214.9552,325.3457,214.4512,328.6431,214.8071,331.6091,215.0776,321.0547,247.9132,326.5929,246.5716,315.1881,277.2838,328.3748,275.4710,,,,,,,,,,,,,,,324.3203,214.0014,318.5472,213.9188,328.2126,214.6873,321.2324,215.1574,324.9074,207.4447,321.3826,208.1376,338.6211,206.8904,337.0474,206.8307,327.5970,242.6135,320.7954,245.5974,324.6347,244.0358,322.3381,244.4843,329.5350,274.8496,315.3901,278.3687,327.1719,276.0089,314.8304,276.9323,322.2003,278.8813,307.6640,283.5783,317.8338,278.5718,304.0280,280.5840,314.5135,279.7049,301.3293,280.5921,318.9896,281.7604,332.0604,279.3122,337.3173,205.8781,336.2633,205.7038,,,,
73938,0,,,,,,,,,,,,,,,326.2959,206.3197,,,319.5872,214.6604,323.9752,215.4152,327.8721,215.0588,332.0265,215.7975,320.6760,248.0351,326.3993,247.0284,314.8934,277.4350,328.2546,275.9603,,,,,,,,,,,,,,,323.5418,214.9372,317.7382,213.6276,327.1719,215.5815,320.1817,214.6929,324.8401,208.5350,320.4856,208.6774,338.5627,207.2286,336.3721,208.0168,327.3796,243.4298,320.3683,245.9104,324.2331,244.7414,322.0733,245.1491,329.4783,275.4832,314.9913,278.4511,326.9505,276.4537,314.6176,277.1844,322.3553,279.5589,307.3302,283.4734,317.8276,278.9462,304.0407,280.4845,314.4200,279.9045,301.5712,280.4672,318.6307,281.8667,332.0924,279.6353,336.6519,206.0807,336.3735,205.9665,,,,
73939,0,,,,,,,,,,,,,,,325.8337,206.4781,,,318.8129,214.7922,324.7396,216.3055,328.0396,215.9353,331.9811,216.5321,320.2809,248.4024,325.8797,247.7337,314.8851,277.1803,328.3028,275.7698,,,,,,,,,,,,,327.5165,206.4205,324.5024,215.7857,317.0010,213.7732,327.7944,216.3866,319.4834,214.9128,325.0253,209.2132,320.9862,209.3161,338.2546,208.2524,336.0536,208.6134,326.7740,244.0146,320.0825,246.3503,323.9281,245.4460,321.7093,245.7105,329.5064,275.2620,314.9494,278.0996,327.0623,276.2596,314.5929,276.9036,322.4890,279.1764,307.4490,283.0116,318.1295,278.7268,303.9266,280.2444,314.7432,279.7490,301.3956,280.2880,318.5583,281.3721,332.1529,279.5011,335.7942,206.2416,336.3190,206.1032,,,,
73940,0,,,,,,,,,,,,,,,325.7918,206.7847,,,318.2523,214.4248,322.9088,215.6428,327.5003,215.7304,331.1346,215.8683,320.2993,248.6427,325.8652,247.8414,315.5441,277.3895,328.2210,275.8252,,,,,,,,,,,,,327.2927,206.7718,323.1578,215.0834,316.4191,213.3148,326.4694,215.7956,318.8216,214.4485,324.7824,208.4753,320.7340,209.0828,337.3901,207.3965,335.0139,208.6650,326.7591,243.8847,320.0311,246.4655,323.7286,245.1319,321.3932,245.6967,329.4057,275.3084,315.7701,278.3018,326.9659,276.2560,315.1017,277.0545,322.7167,279.4443,308.0413,283.5286,318.3538,278.9226,304.5331,280.8670,315.0055,279.8536,301.6652,280.7749,319.2939,281.3890,332.0828,279.4881,335.1842,206.4288,335.0631,206.3578,,,,
73941,0,,,,,,,,,,,,,,,324.7871,206.9208,323.9638,205.5756,317.9342,214.5821,322.2184,215.9486,327.1710,215.7213,330.6285,216.2206,320.2983,248.5571,325.5470,247.7514,315.3869,277.6031,328.2201,276.0764,,,,,,,,,,,,,325.3495,206.8389,322.4390,215.4861,316.1993,213.5199,325.3955,216.2321,318.6700,214.7011,324.4918,209.1808,320.0160,209.2320,337.1908,207.5978,334.5827,208.8989,326.4254,243.8806,320.0354,246.4465,323.4425,245.2834,321.5992,245.7812,329.3425,275.5042,315.6531,278.5814,326.9599,276.5715,314.9068,277.2475,322.2907,279.4524,308.0926,283.7216,317.9274,279.0165,304.6250,280.9156,314.7527,279.9843,301.6362,280.7749,319.2868,281.5437,332.1515,279.7939,335.0891,206.6016,334.1554,206.4831,,,,
73942,0,,,,,,,,,,,,,,,324.6828,206.9078,324.2635,205.6102,317.7857,214.4949,323.9535,216.4451,327.3003,215.5884,330.9174,216.2673,320.1994,248.7904,325.4010,247.7237,315.5144,277.8799,328.0693,276.1923,,,,,,,,,,,,,325.2446,206.8534,324.0702,215.9631,315.9643,213.3869,326.5604,216.5576,318.3044,214.5565,324.3619,209.2471,320.0459,209.2565,337.2557,207.5330,334.7906,208.9882,326.4120,243.9077,320.0159,246.6720,323.1303,245.2354,321.1347,245.9392,329.2733,275.6669,315.7783,278.6670,326.7540,276.6214,315.1487,277.5429,322.5882,279.6665,308.2445,283.7453,318.1086,279.0088,304.9095,281.1354,314.7162,279.8767,301.9690,281.2483,319.1767,281.8121,332.1021,280.0014,335.0589,206.6248,334.4854,206.5360,,,,
73943,0,,,,,,,,,,,,,,,323.9793,207.0481,,,316.7803,214.4718,325.8917,216.3092,326.3466,215.8415,330.4031,215.9633,320.1151,248.5417,325.2305,247.8519,315.7080,277.9070,327.8671,275.9096,,,,,,,,,,,,,324.4352,207.0191,325.2346,215.7309,315.1609,213.4374,328.0329,216.2666,317.4269,214.2674,324.2343,208.6411,318.6673,208.6730,336.7812,206.7083,333.9678,209.1558,326.3423,243.9347,319.7720,246.5021,323.0003,245.0617,321.3245,245.6571,329.1346,275.4458,316.0065,278.7198,326.5855,276.4531,315.2712,277.5178,322.4818,279.4508,308.2757,283.8601,317.8819,278.9195,304.6091,281.1587,314.5817,279.9883,301.5178,280.9172,319.6388,281.9052,331.9790,279.8921,334.5576,206.7584,,,,,,
73944,0,,,,,,,,,,,,,,,323.7874,207.0338,,,315.9921,214.6472,326.3417,216.0900,325.8245,215.7852,330.0164,215.6216,319.9679,248.6563,325.8398,247.8495,315.9483,278.4910,327.9585,276.2791,,,,,,,,,,,,,324.5256,207.0231,325.2351,215.4658,314.4725,213.5917,327.7835,216.0621,316.6484,214.5401,323.4845,208.3255,318.8746,209.3704,336.1613,207.3734,333.4947,208.9891,326.8854,243.9267,319.5558,246.7519,323.3042,245.1330,321.0282,245.8863,329.2833,275.7998,316.1550,279.3045,326.6225,276.8102,315.5775,278.1680,322.8980,279.8221,308.5953,284.2704,318.2424,279.1312,305.3762,281.5005,314.6126,280.0887,302.6591,281.4154,319.6455,282.4712,332.1336,280.3054,333.3738,206.7017,333.5409,206.6497,,,,
73945,0,,,,,,,,,,,,,,,323.7490,207.0597,,,315.9447,214.6793,328.0061,215.8522,325.0121,215.9314,329.7253,215.6936,319.8856,248.5365,325.7620,247.9329,316.2573,278.3818,327.9868,276.3408,,,,,,,,,,,,,324.4087,207.0294,326.2272,215.3829,314.4260,213.5686,329.3678,215.9617,316.5228,214.5251,323.5447,208.4760,318.0953,209.2047,336.0509,206.7085,332.9430,209.1229,326.8406,244.0554,319.5544,246.5568,323.1338,245.0221,321.3239,245.6718,329.3081,275.8958,316.3680,279.1471,326.6947,276.8559,315.9523,278.0482,323.0314,279.9984,308.8264,284.1593,318.4925,279.3747,305.6275,281.4614,314.9764,280.2863,302.8980,281.3980,320.1047,282.3377,332.1326,280.4389,332.4807,206.7722,333.2002,206.6813,,,,
73946,0,,,,,,,,,,,,,,,322.8167,206.9013,,,315.2602,214.3378,327.4553,215.3242,325.1580,215.1686,329.6937,214.8565,319.5834,248.1428,325.7636,247.2932,316.0723,278.1919,327.9323,276.0160,,,,,,,,,,,,,323.5615,206.8479,325.7852,214.8677,313.6029,213.2163,328.7170,215.4014,315.7383,214.2129,323.8044,208.1143,318.6003,208.7382,335.4565,206.5754,332.2416,207.9260,326.8312,243.4375,319.2130,246.1750,323.0405,244.4412,321.0598,245.2440,329.3399,275.5707,316.1377,278.9848,326.5359,276.5597,315.7747,277.8547,323.0537,279.6308,308.7090,283.9746,318.4069,279.0054,305.5274,281.2341,314.6798,279.8904,303.0231,281.0978,319.8260,282.2267,332.2734,280.0496,332.2626,206.6757,332.3511,206.5245,,,,
73947,0,,,,,,,,,,,,,,,,,,,315.0078,214.7949,326.0369,215.8578,325.2042,215.4203,328.8950,215.1523,319.5965,248.7553,325.8573,247.8842,316.2995,278.5482,327.8140,276.4224,,,,,,,,,,,,,,,324.9326,215.2640,313.4930,213.7170,327.1807,215.9231,315.7519,214.7224,322.8191,208.2065,318.1491,209.0358,335.4656,206.6463,332.7028,208.8262,326.6900,243.9815,319.4522,246.8216,323.4722,245.0913,320.7319,245.8005,328.9437,275.9893,316.6388,279.4413,326.5607,276.9519,315.8437,278.1732,322.2331,279.8256,309.1990,284.3988,317.8487,279.2336,305.9178,281.5125,314.3170,280.0552,303.0555,281.2664,320.0118,282.5045,332.0509,280.4525,332.1923,206.7702,332.9828,206.6543,,,,
73948,0,,,,,,,,,,,,,,,,,325.1155,205.8497,314.6275,215.0261,325.2907,215.7894,324.5886,214.6446,329.3588,214.1872,319.6422,248.4969,325.8509,247.5460,316.0986,278.5740,327.9570,276.4223,,,,,,,,,,,,,,,324.5945,215.2502,313.2772,214.0106,326.8269,215.9115,314.8499,214.9164,323.4207,208.0873,316.9737,208.7852,335.2092,207.4936,331.8265,208.1045,326.9136,243.7892,319.3291,246.5403,323.4262,244.8178,321.2544,245.5846,329.3393,276.0603,316.1128,279.4411,326.6361,276.9209,315.8100,278.1680,323.0286,280.0041,308.4230,284.3162,318.5025,279.3587,305.4054,281.6605,314.7681,280.2290,302.6859,281.4724,319.9458,282.5581,332.1607,280.2976,331.3406,206.8154,332.4918,206.6590,,,,
73949,0,,,,,,,,,,,,,,,,,,,314.1259,215.2339,326.2092,215.9365,324.2169,216.3650,328.6978,216.2444,319.9563,249.5359,325.4767,248.2085,316.3245,278.4904,327.7304,276.4189,,,,,,,,,,,,,,,325.5200,215.5779,312.4295,214.2451,327.2757,216.1849,314.3371,215.3232,322.8045,208.8309,316.9254,209.7059,334.2855,207.6027,331.3756,209.2469,326.4839,244.5488,319.6361,247.7275,322.9856,245.7715,321.2170,246.6484,328.9177,275.9794,316.5956,279.2970,326.5307,276.9387,315.8669,278.0662,322.5093,279.8816,309.0748,284.1153,318.1546,279.4174,305.7950,281.6070,314.6766,280.2920,302.8385,281.5726,319.9514,282.3970,332.0210,280.2925,331.2176,206.7488,330.2582,206.7709,,,,
73950,0,,,,,,,,,,,,,,,,,,,313.5966,215.3544,327.5419,215.7620,323.9276,215.7201,328.9127,215.4810,319.6654,249.1658,325.5971,248.0821,315.9826,278.2893,327.8863,276.2555,,,,,,,,,,,,,,,326.2005,215.4328,311.9713,214.4493,328.4840,215.9520,313.7339,215.3815,322.9274,208.5274,316.6156,209.4380,334.5863,207.3475,331.5299,208.9373,326.6536,244.6361,319.3841,247.4424,323.0739,245.5848,321.1597,246.4395,329.1259,275.8202,316.1282,279.0383,326.6413,276.7670,315.6031,277.8434,322.5775,279.6041,308.5141,283.7917,318.0817,279.1168,305.3658,281.2714,314.5613,280.0335,302.5293,281.2356,319.5782,282.1521,332.0207,280.0294,331.3440,206.6655,330.7176,206.6756,,,,
73951,0,,,,,,,,,,,,,,,,,,,313.5211,215.0559,327.6059,215.8903,323.5455,215.0956,328.4856,214.6803,319.5553,248.5226,325.6172,247.3986,316.5417,277.4820,327.9148,275.5416,,,,,,,,,,,,,,,325.9423,215.4826,311.8816,213.9956,328.7462,216.0267,313.6253,215.0754,322.3461,207.9345,316.0046,208.9280,334.3732,207.4180,331.3826,208.0764,326.7222,243.8878,319.1355,246.6825,322.9665,244.9097,321.0555,245.7162,329.2991,275.0489,316.5020,278.2200,326.5853,276.0405,316.2638,277.0393,323.1447,279.2044,308.8350,283.3186,318.4233,278.8185,305.9745,280.9430,314.5879,279.8541,303.5309,281.0296,319.9634,281.1871,331.9954,279.3208,330.7924,206.6654,332.1598,206.5885,,,,
73952,0,,,,,,,,,,,,,,,319.8235,206.5524,,,313.0681,215.3509,328.2748,216.2911,323.2301,215.5093,328.5807,215.4443,318.7262,249.1095,325.6317,247.7966,315.8805,278.9900,327.7359,276.3784,,,,,,,,,,,334.7756,205.3658,,,325.9263,215.8009,311.6280,214.4343,329.6552,216.4502,312.9150,215.4101,322.1986,208.4507,316.2763,209.3328,333.8071,207.1297,330.6892,207.8426,326.7970,244.3969,318.3867,247.3961,322.8022,245.5168,320.0340,246.3529,329.2431,275.9137,315.9041,279.7164,326.2788,276.9133,315.5353,278.6109,323.4717,279.7736,308.5884,284.4598,318.6108,279.2464,305.6943,281.9309,314.9084,280.2310,303.3030,282.0022,319.5733,282.7792,332.0079,280.3830,330.1872,206.2780,330.5693,206.9231,,,,
73953,0,,,,,,,,,,,,,,,321.0640,206.3869,334.1451,205.2305,313.2180,215.7555,328.1569,216.3609,323.3207,216.5271,328.3398,216.2995,318.4998,249.8629,325.9682,248.5858,315.3989,279.3102,327.6891,276.8450,,,,,,,,,,,334.1762,205.3184,,,325.3087,215.7045,311.7587,214.8582,330.2145,216.3502,313.4392,215.9107,321.6797,208.5413,316.1936,209.6975,334.0933,206.8669,331.1814,208.8027,326.9375,245.0319,317.8633,247.8585,323.5110,246.1062,319.9867,246.7018,329.3837,276.3932,315.1753,280.0379,326.1697,277.4323,315.1571,279.0253,323.4828,280.1942,307.2348,284.7850,318.3276,279.7388,304.5550,282.2702,314.2750,280.7710,302.3637,282.3413,319.3080,283.2864,332.0285,280.7127,,,331.4097,206.0885,,,,
73954,0,,,,,,,,,,,,,,,320.4337,206.3409,330.5993,205.2198,313.0163,215.9945,327.9751,216.3728,322.8389,216.6497,327.9665,216.4434,318.3953,249.7487,326.0005,248.5056,315.2836,279.2763,327.7399,276.9070,,,,,,,,,,,333.4344,205.2950,321.4635,206.3504,325.2857,215.5334,311.3689,215.1163,329.9080,216.3540,313.2861,216.1050,321.6335,208.5461,316.0066,209.6698,333.5162,207.8876,330.6436,209.0268,326.9680,244.9480,317.8040,247.7167,323.3435,245.9463,319.8490,246.5621,329.4126,276.4473,314.9858,280.0147,326.2276,277.4855,315.0935,279.0090,323.6360,280.2151,307.2656,284.7258,318.5843,279.8325,304.4874,282.2890,314.6575,280.8421,302.3222,282.4112,319.1858,283.2799,331.9876,280.8240,329.3286,206.1035,330.8818,206.0306,,,,
73955,0,,,,,,,,,,,,,,,319.8826,206.1336,327.2025,204.9528,313.2091,216.2146,324.2299,216.3044,323.6324,216.6014,327.8541,216.2695,317.9655,249.9640,325.9557,248.3946,315.1869,279.5600,327.8134,277.0194,,,,,,,,,,,330.4003,205.0747,320.9716,206.2058,322.5650,215.3641,311.7520,215.3302,325.7575,216.4083,313.4399,216.3984,321.3842,208.6931,316.4643,209.7615,333.4252,207.8178,330.8250,208.8110,326.8407,244.9243,317.4108,248.0998,323.5943,246.1986,319.2679,246.8734,329.5650,276.5010,315.0188,280.3922,326.3391,277.5874,314.9677,279.2236,323.6245,280.1409,307.0349,284.9769,318.8847,279.6613,304.4464,282.2723,314.8436,280.5468,302.2090,282.3072,319.0741,283.4136,332.1564,281.0226,,,330.4858,205.7189,,,,
73956,0,,,,,,,,,,,,,,,319.6726,205.9150,329.5189,204.7039,313.0908,216.5502,325.4975,217.2357,323.1173,217.4982,327.4613,217.1987,317.9731,250.2204,325.7231,248.7342,315.1039,278.9954,327.8026,276.6864,,,,,,,,,,,332.0870,204.8819,320.9239,206.0350,323.0512,216.1683,311.2975,215.6291,327.7234,217.1278,313.3697,216.7299,320.8145,209.7087,315.4458,210.6727,332.7761,208.1119,330.1589,209.1093,326.6419,245.1862,317.5151,248.4097,323.4011,246.6226,319.1467,247.2107,329.6708,276.2395,315.2277,279.6759,326.4650,277.2001,314.7369,278.6579,323.3389,280.0802,306.9802,284.6222,318.8289,279.7450,304.1236,282.2584,314.9261,280.6590,301.7919,282.3586,319.6318,282.5873,332.3510,280.3528,,,329.8875,205.5542,,,,
73957,0,,,,,,,,,,,,,,,319.5972,205.6088,327.7671,204.4165,312.8754,216.5541,324.1692,216.8407,323.3237,217.6462,327.0212,217.1998,317.7035,249.4933,325.5740,248.2306,315.1198,278.8004,327.9293,276.5110,,,,,,,328.3906,204.3359,,,330.6604,204.5610,321.2930,205.6927,321.5529,215.7325,310.8796,215.5837,326.2342,216.5873,313.1917,216.7022,320.2601,209.4782,315.7427,210.4918,332.6888,208.0398,330.4803,208.8518,326.6490,244.5911,317.1978,247.6929,323.1926,246.0243,318.7047,246.4075,329.9039,275.9366,315.2753,279.6932,326.6746,277.0443,314.7800,278.4498,323.3672,279.7143,307.4170,284.7625,318.9154,279.5338,304.3861,282.3091,315.0818,280.4413,302.0102,282.4049,319.7814,282.6545,332.3293,280.3011,,,330.0886,205.2613,,,,
73958,0,,,,,,,,,,,,,,,319.0296,205.4260,327.2996,204.2157,312.7590,217.0725,324.1792,216.7847,323.1663,217.9688,327.3181,217.4648,317.5423,250.2192,325.6182,248.6387,315.2267,278.8893,328.0541,276.2806,,,,,,,,,315.9101,205.3685,329.9491,204.3967,320.6097,205.5062,321.5497,215.8854,310.7106,216.2030,326.3597,216.6238,313.0994,217.2794,320.2673,210.1209,315.4220,211.0525,332.9510,208.2616,330.5542,209.1958,326.6434,245.2018,317.0432,248.5840,323.0665,246.7004,318.5903,247.2748,330.0830,275.7987,315.4148,279.6472,326.7830,276.7789,314.8684,278.5287,323.5113,279.6454,307.5718,284.8413,318.8678,279.3416,304.4520,282.4152,314.9315,280.3607,302.0461,282.4889,320.0558,282.5658,332.5169,279.8465,,,330.1417,205.0583,,,,
73959,0,,,,,,,,,,,,,,,318.4322,204.6972,326.5254,203.4977,312.2641,217.2218,322.3336,216.0118,322.1600,217.3319,326.1580,216.6256,317.3147,249.7973,325.2605,248.2701,314.6513,278.6518,328.3708,276.3178,,,,,,,318.5861,203.3182,314.4838,204.7316,328.9306,203.6033,320.2389,204.7621,320.6989,215.0534,310.4533,216.4890,324.9537,215.8511,312.4383,217.3568,318.9573,208.9142,314.3128,210.1992,331.8163,207.5693,329.4500,208.5724,326.1373,244.2759,316.9127,247.9506,322.8245,245.9469,318.6143,246.4967,330.3264,275.6735,314.7497,279.5066,327.1820,276.9055,314.3413,278.3620,323.8812,279.4114,306.7001,284.6440,318.9759,279.2551,303.7413,282.1150,315.3521,280.2425,301.3768,282.2415,319.5403,282.6673,332.7701,279.9401,,,328.9605,204.3400,,,,
73960,0,,,,,,,,,,,,,,,318.2070,204.6841,324.6007,203.3598,311.9443,217.7225,319.1847,216.1886,321.9651,217.6424,325.0355,216.8790,316.8050,250.0419,324.5923,248.5272,314.7322,278.7789,328.0699,276.3066,,,,,,,318.5218,203.2296,314.6247,204.6201,326.7415,203.4278,320.3181,204.7453,318.2865,215.4766,309.9702,217.0876,321.4131,216.1619,312.3408,217.8581,317.9171,209.3704,314.0378,210.7188,331.1787,207.9461,329.0493,209.0323,325.5516,244.9071,316.4358,248.4375,322.0359,246.5215,317.5884,247.0834,330.0228,275.6986,315.0354,279.5741,326.8458,276.8806,314.3328,278.4703,323.5081,279.6458,307.1649,284.7209,318.5332,279.3616,303.8947,282.3100,315.0825,280.3411,301.4563,282.4235,319.8657,282.6239,332.7340,279.8162,,,328.4122,204.2849,,,,
73961,0,,,,,,,,,,,,,,,319.1092,205.0947,323.5685,203.2297,312.5619,217.8289,317.4950,216.1611,321.9887,217.5664,323.6072,216.9059,316.6794,249.9105,324.4306,248.4990,314.6026,279.1263,328.2375,276.6688,,,,,,,317.3485,202.9247,315.7422,204.4723,326.0162,203.1931,321.3462,204.5368,316.5620,215.4468,310.5842,217.2479,319.2099,216.0205,313.0855,217.8979,317.0429,209.6587,314.2966,210.9310,330.3715,207.8351,328.8280,208.7415,325.2599,244.5742,316.6159,248.2178,322.0370,246.2873,317.5235,246.6319,329.9229,276.0016,314.8829,279.9606,327.1904,277.2620,314.1529,278.7823,323.2972,279.8310,307.5200,284.9139,318.4937,279.6206,304.3278,282.5037,315.1667,280.6661,301.8805,282.5927,319.3976,283.0754,332.7130,280.1698,,,327.7032,204.0330,,,,
73962,0,,,,,,,,,,,,,,,318.9645,204.8563,323.8327,202.8673,312.6155,218.4951,318.2001,216.2675,321.0653,218.1042,322.9643,217.3255,316.0528,250.3627,324.2689,248.5734,314.5864,279.6303,328.2628,277.0664,,,,,,,318.3069,202.5585,315.6156,204.2039,326.2078,202.8775,321.1523,204.3347,317.1192,215.5339,310.6981,217.9115,320.1724,216.2199,313.1209,218.5467,316.2320,209.9409,313.0732,211.5031,329.8151,208.9051,328.2744,209.8796,325.1380,244.8735,315.9862,248.9881,321.5749,246.9663,316.8428,247.4020,330.0544,276.3126,314.8768,280.5336,327.1537,277.7287,314.1536,279.3005,323.6960,280.2134,307.5287,285.5935,318.6609,280.0323,304.2508,283.1509,315.2463,281.1268,301.7303,283.2902,319.4439,283.4817,332.6631,280.3912,,,327.2064,203.6953,329.8705,203.8441,,
73963,0,,,,,,,,,,,,,,,319.5631,203.9315,324.4487,202.5345,312.8951,218.6883,318.4934,215.6269,320.0437,218.3761,322.1978,217.5117,315.8910,250.5054,323.7823,248.5700,314.5451,279.6456,328.0222,277.1246,,,,,,,320.4197,202.2767,315.7897,203.9076,326.4048,202.5679,321.6328,204.0506,317.3210,214.9190,310.8899,218.0353,320.5966,215.7837,313.5150,218.7349,315.0782,209.8168,312.1864,211.5355,328.8144,209.2806,327.5970,210.2568,324.5775,244.8341,315.8201,249.2584,321.2432,247.0450,316.5649,247.3381,329.6937,276.4523,314.8650,280.5917,327.0095,277.7865,314.0156,279.3456,323.0247,280.4451,307.5617,285.8333,318.2139,280.3690,304.2388,283.3914,314.9029,281.4404,301.7554,283.5872,319.2945,283.5416,332.6147,280.4279,,,326.6500,203.4293,329.7830,203.5144,,
73964,0,,,,,,,,,,,,,,,318.9427,204.3483,322.0977,202.9251,312.1525,219.5461,316.8548,215.6956,319.8842,218.3072,321.5143,217.3139,315.4164,250.5980,323.0921,248.1448,315.1179,279.4077,327.9789,276.5199,,,,,,,318.9965,201.7587,315.7759,203.5229,325.1516,202.0487,321.1907,204.3360,315.5134,214.8829,310.2730,218.8600,319.0858,215.6096,312.9333,219.5835,314.2188,209.9231,311.7844,211.4650,328.6657,208.9591,327.7438,209.9482,323.7802,244.5586,315.3726,249.3167,320.6067,246.9508,316.0225,247.5118,329.5819,275.8587,315.4244,280.3793,326.8649,277.2194,314.5911,279.1326,322.9022,280.1034,308.3953,285.6068,318.0175,279.9740,304.5269,283.1624,314.6868,281.1187,301.8701,283.2705,319.7851,283.3087,332.6716,279.7928,,,326.4062,203.6843,328.8303,203.0355,,
73965,0,,,,,,,,,,,,,,,318.6115,204.0046,321.0642,202.7550,311.9799,219.2871,316.7918,215.2411,319.2485,218.2384,321.2341,217.2527,315.1701,250.4984,322.1207,248.3669,315.0636,279.4383,327.7315,276.5733,,,,,,,319.2156,201.4034,315.2989,203.1559,324.8196,201.6913,320.7316,203.9718,315.4849,214.4146,310.1426,218.5055,319.2097,215.3193,312.6544,219.3764,313.8224,209.5716,311.0703,211.0220,327.9742,208.7658,326.9263,209.6846,322.7927,244.4123,315.0818,249.2394,319.7108,246.9551,315.8901,247.2713,329.2338,275.8932,315.2882,280.5393,326.7156,277.3026,314.4898,279.1823,322.0659,280.0926,308.0746,285.7659,317.3311,280.1298,304.4094,283.1821,314.0557,281.3341,301.7942,283.2193,319.4949,283.5698,332.5521,279.9831,,,325.3746,202.6051,328.2998,202.6244,,
73966,0,,,,,,,,,,,,,,,318.9015,204.1137,322.5384,202.8278,311.9111,219.7268,317.2202,214.9775,319.0556,218.3073,321.3003,217.1029,315.2911,250.5960,321.4927,248.4414,314.8895,279.6639,327.9430,276.4475,,,,,,,320.3467,201.4826,315.4352,203.2561,324.5829,202.5847,320.9876,204.1313,316.1522,214.1583,310.1252,218.9079,319.7921,215.0438,312.4556,219.7268,313.9557,209.4902,310.9199,210.9169,327.8451,208.8257,326.7123,210.0073,322.1963,244.7560,315.2072,249.2080,318.8772,247.0614,316.0360,247.4660,329.5305,275.8681,315.0714,280.7350,326.8496,277.0889,314.4111,279.3569,322.7524,280.0806,307.8060,285.9076,317.8100,279.9630,304.2301,283.3017,314.3706,281.1985,301.6292,283.3889,319.3225,284.0684,332.6020,279.6969,,,325.7232,203.5502,328.3861,202.8353,,
73967,0,,,,,,,,,,,,,,,319.1687,203.4566,322.4488,202.2722,311.8276,219.3741,316.5534,214.1326,318.5018,217.6032,321.1414,216.2168,315.0421,250.8213,320.7808,248.1351,315.1134,279.8398,327.7745,276.5958,,,,,,,320.5797,200.7235,316.3770,202.4120,324.5183,201.9729,321.2109,203.4918,315.3537,213.3162,310.0668,218.4853,318.9938,214.2335,312.3847,219.3710,313.7237,208.4938,310.7445,209.9659,327.5652,207.8736,326.4763,209.0479,321.4821,244.3910,314.7739,249.4939,318.2704,246.8588,316.2540,247.5133,329.3932,275.9932,315.1047,281.0635,326.7310,277.3153,314.7149,279.6564,322.9548,280.2873,308.0767,286.5338,317.8664,280.1737,304.7919,283.8117,314.3228,281.5230,302.3353,283.6424,319.3176,284.3347,332.2475,279.9512,,,325.3847,202.8654,,,,
73968,0,,,,,,,,,,,,,,,319.1087,203.5678,320.7916,202.2326,311.7311,219.8942,315.2056,214.3357,317.9286,218.2418,319.8728,216.8672,315.1727,250.9911,319.2825,248.6888,314.9896,279.9486,326.6962,276.4575,,,,,,,318.8604,200.6320,316.4051,202.3236,323.4488,201.9353,321.3087,203.5556,313.5553,213.4356,309.9513,218.8894,317.5319,214.3743,312.3986,219.9028,312.6866,208.9790,309.9072,210.4519,326.8637,208.4828,326.1745,209.5063,319.9434,245.0206,314.9245,249.6563,317.1363,247.2579,316.0468,247.8193,328.3068,275.8018,315.1512,281.2165,325.7657,277.2638,314.5051,279.6784,321.2280,280.0230,308.1045,286.6331,316.6461,280.1097,304.5637,283.8456,313.4883,281.4528,301.9783,283.7273,319.2158,284.4635,331.7021,279.6421,,,324.7088,202.9713,,,,
73969,0,,,,,,,,,,,,,,,319.6283,203.4943,319.9404,202.1013,311.1633,220.4551,314.4513,213.8458,317.4688,218.3459,319.5658,216.7225,314.7581,250.8786,317.8641,248.2106,315.0022,279.8727,326.5054,275.8597,,,,,,,318.5444,200.5261,316.6362,202.2261,322.2802,201.8663,321.9080,203.5222,312.6487,212.6748,309.2928,219.4225,316.9580,213.9671,312.1417,220.4394,311.9464,208.7057,309.1277,210.5617,326.3607,208.5562,325.4980,209.5780,318.5618,244.5894,314.5083,249.6994,315.7971,247.0387,315.5096,247.8652,327.9475,275.1086,315.3240,281.1544,325.6603,276.7276,314.4553,279.6379,320.6089,279.5906,308.5166,287.0373,315.6896,279.9189,304.6870,284.1108,312.5146,281.3999,301.8927,284.0382,319.2095,284.0993,331.4861,278.9899,,,323.7597,202.6865,,,,
73970,0,,,,,,,,,,,,,,,319.3232,203.5991,319.1949,202.1079,310.8913,220.7364,313.0907,213.8888,317.4437,219.3017,317.8985,217.8982,314.8261,252.3679,315.8292,249.5538,314.8272,280.4811,324.9299,275.5811,,,,,,,317.2092,200.3052,316.5949,202.0774,321.4978,201.9418,321.5908,203.5862,311.3381,212.9386,308.9123,219.6748,315.7295,214.1234,312.0299,220.7434,310.4425,210.1226,309.4690,211.8291,325.6234,209.6337,325.2752,210.6566,316.2891,245.8127,314.5068,250.8702,314.2204,248.5523,315.2064,249.3809,325.9620,274.7300,315.5880,281.8995,324.2607,276.5236,314.1439,280.2334,318.4302,279.3204,308.8857,287.5061,314.4551,279.8366,304.5926,284.6320,311.4690,281.4007,301.5312,284.4941,318.6988,284.6848,330.1534,278.4183,,,323.3074,203.8664,325.7535,201.4424,,
73971,0,,,,,,,,,,,,,,,319.1447,203.3585,317.7715,201.9107,310.3641,220.6831,310.9117,213.6448,316.7545,218.7463,317.2241,217.1688,314.8389,252.1978,315.2483,248.8443,314.9131,280.1675,323.3029,275.5964,,,,,,,315.5131,199.9682,316.5125,201.8569,319.7005,201.7687,321.4862,203.4031,308.7685,212.7727,308.3922,219.7915,312.9714,213.7385,311.6398,220.6240,309.7847,209.4804,308.8135,210.7872,325.1161,209.3877,324.6230,210.1485,315.6859,245.1828,314.7012,250.7866,313.9895,247.8057,314.7519,248.9592,324.1960,274.6281,315.6254,281.6453,322.6009,276.6079,314.1358,279.9257,316.7206,279.1944,308.9521,287.2968,312.9598,279.6788,304.6184,284.4862,309.8806,281.2406,301.4166,284.3995,318.5950,284.0620,328.6251,278.3941,,,322.9800,202.9379,326.0711,201.1243,,
73972,0,,,,,,,,,,,,,,,318.3976,203.2668,316.6498,201.8522,310.2394,220.1999,308.9099,212.9464,316.9611,218.0258,317.3235,216.3873,313.8781,252.2048,314.2381,248.4541,314.6482,280.5601,321.3673,275.7410,,,,,,,314.5909,199.9111,315.8788,201.6511,318.6778,201.5147,320.6660,203.2844,306.9662,212.2293,308.2216,219.4663,310.5935,213.1535,311.4589,220.2140,309.9971,209.0691,308.5586,210.4930,324.9467,209.2234,324.4006,209.8252,314.5826,244.9471,313.9769,250.7723,312.7716,247.5756,313.1606,249.0028,322.3421,274.7762,315.4262,281.8289,320.5394,276.6217,313.8018,280.2477,315.4486,279.1123,308.9885,287.3128,311.6143,279.3525,304.4331,284.8236,308.7965,280.7858,301.0654,284.6808,318.6615,284.3590,326.7795,278.4794,,,322.8188,202.8014,326.0563,201.0783,,
73973,0,,,,,,,,,,,,,,,317.8653,203.1613,314.3695,201.6096,309.9467,220.2284,305.3205,212.5040,316.3817,218.4800,316.1072,216.9883,314.1193,252.3736,314.5520,248.9885,315.1299,280.4862,318.6585,276.0267,,,,,,,312.2942,199.6603,315.4145,201.5469,316.6796,201.4056,319.7987,203.0306,303.3282,211.8120,308.0352,219.4664,306.2563,212.6189,311.2777,220.2134,309.7110,209.0663,308.8159,210.5568,324.0256,208.9722,323.7433,209.6604,314.6714,245.3455,313.9704,250.8494,313.1259,247.7737,313.3296,249.0828,319.4578,275.0881,315.7506,281.6770,317.7284,276.9631,314.2802,280.2413,312.9622,279.2553,309.6282,287.1674,309.1077,279.3010,305.2739,284.7526,306.1946,280.5980,302.0263,284.5734,319.5327,284.2838,323.4126,279.2424,,,321.9414,202.7537,324.5291,200.8858,,
73974,0,,,,,,,,,,,,,,,317.5934,203.0241,314.4846,201.1937,309.7265,219.9028,304.7310,212.1459,316.1739,217.7870,315.9043,216.3067,314.0893,252.0081,314.3399,248.7820,315.1179,280.5285,316.9768,276.2837,,,,,,,312.0693,199.6655,315.0351,201.5950,316.3038,200.9985,319.8566,202.9657,302.7059,211.2691,307.6818,219.1331,305.5727,212.2312,311.1771,219.9209,309.6025,208.6966,308.3223,210.0328,323.9102,208.7073,323.5978,209.2991,314.4590,245.1577,313.9165,250.6096,312.8012,247.6690,313.0364,248.8536,317.6821,275.3711,315.7506,281.7259,316.0609,277.1945,314.3012,280.2684,311.2841,279.5471,309.8013,287.4065,307.3194,279.3758,305.3992,284.9165,304.3680,280.5647,302.4459,284.8397,319.9511,284.3567,321.2497,279.8364,,,322.2304,202.5784,,,,
73975,0,,,,,,,,,,,,,,,317.3698,203.1324,313.4732,201.5098,309.0172,219.6267,303.3834,212.3974,315.5950,218.4031,315.8065,217.2191,314.3047,251.7553,314.7196,249.5388,314.6309,280.8038,316.1145,276.5034,,,,,,,311.7957,200.2489,314.8982,201.4083,315.6495,201.2429,319.3736,202.9796,301.0621,211.5124,306.9712,219.0590,303.9660,212.4489,310.4811,219.7970,309.9653,209.3931,308.6598,210.5395,323.5779,209.1419,323.1189,209.5880,314.8004,245.6234,314.0600,250.3157,313.2580,247.7924,313.5120,248.3886,316.7905,275.6610,315.0600,281.9842,315.2420,277.3684,313.8948,280.6107,310.4527,279.6130,308.5037,287.5335,306.5932,279.5182,304.7100,285.0938,303.7665,280.6110,301.9682,284.8470,318.8439,284.5448,319.8756,280.1531,,,321.7788,203.8030,325.2087,200.7123,,
73976,0,,,,,,,,,,,,,,,317.3586,203.3575,313.3996,201.5926,308.5005,219.9201,303.3367,212.5519,315.6158,218.2027,316.2446,216.7447,314.1399,251.9941,314.6006,249.3230,314.5809,280.7809,315.6124,276.5007,,,,,,,311.5664,200.3207,314.7531,202.3988,315.6917,201.2713,319.6598,203.2519,301.2321,211.6881,306.4927,219.2864,304.0173,212.5210,309.9750,220.1298,309.8002,209.2271,308.0048,210.5045,323.7862,208.8006,323.1746,209.5390,314.7266,245.5896,313.8039,250.6326,313.0075,247.8024,313.4046,248.7083,316.2724,275.6994,314.9787,281.9440,314.7408,277.2965,313.9026,280.5212,310.2179,279.7293,308.6060,287.4471,306.3863,279.5865,304.8080,284.9799,303.6231,280.6309,302.2507,284.7364,318.8914,284.4304,319.3897,280.0663,,,321.7775,203.1027,,,,
73977,0,,,,,,,,,,,,,,,317.2732,203.2018,313.1640,201.5423,308.2145,219.4915,302.8868,212.3491,315.5049,217.9947,316.3024,216.6455,313.9870,251.7597,314.4604,249.2034,314.3974,280.7088,315.7534,276.4639,,,,,,,311.4130,200.2214,314.7140,202.2397,315.7352,201.1397,319.5299,203.0612,300.6949,211.5218,306.2334,218.8067,303.5173,212.2911,309.7084,219.6361,309.4467,208.9999,307.4723,210.3432,323.5929,208.3007,322.9090,209.0640,314.6420,245.1989,313.5774,250.3970,312.8606,247.5408,313.4060,248.2838,316.4860,275.6049,314.6824,281.8006,314.8994,277.2952,313.7566,280.4945,310.7537,279.7781,308.3866,287.3005,306.9806,279.7116,304.7549,284.9759,304.4072,280.8331,302.2624,284.7884,318.5625,284.2461,319.5279,280.0956,,,321.2506,202.9950,,,,
73978,0,,,,,,,,,,,,,,,317.3891,203.2234,313.3481,201.5422,307.8163,219.3219,303.0194,211.9904,315.5437,218.0480,316.3398,216.6284,313.8669,251.6450,314.4141,249.1577,314.4004,280.4281,315.7233,276.4515,,,,,,,311.7301,200.2605,314.6849,202.2798,315.8874,201.1771,319.6507,203.0913,300.9143,211.1424,305.9242,218.6582,303.5465,211.9897,309.1109,219.4923,309.7253,208.7594,307.4234,210.2470,323.9063,208.3076,322.9890,209.0311,314.6823,245.2024,313.4090,250.2067,312.7325,247.4745,313.3537,248.1742,316.5073,275.6718,314.6595,281.5003,314.8619,277.2453,313.8380,280.1818,310.6892,280.0402,308.3185,286.9940,306.7466,279.8445,304.6862,284.6509,304.1409,280.9128,302.2381,284.4924,318.6207,283.9942,319.5650,280.1781,,,321.5118,203.0370,,,,
73979,0,,,,,,,,,,,,,,,317.2938,202.8142,313.0368,201.2822,307.8685,218.8210,302.5441,211.8827,315.2603,217.6890,315.6684,216.3047,313.8876,251.4696,314.2354,248.8031,314.5076,280.3623,315.6067,276.2220,,,,,,,311.0692,199.9043,314.7083,201.1707,315.5470,200.9058,319.4371,202.7404,300.3205,211.0249,305.9724,217.8967,303.2276,211.8553,309.3656,219.0974,308.9247,208.4331,307.2449,209.6265,323.3056,207.7436,322.7236,208.3377,314.4541,244.6519,313.5387,249.9616,312.5938,247.0299,313.1526,247.9751,316.2909,275.4098,314.9156,281.3790,314.7622,277.0456,313.8499,280.1183,310.5189,279.8586,308.3610,287.1263,306.6395,279.6918,304.6544,284.7798,303.9087,280.7678,301.9360,284.6256,318.8149,283.7973,319.4375,279.8441,,,321.0647,202.5322,,,,
73980,0,,,,,,,,,,,,,,,317.4091,202.6024,312.6881,201.1599,308.2844,218.3078,302.4484,212.1350,315.0355,217.7379,315.0745,216.8234,314.0274,251.4234,314.3916,248.5871,314.5914,280.4368,315.6482,276.3738,,,,,,,310.6401,199.8105,314.7094,201.0489,315.1484,200.7522,319.6510,202.5408,300.3156,211.3830,306.4377,217.4544,303.0769,212.1545,309.9776,218.4677,308.3778,208.8353,306.9276,209.8495,322.8792,207.9536,322.4764,208.6373,314.5061,244.6533,313.7513,249.9048,312.8088,246.9806,313.3142,248.0555,316.2786,275.4914,314.9523,281.3935,314.8184,277.1868,314.0022,280.1822,310.5097,279.8327,308.8392,286.9490,306.6951,279.6917,305.0160,284.7232,304.0444,280.8091,302.4117,284.5905,318.7350,283.8859,319.3693,280.0256,,,320.6338,202.1357,,,,
73981,0,,,,,,,,,,,,,,,317.5091,202.7968,311.8858,201.3980,308.2683,218.3148,301.6863,212.0665,315.0671,217.7206,315.0306,216.8356,314.1097,251.2637,314.8239,248.4707,314.5352,280.3971,315.7214,276.2999,,,,,,,310.3455,199.9038,314.7200,201.1187,314.8557,200.9453,319.7789,202.6855,299.3033,211.2833,306.3810,217.5257,302.2074,212.2432,309.8939,218.5308,308.4618,209.0058,307.0294,209.9265,322.9979,208.0119,322.5515,208.5883,315.0141,244.4570,313.8442,249.8410,313.2605,246.9169,313.4496,247.8808,316.3485,275.4335,314.8723,281.4082,314.8690,277.1458,313.9288,280.1755,310.3752,279.8083,308.6264,287.0210,306.5741,279.6417,304.8710,284.7740,304.0199,280.7716,302.3266,284.6233,318.7118,283.8512,319.5152,279.9392,,,320.7498,202.6094,,,,
73982,0,,,,,,,,,,,,,,,317.5622,202.7751,312.6531,201.1823,308.1454,218.1616,301.8148,212.0930,314.8481,217.2334,315.1284,216.0370,314.0603,250.7654,314.8085,247.8981,314.6370,280.3274,315.9263,276.0613,,,,,,,310.8464,199.8972,314.7870,201.1883,315.0246,201.0007,319.8544,202.6882,299.6075,211.2694,306.2994,217.4164,302.4105,212.1241,309.8409,218.3187,308.5324,208.2870,306.6929,209.2947,322.9775,207.6011,322.4528,207.9774,315.1063,244.0085,313.7567,249.3208,313.2590,246.3106,313.6050,247.4841,316.6457,275.1279,314.8843,281.3272,314.9796,276.9894,314.0529,280.0798,310.5181,279.7165,308.5715,286.9290,306.5107,279.4934,304.7872,284.7439,303.7944,280.5386,302.2976,284.5501,318.7705,283.7545,319.9377,279.8544,,,320.7417,202.6154,,,,
73983,0,,,,,,,,,,,,,,,317.5472,202.7079,312.4221,201.1371,308.1510,218.4747,301.9851,212.3150,314.7695,217.4332,314.8917,216.1501,314.1808,251.0047,314.9465,248.1744,314.8238,280.1195,315.9018,276.2860,,,,,,,310.7069,199.7612,314.7335,200.9988,314.9759,200.8641,319.7886,202.5956,299.6351,211.4658,306.2622,217.6979,302.6560,212.2964,309.8087,218.6478,308.2149,208.4583,306.6529,209.5336,322.6381,207.7130,322.1232,208.2966,315.1789,244.2156,313.9349,249.6319,313.4302,246.5133,313.5039,247.5835,316.5950,275.3846,315.1155,281.0708,315.0144,277.1664,314.2621,279.9344,310.4287,279.7589,308.9036,286.7354,306.5305,279.5450,305.0355,284.4616,303.8563,280.5547,302.5929,284.2646,318.9508,283.6027,319.8808,279.9953,,,320.2617,202.6107,,,,
73984,0,,,,,,,,,,,,,,,317.7764,202.7277,313.4078,201.2924,308.2841,218.4888,302.7428,212.1412,314.9652,217.6315,315.6043,216.2408,314.1408,250.9159,315.0927,248.1514,314.6501,280.0065,315.9768,276.2251,,,,,,,311.8724,200.0288,314.7832,200.9829,315.6958,200.9841,319.9557,202.6386,300.5718,211.3254,306.3578,217.7277,303.3707,212.1705,309.8999,218.6647,308.8519,208.4534,306.8896,209.6708,323.1039,207.9194,322.3513,208.7294,315.4308,244.2080,313.7928,249.4636,313.4552,246.4560,313.6296,247.6149,316.7530,275.3264,314.8669,280.9183,315.0429,277.0947,314.0837,279.8285,310.6429,279.7702,308.5264,286.5922,306.7952,279.5472,304.8691,284.3701,304.2056,280.6057,302.3890,284.1696,318.7595,283.3822,319.9362,279.7636,,,320.7047,202.7403,,,,
73985,0,,,,,,,,,,,,,,,317.6049,202.5431,311.9501,201.1371,308.5173,218.2388,302.0331,212.6543,315.6181,217.6741,315.6744,216.9151,314.2756,250.8840,314.7160,248.3693,314.8632,279.9798,315.9888,276.3683,,,,,,,309.8350,199.6967,314.7475,200.9217,314.4302,200.7599,319.9305,202.4077,299.5242,211.9862,306.8228,217.4352,302.5321,212.5364,310.0718,218.4342,309.3531,208.4761,307.9510,209.9333,323.5818,207.9651,323.2764,208.6455,315.0394,244.1381,314.0523,249.4411,313.4847,246.4445,313.7424,247.5624,316.6351,275.4342,315.1982,280.9266,315.0972,277.1998,314.2539,279.8192,310.6363,279.8052,309.3231,286.7102,306.7527,279.5715,305.2432,284.5753,304.0468,280.7049,302.7185,284.5973,319.0264,283.2745,319.8912,279.9129,,,321.4435,202.2160,,,,
73986,0,,,,,,,,,,,,,,,317.7286,202.7158,312.3951,201.1691,308.6464,218.3839,302.8395,212.4610,315.7777,217.6682,316.1933,216.7166,314.1595,250.8589,315.1361,248.1719,314.6673,280.2982,316.1433,276.4999,,,,,,,310.2647,199.8396,314.8409,200.9534,314.8141,200.9701,319.9731,202.5912,300.6716,211.6962,306.9701,217.6485,303.2886,212.4559,310.0664,218.5557,309.6104,208.8230,307.9147,210.4192,323.5204,208.3786,323.0460,209.0691,315.4985,244.1938,313.9404,249.3856,313.5014,246.5345,313.4743,247.6618,316.8774,275.6211,315.0351,281.2601,315.1849,277.2658,314.0185,280.1432,310.8396,279.8236,308.8738,286.9091,306.9104,279.5869,304.9440,284.7040,304.0816,280.7158,302.4709,284.6278,318.9219,283.6765,319.9401,279.8431,,,321.3843,202.6591,,,,
73987,0,,,,,,,,,,,,,,,318.0238,202.7448,313.1781,201.0371,308.5238,218.1796,303.3330,212.9279,315.7107,217.8310,316.3486,217.1378,314.2754,251.0004,315.3633,248.6783,314.6376,280.5653,316.0710,276.8038,,,,,,,311.0672,199.9353,315.3914,201.8022,315.5082,200.8942,320.3507,202.6543,301.4472,212.1359,306.7538,217.3850,303.8659,212.8552,309.9481,218.3591,309.8633,209.0566,307.9720,210.4742,323.7449,208.6449,323.0778,209.2477,315.6978,244.8562,314.0349,249.5116,313.5765,246.9097,313.5621,247.9443,316.8218,275.9592,315.0666,281.5280,315.1010,277.5497,313.9218,280.4335,310.8148,280.1288,308.7625,287.2174,306.8172,279.8448,304.7495,284.9131,304.0544,281.0015,302.2087,284.8883,318.9541,284.0540,319.9245,280.2041,,,321.5989,202.7954,,,,
73988,0,,,,,,,,,,,,,,,318.4295,202.6737,313.7349,200.9427,309.1256,218.0485,303.9250,213.0378,315.8541,217.8937,316.2074,217.1565,314.1381,250.9905,315.1355,248.5205,314.7180,280.4163,316.0715,276.6442,,,,,,,311.6132,199.9680,315.7833,201.7921,315.9449,200.8839,320.6302,202.6406,302.1758,212.1810,307.3108,217.2855,304.5336,212.9942,310.6625,218.1903,309.5326,209.2572,308.0521,210.7234,323.6458,208.7531,323.2056,209.3433,315.4322,244.6817,313.9559,249.6134,313.5179,246.9181,313.3755,247.9788,316.7769,275.7801,315.1132,281.3444,315.1216,277.4041,314.0244,280.2392,310.6367,279.9716,308.8726,287.0238,306.6885,279.6563,304.8249,284.7419,303.9778,280.7897,302.3184,284.6937,319.0334,283.7429,320.0374,280.0507,,,321.4689,202.7848,325.6309,200.2443,,
73989,0,,,,,,,,,,,,,,,318.5536,202.6916,314.2678,201.1374,309.4818,217.9140,304.6492,213.7577,316.0160,217.8407,315.8500,217.1467,314.2093,251.0107,314.9230,248.5027,314.9535,280.1209,315.9302,276.6893,,,,,,,312.5685,200.1636,315.9375,201.7703,316.4720,200.9681,320.6617,202.6260,302.9906,212.8365,307.5944,217.1412,305.1902,213.6889,311.1383,217.9447,309.6625,209.6868,308.6629,210.9404,323.6681,209.0352,323.5703,209.4635,315.1818,244.7221,314.0467,249.4819,313.5550,246.8893,313.5310,247.9139,316.5073,275.8118,315.2982,280.9922,315.0641,277.4678,314.3140,279.9572,310.4634,280.0876,309.1153,286.6453,306.6687,279.7659,305.1054,284.5040,304.0987,280.7801,302.5875,284.4671,319.1061,283.2202,319.7631,280.0491,,,321.8016,203.6214,325.9431,200.1469,,
73991,0,,,,,,,,,,,,,,,319.5195,202.5499,315.3058,200.9243,311.1721,217.6763,305.8021,214.5839,316.0580,218.0160,315.6807,217.5751,314.3412,250.6253,314.7269,248.5507,314.7521,280.2550,315.4048,276.4279,,,,,,,313.0721,200.3444,316.6682,201.7377,316.9590,200.9617,321.3842,202.3750,303.9377,213.6038,309.1620,216.9784,306.1162,214.4326,312.8792,217.4938,309.4641,210.0621,308.2783,210.4944,323.5392,209.1216,323.6861,209.2827,314.8287,244.8190,314.3148,249.1859,313.6007,246.7492,313.9243,247.3122,315.8890,275.6404,315.0607,281.1984,314.5650,277.2263,314.0911,280.0406,310.0411,280.0993,308.9205,286.8672,306.2717,279.8597,304.9878,284.7258,303.6414,280.9114,302.4599,284.6885,318.7506,283.7734,319.1772,279.8847,,,321.7392,202.7580,326.0555,200.0888,,
73992,0,,,,,,,,,,,,,,,320.0030,202.3982,316.3283,200.6777,312.4642,217.1233,307.2106,214.5365,315.3881,217.9343,314.8292,217.0307,314.0659,250.1547,314.1700,248.5214,314.9553,280.1906,315.5836,276.7806,,,,,,,314.2014,199.9867,317.3623,201.6603,317.8886,200.8285,322.0083,202.1969,305.5785,213.5772,310.5048,216.7483,307.4366,214.1404,314.0160,216.8670,308.5390,209.2365,307.2727,210.1369,323.1530,208.8548,323.5041,209.4840,314.2836,244.3228,314.1264,248.2201,312.9828,246.3652,313.2915,246.8644,316.0106,276.2526,315.3422,281.2193,314.7307,277.5507,314.2069,280.2951,310.1209,280.6297,309.3258,286.9904,306.4125,280.4353,305.1341,284.8552,303.7950,281.4578,302.4959,284.9265,319.1746,283.8190,319.3948,280.2881,,,321.7844,203.4758,326.4533,200.0985,,
73993,0,,,,,,,,,,,,,,,320.2014,202.3052,317.0184,200.8814,314.3218,217.2121,309.7951,214.9112,314.9190,217.5119,314.9496,216.5875,313.9852,249.8238,314.0377,248.2991,314.9194,280.1178,315.6632,276.8723,,,,,,,314.8502,200.0164,317.4033,201.6369,318.1313,200.9908,321.9822,202.1148,307.5543,213.9743,312.2377,216.9021,310.4550,214.5894,315.6699,216.7711,308.7296,209.4077,307.2885,210.1829,322.8866,208.7200,323.0339,209.2381,314.1874,244.5109,314.0180,248.1221,312.9366,246.1453,313.3171,246.5766,316.1188,276.2026,315.2092,281.0741,314.7697,277.6306,314.1815,280.1106,310.2674,280.2786,308.9729,286.6985,306.3482,280.2042,304.9147,284.4942,303.6279,281.3935,302.2646,284.5149,319.0579,283.5511,319.5157,280.2214,,,321.3449,202.7287,325.1058,200.1234,,
73994,0,,,,,,,,,,,,,,,320.7635,202.0478,317.4315,200.5096,316.0727,216.5839,312.5630,215.2053,314.9413,218.0154,314.0367,216.9816,313.8124,250.3814,313.6550,248.1862,314.8900,280.4061,315.4916,276.9357,,,,,,,314.7668,199.8237,319.0922,200.8545,318.3212,200.6509,322.2749,201.8673,309.5849,214.3896,314.3323,216.1098,313.1025,214.7943,317.4251,216.1411,308.2257,209.9018,307.6562,210.6141,322.7713,209.0894,323.1384,209.3343,313.8221,244.5063,314.0079,248.8944,312.9116,246.5002,313.1623,246.9982,315.8786,276.1476,315.2545,281.2818,314.6206,277.7667,314.1658,280.3559,309.8290,280.4179,309.0320,287.1118,305.9635,280.2159,304.7478,285.1008,303.2441,281.2646,302.0129,285.1236,319.0842,283.9407,319.4743,280.3464,,,321.3542,203.6310,324.9372,199.9907,,
73995,0,,,,,,,,,,,,,,,321.2049,201.5033,317.9963,199.7500,318.7596,216.0303,313.7626,214.1702,313.6374,217.9016,312.0162,217.2174,313.8725,249.3773,313.5820,247.9070,315.1150,279.8085,315.4223,276.4638,,,,,,,314.5494,199.3705,319.7767,200.8225,318.8543,199.8191,322.4684,200.6948,310.1947,213.4179,317.2085,215.5604,314.2053,213.6172,319.7042,215.4138,306.6066,209.0249,307.0585,210.4260,321.4743,208.4065,321.6225,209.2540,313.5063,244.1074,314.0347,247.7822,312.9550,245.9448,312.9534,246.3759,315.6553,275.9108,315.6139,280.7616,314.5587,277.2304,314.2971,279.8798,309.5773,280.2771,309.4887,286.5780,305.7652,280.1238,305.2139,284.6002,303.1135,281.2041,302.3828,284.9035,319.5376,283.6656,319.3586,280.2604,,,320.2263,202.9743,322.5251,199.8559,,
73996,0,,,,,,,,,,,,,,,321.2884,200.8675,318.4709,198.7798,320.0257,215.3090,313.6923,214.9122,313.6334,217.8615,311.6358,216.7823,314.3230,249.7318,313.3041,248.3406,315.4131,280.3979,315.0070,277.3067,,,,,,,313.0989,199.3065,319.8483,201.0982,318.1173,199.7937,321.3585,201.3762,310.8430,214.3875,318.4178,215.0686,313.9375,214.5154,321.0327,214.6867,305.4434,209.3845,307.2279,210.9220,320.2989,208.5111,320.9936,208.9598,312.9191,244.8626,314.6686,248.1691,312.9646,246.3711,312.9688,246.7949,315.1286,276.5999,316.4092,281.3896,314.2189,278.0832,314.3586,280.4848,309.0725,280.5940,310.9223,287.4885,305.6129,280.6603,305.8619,285.1428,303.0211,281.8441,302.8875,285.4318,319.8159,283.9752,319.2918,280.4444,,,318.7697,202.6930,321.4270,199.7955,,
73997,0,,,,,,,317.6643,198.7721,,,,,,,321.3241,198.8402,319.3551,201.0463,321.1629,213.5267,315.8672,214.9284,314.5778,216.2157,311.6976,216.2778,313.4079,249.3926,312.6594,247.0699,315.2090,280.0943,314.9153,277.1192,,,,,,,315.5834,201.0965,320.2793,199.0076,318.9350,200.9271,320.5139,199.1293,312.2404,214.5748,319.2594,213.0396,315.1967,214.5824,322.4355,213.1193,304.6688,208.8362,307.3213,208.3152,321.7983,207.4419,323.1165,207.1580,312.3971,243.3265,313.7142,248.1860,312.4803,245.5388,312.1076,246.2649,314.9893,276.2941,316.2053,281.0924,314.3099,277.9737,314.0486,280.0176,308.6018,280.2181,310.3926,287.4936,305.0015,280.2372,305.3887,285.0707,302.3613,281.3222,302.1332,285.0152,319.5692,283.3288,319.2648,280.7714,,,320.5388,201.8259,323.4689,200.0518,,
73998,0,,,,,,,,,,,,,,,321.8955,199.0681,318.2289,198.7113,321.3524,212.9677,311.4020,213.7700,314.9398,216.6406,310.3792,216.3791,313.6880,250.0276,312.5072,247.7199,315.2135,281.2263,314.6183,277.1486,,,,,,,,,321.5703,198.9190,317.5246,198.6476,320.8378,199.0985,307.7016,213.2069,319.4582,212.3250,310.2493,214.0572,323.1997,212.8541,303.4069,208.3885,308.5132,208.0780,319.9151,207.3826,322.7002,207.0992,311.4885,244.1218,314.7129,248.8098,312.9500,246.2677,311.8745,246.8788,314.2656,276.2859,316.7040,282.4454,314.2563,278.1323,313.8760,280.9870,307.6810,280.5360,311.6702,288.6687,304.4918,280.6483,306.0887,286.3101,302.2560,281.8962,302.5904,286.2433,319.4761,284.6822,318.8922,280.3777,,,319.4930,200.9569,322.6389,200.0134,,
73999,0,,,,,,,,,,,,,,,323.6657,199.1260,316.7661,201.4316,320.9379,207.9575,311.1587,212.8302,315.7545,215.1827,311.5404,214.6343,313.5567,248.6421,312.3278,246.1494,315.4146,280.6809,314.7412,276.2375,,,,,,,310.0963,201.2938,,,317.5257,201.2467,324.8327,199.1703,307.7312,212.6175,318.6553,207.1198,310.9717,213.0240,323.1652,208.4194,304.0440,206.3800,308.9576,206.1904,321.0565,206.5811,324.0387,206.2840,311.4476,242.9592,314.5813,247.7079,312.7114,244.7817,311.5349,245.6681,314.5166,275.5761,316.7443,281.8434,314.2473,277.2677,314.1091,280.4535,307.7720,280.1883,311.5666,288.2499,304.5246,280.1922,305.9310,285.6064,302.1015,281.3759,302.6130,285.5127,319.6759,284.1120,319.0916,279.7403,,,321.6094,200.0082,,,,
74000,0,,,,,,,,,,,,,,,324.9902,199.1226,319.6396,201.2287,320.0497,209.6205,313.0465,212.1679,315.9781,215.0376,311.2008,214.3818,313.7018,248.9063,312.6685,246.4939,315.1939,280.3093,314.7940,276.5348,,,,,,,317.3691,201.3837,,,319.9557,201.1904,326.5345,199.1790,309.6694,211.9730,318.2279,208.7836,312.8700,212.6377,321.9926,210.0480,304.9620,207.2941,310.0401,206.3248,321.5908,206.7794,324.8138,206.4461,311.9491,243.3444,314.7330,247.9231,313.0379,245.1273,311.5709,245.8911,314.7200,275.8785,316.5602,281.3055,314.2063,277.4207,313.9090,280.0873,308.0481,280.0776,310.7477,287.3555,304.5294,280.0467,305.5928,285.0661,302.0277,281.0951,302.1537,284.8440,319.4722,283.2532,319.0920,279.6127,,,322.6188,199.9972,,,,
74001,0,,,,,,,,,,,,,,,325.1711,199.0287,318.6449,201.4093,319.0439,212.7012,313.5852,211.2411,315.8397,214.5991,311.9316,214.6750,313.4597,248.5598,312.7999,246.7988,315.1411,279.8011,314.9689,278.1312,,,,,,,315.7339,201.3925,324.1443,199.1629,319.6448,201.2829,326.7216,199.2967,310.6749,210.6441,317.3486,212.0086,313.2029,211.3796,320.7758,212.7770,305.3810,207.0669,309.1941,206.7371,321.5426,206.7489,323.8801,206.8429,312.2989,244.7999,314.0919,247.7300,312.7558,244.8904,311.5805,245.4437,315.0455,278.3031,316.2775,280.7367,314.3837,278.4810,313.9167,279.7358,308.4928,283.5058,309.9184,287.2047,305.0957,279.9226,305.3357,284.7362,302.3541,280.7607,302.0766,284.1595,319.3582,282.7510,319.2023,281.8508,,,321.8819,201.0328,325.2559,200.2404,,
74002,0,,,,,,,,,,,,,,,324.7130,199.1574,317.8740,201.4294,318.7291,211.8883,311.8543,212.4125,315.9686,214.5295,311.6258,214.7499,313.4302,249.0877,312.5921,246.9682,314.8704,280.2616,315.0017,277.0601,,,,,,,311.7132,201.3812,,,319.0703,201.1759,326.9194,199.2685,308.6485,211.7761,316.9638,211.2221,311.9945,213.0292,320.4739,211.9482,304.7809,207.6538,309.2368,207.1504,321.0769,207.1489,323.8286,207.0643,312.1305,243.7050,314.3371,247.9785,312.5557,245.7023,311.2344,246.2262,315.1292,276.3530,316.0706,281.3965,314.3460,277.9077,313.5492,280.1494,308.6506,280.2845,309.7039,287.9060,305.1053,280.1865,304.8300,285.2284,302.3659,281.1091,301.4044,284.9811,319.1481,283.3722,319.2388,280.3065,,,321.4997,200.2225,325.1516,200.2700,,
74003,0,,,,,,,,,,,,,,,322.8741,199.2426,316.7841,198.9726,318.8634,211.6382,311.3044,211.9320,316.5488,214.6457,312.4828,214.5782,313.4486,249.4743,312.5043,246.6510,314.9247,280.4933,314.9365,276.6869,,,,,,,310.4646,198.8923,,,318.4623,198.8092,324.4905,199.2715,308.1931,210.9535,316.8321,211.1104,311.5294,212.2959,320.6041,211.4658,305.4920,207.5126,309.2494,207.3539,321.7113,206.0133,324.2243,205.8680,312.1989,243.0283,314.1837,248.2246,312.5171,245.3157,311.6623,246.1857,315.1059,276.0788,316.0492,281.5091,314.1459,277.5508,313.7073,280.3762,308.7226,280.3392,309.6898,287.7272,304.9945,280.1977,304.8452,285.3514,302.2149,281.1522,301.6074,285.1956,319.4946,283.5319,319.2931,279.9236,,,321.9790,201.3593,,,,
74004,0,,,,,,,,,,,,,,,321.7731,199.2746,317.0236,199.0614,319.0456,211.6316,311.3750,212.2776,314.9660,217.3236,313.0942,216.2308,313.7214,249.9084,313.0445,247.1416,315.3229,280.0898,315.4841,276.2473,,,,,,,,,318.9804,199.2441,318.9670,198.9048,320.5627,199.4959,309.5743,211.6305,317.1136,211.2281,312.2959,212.4074,320.3656,211.4722,306.8789,209.2608,307.6195,209.5328,322.5006,207.5769,323.1464,207.8771,312.9293,243.6786,314.2751,248.8419,312.7734,245.9785,312.2445,246.9447,315.7769,275.5128,316.0405,280.9531,314.6313,277.1263,314.3827,279.9685,309.5933,280.2514,310.3986,287.1039,305.7670,279.9682,305.6840,284.9619,302.9639,280.9638,302.7248,284.8567,319.6910,283.0718,319.4995,279.6162,,,321.2223,202.5858,324.3813,200.5285,,
74005,0,,,,,,,,,,,,,,,320.5491,201.5436,311.0127,200.3337,319.6403,211.6553,307.0255,212.4578,314.9546,217.8382,312.4087,216.7687,314.0021,250.3212,313.4001,247.7040,315.1009,280.1046,315.5427,276.2551,,,,,,,309.5038,198.8859,317.6994,201.5592,316.7976,198.8083,317.8022,201.2227,305.0614,211.3007,317.8394,211.0062,307.7465,212.4978,320.6283,211.4473,306.7516,209.5554,308.0904,210.4007,321.0840,208.3283,322.3186,208.5141,313.1223,243.9312,314.5382,249.1477,313.2501,246.4865,312.5249,247.2938,315.7528,275.5525,315.8817,281.0731,314.7816,277.0873,314.0870,280.0508,309.9552,280.0215,310.5534,286.9460,306.4868,280.0174,305.9418,284.8205,303.9729,281.0299,302.9386,284.7299,319.2446,283.0572,319.3430,279.4016,,,320.0176,202.9931,322.6309,200.2988,,
74006,0,,,,,,,,,,,,,,,321.8517,201.4795,310.9302,200.4006,319.4280,211.9204,306.3333,212.3097,314.5540,217.9609,312.3402,217.1929,314.0542,250.2247,313.2879,247.7543,315.3021,280.1643,315.5025,276.2179,,,,,,,308.9073,199.0263,320.8184,201.6224,316.7509,199.0013,319.5526,201.3437,304.4447,211.2445,317.7207,211.5078,307.1189,212.5120,320.5025,211.8694,306.2976,209.8369,307.9542,210.2255,320.8237,208.7187,322.1726,208.6943,313.0184,244.1994,314.6096,249.0189,313.0865,246.4991,312.6605,247.1611,315.6953,275.4787,316.1123,281.1091,314.7418,277.0394,314.3106,280.1436,309.7766,279.9302,310.2933,286.9193,306.2662,279.8991,305.7913,284.7432,303.7918,280.8738,302.6982,284.6196,319.4179,283.2693,319.3433,279.4704,,,319.7475,203.0599,322.5566,200.2507,,
74007,0,,,,,,,,,,,,,,,321.8110,201.6512,309.2391,200.3815,318.6663,212.2180,304.6389,213.4974,315.6231,216.4327,312.4029,215.4225,314.2189,249.5194,313.1386,246.8033,315.4654,279.7756,315.3577,276.2497,,,,,,,307.9930,199.0863,,,312.2879,198.8946,319.7906,201.5414,302.4965,212.7504,317.0195,211.8963,305.3604,213.0666,320.3444,212.1339,306.3359,207.8905,308.9709,208.6037,320.7185,206.6758,322.7571,207.5278,312.7466,243.0243,314.7332,248.2851,313.1580,245.4718,312.8931,246.2966,315.4778,275.4772,316.3096,280.7200,314.6540,277.1188,314.4029,279.6613,309.2173,279.8588,309.9922,286.8043,305.8002,279.7936,305.5393,284.5044,303.1665,280.8936,302.2586,284.3865,319.6074,283.0401,319.2528,279.5378,,,320.0883,202.3770,322.5345,200.4928,,
74008,0,,,,,,,,,,,,,,,323.5110,201.6009,310.7265,200.7338,317.0909,212.3408,304.5283,212.0258,316.2899,216.3155,311.9338,215.3092,313.7158,248.9275,312.8468,247.1264,315.2426,279.5889,315.1688,276.5482,,,,,,,308.9718,198.6311,,,314.2670,200.3059,326.4169,201.5524,302.2953,211.2251,315.0100,211.7655,305.3032,211.7005,318.6541,211.7481,306.3981,207.3308,308.8424,208.0662,321.4867,206.9874,323.5833,207.7593,312.3818,243.5504,314.2637,247.3631,312.9703,245.1436,312.1578,245.7084,315.2546,275.9943,316.4415,280.5987,314.5277,277.2550,314.0691,279.4254,308.9077,280.2612,310.2872,286.5019,305.6237,280.0925,305.8957,284.1986,303.1177,281.0407,302.5910,284.1995,319.4109,282.8789,319.1396,279.8026,,,321.1590,201.3467,323.5049,200.3694,,
74010,0,,,,,,,,,,,,,,,,,317.7814,200.7598,311.2073,209.8419,308.5116,211.4336,316.2774,215.1476,316.0211,214.0896,313.9725,248.7510,313.9057,246.9823,315.0646,279.6154,315.9358,276.2457,,,,,,,314.1640,199.3171,,,318.6068,200.9747,,,306.8358,210.5899,309.7947,208.5845,309.3041,211.4496,312.5528,209.6365,309.2854,206.2210,308.4107,207.0846,324.0204,206.5660,323.8023,206.3958,314.3143,243.3897,314.1703,247.3855,313.2125,245.3817,313.2969,245.9142,316.6356,275.6431,315.6414,280.3751,314.9848,276.9115,314.2001,279.4942,310.5907,279.5431,308.6000,286.3038,306.5996,279.2265,304.8502,283.7907,303.6711,280.1700,302.0706,283.6297,319.0949,282.8428,319.8124,279.7611,,,323.2464,201.3059,,,,
74011,0,,,,,,,,,,,,,,,,,316.5817,200.7522,308.8961,208.2744,307.1284,211.4386,316.0946,214.7801,315.9698,214.2215,314.2470,248.4562,313.9562,246.8979,315.0031,279.7499,315.9093,276.2553,,,,,,,312.4423,199.4409,,,317.3827,200.8754,,,305.5298,210.5431,307.9844,206.9701,308.2928,211.3510,309.7986,208.3155,309.7149,206.2998,309.2865,206.5876,324.2209,206.3195,323.5833,206.1590,314.4054,243.1825,314.2536,246.7643,313.1126,244.9838,313.7861,245.6303,316.6399,275.6401,315.5509,280.6365,314.9498,276.9618,314.1510,279.6362,310.5254,279.6036,308.4681,286.4361,306.6065,279.3584,304.7892,283.8242,303.6406,280.4466,302.0171,283.6378,319.0681,283.1042,319.7868,279.7243,,,323.4727,200.5792,,,,
74012,0,,,,,,,,,,,,,,,,,317.0519,200.6224,307.3963,208.4507,308.6537,211.4823,315.6202,215.8660,316.3236,214.9608,314.1942,249.2247,314.6967,247.4587,314.8171,280.0835,315.9650,276.4477,,,,,,,313.1194,199.2716,,,318.3063,200.6964,324.0648,202.3484,307.3068,210.7275,306.4226,206.9734,310.5211,211.5883,308.2342,208.4011,309.9455,206.6017,308.6248,207.3651,324.4604,207.3157,323.4695,207.4873,315.0993,243.9934,314.0864,247.6131,313.1673,245.7953,313.7875,246.4076,316.7510,275.8017,315.2664,281.0038,314.9838,277.1406,314.1021,279.9555,310.6748,279.8266,308.3028,286.5671,306.6332,279.5335,304.7092,283.9707,303.6355,280.5709,302.0042,283.7238,318.9268,283.4749,319.9081,279.9902,,,323.6583,202.3819,,,,
74013,0,,,,,,,,,,,,,,,,,318.6696,200.3910,306.9502,207.9082,309.4209,211.3740,315.4226,215.7918,316.5290,214.9371,314.2605,249.0293,314.6513,247.5119,314.8096,279.8516,316.1035,276.3365,,,,,,,317.0839,199.4229,,,320.4613,200.6335,,,308.1839,210.4104,305.8384,206.7317,311.6463,211.1719,307.7631,207.6596,310.3745,206.6332,308.7503,207.3936,324.4708,207.5629,323.2531,207.9120,315.0958,243.9640,314.0650,247.4545,313.2851,245.7051,314.0057,246.2866,317.0173,275.6742,315.1746,280.7830,315.0697,276.9673,314.1744,279.7225,310.9793,279.6759,308.0564,286.3235,306.8689,279.3045,304.6290,283.7410,303.9010,280.3409,302.0060,283.5327,319.1105,283.1841,319.9293,279.9336,,,323.4538,202.2733,,,,
74014,0,,,,,,,,,,,,,,,321.0760,202.4160,318.7142,200.4149,307.0051,209.2081,310.0604,211.2771,315.3797,216.1951,316.5232,215.1867,314.0572,249.5006,314.5476,247.9251,314.6764,280.0984,316.1353,276.4503,,,,,,,317.1024,199.4647,,,320.3977,200.7760,322.8666,202.1950,309.0002,210.3252,305.6118,207.5290,312.3888,211.4320,307.9186,209.1760,310.3409,206.7123,308.5878,207.5094,324.3454,207.8897,323.1074,208.3031,314.9685,244.0155,313.9063,247.7298,313.1425,245.9233,313.6476,246.5999,317.0082,275.8445,315.1178,281.1030,315.1163,277.1305,313.9960,279.9981,311.0551,279.8777,308.0519,286.6763,307.0293,279.6232,304.6306,284.1131,304.0849,280.7249,301.9216,284.0078,318.9944,283.5346,319.9605,280.0074,,,323.2509,202.6036,326.5117,200.6295,,
74015,0,,,,,,,,,,,,,,,321.2284,202.4871,318.6073,200.3928,307.9801,209.5445,309.2576,211.3673,315.7208,216.0301,316.6827,215.2412,314.1471,249.2707,314.4829,247.6522,314.7552,279.7980,316.0138,276.4779,,,,,,,315.9181,199.2427,,,320.1387,200.7765,323.1410,202.1781,307.9114,210.4419,306.6696,207.6904,311.0121,211.5612,309.1330,209.6679,310.4973,206.8732,309.0965,207.3839,324.2423,207.8513,323.1741,207.3595,314.8720,243.9221,314.0032,247.5212,313.0958,245.8174,313.6920,246.2521,316.8260,275.8442,315.2603,280.5487,315.0322,277.1518,314.0492,279.7019,310.9977,279.8425,308.4385,286.2952,307.0242,279.4328,304.8655,283.8074,304.1351,280.4676,302.0728,283.7358,319.0240,283.0073,319.7551,279.8939,,,323.3727,202.6441,,,,
74018,0,,,,,,,,,,,,,,,,,313.1673,200.1859,314.2799,211.9923,304.8639,210.5698,316.3760,215.7281,314.7433,214.3407,314.3725,248.7467,313.4495,246.5443,315.4261,279.5943,315.5334,276.1252,,,,,,,310.7416,199.0734,,,315.5459,200.3339,,,302.8432,209.4449,312.4908,211.1020,305.4122,210.5464,315.5387,212.2398,309.1567,206.6842,309.0806,207.2066,323.0794,206.6930,324.0939,206.4437,313.4206,242.8989,314.7428,247.2329,313.0949,245.1376,313.1352,245.6932,315.9739,275.3813,316.1699,280.2687,314.7709,276.8247,314.4781,279.4200,309.8441,279.4568,309.9622,286.2490,306.3922,279.2540,305.8501,283.9986,303.6543,280.3436,302.6820,283.8509,319.5123,282.7807,319.4449,279.4144,,,322.8375,202.1908,,,,
74019,0,,,,,,,,,,,,,,,,,312.3049,200.4126,315.0073,212.1128,305.4511,210.6661,316.7184,215.7946,315.0484,214.6113,313.9697,248.2586,313.6113,246.4313,315.1900,279.2012,315.5850,275.9422,,,,,,,311.3328,199.1939,,,315.8560,200.2931,,,303.2653,209.4758,313.4603,211.2968,306.0206,210.6031,316.2528,212.2563,309.4985,206.7012,309.0378,207.1549,323.9237,206.2884,324.5910,206.1653,313.7565,242.6354,314.3056,246.7481,313.2280,244.8024,312.9405,245.1654,316.1986,275.1159,315.9954,279.8731,314.8111,276.6735,314.1875,278.9620,310.2447,279.2744,309.3078,285.8952,306.4995,279.0559,305.3822,283.5331,303.7696,280.1211,302.4098,283.5087,319.3532,282.3343,319.7288,279.3824,,,323.2632,201.2484,,,,
74020,0,,,,,,,,,,,,,,,324.2872,202.2930,311.8322,200.5354,314.0931,212.6645,304.9692,211.1358,316.0421,216.1329,314.4116,214.9078,314.0470,248.5777,313.5987,246.7994,315.0620,279.3730,315.4688,276.1832,,,,,,,309.9438,199.1770,,,315.2904,200.4957,,,302.6584,210.2640,312.5082,211.8691,305.4687,211.1105,315.2285,212.9084,308.1142,206.9835,308.2425,207.7363,322.9928,206.8397,323.9763,206.7607,313.6313,242.9029,314.4985,247.0473,313.2127,245.0844,312.8220,245.6157,315.8357,275.4629,316.2207,280.1584,314.7436,276.8789,313.9473,279.1638,309.8614,279.4207,309.8497,286.1940,306.1865,279.1363,305.5282,283.7584,303.4957,280.1892,302.4034,283.7493,319.2942,282.5487,319.5890,279.4192,,,322.9181,201.4691,,,,
74021,0,,,,,,,,,,,,,,,322.9030,202.1817,317.4532,200.3337,313.8042,213.1484,308.3104,211.4778,316.1956,215.3663,316.1645,214.1863,313.6240,248.6909,313.8464,246.7012,314.7889,279.3606,315.5825,276.4264,,,,,,,313.8003,199.0550,318.8595,201.5991,318.4277,200.5887,325.5980,201.4528,306.4285,210.6747,311.9833,212.3337,308.7709,211.3421,315.0206,213.5787,310.0856,206.5507,308.6492,207.2672,324.2807,206.8213,323.8292,206.7446,314.2598,242.8349,313.5611,246.9827,313.2520,244.7956,313.2510,245.5019,316.3600,275.7864,315.4908,280.1353,314.6811,277.0044,313.8323,279.2412,310.7326,279.6108,308.7292,285.8490,306.8931,279.3467,305.0838,283.4700,303.9446,280.2996,302.2568,283.4902,318.9549,282.4615,319.6875,279.8503,,,323.2655,200.9811,327.6620,200.2340,,
74022,0,,,,,,,,,,,,,,,322.5621,202.5359,320.2569,200.9464,312.0080,213.7813,312.5713,212.3141,316.1426,216.4037,316.6379,215.3120,313.9686,249.4083,314.1809,247.1921,314.7754,280.1205,316.1056,276.5054,,,,,,,319.1156,200.1240,318.7162,201.6063,323.0606,200.8762,324.7726,202.5033,312.2615,211.8158,310.1140,212.7967,316.1506,212.4291,313.0195,214.2679,311.0234,207.0868,309.4480,208.3959,324.6634,207.9103,323.8622,208.4282,314.5429,243.3440,313.7870,247.6765,313.0792,245.3805,313.6517,246.1915,316.9493,275.8716,315.1847,281.1361,315.0592,277.1815,314.0739,280.0341,311.0905,279.9717,308.2758,286.5702,306.9902,279.5714,304.8928,284.2054,303.9424,280.5234,302.2620,284.1025,318.9355,283.6940,319.9606,280.1414,,,323.3598,202.6178,328.7980,200.3251,,
74023,0,,,,,,,,,,,,,,,322.0385,202.7551,319.8342,200.9038,310.3549,214.0341,314.5141,213.5778,315.9680,216.6483,316.6349,216.0511,314.0022,249.0076,314.2817,247.5151,314.8709,279.8927,316.1502,276.3379,,,,,,,318.8184,200.2001,317.8995,201.6372,323.1862,200.7690,324.3474,202.7477,314.3105,213.0532,308.5973,212.6708,317.9996,213.8646,310.9599,214.4338,310.3097,207.5127,308.9924,208.4098,324.6226,208.2810,323.6795,208.1645,314.7945,243.5261,313.5732,247.2256,313.0020,245.2745,313.9007,245.9661,316.9173,275.6621,315.1131,280.8553,315.1365,277.0358,314.2555,279.7589,311.1977,279.8978,308.2614,286.3223,307.0423,279.5633,305.0629,284.0631,304.1026,280.3929,302.4871,284.0421,318.9349,283.5001,319.8660,280.1103,326.6253,200.4751,323.3054,202.6289,328.4850,200.4019,,
74024,0,,,,,,,,,,,,,,,322.7005,202.6289,319.7388,200.9432,310.0076,213.8581,312.3930,213.5609,316.2063,215.5706,316.6149,215.5161,314.1717,249.7259,314.2512,247.2165,315.0281,280.2959,316.1757,276.6396,,,,,,,318.7016,200.0588,318.4105,201.5034,322.8618,200.8388,325.2106,202.6639,311.7849,212.9151,308.1404,212.5070,315.4934,213.8217,310.8703,214.2702,309.2916,207.6600,308.3841,208.0877,324.8409,207.1930,324.1004,207.6521,314.4426,243.4465,313.9657,248.1703,312.9930,245.5188,313.7367,246.5961,316.9139,275.9177,315.5289,281.3129,315.1540,277.3291,314.2336,280.1314,310.8912,279.9159,308.3927,286.9491,306.8160,279.4868,304.8842,284.4737,303.7779,280.3620,302.1362,284.3388,319.2054,283.9159,320.1780,280.2424,,,323.5986,201.7782,,,,
74025,0,,,,,,,,,,,,,,,320.6734,202.8017,319.9267,201.0235,308.6632,214.1915,314.3498,214.3343,315.9938,215.6593,317.2804,215.5184,313.9014,249.3647,314.8689,247.2423,314.5292,280.1644,316.3389,276.2801,,,,,,,319.2363,200.1804,318.1365,201.9947,323.3814,201.0235,322.9115,202.9107,313.6350,213.6932,307.1155,212.8301,316.8082,214.5957,309.2050,214.7553,310.3126,207.7989,308.5915,208.2405,325.0697,207.0156,324.0746,207.6493,315.4244,243.7281,313.5224,247.8323,313.0505,245.6456,313.6327,246.4716,317.2510,275.5098,314.8929,281.1655,315.2440,277.0433,313.8282,279.9191,311.4450,279.8247,307.9576,286.7378,307.1953,279.4268,304.6983,284.2509,304.1945,280.3482,302.1712,284.1075,318.9176,283.7174,320.2670,279.8164,,,323.1932,202.1810,,,,
74026,0,,,,,,,,,,,,,,,320.6373,203.0098,319.6686,201.4531,308.2647,214.8489,313.7121,215.0555,315.7980,216.5157,317.0532,215.6068,314.1333,250.5900,315.1197,247.6550,314.5475,280.7405,316.4602,276.3970,,,,,,,319.2468,200.5119,317.9211,202.0744,322.6568,201.3279,322.8763,203.1698,312.8616,214.5439,306.8427,213.3508,316.5896,215.3119,308.6498,215.3524,310.5136,208.1647,308.3819,209.0387,325.0342,207.6541,323.8703,208.1486,315.6310,243.9882,313.7884,249.1531,313.0978,246.0943,313.6786,247.1693,317.4008,275.6058,314.9575,281.8529,315.3771,277.2255,313.8447,280.4952,311.6104,279.8928,307.8422,287.4195,307.3611,279.4834,304.5341,284.8597,304.3320,280.3537,301.9541,284.5158,318.8302,284.3138,320.4212,280.1887,,,322.9596,202.8095,,,,
74027,0,,,,,,,,,,,,,,,320.4074,202.6833,319.4325,201.3924,307.6319,214.6051,312.2658,214.8523,316.0732,217.2647,316.9734,216.5500,314.1206,250.6200,315.0659,247.8637,314.4135,280.4326,316.5865,276.3689,,,,,,,318.9732,200.1427,317.2108,201.2025,322.3787,201.0843,322.4999,202.8305,311.9610,214.3053,306.1390,213.1132,315.5499,215.2675,308.2526,215.1465,310.3940,208.8706,308.3241,209.7354,325.0094,208.5366,324.0433,208.9713,315.5775,244.0783,313.7863,249.1224,313.1489,246.2382,313.7121,247.4438,317.5526,275.6196,314.8528,281.4117,315.4477,277.2461,313.6841,280.2601,311.4661,279.9133,307.8108,287.1324,307.2355,279.4345,304.4827,284.6560,304.1693,280.3361,301.8603,284.4641,318.8751,283.8405,320.5618,280.1944,,,323.0480,202.4866,327.0630,200.4151,,
74028,0,,,,,,,,,,,,,,,319.8578,202.7275,320.1319,201.4600,307.5817,214.8044,314.4827,215.3641,316.0841,217.9851,317.4682,217.2468,314.0243,250.9060,315.4429,248.2648,314.2249,280.8191,316.6328,276.7824,,,,,,,319.6897,200.3323,316.9788,201.7470,323.2172,202.1993,322.0527,202.8551,313.6286,214.8452,306.1134,213.3497,316.9512,215.8097,308.0838,215.4038,311.4542,209.6460,308.7200,210.5467,325.1852,209.0921,324.0931,209.4546,316.0879,244.3152,313.6323,249.2711,313.3042,246.5855,313.7682,247.8250,317.7099,276.0088,314.5438,281.9253,315.4406,277.6335,313.5433,280.6287,311.7438,280.1365,307.4646,287.3850,307.4109,279.6686,304.2006,284.6833,304.3292,280.5689,301.6165,284.4704,318.5827,284.4971,320.6188,280.5278,,,323.1079,202.7627,327.0239,200.2330,,
74029,0,,,,,,,,,,,,,,,319.6719,202.9675,320.5287,201.5790,307.3187,214.8099,314.3690,215.7206,316.0615,218.1136,317.2963,217.2737,314.0263,250.9071,315.4818,248.3885,314.5627,280.4875,316.8141,276.4926,,,,,,,320.0428,200.5658,316.8190,201.8617,323.4896,202.4601,321.8040,203.1209,313.3619,215.0806,305.7976,213.3391,316.8004,216.2260,307.7597,215.4089,311.7667,209.8903,309.0760,210.7454,324.7414,209.1104,323.5134,209.6887,316.0622,244.6103,313.6273,249.4173,313.3751,246.7667,313.7359,247.8322,317.8489,275.7402,314.9304,281.4663,315.6773,277.3429,313.8968,280.2739,311.8859,279.8596,308.0238,287.0770,307.6301,279.4108,304.7924,284.6086,304.5900,280.2775,302.2313,284.3537,318.9647,283.8775,320.7236,280.2392,,,322.6253,203.1365,326.4280,200.3433,,
74030,0,,,,,,,,,,,,,,,319.4023,202.8479,321.0275,202.6373,307.4635,215.4750,314.5044,215.6235,316.0062,218.5826,317.3511,217.9345,313.9942,250.6808,315.4738,248.6278,314.3585,280.3954,316.7378,276.8354,,,,,,,320.2074,200.3890,316.5618,201.8381,323.6700,202.5374,321.5535,203.0393,313.4693,215.0416,305.9773,214.0268,316.6441,216.2118,307.7847,216.1430,311.5768,210.5017,308.5737,211.6521,324.7339,209.5399,323.5134,209.9723,316.0843,244.9075,313.5771,249.0421,313.1703,246.8977,313.6300,247.8436,317.8289,276.0637,314.6714,281.3279,315.5677,277.6292,313.6923,280.2750,311.8733,280.1162,307.6530,286.9662,307.5787,279.6693,304.5353,284.4794,304.5805,280.5935,302.0324,284.3743,318.7778,283.8002,320.6588,280.4902,,,322.5268,203.9775,326.7407,200.2166,,
74031,0,,,,,,,,,,,,,,,319.0859,202.8117,320.3418,201.3910,307.9516,216.1352,314.7776,215.1009,315.7578,218.6492,317.0782,217.6029,313.9952,250.8192,315.4516,248.4641,314.3066,280.5534,316.6703,276.8378,,,,,,,320.0071,200.3548,316.3083,201.8356,323.2372,201.4560,321.3367,202.9192,313.8510,214.4781,306.5466,214.7031,316.9192,215.4605,308.2079,216.8907,310.9992,209.6680,308.3118,211.4239,324.3668,209.1850,323.1190,209.7962,316.0686,244.6837,313.6464,249.2275,313.2426,246.8043,313.7290,247.8268,317.7769,276.0667,314.6070,281.5557,315.4693,277.6639,313.6365,280.3888,311.7845,280.0495,307.5334,287.0851,307.4696,279.5823,304.4435,284.6169,304.4215,280.4700,301.9133,284.4588,318.6705,284.0874,320.6159,280.5726,,,322.1975,203.0890,325.9177,200.2998,,
74032,0,,,,,,,,,,,,,,,318.7596,202.5234,318.6640,201.0041,308.0850,216.9840,312.0197,214.4091,315.5536,218.4427,316.6412,217.2065,314.1249,250.6005,315.4028,248.2576,314.4084,280.3417,316.3461,276.8789,,,,,,,317.9258,199.8620,315.9310,200.8212,321.4242,200.9374,320.9655,202.6349,311.4927,213.8669,306.6317,215.6499,315.4977,214.9467,308.5619,217.8431,309.9201,209.4186,307.7068,211.3835,324.1210,209.0628,323.0603,209.7024,315.9628,244.6144,313.6882,249.1458,313.3035,246.6133,313.7281,247.6655,317.3451,276.0958,314.7850,281.2616,315.2255,277.6795,313.7033,280.1853,311.2085,280.1051,307.6639,286.8159,306.9763,279.6928,304.4345,284.4550,303.9847,280.5633,301.8331,284.3161,318.8236,283.5852,320.3512,280.5198,,,321.8582,203.5165,325.6951,200.2395,,
74033,0,,,,,,,,,,,,,,,318.2823,202.8154,316.7721,201.3953,307.6492,217.8231,307.7032,213.9713,316.0320,219.0866,316.7299,217.9917,314.1855,251.0624,315.1283,249.0536,314.1321,280.4223,316.0823,276.9911,,,,,,,315.6762,200.1306,315.7688,201.8117,319.1007,201.2390,320.5385,202.9708,306.1624,213.2650,305.7338,216.4954,309.0421,214.1086,308.7415,218.5966,310.3700,210.1279,308.5854,211.8732,324.4981,209.5462,323.5314,210.4423,315.6567,245.0806,313.7741,249.5170,313.2652,247.1979,313.7809,247.9598,316.9102,276.1777,314.5562,281.3697,315.0581,277.7531,313.3692,280.3009,310.9792,280.2465,307.6100,287.0266,307.0029,279.8945,304.3475,284.6661,304.1740,280.9025,301.7463,284.5051,318.2220,283.7058,319.9899,280.5296,,,322.3546,203.8118,326.6163,200.1972,,
74034,0,,,,,,,,,,,,,,,318.0386,202.8359,314.4933,201.4908,307.9672,218.3314,305.7139,213.6907,315.9095,218.9096,316.5975,217.8352,314.1819,250.8897,315.1143,248.4807,314.5663,280.4711,316.0521,276.7964,,,,,,,312.0727,199.9397,315.3702,201.8314,317.1321,201.0953,320.3913,202.9829,303.5043,213.0268,305.9609,217.1500,306.6960,213.8315,309.1575,218.9766,310.0854,209.8713,308.0200,211.7653,324.3362,209.2921,323.3306,210.2171,315.7099,244.4953,313.8384,249.4024,313.1318,246.8151,313.6082,247.8378,316.8448,275.9647,315.0841,281.4462,315.0347,277.6128,313.7651,280.3294,311.0651,280.1414,308.0923,287.1483,307.0158,279.8420,304.6605,284.7444,304.1840,280.9602,301.9577,284.6177,318.6431,283.9036,319.9377,280.3903,,,321.9742,202.8338,326.1679,200.3663,,
74035,0,,,,,,,,,,,,,,,317.7855,202.8062,313.8513,201.5370,308.1374,219.3334,304.6469,213.4311,315.8731,219.3090,316.3290,218.1203,314.3249,251.0604,314.7710,248.9805,314.6131,280.4468,315.9888,276.9332,,,,,,,311.4717,199.9370,315.2489,201.7783,316.5148,201.0899,320.0095,202.9475,302.3799,212.8648,306.1847,218.2045,305.3812,213.7186,309.3008,219.9883,310.0142,209.7416,308.2956,211.9655,323.9062,209.3423,322.8747,210.2562,315.2367,244.7835,314.0072,249.5078,313.1541,246.9754,313.7764,247.8331,316.7145,276.1371,315.1125,281.4217,315.0138,277.7599,313.8492,280.3504,310.8060,280.1073,308.2175,287.0088,306.8514,279.8479,304.8654,284.7310,303.9928,280.9435,302.2535,284.6114,318.6655,283.8234,319.8200,280.6165,,,321.7959,203.6605,325.7708,200.1995,,
74036,0,,,,,,,,,,,,,,,317.6810,203.0120,313.8172,201.6696,307.8227,219.9894,304.5004,213.2458,315.8484,219.7275,316.2772,218.3921,314.3821,251.1407,315.0271,249.0929,314.7381,280.1556,316.1864,276.7315,,,,,,,311.8324,199.9368,315.0709,201.9045,316.7756,201.2802,319.9572,203.1368,302.2479,212.5952,305.8976,218.8764,305.2802,213.3576,309.0162,220.5570,310.3820,209.8318,308.3019,212.6290,324.1231,209.4726,323.0782,210.6317,315.5533,244.8211,314.1071,249.5827,313.3184,247.0302,313.8825,247.9019,316.9775,275.9265,315.1527,281.1000,315.1890,277.5243,314.0300,280.0656,311.1312,279.9957,308.1263,286.6963,307.1313,279.6444,304.9496,284.3829,304.2557,280.6548,302.3979,284.2627,318.8318,283.4306,319.9617,280.3918,,,322.1753,203.9608,326.4823,200.2847,,
74037,0,,,,,,,,,,,,,,,317.7191,202.8709,313.5041,201.6429,308.1618,220.4520,303.8877,213.4143,315.6709,219.4036,316.4011,218.0626,314.3919,251.0362,314.8970,248.7462,314.7685,280.2185,315.9795,276.8873,,,,,,,311.2728,199.9760,315.2082,201.8825,316.5795,201.1429,319.9201,202.8312,301.5667,212.7689,306.2660,219.5788,304.6609,213.4631,309.4370,220.8434,310.4680,209.4977,308.0810,212.1203,324.2938,209.2686,323.3260,210.4044,315.4377,244.5083,313.9345,249.5109,313.3297,246.7265,314.1575,247.7562,316.7282,276.0814,315.0762,281.1586,315.0151,277.7067,314.1167,280.1132,310.8556,280.0860,307.9196,286.7644,306.8464,279.7426,304.8238,284.4569,303.9288,280.7762,302.3275,284.3136,318.7533,283.4305,319.7101,280.5105,,,322.3899,203.6668,326.9786,200.2503,,
74038,0,,,,,,,,,,,,,,,317.6315,202.7604,314.2384,201.3737,308.0879,220.3726,303.9185,213.0612,315.7171,218.9351,316.4512,217.5742,314.4986,251.0062,315.0750,248.7897,314.7783,280.2817,315.9473,276.9092,,,,,,,311.7695,199.8223,315.1324,201.8246,316.7730,201.0149,319.8242,202.7162,301.6365,212.4300,306.1569,219.5352,304.7154,213.0096,309.3997,220.5332,310.2936,209.0445,307.9094,211.4153,324.3013,208.9694,323.3121,210.0986,315.6259,244.3995,314.1089,249.4550,313.3889,246.7624,314.0693,247.7615,316.6946,276.1240,315.1364,281.2337,314.9575,277.7176,314.0664,280.1534,310.7226,280.0217,307.8883,286.8559,306.7395,279.6840,304.7488,284.4382,303.8313,280.7093,302.2409,284.2661,318.7591,283.6451,319.6812,280.5835,,,322.4442,202.7459,327.3483,200.3079,,
74039,0,,,,,,,,,,,,,,,317.4704,202.7063,313.2042,201.5820,308.2314,220.5358,303.3034,213.7663,315.7020,219.2370,316.2110,218.0076,314.4524,251.1843,314.9905,249.1002,314.9333,280.4298,315.8140,277.0297,,,,,,,310.5845,199.9412,314.8214,201.7053,315.9569,201.1263,319.7406,202.6482,300.9675,213.1529,306.3654,219.9277,304.1445,213.8522,309.4864,220.5812,309.9574,209.4945,307.6900,211.6748,323.9977,209.5388,323.0964,210.6288,315.3950,244.7850,314.0089,249.5656,313.2841,246.9768,314.1082,248.0600,316.5846,276.2947,315.2548,281.3736,314.8471,277.7986,314.2617,280.3016,310.5421,280.1281,307.9651,286.9120,306.5336,279.8003,304.7816,284.4907,303.6036,280.8067,302.2632,284.2843,318.9189,283.8605,319.5388,280.6574,,,322.1452,203.9210,327.1040,200.2052,,
74040,0,,,,,,,,,,,,,,,317.3491,202.7305,312.6264,201.5031,308.3288,220.7076,303.1962,213.8333,315.8030,219.3099,316.5701,218.1938,314.3632,251.0106,314.9251,249.1662,314.7974,280.1161,315.9157,276.8902,,,,,,,309.9853,199.8506,314.7248,201.7609,315.4936,201.0282,319.5840,202.6862,300.8069,213.1216,306.5237,220.2071,303.9537,214.0382,309.6242,220.6990,310.4383,209.6493,307.9487,211.8616,324.1769,209.6204,323.2082,210.6896,315.4115,244.9173,313.9060,249.4494,313.2200,246.9415,314.0175,247.9571,316.6858,276.1905,315.1755,280.9923,314.9481,277.6327,314.0816,280.0190,310.7388,279.9744,308.0713,286.6009,306.7092,279.6410,304.8145,284.2548,303.7912,280.6643,302.3002,284.2033,318.8515,283.4113,319.6445,280.5626,,,322.3002,203.8993,327.2456,200.1786,,
74041,0,,,,,,,,,,,,,,,317.2910,202.5802,312.7558,201.5003,307.9627,220.5353,304.0992,213.9817,315.6781,219.3370,316.4541,218.0099,314.3157,251.4361,314.6766,249.5169,314.9506,280.2896,315.6087,277.0740,,,,,,,310.2353,199.9320,314.7400,201.6383,315.6462,200.9682,319.4775,202.5519,301.7687,213.2744,306.1234,220.0091,304.9193,214.1655,309.3003,220.5171,309.9804,209.6783,307.6582,211.6318,324.0233,209.7054,323.1045,210.7653,315.0273,245.2378,313.9115,249.8415,313.0452,247.2149,313.9472,248.2830,316.3491,276.3835,315.3663,281.1983,314.6890,277.8112,314.2423,280.2107,310.3768,280.1299,308.4045,286.8444,306.3389,279.8767,304.9562,284.5104,303.4057,280.9765,302.3788,284.4622,318.9986,283.5686,319.4670,280.6028,,,322.1819,203.9337,326.8583,200.1442,,
74042,0,,,,,,,,,,,,,,,317.2720,202.7210,315.4874,201.3853,307.4836,220.7949,305.9718,214.9375,315.6452,219.5380,316.4473,218.3359,314.4162,251.2961,315.0525,249.1728,314.7384,280.2341,315.7940,276.9534,,,,,,,314.1298,200.1850,314.7560,201.7731,317.9099,201.0872,319.4562,202.6410,303.8891,214.2032,305.5339,220.2423,307.5309,214.9648,308.8494,220.8249,310.0340,210.0453,307.8400,212.0393,324.2438,210.0108,323.2392,211.0993,315.6267,245.0456,314.0711,249.7092,313.4112,247.0713,314.1873,248.0792,316.5786,276.2610,315.1060,281.1256,314.8255,277.6966,314.0094,280.1374,310.5915,280.0493,307.9132,286.7024,306.5008,279.7359,304.6200,284.3047,303.5058,280.7641,302.1067,284.2406,318.8101,283.4985,319.6628,280.5145,,,322.5508,204.2115,327.4645,200.1648,,
74043,0,,,,,,,,,,,,,,,317.2813,202.5470,315.9725,201.0993,307.2412,220.3602,306.8534,214.9883,315.8879,219.1368,316.4870,218.2073,314.5562,251.2590,315.2403,249.1284,314.8254,280.2060,315.7330,276.9739,,,,,,,314.8544,200.1301,314.8161,201.6234,318.1709,200.9988,319.4771,202.4928,304.8267,214.2070,305.3289,219.6764,308.8468,215.0459,308.4822,220.3390,309.7682,210.0434,307.9959,211.8375,324.3392,209.9759,323.4574,210.9308,315.7288,245.0835,314.2550,249.7040,313.4503,247.1006,314.2195,248.1127,316.4753,276.2916,315.2495,281.0365,314.7961,277.6964,314.0806,280.0714,310.4656,280.0892,308.1316,286.6248,306.3576,279.7515,304.6442,284.2870,303.2680,280.7571,301.9912,284.2536,318.9573,283.3465,319.7193,280.4719,,,322.7834,204.1439,327.9552,200.1591,,
74044,0,,,,,,,,,,,,,,,317.5827,202.5577,317.7455,202.2580,307.0868,219.8203,309.3647,215.4197,315.6987,218.9755,316.8997,218.0694,314.4668,251.2974,315.2672,249.0653,314.8038,280.2253,316.1684,276.7890,,,,,,,316.9101,200.2713,315.0110,201.6522,319.9768,202.1780,319.8129,202.5534,307.0501,214.6652,305.1470,219.0111,312.4400,215.6401,308.3037,219.8548,310.3505,210.0395,307.8575,211.3553,324.4122,209.8623,323.2442,210.5827,315.7899,245.1907,314.0311,249.8309,313.3009,247.1566,314.2350,248.1979,317.0689,276.0866,315.2295,281.0629,315.1276,277.5415,314.0313,280.0772,310.9563,280.0568,307.9271,286.6659,306.7731,279.5830,304.5971,284.2034,303.6465,280.4993,302.0591,284.0818,318.9943,283.4612,320.0831,280.3203,,,322.7093,204.1470,327.7061,200.1567,,
74045,0,,,,,,,,,,,,,,,317.5918,202.6063,318.1368,201.4392,307.0349,219.9628,311.7284,215.5237,315.4195,219.5823,316.0637,218.6605,314.3593,251.1797,315.0458,248.6945,314.8697,280.0824,316.0783,276.9065,,,,,,,317.5657,200.3792,314.9452,201.6511,320.1390,201.2926,319.7360,202.5649,310.7681,214.8738,305.0801,219.0463,314.7870,215.6797,307.9373,219.9391,309.6160,210.2688,307.6124,212.2751,323.8721,210.0838,322.9407,210.8983,315.5212,244.7714,313.8475,249.5135,313.2872,246.8188,314.1164,247.9500,316.8234,276.1921,315.2580,280.9482,315.1156,277.6461,314.1839,280.0052,311.0522,280.1651,308.1808,286.6516,306.9707,279.9045,304.9922,284.4343,304.0784,280.9968,302.5324,284.3523,319.1747,283.1667,320.0140,280.4091,,,321.9546,204.2645,326.4708,200.0111,,
74046,0,,,,,,,,,,,,,,,317.7945,202.5903,318.1703,201.5372,306.9173,219.2682,310.5341,215.2320,315.2247,219.5945,316.0477,218.6078,314.5160,251.5290,315.0555,249.2611,314.7244,280.5071,315.9734,277.0917,,,,,,,317.4527,200.3226,315.2389,201.6511,320.1328,201.3549,319.9417,202.6288,308.4907,214.1690,304.8778,218.1962,313.9748,215.5053,307.8779,219.3681,309.3268,210.1366,307.2107,212.2315,323.9890,210.1739,323.0795,211.0777,315.4314,245.2289,314.1716,249.9159,313.0787,247.3484,313.9703,248.3945,316.6971,276.3765,315.1886,281.4477,314.9890,277.8456,313.9509,280.4343,310.8471,280.2655,308.1031,287.1608,306.7343,279.9526,304.7231,284.7127,303.7102,281.0459,302.1314,284.6161,319.0395,283.7670,320.0026,280.5867,,,322.2244,204.1984,326.8652,200.1458,,
74047,0,,,,,,,,,,,,,,,317.5492,202.6433,319.0659,201.5607,306.7600,219.7226,313.1581,215.5164,315.3955,219.2641,316.3495,218.2223,314.2406,251.1596,315.0791,248.5930,314.8230,280.3929,316.3271,276.8136,,,,,,,318.1574,200.2165,314.9921,201.6965,321.3264,201.3405,319.6776,202.7201,311.5735,214.9437,304.7367,218.7602,315.6633,215.5845,307.6883,219.8218,309.8754,210.2774,307.3979,212.3183,324.1804,209.6954,323.1269,210.6021,315.5657,244.7032,313.8644,249.6068,313.1276,246.9637,313.8186,248.0876,317.1388,276.0652,315.2231,281.3531,315.3403,277.5454,314.0864,280.2684,311.2848,280.0828,308.1314,286.9966,307.0936,279.7317,304.7062,284.5182,304.0907,280.7977,302.1015,284.3777,319.2506,283.7433,320.3318,280.2906,,,322.1761,204.0236,326.9384,200.1533,,
74048,0,,,,,,,,,,,,,,,317.4258,202.8188,319.3854,201.6881,306.2607,219.7198,312.1465,215.4718,315.0613,219.3037,316.3902,218.2297,314.3975,251.0089,315.2657,248.7532,314.5023,280.3531,316.2671,276.8134,,,,,,,318.5927,200.4711,314.9113,201.8861,321.7220,201.4883,319.6566,202.8312,311.3770,214.8004,304.4476,218.5848,315.3992,215.6314,307.1823,219.9670,310.1151,209.8793,307.4869,211.9347,324.1175,209.8137,322.9075,210.7580,315.7439,244.8558,313.9240,249.3225,313.4009,246.7915,314.2278,247.7496,317.1387,276.0697,314.8775,281.3685,315.2221,277.5845,313.7675,280.2485,311.3943,280.0513,307.7234,286.9510,307.2183,279.6924,304.5111,284.3911,304.2325,280.7544,301.9403,284.2453,318.7238,283.7223,320.1525,280.2897,,,322.2049,204.0929,326.8591,200.2181,,
74049,0,,,,,,,,,,,,,,,317.2598,202.6552,319.1812,201.4262,306.1018,219.3171,313.5118,215.4451,314.9119,219.2813,316.4765,218.3531,314.2234,251.1957,315.2371,249.1103,314.5529,280.5439,316.2248,277.0940,,,,,,,318.4634,200.2202,314.6712,201.7069,321.5705,201.3328,319.5270,202.7082,311.8552,214.7228,304.1967,218.2224,316.1118,215.5228,306.9775,219.5595,310.1066,209.9971,306.9217,211.9677,323.9424,209.8190,322.5622,210.6794,315.7483,245.1808,313.7292,249.5966,313.0670,247.1139,314.0134,247.9974,317.1260,276.3305,314.8937,281.5841,315.1873,277.8451,313.8552,280.4364,311.3625,280.2598,307.8147,287.2017,307.1319,279.9325,304.5905,284.7476,304.1010,280.9771,301.9766,284.6336,318.8994,283.9041,320.1613,280.5945,,,321.8773,203.9690,326.4105,200.0969,,
74050,0,,,,,,,,,,,,,,,317.2708,202.6237,319.2056,201.1709,306.1315,219.7868,312.5189,215.3949,314.9452,218.9751,316.2883,218.0017,314.3274,250.9889,315.2047,248.8553,314.6754,280.3936,316.2611,276.9936,,,,,,,318.3229,200.0325,314.8061,201.7181,321.5767,201.1171,319.5081,202.8244,311.0567,214.7347,304.1892,218.5309,315.3884,215.5568,307.0977,220.1573,309.7360,209.9524,306.8138,211.7424,323.8726,209.5993,322.6303,210.4241,315.6418,244.9650,313.8499,249.3759,313.0278,246.8715,313.9881,247.8536,317.0880,276.2694,315.0996,281.3598,315.2608,277.7532,313.9361,280.3140,311.3174,280.3012,307.9408,286.9408,307.1498,279.9381,304.6256,284.4529,304.1468,280.9837,301.9700,284.3196,319.0548,283.7180,320.2160,280.6182,,,321.9524,203.7705,326.1572,200.2571,,
74051,0,,,,,,,,,,,,,,,317.2981,202.7266,319.5708,201.3752,306.0456,219.6303,313.5001,215.0124,315.0735,219.1088,316.9627,217.9749,314.0755,251.2560,315.3823,248.9924,314.4138,280.8822,316.4780,277.0380,,,,,,,318.6651,200.0622,314.6892,201.8074,321.9017,201.0757,319.6103,202.9225,311.8354,214.2323,304.0508,218.2866,316.1996,215.1668,306.9823,220.0460,310.3955,209.9315,306.8456,211.9926,324.5671,209.6266,323.0938,210.4485,315.9908,244.9715,313.5207,249.6924,313.0386,247.1122,313.8857,248.1157,317.4883,276.2921,314.6998,281.9297,315.4295,277.7972,313.7610,280.7483,311.6983,280.3211,307.4720,287.2743,307.3939,279.8077,304.3186,284.7558,304.4011,280.6948,301.8463,284.4913,318.8248,284.4726,320.4612,280.7528,,,322.2898,203.8474,325.9639,200.2791,,
74052,0,,,,,,,,,,,,,,,317.4538,202.8096,319.1453,201.4689,306.3794,219.7713,313.0216,215.0830,315.1924,218.9476,317.1909,217.8063,314.1465,251.2132,315.4755,248.9000,314.4665,280.6450,316.4174,277.0693,,,,,,,318.2316,200.1805,314.8785,201.8944,321.4677,201.1601,319.7632,202.9656,311.6185,214.3226,304.5002,218.4982,316.0569,215.3012,307.2700,220.2540,310.6910,210.1395,307.2767,212.1480,324.8221,209.6218,323.3119,210.4745,316.0864,245.0455,313.4830,249.7079,313.2412,247.1705,314.0920,248.2116,317.4199,276.3462,314.7226,281.6425,315.3529,277.7904,313.7999,280.5073,311.5566,280.3657,307.4143,287.0417,307.2587,279.8504,304.1861,284.4988,304.2310,280.7736,301.6152,284.3116,318.8782,284.0950,320.3772,280.6963,,,322.5592,203.8523,326.0572,200.4140,,
74053,0,,,,,,,,,,,,,,,317.5894,202.7589,319.8678,201.2187,306.3608,219.6225,313.9933,214.7083,315.2900,218.5563,317.4150,217.2045,314.1775,251.0072,315.4440,248.6670,314.4690,280.6837,316.2822,277.1693,,,,,,,318.9172,200.0921,314.8256,201.8486,322.2643,201.0033,319.9152,202.9185,312.7111,213.9049,304.4667,218.3322,316.7561,214.8506,307.2833,220.1447,310.6825,209.4177,307.1481,211.5549,325.0137,209.3990,323.4723,210.3530,316.1240,244.9389,313.5577,249.4193,313.0182,246.9087,314.1265,247.9220,317.2733,276.4671,314.7364,281.6551,315.2322,277.9021,313.8101,280.5442,311.4672,280.3258,307.3535,287.0613,307.1559,279.6948,304.2034,284.4737,304.0877,280.4819,301.7425,284.2480,318.7979,284.1742,320.2499,280.8482,,,322.8772,203.8101,327.0985,200.3696,,
74054,0,,,,,,,,,,,,,,,317.5041,202.8597,320.2476,201.4733,306.5114,219.4309,314.4378,215.3490,315.4480,218.8603,317.4336,217.6493,314.1812,251.2754,315.5651,249.1279,314.5647,280.6297,316.4550,277.0171,,,,,,,319.3058,200.3343,314.8481,201.9363,322.6043,201.2478,319.8297,203.9741,313.1390,214.6226,304.7646,218.2037,317.0749,215.6355,307.2832,219.8522,311.0688,210.1550,307.8850,212.0880,324.8617,209.8022,323.3881,210.5573,316.1660,245.3855,313.5454,249.6939,313.2313,247.2853,313.9519,248.3004,317.4296,276.3002,314.8259,281.5521,315.4177,277.7485,313.9081,280.4882,311.8357,280.1850,307.6106,286.8520,307.6830,279.5615,304.4620,284.3245,304.6682,280.3757,302.0029,284.0598,318.9169,284.0522,320.3189,280.6355,,,322.6584,204.0772,326.6906,200.3266,,
74055,0,,,,,,,,,,,,,,,317.7334,202.9162,320.3568,201.6419,307.0370,219.0680,314.1359,215.0350,315.7484,218.4806,317.2906,217.2882,314.2577,250.9999,315.5304,248.8615,314.5994,280.4054,316.3913,276.7194,,,,,,,319.3049,200.4460,315.0969,201.9584,322.6879,201.3630,320.0522,203.1098,312.7872,214.2301,305.4791,217.8308,316.5163,215.2921,307.7245,219.5693,310.9197,209.6686,308.1544,211.4495,324.9531,209.3393,323.6914,210.2241,316.0399,245.0985,313.6840,249.5068,313.2429,247.1085,313.8965,247.9937,317.3126,275.9757,314.8636,281.3664,315.3709,277.4756,313.9720,280.2200,311.7577,279.9927,307.8137,286.7571,307.5922,279.4900,304.6397,284.2609,304.5795,280.4749,302.1623,284.0425,318.8234,283.7053,320.2273,280.3467,,,322.8589,203.8612,327.1172,200.3471,,
74056,0,,,,,,,,,,,,,,,317.9058,203.0662,319.8724,201.3758,306.8385,219.4217,314.1548,215.2398,316.3119,218.7969,317.9965,217.6717,314.2041,251.2666,315.6597,248.9466,314.3123,280.8852,316.3031,277.0769,,,,,,,318.6104,200.0771,315.2219,202.0271,322.3462,201.1444,320.2946,204.1538,312.7268,214.5061,305.0300,218.1416,316.4935,215.4267,307.5805,219.9698,311.1459,210.1786,308.1262,212.1537,325.7305,209.4562,324.4008,210.2645,316.2264,245.2520,313.7290,249.8656,313.0971,247.3090,313.8315,248.3292,317.3100,276.3455,314.6985,281.8739,315.2269,277.8175,313.5926,280.6750,311.5405,280.2500,307.3592,287.2312,307.3292,279.6981,304.2115,284.6455,304.3045,280.5603,301.7339,284.3520,318.5860,284.3000,320.3176,280.7449,,,323.2951,203.9123,326.7773,200.3573,,
74057,0,,,,,,,,,,,,,,,318.0331,202.8984,319.5505,201.3587,307.1454,219.2287,313.1004,214.8472,316.0991,218.3724,317.0750,217.3485,314.4969,250.9729,315.5639,248.5168,314.5602,280.5126,316.5891,276.5589,,,,,,,318.3214,200.2150,315.6479,201.9197,321.9101,201.2559,320.2844,203.0495,311.5140,214.1461,305.3438,218.0015,315.7713,215.0667,307.9336,219.6976,310.5476,209.3539,308.0532,211.2797,324.7342,208.9187,323.6258,209.9519,316.1005,244.5798,314.1500,249.4979,313.3939,246.6968,313.9904,247.7843,317.5323,275.7617,314.9200,281.4884,315.5321,277.3477,313.8500,280.3461,311.7236,279.8383,307.8692,287.0285,307.6374,279.4319,304.7768,284.4898,304.7210,280.3121,302.3303,284.1977,318.8553,283.8696,320.4343,280.0890,,,322.4002,202.9494,326.2738,200.3033,,
74058,0,,,,,,,,,,,,,,,318.1307,202.8819,318.8603,201.6069,307.5363,219.1284,313.1129,215.1065,316.2138,218.6870,317.5446,217.5365,314.5789,251.1983,315.3077,248.8736,314.6223,280.6214,316.6142,276.6184,,,,,,,317.9106,200.3994,315.6983,201.8910,321.2673,201.4030,320.4811,203.0596,311.5047,214.4948,305.6731,217.9699,315.7737,215.3724,308.3689,219.5899,310.7029,209.8211,307.9424,211.9559,325.4251,209.2610,324.2347,210.1386,315.8183,244.9969,314.2973,249.7950,313.2124,247.2092,314.0497,248.2234,317.5359,275.7857,315.0932,281.6525,315.5059,277.4210,313.7926,280.4401,311.6366,279.9338,307.9315,287.3129,307.5078,279.5123,304.7261,284.7472,304.5866,280.3768,302.1711,284.4756,318.8842,283.9843,320.5876,280.1697,,,323.0910,202.8859,327.2028,200.2408,,
74059,0,,,,,,,,,,,,,,,318.1450,202.9779,319.3255,201.6357,307.9884,219.5071,314.8372,215.2497,316.0998,219.0038,317.4976,218.0108,314.2106,250.9823,315.4984,248.8186,314.3578,280.5600,316.5903,276.7957,,,,,,,318.4283,200.4666,315.6469,202.0429,321.8059,201.4198,320.4432,203.9263,313.1187,214.6307,306.0354,218.2822,317.1283,215.4044,308.9450,219.8934,310.8283,210.1829,308.0633,212.4050,325.2870,209.8103,324.1248,210.6062,316.2497,244.9115,313.9707,249.5176,313.3988,247.1026,313.7714,247.9850,317.5260,276.0130,314.7868,281.4954,315.4836,277.5753,313.5456,280.4014,311.6575,280.0793,307.4928,287.0919,307.4987,279.6009,304.3240,284.6352,304.5118,280.4264,301.8573,284.4105,318.5587,283.8061,320.5470,280.3955,,,323.0371,204.0650,327.1694,200.3101,,
74060,0,,,,,,,,,,,,,,,318.1958,203.1149,319.1121,201.9296,307.9655,219.7066,315.1701,215.5503,315.8777,219.0524,317.1380,218.2708,314.4940,251.2169,315.7368,248.9581,314.3549,280.7047,316.6778,276.6904,,,,,,,318.4111,200.8608,315.7529,202.1461,321.4056,201.9084,320.5758,203.2222,313.4877,214.9468,306.0963,218.5126,317.1514,215.7503,308.8987,220.1275,310.6464,210.4913,308.0062,212.5894,324.7701,209.8832,323.6161,210.7215,316.4376,245.0998,314.2228,249.7935,313.6888,247.3621,314.0262,248.2456,317.6096,275.8357,314.6784,281.6697,315.5825,277.4823,313.6278,280.5036,311.8690,279.9784,307.5025,287.1293,307.7053,279.5300,304.4232,284.6833,304.7550,280.3632,302.0238,284.3765,318.4240,283.9783,320.5363,280.2296,,,322.3883,204.1290,325.9951,200.3774,,
74061,0,,,,,,,,,,,,,,,318.0997,203.0821,318.6134,201.7479,308.1134,220.1930,314.2954,215.7591,315.8860,219.0179,317.2732,218.1275,314.2703,250.7790,315.4497,248.4698,314.4708,280.2984,316.4812,276.4547,,,,,,,317.8222,200.6041,315.8771,202.1053,320.8658,201.6769,320.6350,203.2095,312.5155,215.1362,306.0818,218.9767,316.5871,215.9019,309.0791,220.7227,310.2556,210.5962,307.8289,212.6483,324.3936,209.6417,323.3486,210.4541,316.0870,244.7751,314.0576,249.4268,313.4865,246.9287,313.7567,247.8888,317.3831,275.6555,314.9374,281.2389,315.3664,277.2262,313.6384,280.1004,311.5075,279.7968,307.6399,286.8732,307.3509,279.3170,304.2958,284.4716,304.3629,280.1543,301.7697,284.3136,318.7008,283.4906,320.4881,280.0384,,,321.9831,204.0219,325.1134,200.2709,,
74062,0,,,,,,,,,,,,,,,318.2460,203.1384,318.0727,201.7252,308.0457,220.4076,312.2185,215.6441,315.7459,219.2935,316.9149,218.1454,314.3976,251.1773,315.1983,248.5251,314.8002,280.6476,316.2697,276.7189,,,,,,,317.4112,200.5454,316.0872,202.1017,320.2900,201.6187,320.6945,203.2817,310.6979,214.9915,306.0252,219.1581,315.2246,216.0297,309.0920,220.9334,309.3284,210.4565,307.6312,212.7304,324.1634,209.7030,323.2015,210.6770,315.7845,244.9011,314.2556,249.8924,313.5645,247.1330,313.8890,248.3212,317.1339,275.8835,315.3292,281.6507,315.2382,277.5066,313.9514,280.4336,311.3385,279.8934,308.0028,287.1738,307.2071,279.4928,304.7108,284.6889,304.2070,280.3762,302.2323,284.4297,318.8295,283.8133,320.2926,280.2635,,,321.7703,204.1170,324.6273,200.2701,,
74063,0,,,,,,,,,,,,,,,318.6938,202.8412,318.6829,201.3597,308.8031,220.3405,312.4513,215.1490,315.8206,219.3170,317.0248,217.8722,314.4231,251.0763,315.0456,248.5777,314.9090,280.2560,316.3138,276.6927,,,,,,,317.8770,200.2535,316.4190,201.8812,320.8815,201.2753,320.9524,202.9527,311.0664,214.4703,306.9845,219.1831,315.4771,215.3870,309.9919,220.8695,309.6411,209.9207,307.8965,212.5243,324.4035,209.3819,323.4699,210.5027,315.6319,244.7995,314.2825,249.7356,313.5185,247.0291,314.0356,248.0833,317.2093,275.8582,315.3587,281.2113,315.2742,277.4841,314.1004,280.0765,311.2892,279.8563,308.1297,286.8201,307.1131,279.4490,304.7987,284.4353,304.0442,280.3364,302.3735,284.2590,318.9289,283.3044,320.4157,280.1884,,,322.1998,203.7877,325.1196,200.2288,,
74064,0,,,,,,,,,,,,,,,318.6369,202.9211,317.4523,201.5878,308.6769,220.7860,310.8926,215.4280,315.9890,219.7091,316.8742,218.2115,314.2457,251.2892,314.7095,248.6869,315.1118,280.6485,316.2122,276.8253,,,,,,,316.4005,200.3195,316.2820,201.8645,319.7620,201.1922,320.9949,202.9542,309.2528,214.6162,306.8876,219.7308,313.9123,215.7175,309.8970,221.1802,309.5956,210.3835,307.6648,212.9735,324.5684,209.4238,323.5942,210.5081,315.2980,244.9698,314.2174,249.9708,313.3591,247.1790,313.7807,248.3928,317.0509,275.9950,315.6483,281.6734,315.2584,277.6114,314.2244,280.4584,311.1039,279.9387,308.2638,287.2757,307.0639,279.5539,304.9254,284.7790,303.9835,280.4549,302.3955,284.5290,319.1547,283.9317,320.3347,280.3576,,,322.1800,203.7280,324.8556,200.1251,,
74065,0,,,,,,,,,,,,,,,319.0222,202.9237,318.5605,201.4386,309.3854,220.4242,312.7825,215.2806,315.9334,219.3963,316.8820,218.0075,314.3242,251.3489,315.1097,248.8040,314.8206,280.3025,316.4199,276.6569,,,,,,,317.7246,200.3541,316.7115,201.9588,320.8544,201.2356,321.3130,202.9497,311.4727,214.5524,307.5156,219.3906,315.7764,215.5057,310.6184,220.7912,309.8857,210.1268,307.8276,212.6772,324.6798,209.3393,323.5714,210.4930,315.7664,244.9553,314.2092,249.9506,313.7019,247.1680,313.9637,248.2783,317.3487,275.8072,315.2673,281.3254,315.3567,277.4560,313.9735,280.1011,311.3404,279.8497,308.0113,286.9108,307.2356,279.4676,304.7699,284.4300,304.1410,280.3559,302.2696,284.2388,318.9275,283.5944,320.4036,280.1605,,,322.5032,203.8182,325.7045,200.2992,,
74066,0,,,,,,,,,,,,,,,319.0431,202.9095,316.8232,201.4749,309.4856,220.6829,308.7301,214.2877,315.9068,219.2422,316.5052,217.8112,314.5298,251.5577,314.8921,248.9578,315.0932,280.3417,316.2650,276.7173,,,,,,,315.4772,200.1956,316.6986,201.8976,319.1358,201.1034,321.3181,202.9636,306.7014,213.4960,307.6703,219.6709,310.7410,214.3875,310.7695,220.9799,309.8029,209.9676,307.9143,212.6149,324.5433,208.9612,323.5316,210.0600,315.5039,245.0398,314.4948,250.1873,313.5434,247.3771,313.9450,248.5631,317.0868,275.8438,315.5357,281.3545,315.3246,277.5320,314.2691,280.1183,311.2586,279.8459,308.4613,286.8770,307.3172,279.5253,305.1516,284.4766,304.2842,280.4405,302.5913,284.2121,319.0902,283.4526,320.1936,280.1808,,,322.3448,202.6665,325.7226,200.2632,,
74067,0,,,,,,,,,,,,,,,319.4392,202.8891,317.6708,201.4991,309.8481,220.2937,309.4471,214.2377,316.2546,219.1320,317.1656,217.7593,314.6279,251.3000,315.2465,248.7796,315.0609,280.2859,316.2560,276.7942,,,,,,,316.4764,200.3062,317.0653,201.8457,319.8420,201.1829,321.6349,202.9159,307.2757,213.3734,308.1850,219.3490,312.0799,214.6235,311.0498,220.5609,310.5499,209.7380,308.4069,212.4174,325.0757,209.1250,323.9656,210.1511,315.9634,244.9019,314.5117,249.9087,313.8247,247.1935,314.1247,248.2207,317.1580,275.9607,315.4641,281.3022,315.2722,277.5654,314.2532,280.0412,311.4689,280.0268,308.4280,286.8849,307.3879,279.6224,305.2126,284.4771,304.3404,280.5082,302.8653,284.1983,319.0447,283.3797,320.2297,280.4308,,,322.8389,203.5979,326.0273,200.2961,,
74068,0,,,,,,,,,,,,,,,319.4294,202.8640,318.3534,201.3642,310.0366,220.5128,310.7646,213.9952,316.5651,219.1058,317.5878,217.2156,314.8975,251.3750,315.2924,248.4879,314.7922,280.3520,316.2321,276.5411,,,,,,,317.2359,200.2416,316.9593,201.8923,320.5058,201.0715,321.5923,202.7933,308.7315,213.0589,308.2402,219.6195,313.9458,214.3669,311.3308,220.7677,311.3607,209.2627,308.9787,212.2864,325.4374,208.8962,324.4617,210.2108,315.9193,244.5176,314.8296,250.0689,313.9543,246.9759,314.2984,248.2084,317.0820,275.6757,315.2153,281.4252,315.2417,277.3545,313.9661,280.0673,311.3113,279.8246,308.1171,286.9590,307.2768,279.4582,304.9150,284.4360,304.2341,280.3999,302.5269,284.1316,318.8133,283.5735,320.2211,280.1459,,,323.3705,203.5655,326.4278,200.3295,,
74069,0,,,,,,,,,,,,,,,318.9728,203.1553,316.2682,201.6154,310.2164,220.4136,306.1784,213.0816,316.1623,219.0241,316.0263,217.3797,314.7156,251.1796,315.0248,248.6577,314.6016,280.4435,315.7319,276.6313,,,,,,,314.9059,200.2961,316.8432,202.0775,318.6125,201.3716,321.0915,203.0771,303.9877,212.1678,308.4118,219.5994,307.1398,212.8272,311.5127,220.4047,309.6487,209.1835,308.6268,211.3802,324.1176,208.9398,323.4929,210.0408,315.3965,244.4837,314.6767,249.7111,313.8529,246.8902,314.2870,247.7136,316.5584,275.7754,315.1295,281.4914,314.8464,277.4731,313.7168,280.2110,310.6315,279.8378,308.1602,287.2178,306.6477,279.6729,304.9076,284.7455,303.4191,280.8306,302.4149,284.5324,318.6640,283.7126,319.7164,280.3064,,,322.2647,202.9478,325.7069,200.3361,,
74070,0,,,,,,,,,,,,,,,319.3176,202.9454,315.6627,201.5468,310.5358,220.1764,305.4304,213.0395,316.5313,219.0022,316.5811,217.4682,314.5137,251.4687,314.7916,248.8840,314.7269,280.4807,315.7827,276.8361,,,,,,,314.1372,200.1184,317.1694,201.8640,318.2175,201.1905,321.3382,202.9019,303.2149,212.1662,308.6471,219.4423,306.2257,212.8829,311.8581,220.1478,310.1026,209.2554,308.7988,211.6019,324.4415,209.0853,323.9556,210.1116,315.0829,244.9483,314.5019,250.0794,313.5548,247.3357,314.0304,248.3223,316.5578,275.9930,315.2998,281.4647,314.8522,277.6729,313.7933,280.2943,310.5722,280.0332,308.2627,287.2517,306.6866,279.8448,305.0621,284.7869,303.5064,281.0104,302.4997,284.5779,318.6627,283.6711,319.7914,280.4500,,,322.4840,202.6945,325.4512,200.2677,,
74071,0,,,,,,,,,,,,,,,319.3323,203.1303,315.9425,201.6740,310.6181,220.2019,305.9701,213.1859,316.5820,218.7719,316.6835,217.1804,314.6259,251.4240,315.0256,248.6794,314.9108,280.4001,315.8700,276.6055,,,,,,,314.4244,200.2915,317.0873,202.0770,318.4817,201.3647,321.4968,203.0912,303.7305,212.3415,308.7115,219.4199,306.8506,213.0175,311.9723,220.2547,310.0615,209.1725,308.7610,211.3475,324.2818,208.9613,323.7004,210.0796,315.3985,244.8428,314.5436,250.0414,313.6836,247.3146,314.1191,248.3185,316.6559,275.7677,315.4886,281.3822,314.9664,277.4566,313.9991,280.1796,310.7901,279.9955,308.5598,287.1453,306.8338,279.7226,305.2914,284.7244,303.6327,280.8153,302.6724,284.5281,318.8787,283.5936,319.8456,280.2099,,,322.2920,203.1189,325.3001,200.4648,,
74072,0,,,,,,,,,,,,,,,319.1154,202.9243,315.1291,201.5122,310.7987,220.0738,304.9875,212.8039,316.6234,218.5934,316.4866,217.0656,314.5813,251.1166,314.7745,248.5501,315.0911,280.1343,315.8186,276.5237,,,,,,,313.3286,199.9695,316.9078,201.8866,317.7123,201.0959,321.1568,202.8813,302.6098,212.0117,308.9434,219.3051,305.7712,212.6614,312.2208,220.0906,310.0948,208.8483,309.0404,211.1072,324.1818,208.7165,323.8857,209.7389,315.1329,244.4939,314.4772,249.6149,313.6212,246.9215,314.0749,247.8301,316.5330,275.6924,315.6891,281.0870,314.9161,277.3958,314.1771,279.9347,310.4898,279.9052,308.6758,287.0077,306.5803,279.6559,305.2911,284.7292,303.4600,280.7576,302.6218,284.5872,318.9393,283.2277,319.7258,280.2421,,,322.3418,202.6716,324.8649,200.3392,,
74073,0,,,,,,,,,,,,,,,319.0499,202.9029,315.3816,201.4741,310.7268,219.8443,305.4249,212.9855,316.6882,218.3607,316.3262,217.0155,314.7097,250.9788,314.7932,248.1820,315.1887,280.4483,315.6378,276.7297,,,,,,,313.6664,200.0567,316.8586,201.8683,317.8103,201.1626,321.0325,202.8640,303.0387,212.0744,308.8180,219.0433,306.2238,212.7838,312.2090,219.8533,309.7717,208.7788,309.0693,210.7752,323.9118,208.4152,323.6926,209.4397,315.0345,244.0900,314.6008,249.5278,313.7158,246.5464,314.1472,247.5126,316.2700,275.9403,315.7413,281.4465,314.7865,277.6337,314.2853,280.2486,310.2651,280.0547,308.7610,287.2097,306.3267,279.8421,305.3432,284.9432,303.2743,280.9234,302.7303,284.8048,319.0362,283.6383,319.5249,280.4684,,,322.0445,202.6912,324.3580,200.3094,,
74074,0,,,,,,,,,,,,,,,318.9760,202.9548,315.0313,201.6519,310.5597,219.6745,305.1762,212.9773,316.6721,218.2209,316.5200,216.5768,314.8419,250.8199,314.8565,248.1023,315.1458,280.2304,315.7877,276.7149,,,,,,,313.7500,200.0337,316.7640,201.8730,317.7689,201.2351,321.0717,202.9424,302.8744,212.0997,308.6475,218.8062,305.9609,212.8318,312.0311,219.7353,310.0669,208.6434,309.0610,210.7641,324.0805,208.4555,323.6655,209.5945,315.2055,244.1653,314.7796,249.3953,313.7963,246.5121,314.2888,247.4618,316.5066,275.9669,315.6496,281.2643,314.8623,277.5848,314.2427,280.0298,310.3698,280.0721,308.5650,287.1262,306.4673,279.7391,305.1642,284.7286,303.3859,280.7382,302.5456,284.5484,319.0956,283.5171,319.6545,280.4599,,,322.1238,202.7063,324.8520,200.2406,,
74075,0,,,,,,,,,,,,,,,318.8104,202.9810,314.5803,201.7180,310.0501,219.8008,304.7798,213.3325,316.3876,218.5771,316.2505,217.2245,314.7708,250.8057,314.9078,248.2822,315.1885,280.2827,315.7924,276.5990,,,,,,,313.0707,200.0674,316.6091,201.8445,317.2983,201.1715,320.9041,202.9993,302.4524,212.4369,308.2652,218.8605,305.4801,213.1722,311.4126,219.9454,309.8217,209.1220,308.8078,210.9207,323.8629,208.5039,323.4254,209.5194,315.2919,244.3230,314.5552,249.3614,313.6759,246.6303,314.2918,247.5413,316.4698,275.8109,315.6190,281.2451,314.8612,277.5086,314.3811,280.1257,310.4183,279.8947,308.5611,287.1039,306.5817,279.6698,305.2024,284.8183,303.5289,280.7556,302.5817,284.6125,319.0788,283.4648,319.6463,280.4288,,,321.9610,202.7874,324.6729,200.2316,,
74076,0,,,,,,,,,,,,,,,318.6922,202.9365,314.8123,201.6269,309.8246,219.9545,305.3422,213.4164,316.4739,218.3340,316.4121,216.5853,314.8864,250.7489,314.8689,248.2471,315.3617,280.4578,315.8657,276.6035,,,,,,,312.6166,200.0439,316.4952,201.9024,317.1352,201.1641,320.9326,202.9307,303.0427,212.6127,308.0030,219.0034,306.0173,213.2567,311.0917,220.1067,309.6281,208.8381,308.6556,210.8043,324.0696,208.3669,323.6251,209.6405,315.2171,244.4137,314.6354,249.2754,313.5770,246.7434,314.3657,247.6279,316.5897,275.7498,315.8187,281.4524,314.9575,277.4922,314.5402,280.2380,310.4938,279.9447,308.7042,287.2022,306.5467,279.6104,305.2757,284.7568,303.4557,280.6443,302.6203,284.4845,319.3259,283.8400,319.7818,280.3295,,,322.1102,202.7156,324.9891,200.4043,,
74077,0,,,,,,,,,,,,,,,318.6050,202.7983,314.8906,201.6772,309.5210,219.8878,306.1214,213.4295,316.2736,218.2668,316.5326,216.7057,314.7894,250.7173,314.9047,248.1083,315.1440,280.4283,315.8423,276.6415,,,,,,,312.8831,200.0648,316.2662,201.7532,317.2756,201.1609,320.6980,202.7737,304.1891,212.6083,307.7028,218.9823,307.0339,213.2736,310.8241,220.0201,309.8004,209.1200,308.3014,211.0024,323.9700,208.4293,323.3660,209.5617,315.3770,244.1990,314.5592,249.1743,313.5560,246.5138,314.2797,247.5340,316.6051,275.7941,315.6120,281.3956,314.8962,277.4768,314.3402,280.2098,310.6482,279.9885,308.5756,287.1342,306.6439,279.6142,305.1363,284.6779,303.5703,280.5927,302.5439,284.4352,319.0390,283.8243,319.7519,280.3525,,,321.9256,202.5384,324.2794,200.3158,,
74078,0,,,,,,,,,,,,,,,318.6234,202.6342,316.2555,201.2318,309.0890,219.6931,307.5222,212.9811,316.3955,218.3178,316.6775,216.8305,314.4443,250.7294,314.8475,248.5064,314.8599,280.2412,316.0412,276.7311,,,,,,,314.8219,199.9641,316.3218,201.6109,318.5270,200.9550,320.8049,202.6128,305.6655,212.2350,307.2353,218.6812,308.7834,212.7854,310.2911,219.9205,309.9287,208.9717,308.5978,211.0376,324.2180,208.6424,323.5232,209.6679,315.3387,244.5570,314.2930,249.1036,313.4540,246.7049,313.9809,247.4896,316.8405,275.9149,315.3835,281.1498,315.0757,277.5313,314.0113,280.1074,310.8590,280.0136,308.4096,286.9211,306.9561,279.7362,304.9872,284.5595,303.9456,280.7720,302.3466,284.3811,318.8178,283.5495,319.9557,280.2968,,,322.2201,202.4653,325.5078,200.1410,,
74079,0,,,,,,,,,,,,,,,318.1481,202.9418,316.5530,201.7046,308.2669,219.7330,308.0659,214.4481,316.4336,218.8974,317.5041,217.4460,314.6036,251.2387,315.2249,248.9347,315.0717,280.4798,316.3196,276.9034,,,,,,,315.0152,200.3742,315.6136,201.8825,318.8273,201.2765,320.5226,202.8466,305.9645,213.5682,306.4373,218.6843,309.6853,214.4340,309.3392,220.0037,310.8507,210.0974,308.6473,212.2984,324.8021,209.4483,323.8126,210.3601,315.7755,244.9837,314.3172,249.6368,313.3839,247.1674,314.0397,248.1866,317.1330,276.1004,315.4573,281.4119,315.3297,277.6226,314.3674,280.3557,311.2339,280.0595,308.5884,287.0326,307.2780,279.7005,305.2812,284.7317,304.3671,280.6714,302.6994,284.4751,318.9404,283.7560,320.0925,280.3277,,,322.4916,203.7834,326.1138,200.1539,,
74080,0,,,,,,,,,,,,,,,318.0507,202.7452,318.0902,201.5582,307.7720,219.0638,312.4091,214.7731,316.0810,218.5082,317.2595,217.0954,314.5923,250.7303,315.2720,248.6543,314.8725,280.4764,316.2633,276.8109,,,,,,,317.3716,200.3528,315.4097,201.6912,320.1658,201.2082,320.4349,202.6587,312.0105,214.0163,305.8726,217.9261,316.6110,215.0280,308.8440,219.3579,310.4441,209.5465,308.2973,211.4395,324.6580,209.0362,323.6467,210.0338,315.9544,244.7404,314.3187,249.0201,313.5392,246.8238,314.0994,247.6327,317.1569,276.0494,315.2943,281.4237,315.2331,277.5511,314.1336,280.3373,311.1554,280.0738,308.2563,287.0932,307.1187,279.6638,304.9572,284.6435,304.0515,280.6371,302.3909,284.4629,319.0038,283.9770,320.1147,280.4169,,,322.4284,202.6499,325.7610,200.1870,,
74081,0,,,,,,,,,,,,,,,318.1208,202.7339,317.5288,202.1906,307.6355,220.0978,310.3208,215.5920,316.2681,218.7957,316.6216,217.8070,314.4311,250.8262,314.7145,248.4973,314.8780,280.3597,316.3412,276.5586,,,,,,,316.4552,200.1425,315.5540,201.7325,319.7162,201.0825,320.3181,203.6747,308.5413,214.5856,305.9850,218.8672,313.1430,215.6713,308.5198,220.4771,310.1693,210.0896,308.2151,211.9053,324.8160,209.3357,323.8724,210.2754,315.1528,244.4711,314.1009,249.1583,313.1636,246.6233,313.9207,247.5855,317.1476,275.7587,315.2582,281.2655,315.3254,277.3291,314.1073,280.2691,311.1768,279.8040,308.3516,286.8684,307.2428,279.4603,305.0998,284.4752,304.3289,280.4495,302.5469,284.2485,318.9674,283.8096,320.2090,280.0565,,,322.8645,203.6740,327.4364,200.1462,,
74082,0,,,,,,,,,,,,,,,318.0842,202.6326,319.2100,202.1644,307.4323,219.6031,314.1451,215.8141,316.3160,218.2868,317.2536,217.2828,314.3311,250.9264,315.0413,248.2711,314.5123,280.5141,316.6359,276.6937,,,,,,,318.3625,200.0297,315.5267,201.6972,321.5845,201.8953,320.2611,202.7474,312.1113,214.9853,305.5651,218.3676,316.2872,215.8796,308.1986,219.9941,310.8617,210.0798,308.2651,211.6918,325.2432,209.1981,324.2003,209.9666,315.5838,244.4995,313.9750,249.4100,313.1845,246.6125,313.9279,247.7763,317.5558,275.8958,314.8592,281.4334,315.5518,277.4824,313.7616,280.3858,311.5471,279.9105,307.6676,286.9764,307.3705,279.4606,304.4194,284.5479,304.3362,280.4064,301.8739,284.3583,318.7960,283.8484,320.6153,280.1306,,,323.4956,203.5572,328.1269,200.1637,,
74083,0,,,,,,,,,,,,,,,317.7477,202.6758,319.5881,201.5342,306.9024,219.4225,314.5103,215.4281,315.7372,218.6448,316.8889,217.7567,314.5347,250.7883,315.3628,248.4929,314.7422,280.2070,316.7628,276.5521,,,,,,,318.9983,200.2362,315.1068,201.6950,322.0901,201.0830,319.9743,202.7704,312.7023,214.5840,304.9561,218.1333,316.8067,215.4950,307.7187,219.7860,310.9461,209.6769,308.2138,211.5353,325.0931,209.3824,323.9354,210.1307,315.9237,244.4531,314.0486,249.1709,313.6273,246.5596,314.2360,247.4703,317.7438,275.7970,314.9574,281.0993,315.7014,277.3421,314.0812,280.0835,311.7390,279.7357,307.7360,286.6360,307.5124,279.2988,304.5613,284.1837,304.4658,280.1930,302.1497,283.9382,318.9187,283.6028,320.6302,280.1442,,,323.2548,203.7419,328.3377,200.1622,,
74084,0,,,,,,,,,,,,,,,317.6638,202.6378,319.7723,201.6483,306.7122,219.2167,314.4901,215.5822,315.5441,218.8731,316.8987,217.8953,314.4251,250.9902,315.5166,248.6278,314.5497,280.2255,316.7750,276.6791,,,,,,,319.0621,200.3302,314.9044,201.6171,322.2882,201.2052,319.8969,203.6351,312.4670,214.8355,304.7818,217.9687,316.7178,215.6840,307.4875,219.5955,310.4838,210.2371,307.7088,212.1390,324.5725,209.7678,323.3236,210.5931,316.0124,244.8285,313.9775,249.4699,313.5248,246.8909,314.0812,247.9614,317.7914,275.9142,314.7987,281.1102,315.6857,277.4758,313.8793,280.1112,311.9123,280.0069,307.6458,286.6808,307.5996,279.5402,304.4647,284.2581,304.5054,280.4524,301.9570,284.1066,318.7768,283.5141,320.7661,280.3060,,,322.5403,203.9963,327.0602,200.0589,,
74085,0,,,,,,,,,,,,,,,317.4270,202.7102,319.2841,201.5976,306.0614,219.2906,313.5576,215.3567,315.2646,218.6423,317.2083,217.6836,314.3357,250.8821,315.7389,248.5722,314.4727,280.2551,316.7529,276.7910,,,,,,,318.8047,200.3479,314.7146,201.7545,321.9394,201.2060,319.7878,202.8186,312.0643,214.5272,304.3167,218.0532,316.3014,215.4807,306.9520,219.7571,310.9693,210.1896,307.8138,211.8901,324.3586,209.4700,323.0126,210.2111,316.4188,244.7805,313.8038,249.3347,313.4570,246.8590,314.2999,247.8977,317.8106,276.0521,314.6198,281.1629,315.6716,277.5659,313.8975,280.1627,312.0881,280.1039,307.4984,286.6899,307.7991,279.7021,304.5170,284.2261,304.7456,280.6108,302.1524,284.0730,318.6886,283.5966,320.5578,280.3595,,,322.3364,203.8213,326.3297,200.0979,,
74086,0,,,,,,,,,,,,,,,317.5565,202.5743,318.9680,201.3565,306.1256,219.2414,312.3350,215.3267,315.4458,218.5428,316.9982,217.6573,314.3975,250.9030,315.3784,248.6624,314.6314,280.1368,316.5870,276.7231,,,,,,,318.5007,200.1611,314.9308,201.6460,321.4882,201.0019,319.8193,202.6718,311.6418,214.6678,304.3492,218.0000,315.9664,215.6339,307.0158,219.7021,310.9337,210.0646,308.2077,211.8280,324.4652,209.5541,323.2917,210.2258,316.0156,244.7627,313.9780,249.2858,313.3251,246.7941,314.1493,247.8073,317.5503,275.9888,314.8609,281.0274,315.5597,277.5377,314.0118,280.0540,311.8386,279.9565,307.7313,286.5821,307.5139,279.4811,304.6462,284.1696,304.4398,280.4022,302.2077,284.1093,318.7792,283.4045,320.4723,280.3552,,,322.8418,203.7811,327.0592,200.0420,,
74087,0,,,,,,,,,,,,,,,317.4335,202.6114,320.7313,201.3939,306.2473,219.2108,314.4260,215.5226,315.0909,218.9866,317.1507,218.0627,314.3031,250.9698,315.5740,248.7329,314.4495,280.0241,316.7705,276.6931,,,,,,,319.6207,200.1429,314.7443,201.6345,322.8232,201.0055,319.6357,203.6345,313.0699,214.8056,304.4756,217.8973,316.7304,215.5848,307.0059,219.5784,311.2348,210.2101,307.7078,212.1018,324.5100,209.6750,323.0584,210.5090,316.2324,244.6614,313.7918,249.2849,313.3891,246.7559,314.2032,247.7714,317.8859,275.9908,314.6175,280.9011,315.6664,277.4912,313.8641,279.9361,312.0738,279.9589,307.4650,286.5169,307.7299,279.4661,304.4235,284.0652,304.6329,280.3320,302.0156,284.0151,318.8545,283.2486,320.6714,280.3257,,,322.7007,203.9543,327.0182,200.0588,,
74088,0,,,,,,,,,,,,,,,317.2764,202.6866,321.5037,201.3902,306.1563,219.2048,315.5399,215.4481,315.2449,218.7782,317.5346,217.6699,314.1510,251.0306,315.5250,248.6281,314.6020,280.2383,316.8914,276.7142,,,,,,,320.3389,200.0707,314.4064,201.6617,323.5336,200.9248,319.6154,203.7216,314.0049,214.6887,304.3783,217.9447,317.5032,215.4964,306.9758,219.6749,311.3191,209.9637,307.5959,212.0984,324.5872,209.6484,323.0494,210.5328,316.2714,244.8102,313.6748,249.5151,313.1844,246.8428,313.8917,247.9390,318.0143,275.9935,314.8002,281.1067,315.7766,277.5147,313.9999,280.1291,312.2916,280.0358,307.6637,286.7101,307.8988,279.5575,304.5996,284.2559,304.7480,280.4508,302.2348,284.1132,319.0187,283.4805,320.7475,280.3095,,,322.5039,204.0008,326.1636,200.1756,,
74089,0,,,,,,,,,,,,,,,316.8862,202.8623,319.8559,201.6614,305.8273,219.4008,314.4129,215.5334,314.6301,218.8733,317.1862,217.6864,314.0037,251.0630,315.5789,248.6282,314.4254,280.3573,316.9053,276.7085,,,,,,,319.4126,200.5152,314.0054,201.7125,322.3519,201.3504,319.3424,202.9261,312.9053,214.8070,304.0938,218.1556,316.7509,215.6395,306.6270,219.8193,311.1287,210.1858,307.4698,212.2562,324.0687,209.6378,322.5177,210.5043,316.3048,244.7195,313.4921,249.5354,313.3099,246.8053,313.9392,247.9595,318.0488,275.9865,314.5369,281.2784,315.7849,277.4751,313.8710,280.2400,312.3397,279.8497,307.4237,286.7810,307.9976,279.4105,304.5277,284.2584,304.9369,280.2978,302.3044,284.0497,318.8366,283.6471,320.7860,280.3027,,,321.9683,204.0802,325.6034,200.0462,,
74090,0,,,,,,,,,,,,,,,316.9607,203.6606,320.3626,201.5497,305.8211,219.4309,314.9804,215.5448,314.5160,218.9101,317.3190,217.7126,314.0655,251.0075,315.8312,248.4942,314.3780,280.1005,317.0677,276.6111,,,,,,,320.0359,200.2331,313.9653,201.7068,323.0131,201.1308,319.4352,203.8849,313.4391,214.9157,304.1043,218.1871,317.3185,215.7063,306.6052,219.8736,311.1454,210.4021,307.1413,212.5229,323.8991,209.7540,322.1925,210.6677,316.5218,244.7950,313.4378,249.5591,313.2271,246.7385,314.0842,247.9467,318.3406,275.9175,314.4466,280.9581,315.8950,277.3758,313.8518,279.9647,312.6045,279.8921,307.2845,286.3590,308.2532,279.4180,304.4371,283.8934,305.1185,280.2347,302.2422,283.7517,318.8698,283.3547,320.9511,280.1723,,,321.8567,204.1602,325.6392,200.0612,,
74091,0,,,,,,,,,,,,,,,316.9664,203.0456,320.7382,201.9430,305.7808,219.4131,315.3028,215.2706,314.8979,218.5734,317.3643,217.4403,314.1832,250.6685,315.7898,248.2158,314.4994,280.1952,316.9660,276.7073,,,,,,,319.8101,200.8515,314.1061,201.8711,323.0858,201.7258,319.4340,203.1557,313.5841,214.5829,304.0616,218.1827,317.1806,215.3314,306.5059,219.8147,311.5752,209.8020,307.7342,211.7337,324.1492,209.4122,322.5766,210.3440,316.5637,244.4818,313.5739,249.1482,313.2939,246.4807,314.0690,247.6298,318.1545,276.0032,314.5717,281.0435,315.8628,277.4661,313.9579,280.0670,312.5397,280.0090,307.5240,286.4723,308.2550,279.4806,304.6462,284.0615,305.1236,280.3134,302.4542,283.8907,318.9400,283.4485,320.8604,280.3459,,,322.1396,204.0599,326.0608,200.2187,,
74092,0,,,,,,,,,,,,,,,317.0223,202.8769,321.1462,201.7441,305.6056,219.5443,315.5325,215.3180,314.7741,218.7715,317.4180,217.8310,314.2473,250.5233,315.6644,248.1494,314.3979,280.2127,316.9574,276.5021,,,,,,,320.0978,200.7150,314.1400,201.7904,323.4690,201.6348,319.5142,203.0534,313.9186,214.6726,303.9521,218.2754,317.6081,215.3028,306.3463,219.8834,311.5597,210.0710,307.4873,211.9943,324.2218,209.5719,322.5630,210.4202,316.5717,244.3758,313.5208,249.0854,313.2302,246.3620,314.3653,247.4704,318.1989,275.7555,314.3649,281.0874,315.7782,277.2956,313.9146,280.0778,312.5621,279.8504,307.2839,286.4948,308.1248,279.4447,304.4825,284.0795,305.0030,280.3133,302.3547,283.9097,318.7810,283.5713,320.7956,280.1374,,,322.1523,204.0689,325.9651,200.1108,,
74093,0,,,,,,,,,,,,,,,316.5165,202.8686,319.6679,201.9063,305.7910,219.3514,315.0111,215.3099,314.5876,218.9892,316.9499,217.6761,313.9807,250.9106,315.6834,248.5499,314.3634,280.2269,317.0686,276.4219,,,,,,,319.1423,201.0066,313.2708,201.7451,322.1087,201.7593,318.9438,202.8971,313.4814,214.7634,304.1710,218.1111,316.8866,215.4769,306.5425,219.7169,311.0742,209.8349,307.3402,211.8659,323.8933,209.3024,322.2498,210.2235,316.4678,244.5259,313.4721,249.4049,313.3977,246.6456,314.0368,247.5462,318.1901,275.6886,314.4405,281.2094,315.9843,277.2517,313.8947,280.0811,312.5441,279.6891,307.6717,286.7596,308.4205,279.3524,304.7774,284.2676,305.3973,280.3016,302.4017,284.0327,318.7922,283.5568,320.7942,280.0936,,,321.7686,203.2701,325.4474,200.1974,,
74094,0,,,,,,,,,,,,,,,316.8162,202.8131,319.6575,201.8793,305.6177,219.4767,314.9169,214.9769,314.6299,218.7478,317.1197,217.3589,314.2269,250.7248,315.7611,248.6770,314.3176,280.3708,316.8328,276.6504,,,,,,,319.1115,200.9974,313.5614,201.7144,322.1808,201.7127,319.2088,202.9226,313.4128,214.4893,303.8712,218.2585,317.0010,215.0672,306.4464,219.8014,311.1336,209.4443,307.4180,211.4579,324.0380,208.8529,322.4153,209.9667,316.4610,244.4912,313.6999,249.1444,313.4273,246.5546,314.1332,247.4171,317.8990,275.9109,314.3937,281.3091,315.7686,277.4935,313.8090,280.2810,312.2256,279.8626,307.4303,286.9047,308.0094,279.5346,304.5214,284.3575,305.0118,280.5895,302.1606,284.1523,318.7719,283.7135,320.6111,280.4127,,,321.9969,203.1611,325.8967,200.1879,,
74095,0,,,,,,,,,,,,,,,317.1905,202.8134,320.3054,201.8028,305.8897,219.5677,315.9139,215.3364,314.9788,219.0115,317.4562,217.7739,314.2491,250.8655,315.6367,248.5562,314.7041,280.5568,316.6753,276.6526,,,,,,,319.4202,200.7616,313.8574,201.7031,322.7679,201.5799,319.6097,202.9156,314.2910,214.8125,304.0370,218.3433,317.8053,215.4443,306.7233,219.9452,311.7033,209.9071,307.6916,211.9473,324.7341,209.2406,323.1448,210.1941,316.4113,244.5272,313.6500,249.3697,313.2030,246.6738,314.1827,247.6399,317.7442,275.9440,314.8405,281.5693,315.6030,277.4715,314.2094,280.4214,312.1461,279.9210,307.9319,286.9816,307.8273,279.4488,304.8995,284.4139,304.7521,280.3717,302.5549,284.0949,319.1325,284.1410,320.3816,280.5084,,,322.5817,203.0937,326.3635,200.2094,,
74096,0,,,,,,,,,,,,,,,317.1582,202.8845,320.5632,201.9184,305.9921,219.6398,316.1011,215.6747,314.9256,219.0505,317.4543,217.7824,314.0877,251.0795,315.6156,248.7453,314.6129,280.5122,316.7827,276.8090,,,,,,,319.4825,200.9707,313.9233,201.7822,322.9298,201.8155,319.5865,203.0310,314.4236,215.1318,304.2150,218.4068,317.8518,215.8187,306.7566,219.9916,311.8276,210.0764,307.8842,212.2080,324.4821,209.4798,322.8097,210.4727,316.3343,244.9334,313.4947,249.5574,313.1830,246.9289,314.1152,247.9226,317.9094,276.1156,314.7144,281.4320,315.6738,277.5826,314.0840,280.4029,312.3136,280.0554,307.7492,286.8445,308.0044,279.5884,304.8126,284.3692,305.0036,280.5017,302.4938,284.1464,319.0634,283.8846,320.5676,280.5466,,,322.4136,203.2684,326.1804,200.2096,,
74097,0,,,,,,,,,,,,,,,316.9940,202.9319,319.8327,201.8526,305.8240,219.4031,315.7067,215.3716,314.6997,218.6242,317.2059,217.4045,314.0560,250.7058,315.6902,248.5028,314.5362,280.4974,316.6093,276.9250,,,,,,,319.0770,200.8792,313.8898,201.7436,322.4008,201.7400,319.6730,203.0239,314.1555,214.8655,304.0178,218.2035,317.5905,215.4815,306.6212,219.7525,311.3136,209.5615,307.3038,211.4751,324.2475,209.0157,322.5431,210.0018,316.3348,244.6734,313.4582,249.2253,313.3792,246.6310,314.0636,247.5200,317.7342,276.2341,314.7199,281.4818,315.4981,277.7142,313.9338,280.3848,312.1155,280.1115,307.6675,286.9811,307.7512,279.7338,304.6039,284.4795,304.7347,280.7161,302.2573,284.2596,319.0155,283.8975,320.4492,280.6610,,,322.0779,203.1089,325.7823,200.1569,,
74098,0,,,,,,,,,,,,,,,316.8629,202.9740,319.3913,201.8404,305.8015,219.5852,315.2945,215.4037,314.7090,218.9028,316.8872,217.6288,314.1812,250.8486,315.6717,248.6207,314.5989,280.3253,316.7696,276.7240,,,,,,,318.8686,200.8234,313.8470,201.8392,321.8861,201.6942,319.5056,203.0233,313.8698,214.8880,303.9964,218.3262,317.3052,215.4573,306.6628,219.9956,310.9405,209.8452,307.2173,211.9049,324.0605,209.1270,322.3775,210.2017,316.3074,244.7153,313.5472,249.2868,313.3774,246.7034,314.2170,247.5619,317.8980,275.9889,314.7021,281.2451,315.6549,277.5508,314.0400,280.2431,312.1902,279.9402,307.5720,286.7198,307.8349,279.5261,304.5408,284.2732,304.8415,280.4827,302.1374,284.1071,319.1109,283.6802,320.6032,280.4505,,,321.7958,203.0719,325.1856,200.1126,,
74099,0,,,,,,,,,,,,,,,317.1024,202.9400,320.2470,201.8829,305.7817,219.5145,315.9159,215.6630,314.7969,218.6480,317.0696,217.4665,314.1353,250.7831,315.4527,248.3827,314.6573,280.5249,316.6831,276.7553,,,,,,,319.5453,200.8698,313.8972,201.8514,322.5927,201.7193,319.7268,203.0482,314.4217,215.1069,303.9770,218.2790,317.8313,215.6773,306.5999,219.9431,311.2529,209.8221,307.2824,211.6181,324.2774,209.1451,322.6217,210.0883,316.1287,244.5180,313.5281,249.2294,313.1640,246.4840,314.1592,247.5409,317.8203,276.0196,314.7203,281.4538,315.5405,277.5622,314.0811,280.4000,312.0930,279.9742,307.5918,286.9054,307.6077,279.5049,304.5287,284.3995,304.4927,280.5014,302.1818,284.2154,319.0807,283.9146,320.4983,280.4957,,,322.0231,203.0857,325.7042,200.1838,,
74100,0,,,,,,,,,,,,,,,317.3880,202.7995,320.1797,201.7620,305.7459,219.5586,316.2446,215.0610,314.9918,218.5089,317.3000,216.9720,314.0716,250.8755,315.4338,248.3176,314.5143,280.5127,316.6797,276.7496,,,,,,,319.8103,200.5736,314.5368,201.7137,322.8004,201.5625,319.9859,202.9861,314.4723,214.3991,303.8418,218.3172,318.0650,215.0210,306.7282,220.0411,311.2106,209.2330,307.2717,211.2843,324.4782,208.7295,322.8223,209.7994,316.1200,244.4231,313.5464,249.4506,313.1585,246.5171,314.0835,247.6350,317.8183,275.9791,314.6629,281.4881,315.5371,277.6129,313.8883,280.3921,312.0237,280.0365,307.3428,287.0251,307.5887,279.5611,304.2100,284.4920,304.4936,280.5510,301.8190,284.3090,318.9769,283.9111,320.6315,280.4904,,,322.2246,202.9156,325.7574,200.1012,,
74101,0,,,,,,,,,,,,,,,317.4050,202.8515,320.0667,201.8331,305.7835,219.2249,315.8734,215.2767,315.0751,218.5577,317.2334,217.3561,314.1935,250.9891,315.5474,248.7507,314.5031,280.7120,316.6517,276.9072,,,,,,,319.4922,200.7638,314.6781,201.7551,322.5454,201.7505,319.8501,203.0501,314.3883,214.6383,303.9193,217.9439,317.6793,215.2579,306.7029,219.6213,311.3730,209.4908,307.6468,211.1385,324.3359,209.0523,322.7544,209.9568,316.2345,244.8058,313.6230,249.4371,313.3252,246.7495,314.2056,247.7364,317.7685,276.1414,314.6573,281.7118,315.5078,277.7324,313.8836,280.6036,311.9666,280.0923,307.4453,287.1364,307.5752,279.6244,304.4369,284.5193,304.5345,280.6000,302.1727,284.2939,318.9880,284.3354,320.6104,280.7259,,,322.1201,203.0606,325.7578,200.1783,,
74102,0,,,,,,,,,,,,,,,317.3605,202.7220,320.3536,201.6177,305.4818,219.4256,315.6798,215.1764,315.0633,218.2520,317.2921,216.9284,314.0488,250.8573,315.3193,248.1693,314.5708,280.4775,316.7125,276.7045,,,,,,,319.9521,200.4239,314.6955,201.6968,322.7968,201.3815,319.8981,202.9338,314.0040,214.4346,303.5644,218.0408,317.6084,215.1466,306.4819,219.8387,311.3376,209.0809,307.5845,210.8824,324.5161,208.5515,322.8681,209.7136,316.0300,244.4496,313.5800,249.5230,313.1283,246.5186,314.0078,247.6016,317.8024,275.9276,314.8093,281.4397,315.5706,277.5600,313.9065,280.3617,311.9073,280.0214,307.5849,287.0077,307.4759,279.5675,304.4130,284.4788,304.3910,280.5745,302.0138,284.2637,319.0758,283.8884,320.7356,280.4778,,,322.3527,202.8662,326.1595,200.2027,,
74103,0,,,,,,,,,,,,,,,317.7298,202.7265,318.0351,201.6027,305.4688,219.0595,308.6438,214.5811,315.3520,218.4072,316.8824,217.3321,314.5063,250.8991,315.0136,248.4610,314.6474,280.5602,316.3108,276.8013,,,,,,,317.5941,200.3680,315.3879,201.6530,320.3131,201.6546,320.1931,202.8738,306.9750,213.7542,303.4950,217.7204,312.5646,214.9769,306.8887,219.5175,310.7807,209.3079,308.0731,211.0695,324.5303,208.7793,323.1573,209.9218,315.5472,244.5843,314.1927,249.4675,313.3116,246.6830,314.2794,247.7345,317.2258,275.9555,314.9692,281.5221,315.2123,277.6085,313.9140,280.4457,310.9924,279.9801,307.5561,287.1092,306.7878,279.6149,304.3082,284.5127,303.6742,280.6081,301.9095,284.2819,318.8905,284.1048,320.2576,280.4790,,,322.7717,202.7113,327.4181,200.0545,,
74104,0,,,,,,,,,,,,,,,318.5377,202.4258,316.3373,201.0071,305.7921,217.7780,305.7265,213.2653,315.5169,217.9128,316.3680,216.7506,314.5244,250.7763,314.5070,248.0404,314.9508,280.3937,315.9883,276.6009,,,,,,,315.8203,199.6729,316.7668,201.3088,318.3874,200.9798,320.6410,202.6970,303.8701,212.3610,303.8167,216.5048,307.2407,213.3803,307.1570,218.2275,309.0126,208.6158,307.6777,210.3815,323.7065,208.3353,322.7719,209.4997,314.9591,244.2609,314.5270,249.4181,313.3060,246.5689,313.9565,247.6767,316.7575,275.6969,315.4651,281.3842,315.0014,277.4360,314.0427,280.2001,310.4508,279.7227,308.1326,287.1321,306.3641,279.4588,304.5984,284.5835,303.3119,280.5158,302.0457,284.3216,318.9782,283.7988,320.0453,280.3031,,,321.7727,202.4234,324.7034,199.8566,,
74105,0,,,,,,,,,,,,,,,318.9307,202.3634,317.7020,200.9190,304.8555,214.8381,306.6676,211.7141,315.3482,217.2046,316.5682,216.5269,314.5820,250.0352,314.5701,247.5247,314.8300,280.1583,315.8500,276.4908,,,,,,,318.1548,198.6350,317.1705,201.2838,319.8161,200.9650,321.2949,202.7104,306.1768,210.7879,303.5517,213.4226,308.7252,211.9028,305.7315,215.5132,309.8498,207.8783,307.9141,209.5159,323.7285,208.3915,322.6021,209.1104,314.9431,243.8736,314.4231,248.6443,313.2300,246.1497,314.1780,247.0782,316.5468,275.6752,315.3869,281.1110,314.8497,277.2868,313.9704,279.9874,310.5109,279.7036,308.3277,286.7175,306.4941,279.4012,304.8162,284.1976,303.5355,280.3840,302.2735,284.0647,318.8307,283.6894,319.7486,280.1505,,,322.1398,202.1952,325.8421,199.8273,,
74106,0,,,,,,,,,,,,,,,319.2939,202.5311,319.0392,200.8725,304.4345,211.4699,307.9133,209.9252,315.6223,218.3497,316.7698,217.3553,314.5671,250.4884,314.7241,247.8684,315.0074,280.3016,316.0899,276.6178,,,,,,,319.4257,199.7499,317.6787,201.7000,321.3565,201.1757,321.5429,202.8165,308.1297,209.0650,303.2956,209.7004,310.2196,210.5429,305.2542,212.3728,311.0086,208.8695,308.9504,210.4858,324.5170,209.2243,323.3132,209.4379,315.0374,244.3339,314.2729,249.3945,313.2616,246.6310,314.0648,247.5562,316.8417,275.8264,315.4643,281.1349,315.0496,277.4137,314.2607,280.0838,310.7650,280.0326,308.6558,286.7215,306.6716,279.6143,305.1191,284.3033,303.6960,280.4737,302.7100,284.1232,319.0089,283.5496,319.9907,280.2811,,,322.7024,203.5605,325.9652,199.8571,,
74107,0,,,,,,,,,,,,,,,320.0324,202.2039,319.1793,200.5164,304.3010,207.2999,307.2463,208.1025,315.7446,217.6935,316.7770,216.7735,314.6628,250.2302,314.7850,247.7687,314.9272,280.0357,316.2251,276.1094,,,,,,,319.2195,198.8444,319.0380,201.4057,321.4053,200.8157,322.0695,202.3932,307.3154,207.2055,303.8585,205.2666,310.1145,209.1285,305.2155,208.0846,310.9064,208.6416,309.2115,209.6039,324.7670,208.5854,323.5851,208.4043,315.2747,244.3910,314.4822,249.0850,313.2242,246.5653,314.1154,247.3976,317.0287,275.2525,315.3813,280.8608,315.2205,276.9271,314.2322,279.7436,310.9224,279.4539,308.7007,286.3914,306.8093,279.0798,305.1592,284.0012,303.8408,279.9605,302.7869,283.7498,318.9078,283.3077,320.1508,279.9082,,,323.2530,203.2061,328.3560,199.9012,,
74108,0,,,,,,,,,,,,,,,320.1198,201.8819,318.8211,200.6473,302.6693,205.1610,303.9621,205.0468,314.7997,217.5314,316.7001,216.2723,314.6405,249.9668,314.7677,247.0662,314.9731,280.0281,316.3043,276.0846,,,,,,,319.3257,198.9876,318.7975,200.7333,320.7041,201.0110,322.2214,202.0639,305.1839,204.1053,302.5843,202.9842,309.5818,207.5548,303.1742,206.2022,310.5017,208.1322,308.1354,209.8607,323.9669,208.4282,322.6961,208.8892,315.3019,243.8003,314.5565,248.9869,313.3162,246.1310,314.2690,247.1561,317.2175,275.2113,315.3561,280.9763,315.2085,276.8830,314.3542,279.7123,311.2130,279.4798,308.6453,286.5538,306.9976,279.0509,305.3405,284.1293,304.0109,279.9040,303.1342,283.7978,318.8280,283.3228,320.0787,279.9473,,,322.0350,203.3017,,,,
74109,0,,,,,,,,,,,,,,,320.6670,201.6599,319.2633,199.1184,303.1122,202.4107,301.5451,202.1018,315.2345,216.5941,316.2948,215.0311,314.8501,249.8474,314.2660,246.1662,315.2258,280.3829,316.2900,276.0685,,,,,,,320.4607,198.8637,320.3886,200.8296,321.1983,199.1640,322.8833,201.6319,301.3755,201.3997,303.2612,201.7709,301.6413,202.6565,303.4525,204.1691,309.8691,207.1844,308.6158,209.1231,324.1366,207.0263,323.1816,207.7324,314.8627,243.1008,314.8840,249.0500,312.9475,245.7255,314.3056,247.1228,317.2352,275.0858,315.7488,281.6773,315.2017,276.9431,314.4337,280.0293,310.7729,279.5726,308.9826,287.5160,306.4718,279.3105,305.2272,284.6815,303.4404,280.2958,302.7994,284.3961,319.0033,283.9847,320.4799,279.7811,,,321.9660,202.0555,,,,
74110,0,,,,,,,,,,,,,,,319.3724,201.7783,320.3801,198.7473,299.5990,201.7354,300.1461,199.6987,315.3243,216.8507,316.4843,215.0763,314.9214,249.8638,314.2097,246.1057,315.3033,280.4958,316.4309,275.7962,,,,,,,322.1676,198.5674,318.7049,200.8404,323.2670,198.9329,321.1523,202.0024,301.7247,200.0456,300.2561,200.6781,301.2832,200.2755,299.7324,202.1318,309.3329,207.2904,308.2422,209.1046,324.5051,207.6801,323.3849,208.5950,314.8510,242.9495,315.0767,249.1024,312.7893,245.6560,314.0310,247.1019,317.5167,274.8646,315.9852,281.8520,315.3047,276.6200,314.3860,280.1331,311.2279,279.4051,309.3823,287.7835,306.6579,279.1251,305.3290,284.9687,303.5400,280.1809,302.7019,284.6884,319.2880,284.0424,320.7964,279.6089,,,322.3648,202.2032,325.0526,199.9508,,
74111,0,,,,,,,,,,,,,,,317.7256,201.9117,321.3642,199.0090,299.5102,200.9283,310.4025,198.1305,314.8107,217.2696,317.8472,215.7133,314.8228,249.5334,314.4853,246.1758,315.3304,280.1373,316.6350,275.6712,,,,,,,324.2235,198.7898,317.3968,201.0202,324.3233,199.0971,319.3056,202.3389,315.4137,202.4524,300.4921,200.9410,318.4585,202.4513,299.6332,201.8208,311.4623,207.3239,307.9031,209.2645,325.1126,208.2014,323.2932,209.0585,315.2165,243.2473,314.7730,248.7728,313.0437,245.5673,314.4250,246.8982,317.9677,274.7687,315.8389,281.4279,315.3573,276.4061,314.5091,279.7891,311.8802,279.3879,308.8041,287.2907,307.0617,278.9829,305.3085,284.5298,303.7724,279.9816,302.8811,284.3171,319.2827,283.7723,320.8496,279.5795,,,322.7074,202.3673,324.7410,200.1160,,
74112,0,,,,,,,,,,,,,,,316.6964,202.0742,321.9113,198.9122,301.1937,200.9099,319.8879,202.5030,314.0800,217.6487,318.7100,216.2715,314.5815,250.4078,314.6587,246.3781,315.2154,280.0953,316.5750,275.8388,,,,,,,325.2852,198.7054,315.7438,201.2054,324.7147,198.9274,317.9877,202.6653,315.2504,202.4795,301.8920,200.7476,321.1232,201.7537,300.4695,201.1109,312.3856,208.3310,306.6871,210.0994,325.1185,208.7060,322.6338,209.6192,315.6670,243.5908,314.3473,249.7132,312.5409,245.8958,314.4902,247.8599,318.2214,275.0539,315.5102,281.2971,315.2380,276.4954,314.6461,279.7919,312.5894,279.3702,308.4277,287.1619,307.4449,278.9040,305.2560,284.4842,304.1254,279.8608,303.0451,284.2050,319.4614,283.6702,320.8571,279.7189,,,322.4008,202.5809,324.6694,200.2592,,
74113,0,,,,,,,,,,,,,,,317.0850,202.2004,321.4213,198.8449,303.4518,201.4392,320.4682,202.9897,314.8426,217.6670,318.9751,215.9483,314.7841,249.3832,314.7565,245.9772,315.2939,279.8448,316.7455,275.6046,,,,,,,324.7917,198.6127,316.3169,201.3648,324.1487,198.8491,318.2171,202.6815,314.3033,203.1229,303.7152,201.4025,321.7705,202.1848,302.9249,201.4473,312.5101,207.6122,307.3708,209.7750,325.5919,208.4503,323.3136,209.3517,315.7624,243.2202,314.6162,248.6017,312.6551,245.2313,314.4138,246.9397,318.3428,274.8233,315.6898,281.0083,315.3803,276.2413,314.6730,279.5587,312.7174,279.2865,308.5880,286.8873,307.5963,278.8249,305.2585,284.2810,304.1771,279.9317,302.8773,284.1543,319.7136,283.4989,321.0207,279.6211,,,322.9194,202.4149,325.0729,200.2827,,
74114,0,,,,,,,,,,,,,,,317.2294,202.3069,321.3403,198.8290,303.8373,201.3855,319.5178,203.2655,314.8637,218.1837,318.6359,216.5498,314.5673,249.2794,314.6866,246.1599,315.1705,279.9985,316.6678,275.7857,,,,,,,,,316.7781,201.3596,323.6536,199.6006,318.3480,202.8153,313.5398,203.1316,303.9867,201.3831,319.3672,202.8563,303.3006,201.4524,312.1260,208.3847,307.1616,210.4223,325.6367,209.3010,323.5717,210.0169,315.6850,243.3879,314.5649,248.4423,312.5646,245.4334,313.7331,246.9614,318.1847,275.0197,315.7301,281.1673,315.3586,276.4035,314.4113,279.7426,312.5327,279.3819,308.5627,286.9280,307.4983,278.8203,305.0667,284.3510,304.1214,279.8341,302.6706,284.2841,319.6681,283.6279,320.8966,279.9372,,,322.9922,202.6658,324.9211,200.3063,,
74115,0,,,,,,,,,,,,,,,317.5780,202.2768,,,,,,,314.5561,218.3019,319.1093,216.7499,314.2889,249.3175,314.8104,246.1651,315.1056,279.8937,316.7221,275.7419,,,,,,,,,,,323.5994,198.8393,318.4846,202.7608,,,,,,,,,313.0076,208.6224,306.9101,210.6944,326.1074,209.5540,323.5470,210.3816,316.0124,243.3677,314.0956,248.3979,312.4129,245.3783,314.0846,247.1069,318.4180,275.0226,315.4600,281.0305,315.3377,276.3336,314.4978,279.6367,312.9399,279.4707,308.3709,286.7056,307.7702,278.8480,305.1529,284.0452,304.3220,279.7616,302.8542,283.9148,319.5559,283.6048,320.7981,279.8626,,,323.4875,202.9023,325.5172,200.3729,,
74116,0,,,,,,,,,,,,,,,317.9783,202.1844,,,,,,,314.7778,217.8950,319.0223,216.4595,314.3272,249.7974,314.8478,246.2143,315.0941,280.0745,316.5902,275.9134,,,,,,,,,,,,,319.0489,202.7113,,,,,,,,,312.8661,208.1794,306.8559,210.3880,325.7361,209.1702,323.1900,209.8059,315.8598,243.6065,314.2170,248.9632,312.4633,245.6977,313.6212,247.5964,318.2019,275.2113,315.8048,281.2668,315.2561,276.5206,314.2681,279.7925,312.4299,279.5613,308.3674,287.0988,307.2328,278.9554,304.6610,284.3521,303.7638,279.9045,302.1685,284.2342,319.6283,283.6631,320.9186,280.0274,,,323.0845,202.5077,324.8718,200.2374,,
74117,0,,,,,,,,,,,,,,,318.0633,202.3883,,,,,,,314.6835,218.1831,317.8891,216.5331,314.3852,250.5334,314.6561,247.7812,314.9446,280.5641,316.3741,276.2408,,,,,,,,,318.0452,201.5224,324.2487,199.5746,318.9657,202.8554,,,,,,,,,311.3807,208.5565,307.2739,210.4316,325.3000,209.4018,323.2338,210.1943,315.4044,244.6312,314.4785,249.6505,313.0690,246.6229,313.7373,247.9078,317.8032,275.4435,315.5684,281.7817,315.1817,276.9359,314.1000,280.3088,311.8739,279.6280,308.3468,287.5095,306.9469,279.3051,304.9061,284.8843,303.5421,280.4229,302.5935,284.7570,319.1878,284.3028,320.5458,280.1201,,,323.1746,201.8632,325.2316,200.3679,,
74118,0,,,,,,,,,,,,,,,317.4771,202.3311,,,302.1103,200.9360,,,314.1068,217.4029,317.7160,215.6866,314.6301,250.3657,314.7373,246.9527,314.9365,280.7568,316.4648,275.9908,,,,,,,,,317.1702,201.3860,324.8394,199.5858,318.5392,202.9284,,,302.3546,200.9530,,,301.4763,201.2035,311.3855,208.0604,306.9191,209.9313,324.8120,208.4142,322.6262,209.1850,315.5314,243.9719,314.6383,249.5521,312.9242,246.0832,313.9999,247.6835,317.9448,275.1962,315.4586,282.0326,315.2483,276.7324,314.1898,280.3723,312.0991,279.4601,308.2505,287.8022,307.1211,279.0709,304.7675,284.9274,303.7457,280.1585,302.5228,284.5770,319.2100,284.3534,320.6501,279.9138,,,322.4725,201.6783,,,,
74119,0,,,,,,,,,,,,,,,316.6839,202.2073,,,298.9572,201.1053,,,314.2824,217.8302,317.7561,216.0194,314.5999,250.0868,314.3555,246.5752,315.0588,280.6061,316.4532,276.0524,,,,,,,,,316.0944,201.2906,324.7030,198.6722,317.9432,202.7710,,,,,,,298.3339,201.1695,311.5239,208.0466,306.9067,210.1262,324.9082,208.7771,322.6317,209.7098,315.1990,243.6773,314.5709,249.3621,312.6212,245.8238,314.0814,247.2928,317.9036,275.1948,315.5335,281.8898,315.1922,276.7776,314.3045,280.3006,312.0232,279.3057,308.2924,287.8869,306.9140,279.0241,304.8552,285.0612,303.5430,280.0962,302.5468,284.7054,319.2439,284.1773,320.7291,280.0182,,,322.3752,202.5655,,,,
74120,0,,,,,,,,,,,,,,,318.0856,202.0770,327.0028,199.2227,299.9879,201.7473,309.0226,198.1588,314.5696,217.7769,317.7148,215.9235,314.7577,250.3695,314.5209,247.0605,315.1224,280.4110,316.5729,276.1521,,,,,,,325.3019,198.9974,317.6767,201.1542,325.7395,199.9406,319.4118,202.3313,314.9369,202.4992,300.9462,201.0242,318.3615,202.5650,300.0896,202.2320,311.2315,207.9059,307.3446,210.1453,325.3125,208.6998,323.3443,209.6473,315.3275,243.9305,314.7385,249.7238,313.0335,246.0840,314.5010,247.3382,317.9146,275.4328,315.5638,281.8444,315.3926,276.9290,314.3461,280.1360,311.9612,279.2779,308.3215,287.6879,306.9666,278.9164,304.9084,284.7661,303.7030,279.8678,302.5874,284.4039,319.2284,283.9858,320.7287,280.1071,,,323.1550,202.7296,325.5541,200.2947,,
74121,0,,,,,,,,,,,,,,,319.0104,201.7233,321.9168,199.2424,299.1040,202.7887,301.7905,198.6075,314.3361,217.0956,317.0740,215.5875,314.7001,250.6825,314.3598,247.2311,315.2168,280.1693,316.2839,275.9629,,,,,,,323.9311,199.0228,,,324.8107,199.4075,320.9444,201.8154,316.1109,203.3768,299.2097,202.1230,317.5844,203.5717,298.9916,203.6241,310.7337,207.1862,307.7128,209.3683,324.9421,207.5543,323.1334,208.2509,315.0432,243.5837,314.6073,249.7143,313.1451,246.1473,314.6701,247.3602,317.4677,275.0718,315.6745,281.4531,315.2662,276.8616,314.4420,279.8737,311.2197,279.3982,308.5686,287.3261,306.6078,279.2464,305.0871,284.7335,303.4744,280.2971,302.7303,284.4841,319.2382,283.6866,320.4493,279.7789,,,322.8367,202.4051,,,,
74122,0,,,,,,,,,,,,,,,319.5217,202.0019,322.0489,199.2035,300.0063,205.1404,316.9614,205.2883,314.4588,217.3034,317.8877,216.1543,314.6623,250.5750,314.4725,247.7405,314.9881,280.4340,316.2904,276.2265,,,,,,,324.0651,198.9761,,,324.8736,200.0883,321.6988,202.0178,315.0224,204.9779,299.8282,202.5352,318.0139,205.6088,300.7559,205.9072,311.5817,207.5178,307.6004,209.3486,325.1604,208.4384,323.4090,208.8428,315.2360,243.9789,314.6680,249.3592,313.0252,246.2871,314.4298,247.3282,317.4547,275.3713,315.5525,281.7436,315.2409,277.0727,314.1748,280.1794,311.3384,279.5984,308.6048,287.4634,306.8364,279.3802,305.1057,284.8767,303.6785,280.4567,302.7561,284.6501,319.1006,284.1944,320.3328,280.1600,,,323.3246,202.9926,,,,
74123,0,,,,,,,,,,,,,,,319.5061,202.2586,319.0454,199.0556,300.7438,209.8373,297.9731,203.6980,315.2655,216.4064,316.9997,216.4063,314.6188,250.7970,314.6083,247.5941,315.2172,280.3306,316.2142,276.2711,,,,,,,320.7043,198.9026,,,320.0351,200.1049,321.7297,202.5681,296.8605,201.0603,299.8201,208.0400,298.3160,204.1899,301.7437,210.6711,311.1335,207.5503,309.1656,208.3379,325.2322,207.5128,324.0912,207.1815,315.3185,243.8022,314.5873,249.4713,313.4077,246.3616,314.5175,247.4872,317.1556,275.3252,315.6158,281.6040,315.2265,277.1466,314.4283,280.1024,311.1443,279.4995,308.7501,287.2580,306.8500,279.2102,305.3753,284.6317,303.9126,280.1783,303.1505,284.4426,319.1870,284.1329,320.0873,280.2549,,,323.9359,202.0283,,,,
74124,0,,,,,,,,,,,,,,,319.8240,202.1696,316.7356,199.9177,302.9883,213.5581,300.7860,206.1499,315.6541,216.9349,317.7117,216.3235,314.4783,250.9965,314.6948,248.0348,315.0544,280.1836,316.1529,276.1169,,,,,,,318.3671,199.0356,317.9266,200.9794,318.3616,200.1038,322.0330,202.4905,299.2230,204.1499,301.2852,212.0935,302.1257,205.9481,304.6152,214.2929,311.8820,207.6491,309.8398,208.9399,325.7305,207.6026,324.5310,208.0154,315.3519,243.9879,314.2272,249.5940,313.2842,246.5688,314.3886,247.6897,317.0715,275.1718,315.4766,281.4412,315.1490,277.0087,314.2410,279.9424,310.7909,279.4097,308.4178,287.1913,306.6187,279.2693,305.0721,284.6678,303.6692,280.3074,302.8272,284.4516,319.0253,283.7546,319.8973,280.0055,,,324.4192,201.8856,327.7458,200.2558,,
74125,0,,,,,,,,,,,,,,,319.0912,202.6192,316.3764,200.9606,304.7023,215.6469,301.2043,208.3824,316.1355,217.2996,318.2154,216.3051,314.3080,251.1895,314.9220,247.8607,314.8108,280.5231,316.1609,276.4644,,,,,,,318.0462,199.0510,316.9299,200.8994,319.7323,200.6399,321.4366,202.8161,299.4265,207.0705,302.9726,214.3018,300.8780,208.7112,305.5368,216.2977,312.4268,207.4557,309.8615,208.8644,326.0266,207.8373,324.6074,208.2605,315.6489,243.8465,314.0927,249.7019,313.3554,246.5139,314.3601,247.8545,317.1412,275.5624,315.1787,281.7091,315.1548,277.3230,314.0375,280.2300,311.2715,279.7708,307.9457,287.3013,307.0327,279.4010,304.7603,284.7326,303.9386,280.2959,302.5121,284.5412,318.9600,284.0951,319.9776,280.4087,,,324.3248,202.2725,,,,
74126,0,,,,,,,,,,,,,,,319.2410,202.5093,315.6639,201.0806,307.6447,218.1163,304.4655,210.2411,316.4435,218.1268,317.8061,216.0968,314.3615,251.0967,314.8082,248.0394,314.8520,280.1091,316.2356,276.1069,,,,,,,313.6641,199.7206,316.8593,200.8309,318.1831,200.9233,321.4314,202.6311,302.0115,209.5428,305.7645,216.7969,304.7946,210.3041,308.6573,218.8178,310.9347,207.4974,308.5790,210.1360,325.5153,207.4410,324.4348,208.6905,315.4446,243.7933,314.0757,249.6936,313.3289,246.5361,314.3110,247.7729,317.1146,275.1742,315.2735,281.1784,315.2752,277.0332,314.0471,279.8867,311.0512,279.4442,307.8731,287.1170,306.9604,279.2324,304.5542,284.6062,303.8789,280.3022,302.1066,284.3858,319.0430,283.4481,320.1195,279.9897,,,323.0000,202.1557,,,,
74127,0,,,,,,,,,,,,,,,320.1027,202.7640,320.0109,201.5495,311.3497,219.1420,315.5518,213.1808,316.6018,218.4703,317.7412,217.1169,314.3098,251.4472,315.2094,248.6009,315.0160,280.2407,316.2817,276.5174,,,,,,,319.1135,200.4737,317.5718,201.8203,322.2501,201.3663,322.1742,202.7372,314.2908,213.0549,309.2467,218.0319,317.8174,213.4565,312.3551,219.4907,310.9528,208.9219,308.3883,211.5508,326.0019,208.4107,324.9218,209.4932,315.7879,244.6262,314.2944,250.0101,313.7327,247.2456,313.9373,248.4887,317.2330,275.6775,315.3907,281.2169,315.2647,277.3679,314.2024,279.9759,311.4264,279.8505,308.2381,286.9128,307.2572,279.4857,304.9650,284.4679,304.2109,280.4712,302.5832,284.2712,319.1693,283.4382,320.2999,280.2058,,,323.5627,202.8468,326.9162,200.2804,,
74128,0,,,,,,,,,,,,,,,321.1752,202.6594,319.5181,201.2969,311.9789,219.2074,314.0792,214.7732,317.1556,218.9548,317.3540,217.6955,314.1783,251.0439,314.7045,248.5261,315.2239,280.3512,316.1994,276.5797,,,,,,,318.0575,200.4279,318.6599,201.6494,321.6138,201.2518,323.3034,202.6108,312.5296,214.3404,309.9889,217.9585,316.3272,215.0945,313.2548,219.5832,310.7907,209.8790,309.3602,211.8460,325.6635,209.1694,325.1940,210.1939,315.2181,244.7849,314.3009,249.5505,313.4248,247.0014,313.4965,248.1020,316.9634,275.7512,315.7294,281.4195,315.2381,277.3908,314.3420,280.1308,310.9481,279.6945,308.6830,286.9753,306.9807,279.4114,305.1609,284.5706,303.9844,280.3945,302.5302,284.3866,319.2473,283.8459,320.1807,280.2053,,,323.7934,203.8455,328.0442,200.1088,,
74129,0,,,,,,,,,,,,,,,321.2789,203.9258,319.1027,201.6767,311.6818,219.3919,313.2297,215.2591,316.9201,218.9611,316.4350,217.7151,314.4163,251.2575,314.4226,248.9904,314.8959,280.6622,315.6877,277.0191,,,,,,,317.9810,200.8845,318.9193,201.7617,321.1558,201.6317,323.3551,203.9286,312.0460,214.6486,309.7670,218.0020,315.7257,215.6911,313.1288,219.8956,309.7924,209.4517,309.3215,211.7245,325.1832,209.1597,324.9811,210.2015,314.7296,245.1101,314.5612,249.6609,313.4119,247.2100,313.6780,248.2482,316.4172,276.2943,315.5176,281.6135,314.7547,277.7976,313.9666,280.5442,310.4211,280.1290,308.3461,287.2387,306.6603,279.9142,304.8403,284.8317,303.6380,281.0670,302.0690,284.6929,318.8593,284.0635,319.6901,280.7261,,,323.4454,203.7863,327.5582,200.2000,,
74130,0,,,,,,,,,,,,,,,321.3473,202.8222,318.5771,201.7863,311.6011,219.2081,313.0944,213.9697,316.9697,218.5630,316.5041,217.0769,314.3541,251.1875,314.3132,248.6687,314.9528,280.8736,315.6216,277.0358,,,,,,,317.3975,200.9238,318.6267,201.8734,320.7914,201.5802,323.5407,202.8505,311.7901,213.6471,309.5957,217.9016,315.5603,214.5162,313.1115,219.7779,309.2695,208.8223,308.6997,211.2048,325.3237,208.5992,325.2423,209.7860,314.7192,244.8119,314.5342,249.6747,313.1825,247.1281,313.4154,248.2282,316.3729,276.2938,315.6870,281.8844,314.6965,277.8247,313.9781,280.7518,310.4144,280.3172,308.6183,287.5717,306.5496,280.0237,305.0193,285.0688,303.5322,281.1351,302.2651,284.9021,318.9719,284.4343,319.6836,280.7336,,,323.3731,202.8656,327.4400,200.3962,,
74131,0,,,,,,,,,,,,,,,321.1948,202.6167,318.9061,201.4438,311.2132,218.3962,313.0117,213.5008,316.7088,218.0602,316.6149,216.8128,314.4613,251.0284,314.4508,248.3179,315.0354,280.5791,315.7903,276.7700,,,,,,,317.9224,200.5627,318.5745,201.7045,321.0219,201.2516,323.3593,202.5829,312.0697,213.3628,309.3199,217.1504,316.0630,213.9807,312.4391,218.8766,309.5347,208.5536,308.7593,210.7915,325.2823,207.8538,325.1043,209.0465,314.8625,244.5027,314.6500,249.6605,313.4431,247.0218,313.6951,248.0641,316.5935,275.9539,315.7270,281.5593,314.8457,277.6295,314.1018,280.3429,310.5517,280.0245,308.5773,287.3443,306.6196,279.8063,305.0583,284.8848,303.5293,280.9168,302.4206,284.7546,319.1145,283.9234,319.7931,280.4690,,,323.5724,202.5072,,,,
74132,0,,,,,,,,,,,,,,,320.9270,202.7944,318.8043,201.3933,311.0920,217.8584,312.8246,213.8263,316.3539,217.8792,316.2951,216.7966,314.6211,250.6491,314.6426,248.1496,314.9299,280.4311,315.6935,276.6631,,,,,,,317.9321,200.6455,318.4592,201.8217,320.6548,201.2988,322.9265,202.6122,312.0098,213.4275,309.2780,216.7671,315.8897,214.1948,312.0231,218.2399,309.8227,208.4990,308.7965,209.9645,325.0039,207.7077,324.8093,208.6960,315.0297,244.3544,314.7799,249.2238,313.7297,246.5022,313.9435,247.3989,316.4680,275.9001,315.5693,281.3781,314.7737,277.5156,313.9893,280.1593,310.5265,280.1203,308.4312,287.1156,306.5943,279.8317,304.8346,284.7184,303.5249,280.8907,302.1841,284.5606,318.9241,283.7034,319.6705,280.4898,,,323.2628,202.4583,,,,
74133,0,,,,,,,,,,,,,,,320.7151,202.8343,317.4434,201.6265,311.1119,217.8708,310.2006,213.9503,316.5106,218.2721,316.3976,217.1151,314.5796,251.1118,314.7588,248.3821,315.0055,280.6302,315.7900,276.6409,,,,,,,316.3676,200.7639,317.7506,201.0847,319.4860,201.4092,322.7797,202.6792,308.4418,213.4363,309.4524,216.7540,312.1053,214.2874,312.0043,218.2439,309.8627,208.9325,308.7100,210.4476,324.9698,208.3238,324.8367,209.0832,315.1650,244.6375,314.7737,249.7256,313.6961,246.8809,313.8113,247.9597,316.5945,275.8103,315.5860,281.6527,314.8686,277.4712,314.1209,280.3487,310.6837,280.1331,308.6055,287.3431,306.7465,279.8606,305.0600,285.0121,303.8056,280.8171,302.3725,284.8237,319.0195,283.9507,319.7065,280.4227,,,323.1424,202.8255,,,,
74134,0,,,,,,,,,,,,,,,320.8099,202.7083,318.2010,201.4302,311.1828,217.8773,311.0643,213.8882,316.5840,218.3421,316.2859,216.9588,314.5526,251.0054,314.6325,248.2848,314.9498,280.4206,315.8661,276.6460,,,,,,,317.4235,200.6411,317.8231,200.9355,320.1521,201.1909,322.8463,202.5137,309.7075,213.2917,309.3911,216.7108,313.4894,214.2320,312.0247,218.2668,310.3536,208.7962,309.0483,210.5862,324.9133,208.5537,324.7434,209.3536,314.9391,244.6391,314.7432,249.5058,313.6917,246.8660,313.9660,247.8030,316.6840,275.8352,315.6014,281.4312,314.9220,277.4370,314.0080,280.1746,310.7463,280.0033,308.6027,287.1715,306.8683,279.6652,305.0264,284.8989,303.9502,280.5586,302.3187,284.7409,318.9856,283.6040,319.7947,280.2947,,,323.1338,202.6161,325.9707,200.2598,,
74135,0,,,,,,,,,,,,,,,320.4540,202.9664,318.7292,201.9085,311.0162,218.1343,311.7522,214.6440,316.7252,218.6770,317.0548,217.4762,314.4804,251.0846,315.0178,248.4500,314.8918,280.2704,316.0949,276.4425,,,,,,,317.9352,201.2085,317.5602,201.9516,320.6423,201.7097,322.4652,202.7233,310.8768,214.1873,309.3157,217.1383,314.6016,214.8136,311.9253,218.4418,311.4524,209.2949,309.3340,210.9913,325.2677,208.7012,324.7719,209.4634,315.4090,244.5942,314.4776,249.5938,313.8296,246.7586,313.9843,247.8387,316.9541,275.6424,315.3712,281.2151,315.0964,277.3027,314.0719,280.0696,311.0797,279.8272,308.2485,286.9235,307.1193,279.5368,304.8987,284.6298,304.1198,280.5525,302.3071,284.4666,318.8284,283.5531,319.9069,280.2855,,,323.3464,203.0385,,,,
74136,0,,,,,,,,,,,,,,,320.3034,202.8619,318.8855,201.7691,311.1672,218.0096,312.5165,214.3074,316.4579,218.2994,316.6765,217.1382,314.4805,251.0469,314.8674,248.0237,314.8306,280.4023,316.0782,276.3171,,,,,,,318.1469,200.9832,317.5300,201.8899,320.8649,201.5387,322.3275,202.6797,311.6962,213.8251,309.4136,217.0243,315.2696,214.4694,312.0308,218.2703,310.8208,209.0721,308.8980,210.6229,325.1129,208.3823,324.6091,209.3004,315.3023,244.2614,314.4846,249.6941,313.7042,246.6027,313.8608,247.8299,316.9677,275.4061,315.3363,281.3421,315.0991,277.1734,314.0189,280.1071,311.0978,279.7101,308.3759,287.0141,307.1852,279.3568,304.9575,284.7283,304.2251,280.3250,302.3867,284.5392,318.7692,283.5261,319.9572,280.0055,,,323.1648,202.9418,,,,
74137,0,,,,,,,,,,,,,,,320.3444,202.9361,318.2372,201.9161,311.2529,218.0258,311.3483,214.7014,316.2667,218.2677,316.2925,217.1533,314.4682,250.9723,314.7861,248.1671,315.0266,280.4031,315.9792,276.4350,,,,,,,317.4595,201.1021,317.5644,201.9219,320.1985,201.6473,322.4054,202.7664,309.9890,214.1463,309.4767,217.0476,313.6320,214.7942,312.1954,218.2399,310.5249,209.1839,308.6476,210.7022,325.1022,208.4353,324.7218,209.2534,315.1544,244.4284,314.5212,249.5813,313.6847,246.6489,313.8975,247.7305,316.8190,275.5925,315.4931,281.3866,315.0088,277.2789,314.2127,280.1371,310.9890,279.8737,308.5623,287.1046,307.0825,279.5166,305.1364,284.7508,304.1854,280.4322,302.5140,284.5014,318.9978,283.7447,319.8137,280.1791,,,323.2035,202.9952,,,,
74138,0,,,,,,,,,,,,,,,320.3150,202.9845,319.3393,201.9159,311.1311,218.2475,313.7057,214.8205,316.4705,218.6183,316.9233,217.6527,314.5357,251.0865,314.9579,248.3456,315.0961,280.4144,316.1288,276.6402,,,,,,,318.3676,201.1384,317.4097,201.9630,321.1416,201.7342,322.3589,202.7985,312.7812,214.3272,309.3513,217.1880,316.1705,214.9547,312.0200,218.5847,311.3072,209.6882,309.0772,211.5311,325.3481,208.9114,324.7540,209.7139,315.3920,244.6221,314.4642,249.6834,313.8141,246.8213,314.1138,247.9279,316.9945,275.7852,315.4713,281.3340,315.1212,277.4863,314.3241,280.1946,311.1311,279.8886,308.3199,286.9698,307.1214,279.5173,305.0805,284.6526,304.1121,280.4107,302.5270,284.4257,319.0499,283.6876,319.9428,280.2569,,,323.2758,203.0038,326.6687,200.3138,,
74139,0,,,,,,,,,,,,,,,320.1857,202.8580,319.2369,201.8858,310.9637,218.3407,313.6856,214.8956,316.0987,218.4099,316.8600,217.2946,314.6628,251.2401,315.1343,248.4446,314.8455,280.3478,315.9957,276.7419,,,,,,,318.5641,201.0293,317.3920,201.8794,321.0240,201.6299,322.1112,202.6035,312.8619,214.4324,309.1860,217.3086,316.1151,214.9734,311.8430,218.7085,310.8338,209.4102,308.4294,211.2890,325.4849,208.7392,324.7492,209.5908,315.5516,244.6071,314.5458,249.7828,313.9746,246.8590,314.2903,247.9855,316.9102,275.8997,315.2921,281.2478,314.9426,277.5724,314.0145,280.1013,311.0860,280.0482,308.0771,286.9510,307.0062,279.6282,304.9612,284.6080,303.9600,280.5190,302.5567,284.4394,318.8258,283.4639,319.9366,280.3978,,,323.4069,202.9386,326.7451,200.3010,,
74140,0,,,,,,,,,,,,,,,320.0983,202.8838,318.7264,201.8844,310.8525,218.3530,312.9696,215.5491,316.3641,218.5240,316.8677,217.5641,314.6050,251.2147,314.9309,248.5318,314.9793,280.5205,315.9410,276.7651,,,,,,,317.7393,201.0479,317.1461,201.9073,320.5561,201.6027,322.1629,202.6348,311.9643,215.2225,308.9311,217.3854,315.3519,215.7012,311.8780,218.6815,310.8561,210.0010,308.5920,211.6650,325.5662,209.1203,324.9271,209.9221,315.2885,244.7194,314.4583,249.7269,313.6175,246.9629,314.0045,248.0269,316.7624,275.9264,315.4462,281.4471,314.9510,277.5805,314.1464,280.2718,310.8918,279.9491,308.3239,286.9677,306.9157,279.5059,305.0417,284.5980,303.9436,280.3741,302.4675,284.3720,318.9321,283.8534,319.8588,280.3469,,,323.3557,202.9952,327.5069,200.3273,,
74141,0,,,,,,,,,,,,,,,320.0190,202.7585,319.2104,201.6959,311.5290,218.0258,314.0769,214.3262,316.5306,218.0425,316.9833,216.8553,314.5718,251.0930,314.7790,248.2331,315.2072,280.3786,316.1491,276.7427,,,,,,,318.1626,200.8385,317.5398,201.9453,320.9684,201.3303,321.9911,202.5605,312.8937,214.2057,309.6405,217.0545,316.1206,214.6995,312.7834,218.4422,311.6473,208.6739,309.5260,210.9608,325.6329,208.1083,325.1611,209.0671,315.0579,244.1481,314.4568,249.5153,313.5857,246.5897,313.8501,247.7451,316.8378,275.9027,315.6078,281.3463,315.2362,277.5489,314.5477,280.2162,311.1475,279.9550,308.9034,286.9169,307.3542,279.6061,305.6614,284.6879,304.5166,280.6125,303.1097,284.4205,319.0837,283.7488,319.7998,280.3473,,,323.8720,202.3927,,,,
74142,0,,,,,,,,,,,,,,,319.8757,202.7850,319.3698,201.7641,311.3431,218.2656,314.4920,215.0058,316.4986,218.1755,317.0293,216.9425,314.4567,251.1195,314.9533,248.1999,315.2049,280.4227,316.3443,276.6384,,,,,,,318.2765,200.7246,317.1045,201.9001,321.4457,201.3379,321.8445,202.6216,313.1206,214.7107,309.3125,217.2879,316.5242,215.2290,312.5487,218.7600,311.1023,208.7730,308.8357,210.7353,325.5834,208.5384,325.0205,209.3432,315.3864,243.9441,314.3319,249.4971,313.5766,246.4898,313.6703,247.6961,317.0848,275.7939,315.6549,281.4258,315.3762,277.5007,314.4705,280.2476,311.2404,280.0878,308.8737,287.0988,307.2650,279.7697,305.4378,284.7647,304.3602,280.7990,302.8001,284.5486,319.1793,283.8144,320.1095,280.2760,,,323.8040,202.6656,328.1408,200.3672,,
74143,0,,,,,,,,,,,,,,,320.0602,202.6986,319.4061,201.7674,311.8690,218.4241,314.2363,215.4096,316.6427,218.1581,317.4706,217.0832,314.4336,251.0354,315.2861,248.1463,314.9244,280.5520,316.2892,276.7928,,,,,,,318.3698,200.7547,317.1386,201.7744,321.5744,201.4072,322.0601,202.5893,312.8098,215.0772,309.6181,217.4393,316.2183,215.6986,313.3461,218.8148,311.3285,208.9582,308.8315,210.8215,325.9775,208.4046,325.2894,209.3140,315.9028,243.9388,314.2167,249.3687,313.7848,246.3261,313.8716,247.5087,317.1173,275.9705,315.3328,281.5883,315.2494,277.6335,314.1873,280.3689,311.2817,280.1565,308.3395,287.2855,307.2090,279.8847,304.9941,285.0206,304.2440,280.9768,302.3982,284.8289,319.0106,283.9849,320.1411,280.3741,,,324.0564,202.6952,328.4909,200.3868,,
74144,0,,,,,,,,,,,,,,,320.1758,202.7022,319.8852,201.6645,311.6823,218.3952,314.9490,215.5332,316.5979,218.4429,317.6377,217.2997,314.4798,251.1496,315.3572,248.3704,314.7161,280.6936,316.4148,276.7597,,,,,,,318.8594,200.7695,317.4853,201.8462,322.3556,201.3085,322.1906,202.6044,313.8508,215.1884,309.5621,217.4439,316.9790,215.9040,313.1137,218.7755,311.7068,209.4104,309.0094,211.2347,325.8800,208.7733,324.9698,209.5624,316.0050,244.2921,314.2003,249.5317,313.8729,246.5606,314.1287,247.8130,317.2424,275.9065,315.0789,281.7347,315.4027,277.6028,313.9945,280.5000,311.4032,280.1628,308.1243,287.3375,307.3975,279.8400,304.8692,285.0363,304.4761,280.8778,302.3414,284.8256,318.7950,284.1267,320.2339,280.3146,,,323.6875,202.8040,327.9357,200.2764,,
74145,0,,,,,,,,,,,,,,,320.1110,202.7838,319.4139,201.8096,311.8704,218.5277,314.4183,215.3593,316.8855,218.3994,317.6433,217.3259,314.5740,251.1404,315.3263,248.1891,314.8570,280.3701,316.2809,276.6021,,,,,,,318.3499,200.8260,317.4346,201.8782,321.6813,201.3681,322.0635,202.5528,313.1749,215.1634,309.7702,217.6138,316.5303,215.6670,313.3366,218.9321,311.6786,209.3238,309.4461,211.1972,325.6437,208.5331,324.9523,209.4830,315.9025,244.3111,314.4219,249.6010,313.8309,246.4687,313.9579,247.7127,317.0474,275.7624,315.2262,281.3440,315.2878,277.4838,314.1458,280.1338,311.3309,280.0415,308.4312,287.0141,307.3963,279.7239,305.1217,284.7694,304.5255,280.7297,302.5911,284.5601,318.8755,283.5509,320.0559,280.2537,,,323.6385,202.7721,327.7566,200.2886,,
74146,0,,,,,,,,,,,,,,,320.1722,202.8900,319.6648,201.9182,311.4773,217.9235,314.6661,215.9209,316.6746,218.1307,317.7645,217.5117,314.6631,251.0712,315.5934,248.4082,314.7271,280.1404,316.4230,276.5342,,,,,,,318.5754,201.0655,317.4359,201.9017,321.8845,201.5941,322.0895,202.6746,313.6139,215.6157,309.4633,217.0947,316.9417,216.2198,312.8514,218.3095,311.9496,209.8197,309.4618,211.1757,325.5607,208.9142,324.7258,209.6559,316.1894,244.4457,314.3997,249.5419,313.9758,246.5909,314.0919,247.7373,317.2152,275.7658,315.0872,281.0094,315.4269,277.3977,314.0502,279.8988,311.5052,280.0248,308.2260,286.5542,307.6280,279.5836,305.0258,284.3441,304.7556,280.5146,302.5993,284.1594,318.6943,283.2500,320.2203,280.2104,,,323.2904,202.9971,327.2503,200.2901,,
74147,0,,,,,,,,,,,,,,,319.7999,202.6600,319.8910,201.7575,311.7416,218.0979,315.5262,215.8597,316.6757,217.9154,317.9843,217.4006,314.7129,251.1097,315.7780,248.4528,314.7349,280.4358,316.4398,276.6022,,,,,,,318.6140,200.8949,316.8964,201.7077,322.2469,201.4441,321.7071,202.4936,314.0933,215.5872,309.5350,217.2037,317.4720,216.0065,313.0889,218.4262,312.1791,209.5329,309.4148,210.6957,325.6440,208.5294,324.6546,209.3238,316.4186,244.4250,314.4123,249.4983,314.1166,246.6088,314.2549,247.6960,317.3027,275.7786,315.0616,281.4503,315.3973,277.4892,314.0637,280.1893,311.5383,280.0237,308.1318,286.9885,307.5425,279.6887,304.9634,284.6863,304.6188,280.6822,302.5107,284.4589,318.7270,283.7465,320.2169,280.2914,,,323.5222,202.7682,327.5757,200.2447,,
74148,0,,,,,,,,,,,,,,,319.7906,202.8354,320.5432,201.9892,311.1902,217.9765,316.6109,216.1782,316.2184,217.8797,317.9855,217.1866,314.6226,251.1359,315.9053,248.2871,314.6694,280.5899,316.5621,276.8640,,,,,,,319.2399,201.0906,317.1825,201.9253,323.0005,201.6583,321.7113,202.7151,315.2797,215.8316,309.1966,217.0953,318.3284,216.2772,312.2814,218.3538,312.2708,209.4966,308.8803,210.4255,325.5345,208.5080,324.3391,209.3436,316.5991,244.4783,314.1877,249.6348,314.1359,246.6033,314.3805,247.8590,317.4811,276.0742,314.9193,281.6014,315.5183,277.7471,314.0510,280.3289,311.7596,280.2090,307.9608,287.0848,307.7275,279.8057,304.9499,284.7846,304.7834,280.7068,302.6439,284.5386,318.6467,283.8289,320.2547,280.5458,,,323.3309,203.0056,,,,
74149,0,,,,,,,,,,,,,,,319.8449,202.7599,320.4105,201.8814,311.0069,217.8968,316.8254,216.0947,316.0347,217.9717,317.8335,217.0406,314.5655,251.3914,315.7134,248.3842,314.6689,280.4933,316.5219,276.7125,,,,,,,319.3059,201.0541,316.8991,201.8068,323.0567,201.6557,321.8413,202.6657,315.4869,215.8052,309.0195,217.0763,318.6137,216.2236,312.0650,218.2744,311.8782,209.4016,308.4880,210.6183,325.5218,208.6820,324.3357,209.6526,316.2454,244.5404,314.2064,249.8572,313.9617,246.7600,314.1494,248.1187,317.4626,275.8462,314.9668,281.4818,315.4747,277.5712,313.9848,280.2178,311.7600,279.9104,307.9961,286.9875,307.7266,279.5388,304.9140,284.5494,304.8371,280.5336,302.5960,284.2907,318.7618,283.7797,320.3142,280.3771,,,323.2445,203.0007,327.1230,200.3665,,
74150,0,,,,,,,,,,,,,,,319.7547,202.8627,320.4654,201.9524,310.6550,218.2879,316.7398,216.1329,315.9480,218.3874,317.9149,217.5528,314.5240,251.3243,315.8122,248.5452,314.5087,280.5533,316.4450,276.9526,,,,,,,319.5663,201.0628,316.8682,201.8450,323.1314,201.6772,321.8130,202.8016,315.4344,215.7815,308.6145,217.3943,318.7010,216.2961,311.6449,218.6341,312.0109,209.7868,308.3179,211.3086,325.4976,209.0715,324.2515,209.9616,316.3931,244.7565,314.1459,249.8456,313.7655,246.9333,314.0837,248.1424,317.4190,276.1313,314.8437,281.5104,315.3819,277.7505,313.8286,280.2711,311.8474,280.1781,307.9573,286.9904,307.6607,279.7394,304.8705,284.5541,304.7311,280.6131,302.5823,284.3113,318.5383,283.7825,320.2720,280.5322,,,323.2901,203.0278,327.3721,200.3608,,
74151,0,,,,,,,,,,,,,,,319.5239,202.9603,320.3355,201.9338,310.7367,218.6085,316.3572,216.2204,316.3012,218.0167,317.8084,217.0842,314.5022,251.0843,315.6356,248.3673,314.5702,280.5565,316.4961,276.8503,,,,,,,319.2644,201.0533,316.6565,201.9781,322.8118,201.6469,321.5682,202.8235,315.0228,215.9184,308.6487,217.6729,318.3721,216.2397,311.8800,219.0233,311.9693,209.6825,309.0597,210.9637,325.5543,208.5040,324.4489,209.4197,316.1249,244.6000,314.1416,249.6604,313.8968,246.6588,314.1850,247.8215,317.3937,275.9845,314.8488,281.5472,315.4678,277.6830,313.9089,280.3278,311.7210,280.1152,307.8854,287.0452,307.6636,279.6722,304.8136,284.6582,304.7946,280.5260,302.4639,284.3923,318.6178,283.8864,320.1765,280.4678,,,323.4665,202.9907,,,,
74152,0,,,,,,,,,,,,,,,319.6216,202.9847,320.5810,201.8911,310.6231,218.9683,316.8261,216.3290,316.1153,218.3638,317.7563,217.4206,314.4606,251.4685,315.6305,248.8068,314.7053,280.7365,316.4788,276.9623,,,,,,,319.5305,201.0033,316.7287,201.9433,323.1097,201.6458,321.7527,202.9004,315.4898,215.9287,308.6264,217.9181,318.7367,216.4760,311.5475,219.4028,311.7540,209.9741,308.6704,211.4836,325.3322,209.0846,324.1811,209.9484,316.1229,244.9509,314.0717,250.0442,313.7539,247.0357,314.1100,248.1927,317.3583,276.0971,314.9766,281.7020,315.4437,277.8049,314.0457,280.5373,311.7593,280.0983,307.9325,287.1393,307.7133,279.7451,304.9307,284.7672,304.8192,280.6519,302.6598,284.5028,318.6041,284.0576,320.1977,280.5612,,,323.1426,203.0704,327.0520,200.3463,,
74153,0,,,,,,,,,,,,,,,319.3637,203.3043,320.1855,202.0506,310.2641,219.3462,316.0011,216.3106,315.9086,219.3726,316.9514,218.4188,314.1407,250.9809,314.9237,248.8997,314.7674,280.2273,316.5036,276.5990,,,,,,,319.2157,201.1570,316.5451,202.1795,322.7203,201.8436,321.5985,203.0481,314.6375,216.0462,308.3806,218.2271,317.9780,216.4203,311.2994,219.7565,311.2139,210.3613,308.5403,212.4050,325.0693,209.3002,324.1327,210.1977,315.4609,244.7185,313.7927,249.3643,313.3767,246.8795,313.7444,247.6124,317.3756,275.8324,315.1921,281.1293,315.4725,277.3994,314.0380,280.1665,311.5136,280.0172,308.3355,286.7899,307.4671,279.7549,305.0666,284.5714,304.5486,280.8354,302.5831,284.4088,318.9445,283.4830,320.2918,280.1011,,,322.8388,203.1940,326.8108,200.2587,,
74154,0,,,,,,,,,,,,,,,319.4664,202.9753,320.4246,201.8373,310.5180,219.3872,316.7765,216.3534,316.0864,219.0639,317.8620,217.9385,314.1454,251.0217,315.1091,248.6085,314.4043,280.4155,316.4351,276.8473,,,,,,,319.5909,200.8855,316.5024,201.9445,323.0818,201.3789,321.5528,202.6888,315.8472,215.9581,308.7401,218.2177,318.7468,216.5616,311.4569,219.8783,311.7064,209.9265,308.8568,212.1449,325.2632,209.1099,324.1596,210.1387,315.8655,244.5298,313.7982,249.3699,313.5057,246.7412,313.8280,247.7040,317.3955,276.0740,314.7183,281.3675,315.3629,277.6302,313.7616,280.3071,311.7110,280.1610,307.8345,286.8987,307.5671,279.7920,304.7408,284.5726,304.6526,280.7795,302.4131,284.4221,318.6806,283.7436,320.2414,280.3081,,,323.1262,203.7165,326.8739,200.2324,,
74155,0,,,,,,,,,,,,,,,319.3519,202.9391,320.1969,201.8117,310.3630,219.2737,316.7597,216.5576,316.0304,218.5724,317.8840,217.5733,314.1802,251.0610,315.1251,248.6876,314.5280,280.6711,316.4148,276.9959,,,,,,,319.1552,200.9065,316.3990,201.8688,322.7732,201.4286,321.4355,202.8022,315.7143,216.1219,308.5273,218.1307,318.6271,216.6159,311.3490,219.6866,311.7990,209.7665,308.8750,211.6532,325.4006,208.9380,324.2315,209.9656,315.8611,244.7849,313.8340,249.4756,313.4829,246.8790,313.8342,247.7412,317.3212,276.2206,314.8624,281.6587,315.3732,277.7772,313.8737,280.5541,311.5726,280.2092,307.8644,287.1747,307.4306,279.8420,304.8310,284.8127,304.5167,280.8218,302.5478,284.5798,318.8058,284.0977,320.2232,280.6081,,,323.1442,203.6685,327.0577,200.2923,,
74156,0,,,,,,,,,,,,,,,319.2946,202.5073,320.3397,201.2388,310.6629,218.8777,316.9188,216.1344,316.0188,218.3500,318.0904,217.2141,314.2380,250.7757,315.2158,248.4249,314.6459,280.2260,316.5774,276.7888,,,,,,,319.3598,200.3938,316.3479,201.5760,323.3620,200.9985,321.4183,202.4451,315.7455,215.7586,308.6415,217.8025,318.7761,216.2639,311.7003,219.3183,311.4939,209.3281,308.1659,211.3377,325.4172,208.6433,324.1886,209.6263,315.9787,244.4374,313.8249,249.1918,313.4433,246.5071,313.9312,247.3746,317.5616,276.0625,314.9849,281.2077,315.4869,277.5844,313.9561,280.1407,311.7600,279.9814,308.0025,286.8939,307.5251,279.5521,304.8936,284.4366,304.5652,280.5271,302.5020,284.2704,318.9717,283.6516,320.5206,280.4036,,,323.3520,203.2886,327.9963,200.1247,,
