sync_index,person_id,Nose_px,Nose_py,L_Eye_px,L_Eye_py,R_Eye_px,R_Eye_py,L_Ear_px,L_Ear_py,R_Ear_px,R_Ear_py,L_Shoulder_px,L_Shoulder_py,R_Shoulder_px,R_Shoulder_py,L_Elbow_px,L_Elbow_py,R_Elbow_px,R_Elbow_py,L_Wrist_px,L_Wrist_py,R_Wrist_px,R_Wrist_py,L_Hip_px,L_Hip_py,R_Hip_px,R_Hip_py,L_Knee_px,L_Knee_py,R_Knee_px,R_Knee_py,L_Ankle_px,L_Ankle_py,R_Ankle_px,R_Ankle_py,sternum_px,sternum_py,rshoulder_px,rshoulder_py,lshoulder_px,lshoulder_py,r_lelbow_px,r_lelbow_py,l_lelbow_px,l_lelbow_py,r_melbow_px,r_melbow_py,l_melbow_px,l_melbow_py,r_lwrist_px,r_lwrist_py,l_lwrist_px,l_lwrist_py,r_mwrist_px,r_mwrist_py,l_mwrist_px,l_mwrist_py,r_ASIS_px,r_ASIS_py,l_ASIS_px,l_ASIS_py,r_PSIS_px,r_PSIS_py,l_PSIS_px,l_PSIS_py,r_knee_px,r_knee_py,l_knee_px,l_knee_py,r_mknee_px,r_mknee_py,l_mknee_px,l_mknee_py,r_ankle_px,r_ankle_py,l_ankle_px,l_ankle_py,r_mankle_px,r_mankle_py,l_mankle_px,l_mankle_py,r_5meta_px,r_5meta_py,l_5meta_px,l_5meta_py,r_toe_px,r_toe_py,l_toe_px,l_toe_py,r_big_toe_px,r_big_toe_py,l_big_toe_px,l_big_toe_py,l_calc_px,l_calc_py,r_calc_px,r_calc_py,C7_px,C7_py,L2_px,L2_py,T11_px,T11_py,T6_px,T6_py
73361,0,,,,,,,,,,,,,,,748.9026,254.6220,489.4114,230.2174,731.8399,289.2340,453.9715,256.0867,645.7408,281.3911,533.8367,268.4252,632.0795,371.1425,536.5095,351.6243,623.7834,447.5912,564.7821,432.5906,,,,,,,465.2486,227.9416,,,506.2266,231.6939,745.1502,254.3960,445.2177,254.0888,723.3227,286.1283,449.5113,255.7765,748.0414,292.4670,504.9288,247.6014,625.0476,260.1012,591.5502,251.5740,657.8400,258.7952,515.4226,339.5372,656.9441,367.8850,571.1878,351.6498,584.5028,354.1462,540.4331,429.8484,652.2822,456.2176,575.0299,435.1132,607.5827,443.9055,502.3686,430.1688,649.4843,469.2551,506.6441,427.0308,606.8013,451.8557,512.6522,428.6884,578.1719,445.3161,640.1493,460.4363,585.0100,447.6599,,,621.1733,244.0010,,,,
73362,0,,,,,,,,,,,,,,,766.5411,256.7994,489.5791,230.4869,741.9310,295.0652,455.5705,256.4786,651.7531,285.4319,543.2842,269.1871,631.7025,371.4467,535.1966,352.3681,614.8336,447.8250,577.7816,434.0631,,,,,,,469.1051,228.5258,,,503.3521,231.7505,770.5239,257.2211,447.6238,254.6577,732.6119,292.2127,451.0639,256.1749,757.3984,297.6237,514.4229,248.2584,626.2579,261.0657,603.9775,252.8042,663.4694,260.9204,511.2355,340.2224,657.0394,368.7873,570.5919,352.6466,583.1846,355.6545,544.8330,431.5314,650.1895,456.0673,582.2587,436.5077,599.6407,444.9020,503.7396,431.8505,651.3131,471.0709,512.1944,430.1537,562.7305,452.4066,542.9391,435.2095,555.4709,446.4526,630.4095,461.1805,595.2675,448.9616,,,626.6886,243.3545,,,,
73363,0,,,,,,,,,,,,,,,610.0093,241.6800,614.6673,241.4741,574.5649,281.7515,581.9237,264.7647,591.7657,280.3129,587.1514,273.3771,576.2575,367.4990,580.3675,356.1638,586.0104,443.4712,598.5160,433.7956,,,,,,,,,,,628.0666,242.8013,625.0386,243.1296,576.9330,263.1491,564.9025,279.0205,586.0728,264.9093,574.2700,283.1595,572.1605,251.2588,576.2327,258.9960,611.8916,253.1217,626.6602,258.0679,582.5476,346.1391,576.4658,364.3752,580.2106,353.6348,573.3351,355.3833,600.1782,431.3165,584.3354,448.1749,594.3687,435.3266,583.8081,442.0103,578.5605,435.1456,564.6507,461.7500,564.5014,432.5455,555.3604,449.7530,555.1256,434.8437,547.5933,446.6844,599.8478,454.6796,612.7308,444.8229,,,616.5656,242.1635,,,,
73364,0,,,,,,,,,,,,,,,,,487.7020,229.9542,740.5676,294.0341,448.6528,254.9779,642.7143,286.4797,537.3192,269.5163,577.0609,368.9931,576.9905,356.3701,587.3947,441.8796,589.7012,431.9690,,,,,,,469.0733,228.2809,,,503.0083,231.2925,,,439.1959,252.8769,733.3933,290.6582,446.3610,254.8638,759.5251,296.9263,509.7048,248.2693,611.6134,263.1737,603.8532,254.1489,647.0788,261.5994,581.0928,346.3166,575.3295,365.2960,574.9906,353.7042,576.6175,356.0662,593.9579,429.7106,584.7901,446.1645,587.3633,433.9696,584.1933,440.2099,578.1108,434.1723,561.2029,458.5695,560.5613,430.1579,551.1939,446.9961,551.2174,431.7017,541.9399,443.2802,601.1272,453.8842,605.4294,444.1559,,,620.0903,243.8418,,,,
73365,0,,,,,,,,,,,,,,,768.4013,256.8513,486.9066,230.2468,740.4293,295.0134,446.9157,255.0800,651.2110,287.3277,531.4079,269.0685,627.3786,370.6458,531.0282,350.8031,609.5920,443.1644,563.0393,428.4669,,,,,,,465.1066,228.2078,777.4690,257.6335,501.1672,231.5716,775.1269,257.5150,438.3565,252.5962,730.9524,291.8285,443.0133,254.4987,759.0019,297.8023,508.8695,247.7078,631.5611,263.4218,593.4523,253.9599,658.8510,262.6465,510.7381,338.8389,654.8382,368.8949,566.9311,351.5895,580.4584,353.8588,542.4694,424.6314,635.9587,451.1940,569.7121,430.9759,595.5517,439.9000,498.9716,425.7373,637.0722,463.8298,504.7382,423.3000,593.7095,446.9489,509.9909,425.1849,567.0120,441.0740,625.7959,456.7364,583.6050,442.0869,,,620.6171,242.9654,,,,
73366,0,,,,,,,,,,,,,,,,,482.4030,230.1151,743.1982,294.0279,441.4502,253.4957,645.0204,286.8747,536.3494,269.4997,574.9266,368.0404,575.4609,356.4035,583.2903,438.6917,585.3684,429.6003,,,,,,,462.7133,228.2834,,,494.4348,231.1756,,,433.3039,251.2531,734.8019,290.8689,437.6744,253.2240,762.6294,297.3596,505.9545,246.8805,616.7359,263.3361,598.1827,253.5655,648.0389,261.1457,579.0063,345.6092,576.5393,365.4594,575.0070,353.7891,572.7666,355.0431,587.7469,427.1155,584.8550,443.8043,583.5403,431.4403,580.0655,437.1422,570.3352,432.1922,566.0137,458.9122,553.5258,428.9883,554.2589,447.4281,544.3237,430.5348,546.3420,444.2100,596.7322,450.2286,601.0095,439.4722,,,618.5281,244.4981,,,,
73367,0,,,,,,,,,,,,,,,770.5472,257.8391,476.6356,229.9249,742.7201,293.3575,437.0220,253.4506,654.4379,286.8665,533.6201,270.0125,622.2194,368.0152,533.6048,351.0678,603.1554,438.3823,564.4816,425.5815,,,,,,,457.1690,228.1208,,,490.8753,231.2312,,,428.4914,250.9067,733.8854,289.9909,433.0135,253.3538,761.4674,296.2416,506.9338,248.5580,633.6997,264.3036,592.2282,253.9377,659.5713,261.5514,512.2860,338.7239,651.7267,367.2118,567.4994,351.3010,576.0044,351.8835,544.6376,420.8259,631.0815,446.5934,571.1622,428.2126,588.5912,435.1482,499.7844,423.8234,632.6769,460.4171,503.4122,421.9682,592.4001,444.5206,507.4491,424.3795,567.5344,439.7234,618.4669,451.5251,583.3187,437.8078,,,618.6627,243.4889,,,,
73368,0,,,,,,,,,,,,,,,772.2829,257.5722,474.3255,229.3701,744.5155,293.6030,435.3832,252.2947,657.5673,288.2970,534.6389,270.3324,621.1964,367.7592,532.6260,350.3719,599.3985,437.4899,566.7712,425.5528,,,,,,,457.3190,227.7995,786.0056,259.0069,486.6706,230.6021,778.3979,258.2604,427.8164,249.2597,734.6542,290.1461,432.2746,252.1339,761.7390,296.6338,504.3794,249.1307,632.2192,265.4301,593.3658,254.5777,662.6895,262.5455,511.6773,338.6439,650.6212,367.7807,564.3843,350.7613,574.5798,352.0270,550.1494,421.1712,626.8233,445.7351,571.2772,427.5557,584.8458,434.5085,501.0235,422.7252,628.8784,459.7456,502.5904,420.1822,590.3453,444.2703,503.9403,421.6736,567.5534,439.9314,615.8371,451.1872,587.2715,438.2587,,,619.3721,243.1442,,,,
73369,0,,,,,,,,,,,,,,,763.6724,257.0308,470.6410,229.1422,742.2012,293.6009,431.4820,250.2356,656.0971,287.6417,537.1917,271.1488,620.6076,366.0421,530.2873,348.2924,600.6506,436.4810,563.2423,424.1644,,,,,,,454.8708,227.6217,774.8265,257.9948,480.9317,230.0993,748.3976,255.6848,425.0140,247.8230,733.4717,290.4059,428.9580,250.3341,758.8168,296.5120,505.9235,249.6679,631.2930,264.5814,593.4736,254.7149,660.9713,262.4423,510.1187,336.4780,648.3508,365.3959,561.3787,348.1714,574.7145,350.0548,546.3398,419.6668,626.1576,444.2154,568.0951,426.1934,587.0163,433.6744,500.6084,422.4479,626.3337,456.9980,502.0472,420.0319,589.6128,442.0000,502.8851,421.3754,566.8668,437.2531,616.0929,450.3971,583.6961,436.7195,,,619.2517,244.7982,,,,
73370,0,,,,,,,,,,,,,,,766.9891,257.4754,466.1654,228.8440,730.1245,289.8432,422.4990,249.1189,651.7707,285.8374,534.1179,269.5243,621.2993,366.5962,527.5568,347.4893,602.2674,439.1290,560.8159,425.4302,,,,,,,451.8520,227.4968,780.7696,258.7579,475.1067,229.6544,786.5440,259.4845,414.3104,246.9161,722.2150,287.5786,421.1596,249.3368,747.2093,293.6688,500.6903,248.0531,626.6470,263.4167,590.9008,253.4717,659.6324,261.8400,507.9961,335.3371,649.3801,366.1539,557.6415,347.3545,576.4612,351.1719,544.9397,421.1984,627.6043,446.9139,565.8825,427.4410,587.8797,436.2429,500.0276,423.2686,625.1002,459.0065,500.3814,420.3563,585.4185,442.7088,500.1170,421.1171,562.4557,437.4343,619.2743,453.6820,581.7913,439.1886,,,617.0648,244.9017,,,,
73371,0,,,,,,,,,,,,,,,746.6579,255.4273,468.9800,228.9654,720.6091,293.2965,419.3603,246.2528,648.2555,287.3502,527.1077,269.1814,621.9785,367.6246,525.8194,346.0825,597.2883,436.9067,562.3209,425.0644,,,,,,,,,758.0245,256.5738,474.1292,229.4119,748.9649,255.8869,414.1867,245.4035,713.2103,292.1117,417.3373,246.0993,735.1595,296.5685,502.9571,248.5053,625.5112,262.9299,582.5067,253.6062,649.1584,261.9234,504.3198,334.4760,651.1682,366.6520,556.8267,347.2887,576.3775,351.2187,546.1499,420.5606,622.8155,444.7432,566.9431,427.2703,584.2802,434.4171,500.5954,422.7779,629.8525,459.0148,503.5723,421.3857,588.2732,443.8183,505.5867,423.1962,560.7910,439.3335,611.8014,450.3286,581.8789,437.3948,,,613.6009,242.9787,,,,
73372,0,,,,,,,,,,,,,,,760.6898,256.5714,468.4609,228.7975,732.1358,290.2831,470.8257,265.7268,649.3545,286.4564,529.6291,270.1046,624.7407,367.5418,521.2177,344.6396,597.2704,437.2305,558.7088,423.5519,,,,,,,,,773.4105,257.7634,473.3405,229.2569,771.9178,257.7603,465.8801,265.6023,726.5724,289.0017,465.8553,266.0740,745.8316,294.3874,505.6756,249.6695,626.1696,262.7956,581.5941,253.9252,645.6644,261.2034,499.6459,333.2736,654.1648,367.5896,549.8595,345.5297,578.7852,351.7438,540.2589,418.7141,621.9866,444.6585,564.8288,426.0103,584.6356,434.6499,497.5140,422.4244,631.5498,460.1149,501.2094,420.8896,586.0882,444.0522,503.6025,422.6528,560.0204,439.8888,614.0774,450.6419,578.5110,435.0278,,,608.9293,242.2881,,,,
73373,0,,,,,,,,,,,,,,,751.3633,256.0387,466.2776,228.8763,722.3061,292.0066,462.6371,259.1985,640.2677,285.9488,522.7483,269.0105,634.1526,371.0863,520.7261,345.3519,585.8875,437.6922,577.1303,424.6305,,,,,,,458.4768,228.1363,,,472.5712,229.4820,752.4940,256.0150,447.1109,258.7586,715.9036,290.2758,452.9983,258.8621,735.7760,295.3392,504.3821,248.5445,622.2761,263.5827,572.4331,253.9802,634.6735,261.8733,492.8182,331.8705,664.6004,369.5975,553.5123,347.0159,581.0176,354.1180,586.5007,423.3105,591.2001,443.1007,577.1841,427.3511,578.8025,435.5390,568.1901,429.8913,568.5721,457.9084,561.8889,430.1450,562.0841,447.2561,557.0275,432.7560,551.1397,445.1496,597.4915,447.4943,590.6336,433.0129,,,602.4214,243.6774,,,,
73375,0,,,,,,,,,,,,,,,746.3881,257.0166,457.7368,227.6951,703.9298,291.8870,447.2774,257.6212,640.7474,287.5664,517.3320,271.6002,633.2150,374.4199,497.4913,341.8389,609.6156,441.4123,548.5411,420.1099,,,,,,,454.0761,227.2180,756.6380,256.0480,470.4560,228.7402,750.6105,257.3420,435.4982,256.2488,698.2013,289.7163,441.8632,257.0434,718.8405,294.9847,497.4851,251.7789,624.6024,267.0341,569.5976,256.9843,634.9526,263.2383,475.2329,331.2555,663.7091,374.1851,528.5275,343.2810,582.4919,357.2000,532.3745,415.9860,639.2783,449.8484,555.5052,422.3965,592.7466,437.2583,493.9084,420.4718,642.9016,465.5531,494.8276,418.3990,601.6125,448.4383,494.9978,419.9131,574.8885,442.0397,622.0652,453.4151,572.1971,431.9882,,,596.1704,246.0702,,,,
73376,0,,,,,,,,,,,,,,,595.6911,243.0255,453.0051,226.9461,563.9534,287.8873,444.6266,257.1270,600.5308,287.2773,568.3962,277.0491,582.0097,371.7438,539.3937,347.4305,579.3810,438.1362,582.0105,420.6470,,,,,,,453.8978,227.0429,594.9256,240.9343,463.8093,227.9715,612.2563,245.2151,435.9073,255.6638,555.5965,285.8692,440.2149,256.4313,567.8286,288.9749,553.4319,258.1647,586.3722,265.9140,581.8235,258.9152,612.5795,263.6016,540.1463,341.0863,586.6318,367.5571,537.2498,347.8222,571.9576,358.1678,583.9334,417.1868,586.0828,443.2544,576.0568,422.2421,573.3652,435.7256,568.4779,427.9456,567.3329,459.6781,555.3867,426.6191,556.7634,449.5034,546.2450,429.2721,546.9883,446.9898,590.5255,445.9808,595.3453,427.7424,,,596.0821,245.4132,608.8395,241.8025,,
73377,0,,,,,,,,,,,,,,,595.8630,242.7025,570.4491,237.6642,562.6123,287.4091,543.4450,255.8477,590.9336,286.2883,563.9113,276.7154,582.0652,371.8445,536.1003,346.5359,573.1157,436.2565,570.6357,414.0990,,,,,,,,,598.5327,241.4662,568.7594,237.5619,602.0499,241.8796,541.5343,252.0730,554.3084,285.2329,543.4222,255.9395,564.9411,287.9816,550.9996,256.6794,577.3168,266.0911,590.0424,260.5125,604.3012,263.8044,536.5592,340.3149,585.7729,367.0238,534.2379,348.3838,569.2299,359.4909,573.5406,410.4976,577.7579,440.6482,565.8280,415.9115,568.6548,434.3956,560.4034,420.1901,565.4219,457.5737,544.8508,419.0485,553.9201,449.5801,532.9441,422.0953,544.6092,447.7196,583.2117,443.2493,586.5963,420.5444,,,591.7875,246.2107,595.2646,240.5525,,
73378,0,,,,,,,,,,,,,,,596.8704,242.7355,564.8629,236.9888,561.9395,288.3869,538.6927,249.4205,591.6313,288.0195,563.3165,277.9359,583.2702,373.4867,535.2883,346.6113,573.4253,437.1086,571.8625,415.3518,,,,,,,,,598.0018,241.2309,560.5070,236.5829,603.2839,241.4703,540.6744,250.3916,553.8086,286.1532,540.5196,249.4359,563.9662,289.2741,550.9640,259.3904,577.4146,268.1135,591.3763,262.1271,604.0511,265.9514,536.4600,340.6266,586.0167,368.5271,532.8131,348.0246,569.3262,360.8532,572.6276,410.7546,577.4188,440.6968,568.5650,417.8194,568.4190,435.3174,562.6862,421.0112,565.3471,457.4641,546.0275,419.6893,553.0672,449.3939,533.8890,424.0304,543.4583,447.4556,583.0738,443.6145,587.6692,421.0902,,,591.7384,247.5742,595.9967,240.2934,,
73379,0,,,,,,,,,,,,,,,601.6903,242.0124,,,560.3017,287.0345,540.2152,247.8562,578.6702,285.4134,555.8169,277.3138,582.6889,372.2962,531.0449,345.7546,568.3436,435.2029,564.6777,412.8331,,,,,,,,,605.0175,242.2818,747.2125,254.9566,609.2328,242.7543,540.4137,248.5636,551.8428,284.9696,543.1064,248.6124,560.5001,287.1193,541.9510,257.7194,556.9251,263.5525,603.9542,262.7679,578.7384,260.5698,531.7722,339.1375,585.4501,366.7615,528.2495,347.2612,566.9323,360.1788,566.6994,409.0209,570.8924,438.1111,561.1385,415.5766,564.9448,434.3210,552.1775,417.0898,561.6696,456.5854,539.4006,417.3382,548.0386,448.3465,528.1601,422.0915,541.6654,447.0625,576.3034,440.8993,580.1869,417.6052,,,586.6941,246.3489,,,,
73380,0,,,,,,,,,,,,,,,598.0752,241.6989,,,559.6234,284.5924,539.4073,246.7327,578.9044,283.7255,556.7784,273.4827,580.0025,368.1575,526.8412,342.8912,567.8673,434.8695,558.7535,411.2262,,,,,,,,,601.3203,242.0318,,,602.3225,241.9708,538.7248,249.3027,551.3403,282.3191,541.6637,249.3308,559.2515,284.0131,539.9138,254.8651,564.9181,263.4822,596.3518,258.6159,584.8964,259.0538,527.7486,336.3019,582.2881,361.9175,526.1379,343.5995,563.8115,356.9867,560.9076,406.4970,573.1077,438.4158,555.2194,413.3454,564.5049,434.1003,541.6479,414.3719,562.0354,456.4957,527.4781,415.1673,547.3019,447.5357,515.2870,418.7661,539.0459,445.9592,576.1574,441.1612,579.4614,414.7234,,,587.1797,242.9176,,,,
73381,0,,,,,,,,,,,,,,,589.4821,240.7358,439.1961,225.8995,700.3074,292.1544,422.9127,244.3676,586.4526,286.7539,538.6062,274.6448,580.2004,369.8938,522.2827,341.8279,571.4488,435.4685,546.5007,407.7008,,,,,,,,,595.5768,241.5168,442.4319,226.1617,597.6117,241.6309,418.2741,245.0575,702.8531,293.2598,420.4851,243.8335,707.6433,294.4842,529.8716,257.8268,576.6454,268.3400,568.5212,256.9026,605.9814,262.2581,523.9296,334.6844,581.6320,364.6818,518.3633,342.2128,568.6108,357.9696,549.1003,403.7469,578.4775,440.0346,542.0991,409.3475,567.7246,433.9585,529.0661,408.6466,565.5208,456.8804,516.0504,409.7438,555.5627,448.9588,505.6164,412.3593,545.8058,446.5997,578.3450,441.6156,566.6950,412.5788,,,583.0271,244.2573,,,,
73382,0,,,,,,,,,,,,,,,724.5661,253.8913,,,693.4137,291.2157,424.9115,242.8218,634.6948,286.4135,509.0613,268.8685,638.0272,374.6831,465.7622,333.3069,633.7978,441.3080,471.5433,395.8774,,,,,,,,,,,446.0879,226.9534,714.2684,252.6681,419.1957,241.6736,693.3591,291.5569,422.1482,242.4364,700.8293,293.4650,492.8550,251.3934,625.2710,269.1357,554.0273,253.1475,619.3361,261.2881,447.2927,322.5793,664.9504,373.6807,500.5002,336.4663,582.1714,358.5271,458.7847,392.1971,659.4152,447.3583,478.3818,398.5535,616.0754,438.6493,420.4235,393.2353,677.1908,469.1024,423.8039,392.1781,642.8570,457.9475,425.2747,393.9325,621.1392,453.7478,635.8751,444.1907,486.6744,405.9741,,,582.1932,242.3483,,,,
73383,0,,,,,,,,,,,,,,,,,,,,,,,630.9611,284.4664,505.6281,267.0912,638.8893,375.4752,461.7839,331.6843,640.6981,444.7440,456.2706,391.6664,,,,,,,,,,,,,,,,,,,,,,,489.8469,250.0515,624.9045,267.9593,556.6841,252.1594,615.8318,258.8435,444.1455,320.6160,667.0691,374.5314,497.8214,335.2202,583.7545,358.5480,442.8093,388.0855,663.4207,450.4556,462.8829,394.2264,624.6976,441.6471,403.2233,387.8952,681.4834,471.9156,412.1250,387.6939,645.4770,460.8404,414.2338,389.4458,624.6485,459.6509,642.9272,447.9007,469.8980,402.0051,,,583.0732,240.5112,,,,
73384,0,,,,,,,,,,,,,,,,,597.3369,242.4937,418.1872,243.6031,510.2313,262.4257,503.1872,268.0641,628.6673,285.8640,571.9632,368.1496,511.4907,338.9604,449.0954,388.4017,503.3648,399.1404,,,,,,,,,,,598.3123,242.5838,,,503.5756,261.7671,404.2050,241.2702,508.5827,262.5876,408.3649,242.5602,616.5917,268.0025,498.4771,253.2003,602.8338,261.5211,558.1976,255.2578,516.3519,332.3827,581.9773,363.5656,513.6412,340.6311,555.0219,355.4525,503.8114,395.1363,439.5558,386.2116,502.0442,402.2525,455.5198,391.5013,690.1160,482.1947,562.4462,457.8671,464.1086,398.2569,547.6977,447.3750,456.1510,400.5830,541.2807,445.0503,462.6394,397.4397,511.5696,405.5619,,,582.6478,240.2560,,,,
73385,0,,,,,,,,,,,,,,,627.7922,245.3775,,,,,,,571.5754,282.8818,540.5738,268.2457,575.6929,368.3792,505.8419,336.9289,571.8443,437.3423,491.6138,392.4682,,,,,,,,,,,,,597.6217,242.4222,,,,,,,,,529.3978,251.7661,560.3787,265.2998,570.2100,252.7316,582.2019,258.1027,506.9762,328.8973,582.1121,363.5470,510.4192,339.9717,560.4774,358.0042,491.5021,388.1501,577.3909,441.0029,489.3917,394.7605,566.0525,436.3420,481.1254,394.3817,565.0964,458.8039,467.0022,395.3265,550.0588,450.7410,458.6377,399.5524,538.7384,448.6664,580.3030,443.9894,500.9215,396.8269,,,577.0866,242.2010,,,,
73386,0,,,,,,,,,,,,,,,,,,,464.8686,256.7961,,,497.4001,270.9028,623.3467,288.3033,451.9761,330.5725,647.8701,376.7376,424.7846,381.7271,649.3967,449.0232,,,,,,,,,,,,,,,,,,,,,459.2710,255.9217,622.5247,271.7090,496.7874,257.7544,596.1405,261.3863,541.6111,254.7115,674.4482,375.0953,439.4600,319.8941,588.6288,361.6421,486.9912,338.6272,679.1942,456.7653,406.0870,374.7999,631.0153,445.1792,434.0949,386.2936,698.1770,478.5072,562.5307,458.6885,667.9587,470.0192,539.1085,448.2130,647.5440,466.7333,530.4136,446.5689,438.3084,391.2582,648.3343,452.1675,,,570.6161,245.5860,,,,
73387,0,,,,,,,,,,,,,,,,,,,442.0392,253.9515,648.5715,261.7370,496.2362,272.4577,617.2825,289.7103,448.9296,329.5942,647.7631,376.6358,416.6689,378.8852,654.4884,454.2024,,,,,,,,,,,592.7504,240.4430,447.7407,229.7997,,,429.4962,247.2403,,,440.0941,253.4344,611.3244,274.9275,486.0620,258.2635,597.9401,263.6689,535.8800,255.9323,673.3951,374.7768,437.2069,319.7601,591.8451,362.3523,480.0783,336.3568,682.4308,461.4314,406.6237,374.2166,636.6045,450.4938,421.5036,382.0382,701.5435,482.6351,391.1870,383.8148,668.9471,473.0923,390.2974,382.7683,648.5453,470.0026,390.1918,385.2750,426.2446,385.9582,654.0136,459.1176,,,565.5422,245.4959,576.5118,238.2054,,
73388,0,,,,,,,,,,,,,,,,,589.5696,242.3348,,,,,548.9495,282.2385,535.9304,275.3929,572.5463,368.6268,496.4060,334.3945,570.0672,436.9895,472.5463,389.9868,,,,,,,,,,,592.4781,240.1157,,,,,,,,,,,536.5404,261.8358,545.2719,268.0693,567.8663,258.4358,555.9498,259.1481,496.4444,327.7839,578.0976,363.3741,499.6806,338.0671,560.0613,360.4594,481.5802,388.9371,575.5017,439.9194,466.6746,390.9974,566.0090,436.7123,703.2196,485.8274,566.3786,459.0122,468.4954,404.4625,548.7149,450.4431,459.0047,408.1500,538.7165,448.9938,581.6336,444.5057,479.3871,393.8538,,,561.4448,244.7845,564.3395,236.8459,,
73389,0,,,,,,,,,,,,,,,,,580.0203,240.7866,,,500.7426,256.9875,504.5702,269.0888,582.0097,281.5508,436.0742,326.0678,641.5313,374.3529,410.9282,376.9831,657.5952,457.9410,,,,,,,575.9662,237.9760,,,586.0663,241.2300,,,,,,,,,,,571.1568,265.6539,483.9348,254.6208,584.3154,258.7007,553.0980,253.1271,669.1865,372.1582,422.4185,316.2690,579.9441,358.7424,472.1349,332.3669,686.1611,465.9353,408.5567,376.0557,639.2260,453.9921,413.2822,379.1281,699.2662,487.1919,567.3993,459.7685,667.0474,477.6912,545.0959,447.9796,647.3099,473.8217,536.7739,446.7892,419.0882,383.0942,658.0205,463.2196,,,558.2012,242.1683,,,,
73390,0,,,,,,,,,,,,,,,443.2032,227.0093,591.0198,244.1972,441.4595,255.3555,566.0303,285.5278,492.3193,267.3315,604.6751,283.6773,434.3179,324.5326,639.3121,371.6788,570.2293,437.9563,663.2011,459.5094,,,,,,,583.6083,241.3824,,,597.3023,244.5636,443.4895,226.7038,561.1910,282.4452,542.7677,257.8958,565.1682,285.8497,542.1369,259.0177,593.6005,266.1005,481.8686,253.5210,589.8886,258.8278,536.6658,251.3181,662.2380,368.2159,423.3305,315.8950,586.2145,359.2907,466.7374,331.3916,690.8238,467.0983,576.9170,440.6999,644.4218,454.8932,412.4190,381.8038,703.6521,489.3998,567.7687,458.2609,671.2648,478.5286,543.7511,446.6366,649.5542,474.3588,534.7702,445.0322,588.0664,448.7920,663.7402,465.1107,,,557.9734,241.7336,,,,
73391,0,,,,,,,,,,,,,,,604.7816,245.2344,585.2163,245.4331,580.8765,289.0329,564.9648,286.8988,488.7623,267.8836,596.8200,283.6735,568.2245,366.4252,479.2656,329.6986,571.3751,437.9122,665.8094,458.0067,,,,,,,584.3204,243.5378,606.4787,245.7653,595.1206,246.2096,603.8722,244.7934,559.7815,284.5014,729.3543,297.5878,566.0902,288.5670,736.1178,298.9284,582.8472,266.7303,472.0408,254.3813,592.1206,260.4878,538.5386,252.8225,661.5815,368.5233,574.4987,361.5427,582.4846,359.5146,461.9474,331.1611,695.1255,466.0478,576.6699,439.7908,645.6546,453.4278,566.8522,438.1787,707.0778,488.8809,568.2005,457.1319,675.5013,477.8491,544.2743,446.2991,653.2768,473.3113,535.3713,444.6859,589.7490,449.4893,667.9929,463.4411,,,557.7583,243.2209,,,,
73392,0,,,,,,,,,,,,,,,601.5069,244.9719,588.5831,247.3325,582.8868,290.6018,568.2159,287.3352,481.1660,269.1308,590.9107,285.1735,427.7592,325.5384,632.5488,371.0783,568.7573,436.7303,667.7308,458.9751,,,,,,,,,606.5565,246.5158,606.9082,248.8284,594.2185,244.9670,565.5731,284.9690,577.6044,288.9211,567.6294,288.4023,580.3063,290.4715,579.1536,267.9175,467.6842,254.0282,585.8098,261.4775,528.7415,252.6237,656.4763,368.3311,416.2496,316.0459,583.1854,360.2449,456.5323,332.1770,694.7730,466.2060,572.5161,438.9335,648.2348,455.0907,562.8441,436.3466,708.1163,488.5759,568.1771,457.9736,675.1476,477.5580,541.7016,447.7143,653.1671,473.6343,533.0103,447.2013,590.5338,450.3445,670.0770,464.3933,,,551.8094,243.1794,,,,
73393,0,,,,,,,,,,,,,,,586.2751,253.3031,,,581.6776,294.1158,738.4559,303.1752,523.7442,280.1038,509.1356,273.6663,560.4961,367.1236,630.0284,370.9479,567.7287,436.8279,668.6055,456.8452,,,,,,,,,603.1285,248.7161,604.8225,250.7922,587.7282,253.3115,739.6395,302.9682,578.9321,292.0559,747.6346,304.9061,579.9482,294.1958,577.7688,271.0278,459.2094,255.2398,550.4040,257.7471,533.5824,256.5679,656.8145,369.3183,407.9080,315.7101,581.9826,361.8966,454.5706,333.9491,699.2608,465.0801,570.5278,437.1074,648.6496,452.5436,564.7088,438.4166,712.3612,488.3407,567.2031,457.7399,680.5488,479.0417,545.8412,450.1753,658.1568,475.2787,536.6385,450.6271,583.3075,447.1691,673.9230,461.6701,,,542.3247,245.1817,,,,
73394,0,,,,,,,,,,,,,,,576.4919,247.8957,,,582.5512,292.1622,750.6787,301.0189,533.8853,282.0812,507.7110,272.9174,557.9806,365.8684,625.1810,370.2237,568.9390,435.9988,670.7786,458.1919,,,,,,,,,594.2884,245.5914,594.3329,249.2994,575.9137,249.3162,749.7554,300.4422,582.8178,290.6943,756.7707,301.9312,582.0578,292.2743,498.6686,258.4562,459.0351,255.6083,550.9571,256.8193,537.0446,256.1301,650.1871,368.4397,405.1690,314.0078,575.0168,359.7463,452.3790,332.3927,701.7405,466.1337,571.7109,436.3560,649.5630,453.6479,563.9275,437.0967,714.3332,489.7044,566.0920,456.2978,676.8194,478.7388,544.0001,448.3824,651.1322,474.5355,535.4975,448.9418,585.4734,446.5733,681.5894,464.5302,,,540.8139,245.1099,,,,
73395,0,,,,,,,,,,,,,,,564.7031,243.9246,559.1269,244.0289,420.3068,255.2367,557.2601,290.0769,467.1815,269.6471,568.4041,283.3219,418.9408,323.4829,616.0848,369.1151,564.9166,433.7580,662.6455,455.1381,,,,,,,561.3713,242.5764,582.5689,243.4243,573.8814,244.9796,562.7291,243.1153,555.0492,285.3767,414.9505,253.4349,561.4414,291.2001,416.0468,254.7592,568.8788,271.4450,460.4855,256.8828,558.3483,257.6657,508.4150,251.3119,635.5732,366.1467,410.7336,314.4958,569.2694,358.3240,447.7206,330.4662,689.3765,461.5667,570.5213,434.2023,646.3975,452.1900,559.8236,435.0786,708.9276,486.1109,570.3269,455.8098,673.7746,476.0698,547.6121,448.6853,652.8778,473.8800,537.0923,450.0059,579.1863,444.0903,671.1596,460.9455,,,530.3166,242.4153,527.0020,238.4276,,
73396,0,,,,,,,,,,,,,,,561.6658,247.3625,571.6959,242.4200,562.9704,288.4144,,,531.1809,277.9110,495.4228,267.4495,543.9734,357.1539,462.1460,330.0977,562.9058,430.2379,480.0695,397.6035,,,,,,,563.8857,239.5753,571.2351,242.6705,569.1940,239.8665,556.7871,247.2800,,,566.2227,286.1600,,,563.8395,288.7484,486.1773,255.4607,525.8030,265.2605,516.9135,247.5048,536.0248,253.2679,466.9902,325.5222,551.5399,351.2734,469.0697,333.5218,526.9876,352.6962,,,570.7890,430.5843,474.4511,397.1458,557.3573,431.0163,,,567.3001,449.9268,,,553.6146,447.1803,,,542.8599,449.3619,569.4718,435.4623,488.6060,399.4472,,,525.1324,241.5717,,,,
73397,0,,,,,,,,,,,,,,,559.5833,246.1920,591.2353,241.8966,558.1025,284.4203,,,530.3481,277.7506,494.4649,267.5458,538.3521,355.5673,465.9588,331.0650,555.8442,426.9715,481.1450,397.5616,,,,,,,,,568.2425,239.8316,562.0385,239.2108,558.7532,247.1006,,,559.5469,281.4712,,,558.7402,285.1962,487.0167,255.3847,526.3594,265.9607,517.4599,248.4765,535.7444,252.9530,470.9703,326.6989,546.0425,349.6350,465.9761,332.6574,522.6513,351.2967,,,563.3844,427.2749,475.7476,396.8741,550.7974,427.8632,,,563.5852,446.4360,,,552.8769,445.2581,,,543.6148,448.3158,557.1964,430.6052,490.1553,398.9827,,,526.7808,241.0230,,,,
73398,0,,,,,,,,,,,,,,,560.8007,243.1588,,,562.3553,276.4632,,,531.5291,275.2313,489.5756,264.4998,534.3668,352.2883,468.9674,328.5632,549.5439,423.6223,482.4351,395.7626,,,,,,,,,572.0030,240.6446,560.9536,239.1924,560.3107,247.3716,,,566.1106,273.5003,,,563.6140,277.8754,480.5179,249.5407,527.9513,263.2279,515.6561,247.5384,533.1698,252.1466,473.0134,324.0786,541.9668,346.1627,466.0943,331.1499,517.9672,347.7606,,,555.7560,424.1904,476.9223,394.9485,545.4100,424.7178,,,559.1465,443.9249,,,552.1029,443.2465,465.0131,409.6294,545.8363,447.3114,547.7363,427.1840,492.4007,396.3419,,,523.8243,239.9636,,,,
73399,0,,,,,,,,,,,,,,,557.0337,240.1326,,,560.1470,266.0838,,,522.3750,275.8739,491.7078,266.8895,532.0133,349.7031,466.8017,328.6435,542.5275,421.4383,482.1394,392.3076,,,,,,,,,570.1587,238.1686,,,552.3163,243.4708,,,564.6719,262.0946,,,560.8823,268.4971,486.4815,255.2379,525.9196,264.4573,504.1152,246.8943,521.3092,250.1490,470.6081,322.7692,539.4897,343.6365,470.7740,330.8293,517.8712,346.5391,494.1594,392.5798,548.9667,421.2232,475.4536,392.2817,539.2154,423.3192,,,555.0363,441.5133,470.4855,405.0250,548.3926,441.7961,461.7164,405.7536,543.1247,445.8769,541.0928,425.8806,494.0127,393.6978,,,511.6780,237.2135,,,,
73400,0,,,,,,,,,,,,,,,556.7063,237.0479,599.0647,241.1671,552.3786,248.5580,515.5876,235.4468,523.9895,268.6085,482.6227,262.5684,530.4350,344.7529,468.5602,334.8131,533.8116,418.3272,491.5728,399.5959,,,,,,,590.3280,240.6590,,,613.0540,245.2352,551.1796,238.4955,526.8219,234.7101,554.1470,247.1695,514.9533,238.9326,552.2150,250.0663,470.3434,252.0646,526.6488,255.4724,496.2877,240.2955,521.4070,241.6481,472.9710,329.5970,540.5085,338.4103,457.1326,332.5946,513.9014,342.0740,,,545.4545,419.2923,487.5249,399.2526,527.7289,418.9605,,,549.0356,439.7964,,,536.4856,437.9360,464.5302,412.6979,526.8815,440.8372,536.4292,423.8445,491.2960,398.9309,,,510.5899,232.1337,,,,
73401,0,,,,,,,,,,,,,,,,,,,613.8778,242.2013,558.2174,237.0891,522.3780,271.9593,481.3054,263.0370,524.6134,347.2844,465.8864,333.0813,531.0733,417.6269,484.2264,397.3813,,,,,,,,,,,546.9350,237.6811,549.9653,235.6219,560.8961,237.3527,612.6913,242.0214,560.9286,237.3918,612.9855,242.0654,466.6112,247.6846,519.9671,255.7379,500.3423,243.5834,524.1266,244.6514,469.3864,327.5709,535.0073,343.0682,463.7175,333.1295,508.2113,342.5176,,,542.1778,419.5995,484.1889,397.4041,524.8059,418.2755,,,545.4939,439.6743,,,532.8436,437.3302,459.9607,410.7729,522.5311,440.3092,533.6656,423.1644,484.3342,396.5931,,,515.5665,236.6292,,,,
73402,0,,,,,,,,,,,,,,,559.0553,235.5336,,,,,,,517.3415,271.6645,478.4514,264.6219,524.0077,348.4146,467.9032,333.3036,531.2571,416.4686,478.7522,394.1398,,,,,,,,,561.3354,235.6953,554.9413,237.0566,556.8525,240.4678,,,,,,,,,463.3670,249.7146,513.5722,254.5199,495.3889,246.8733,518.1715,250.2429,472.4648,328.5582,534.1788,344.2950,465.9329,333.3385,508.0905,344.0630,,,541.4757,418.1609,472.8948,393.6581,525.2331,416.7986,,,546.3524,438.3044,,,531.7442,434.7525,461.6493,406.5584,520.3500,436.6118,533.2820,420.5774,494.5559,392.6217,,,508.9569,236.7488,519.6999,231.2689,,
73403,0,,,,,,,,,,,,,,,578.4337,234.9637,,,,,,,515.6115,269.6928,475.6078,262.5778,516.3284,344.1396,464.3006,329.1606,527.3697,415.0662,476.1397,387.0286,,,,,,,,,581.5718,235.2877,608.9509,238.0535,576.4407,234.8847,,,,,,,,,454.0142,244.3581,514.6780,250.7469,497.7964,245.4124,516.2206,247.2394,468.7685,323.5633,526.5334,339.7476,474.1661,330.2674,498.9394,337.1679,,,538.1410,417.3309,469.5908,388.4045,521.6645,415.1360,,,539.5914,435.9799,,,521.9697,431.1437,459.8691,403.2813,509.0353,432.3874,534.7765,421.7580,490.0224,388.5987,,,507.1882,233.6869,514.6120,231.0658,,
73404,0,,,,,,,,,,,,,,,,,,,,,,,515.5106,269.7456,477.4469,264.5633,517.8167,345.6307,475.1826,335.0438,521.2348,414.4556,,,,,,,,,,,,,,,596.1094,236.4003,,,,,,,,,460.4694,248.1667,509.6765,251.1847,496.9338,247.8624,518.1704,250.6587,601.9457,354.8838,526.3736,340.4926,469.4399,332.6593,501.0808,339.2275,,,529.0269,416.1072,,,516.1674,414.4796,,,529.3688,433.2186,,,515.3589,428.5975,,,504.4710,429.0761,524.8149,419.8039,,,,,506.4793,233.8442,,,,
73405,0,,,,,,,,,,,,,,,,,,,,,,,514.6130,270.6142,476.4481,263.8895,514.6521,345.7945,474.9089,334.8785,517.4479,412.4909,,,,,,,,,,,,,,,,,,,,,,,,,460.9833,248.2442,511.7352,252.6494,494.7505,247.7518,518.2128,251.0648,479.9616,331.3906,523.0096,341.0014,467.7224,332.5958,498.6935,339.7981,,,525.6564,414.1680,,,512.0055,412.5369,,,526.0904,431.7223,,,512.6771,428.0200,,,502.6242,429.2088,520.4610,417.2747,,,,,507.3826,236.5842,,,,
73406,0,,,,,,,,,,,,,,,,,,,,,,,515.6403,269.7051,476.0546,263.8617,513.4138,344.1604,459.4908,327.1445,520.5720,413.7748,467.7581,391.4874,,,,,,,,,,,,,,,,,,,,,,,458.1519,246.1564,516.7045,252.2811,504.7360,248.1237,518.4197,250.4578,463.2690,323.0126,523.3272,339.7690,475.8149,329.7274,493.8327,336.3067,475.8244,391.8470,529.7206,414.7729,462.3837,391.7247,515.1610,413.5538,475.5399,403.0139,527.2310,431.6335,460.1088,402.0162,511.0097,426.4510,451.0308,403.1910,498.4604,426.9087,522.1782,417.6138,475.4674,394.9751,,,507.4609,235.7569,510.1109,229.6123,,
73407,0,,,,,,,,,,,,,,,,,,,,,,,465.1743,262.9338,530.5958,271.3043,514.6288,344.9475,460.7860,326.2815,516.9958,410.6073,459.9834,386.8154,,,,,,,,,,,,,,,,,,,,,,,523.1172,253.4321,456.8285,246.8846,521.2664,250.9071,494.5497,248.0541,454.4889,319.7418,525.0764,339.7926,483.9407,331.1684,491.9765,336.6481,454.8753,382.8897,526.3734,413.0706,461.0886,388.6376,511.0269,410.5416,444.0914,393.6980,527.2618,430.8330,429.9258,391.2635,509.6508,425.8544,421.7409,393.4599,497.6898,427.0220,523.1740,416.9629,473.2189,393.3271,,,508.8210,236.5793,,,,
73408,0,,,,,,,,,,,,,,,,,,,,,,,458.5792,261.4762,525.4683,270.0294,516.8041,344.2334,558.1783,350.4487,519.8897,410.2727,462.7238,388.5896,,,,,,,,,,,,,,,,,,,,,,,521.0060,254.9590,448.9411,245.4030,517.5317,250.0233,487.3593,246.4944,452.7013,318.5323,416.9308,311.6378,501.5059,335.1055,493.0476,336.7474,460.2173,385.6190,527.9439,411.8814,462.5203,390.0700,514.0000,410.7868,437.7777,391.9213,526.5323,429.3546,433.6107,393.9090,511.1465,425.6938,429.7307,397.7868,501.2181,428.0557,523.8763,415.6173,475.2014,394.0848,,,503.0476,234.3362,514.2291,230.6598,,
73409,0,,,,,,,,,,,,,,,,,,,,,,,512.9766,271.0810,480.8126,267.6439,514.1523,343.9009,465.6325,328.3139,515.1537,410.5885,454.1098,384.8756,,,,,,,,,,,,,,,,,,,,,,,457.1698,249.3924,496.6445,253.4776,510.2311,251.3017,498.7616,250.1812,457.5715,321.7689,524.6219,339.0202,479.2235,330.6958,494.8997,337.0237,451.9547,381.5910,524.3427,412.1615,455.9250,387.1233,509.4410,410.5526,449.4936,395.5506,524.9544,429.5627,434.9267,394.7865,509.9889,425.4504,424.2332,396.9714,498.5263,426.2318,519.8833,417.1254,468.4012,389.5729,,,503.7625,236.4662,520.8765,230.8672,,
73410,0,,,,,,,,,,,,,,,,,,,,,,,516.4223,271.4172,473.0302,265.9844,515.5636,343.6531,462.1243,329.7030,515.6251,410.5611,451.6122,388.2039,,,,,,,,,,,,,,,,,,,,,,,452.9396,248.4525,504.5351,255.6218,498.3891,249.4605,524.1053,253.0683,455.0358,323.4160,526.3624,338.6535,475.0637,332.2851,494.4046,337.4211,453.6872,386.6123,526.3007,412.6142,449.0247,389.0606,509.5126,410.4027,450.6894,399.9215,527.1500,430.6075,436.6637,398.8226,511.5361,426.2176,425.9300,401.1427,499.5496,427.2417,520.9640,417.0048,462.7214,391.9480,,,507.2217,236.9368,522.6320,231.7882,,
73411,0,,,,,,,,,,,,,,,,,,,,,,,511.6321,267.6330,488.5781,263.3106,514.2677,342.6376,462.4032,327.6412,516.5151,408.3961,452.0842,385.7295,,,,,,,,,,,,,,,,,,,,,,,518.2733,248.4418,451.0563,243.0624,514.1766,245.3902,487.3998,241.8599,451.5402,320.5795,523.7427,337.0135,485.4220,331.2517,493.5615,335.4788,453.4876,384.1602,524.2058,410.4562,449.9501,386.5899,510.5982,408.6639,607.6109,453.0347,524.5658,428.8665,433.7934,395.8805,506.7948,423.4511,423.2310,397.7508,496.3972,425.1858,524.0223,416.0481,464.9638,390.6823,,,496.6516,232.5131,,,,
73412,0,,,,,,,,,,,,,,,,,,,,,,,513.8748,266.5342,480.2445,261.8588,515.7288,341.1425,461.1678,326.6358,515.6615,408.1902,453.4714,382.4451,,,,,,,,,,,,,,,,,,,,,,,452.9069,241.3198,496.3873,248.9249,509.2031,243.4677,524.2207,245.0817,454.7959,320.7096,526.3789,334.7449,475.0287,328.4574,496.9146,334.6312,452.5327,379.0073,525.3251,410.7686,453.3848,384.0506,509.7881,408.3304,452.4164,394.1029,525.2876,429.2774,434.7418,392.6982,510.1716,424.7968,424.5133,394.7677,499.1361,426.7241,524.3416,415.9514,467.3550,387.2470,,,506.6811,231.7052,,,,
73413,0,,,,,,,,,,,,,,,,,,,,,,,515.7214,265.3230,473.7057,259.3858,515.3407,338.2233,455.3775,325.5537,520.2968,409.8731,459.8772,388.9485,,,,,,,,,,,,,,,,,,,,,,,447.8091,239.2801,501.4572,245.5838,502.4523,240.8815,530.1890,243.7437,453.4356,320.5896,527.3462,334.0822,466.6416,325.9184,495.6093,332.1041,467.8820,388.9218,532.4179,411.4398,454.7629,388.9531,513.1349,409.6681,465.8420,402.5820,530.8314,429.4704,445.7930,401.3222,511.5710,424.9132,434.6371,403.0354,497.0092,426.1619,526.5136,416.2566,471.6370,392.7416,,,510.9387,231.0022,514.4317,222.3524,,
73414,0,,,,,,,,,,,,,,,,,,,,,,,515.9680,264.0781,471.5697,257.8747,514.5572,338.2225,462.1638,328.0453,519.0014,409.6034,471.7140,394.7107,,,,,,,,,,,,,,,,,,,,,,,449.5338,239.3648,505.8085,244.0592,497.5311,239.7486,526.3484,243.7426,465.4625,324.6122,527.1358,334.7801,465.5412,327.3279,494.1420,331.6574,479.9848,395.4477,530.2357,411.4072,466.1156,394.0661,513.5676,409.7696,,,528.7314,430.3359,458.2962,407.2516,512.6680,426.3316,448.1538,406.8993,499.7932,427.5091,523.4333,415.7790,480.9819,398.3693,,,511.5521,230.4865,521.1488,221.1748,,
73415,0,,,,,,,,,,,,,,,,,,,,,,,515.4742,262.4583,469.2991,257.1667,513.2961,336.6367,463.1130,329.8632,519.7207,409.9333,472.1776,393.9737,,,,,,,,,,,,,,,,,,,,,,,447.0577,237.8090,504.5686,240.9206,497.5284,239.2427,527.3320,241.9645,466.2861,326.3507,526.5018,333.4401,464.1265,328.5852,493.1637,330.6086,,,530.8953,411.9724,466.6197,393.5546,514.0836,409.9829,,,529.8344,430.7977,,,511.8134,426.3098,451.2460,407.3866,498.3572,427.3615,524.8554,415.8211,480.8004,397.2928,,,511.6812,229.8621,520.3534,221.4479,,
73416,0,,,,,,,,,,,,,,,,,,,,,,,516.8269,264.7760,468.6593,258.9763,514.3737,338.9170,464.0576,331.1142,519.2709,410.5427,471.6555,394.8803,,,,,,,,,,,,,,,,,,,,,,,447.0967,240.2659,505.0690,243.9192,496.8018,239.9798,525.8115,242.6720,467.7240,327.3606,527.8475,335.6503,465.8977,330.0394,492.9045,332.3199,,,530.3821,412.5990,466.4859,394.3963,513.3529,410.5992,,,531.1515,431.4706,,,513.4753,427.1992,451.1540,408.6787,500.4618,428.3607,523.2798,416.0188,480.4969,398.2937,,,509.3636,228.6400,520.5140,220.6398,,
73417,0,,,,,,,,,,,,,,,,,,,,,,,516.0347,265.8443,469.0175,259.6532,514.1229,339.9001,462.8966,331.0843,519.0882,410.6329,472.2059,395.1492,,,,,,,,,,,,,,,,,,,,,,,449.1623,241.5434,506.3095,246.0352,495.6240,241.5307,524.7742,245.0549,466.1382,327.0346,526.7722,336.3672,462.9579,330.2846,493.4680,333.7240,,,530.2967,412.5933,466.5424,394.4509,513.6460,410.8318,,,529.3006,430.9525,,,512.8242,426.8933,449.0242,406.8802,499.9256,427.8930,522.5591,415.9662,481.6451,398.7792,,,509.4715,229.9196,520.3381,221.1072,,
73418,0,,,,,,,,,,,,,,,,,,,,,,,516.9062,268.1527,475.8231,262.1895,513.3162,340.6614,459.3718,327.6558,518.6649,410.9364,462.8050,391.4528,,,,,,,,,,,,,,,,,,,,,,,458.2477,245.2474,511.3032,249.6714,494.5575,244.4051,520.8125,247.8333,456.6834,322.1964,524.1273,336.5187,469.9715,329.1120,494.0814,334.4158,470.8881,391.4699,528.5724,412.2077,457.2647,391.2793,512.5144,410.8558,468.3523,404.3503,529.1775,430.8039,450.9202,402.8954,511.8233,426.0337,440.5161,404.4236,498.8347,426.6256,520.1892,415.8530,471.4628,394.7129,,,506.9321,230.7211,510.2579,221.9354,,
73419,0,,,,,,,,,,,,,,,,,,,,,,,515.3730,269.8231,474.0471,263.9472,513.2674,341.8348,461.1718,327.6149,514.3198,408.9113,461.1277,384.8527,,,,,,,,,,,,,,,,,,,,,,,461.8678,246.5410,510.2440,252.9114,498.3664,246.5885,522.3455,249.7000,454.7157,321.6120,522.8569,337.3842,472.9125,329.4293,493.9123,335.6405,455.6628,380.1873,525.5360,411.4660,461.6048,387.0953,509.3172,409.3844,444.0559,391.1292,524.7569,429.3884,426.4702,389.2509,511.6966,426.1496,427.3695,393.9435,500.0852,427.7353,521.9341,415.4845,474.4794,390.2599,,,508.4769,232.1464,514.6591,222.0407,,
73420,0,,,,,,,,,,,,,,,,,,,,,,,513.0088,270.2142,474.7972,265.4773,511.7121,341.3215,462.6019,326.8595,517.2068,409.3749,460.3102,385.1135,,,,,,,,,,,,,,,,,,,,,,,457.8497,250.1917,506.5856,255.6778,497.2738,248.8522,516.5440,250.4542,456.2043,320.9263,521.9832,337.1697,474.3914,330.0087,493.7196,336.0471,455.4839,381.0572,526.8411,411.8480,460.6376,387.2166,511.7709,409.6704,445.4517,393.1284,526.5684,430.2707,429.4747,391.1390,512.0902,426.5490,428.0141,395.7726,499.7538,427.8905,524.4871,416.4436,472.0456,390.4082,,,504.4970,232.8552,511.7045,223.2160,,
73421,0,,,,,,,,,,,,,,,,,,,,,,,511.9390,271.9552,474.3523,266.6952,512.0267,342.1497,463.6078,329.4206,518.7938,409.9600,452.9328,384.8464,,,,,,,,,,,,,,,,,,,,,,,459.4967,251.2115,502.1916,254.7529,496.7470,248.5458,515.1301,250.3369,458.1009,322.9044,521.1687,337.1494,474.4529,330.7828,493.0699,336.5944,454.0710,382.4778,528.2294,411.9708,452.1967,386.1714,512.5659,410.1891,451.0439,395.9749,528.6542,429.8194,436.7248,395.0655,513.4772,425.6967,425.9051,396.5819,501.8687,426.8298,524.1590,416.3983,462.9577,389.1479,,,506.2356,236.6399,517.6079,229.9566,,
73422,0,,,,,,,,,,,,,,,,,,,,,,,511.7652,272.3830,473.8233,265.9520,513.4115,342.4161,461.0606,328.8794,517.9137,409.7872,447.9206,384.4643,,,,,,,,,,,,,,,,,,,,,,,460.2650,248.3465,504.6226,255.8550,496.3125,249.2376,516.7505,252.5030,454.9994,321.9318,521.8210,337.0299,473.5832,330.7351,494.4657,336.6776,456.2437,384.1506,526.4295,411.5577,442.4487,384.6988,512.5825,410.1166,455.3240,397.2442,526.8920,429.8363,441.2407,397.8333,514.2171,426.5804,431.3745,400.3510,505.0351,428.5555,521.8562,415.3961,457.5004,388.2499,,,511.9843,240.3690,522.8238,234.1147,,
73423,0,,,,,,,,,,,,,,,,,,,,,,,509.5863,272.6647,476.1489,267.7368,511.6144,341.0252,457.9333,328.0444,518.5674,409.9910,450.6583,385.5791,,,,,,,,,,,,,,,,,,,,,,,459.5858,251.5515,497.3079,255.3484,505.2772,251.2707,514.7877,252.1754,451.2739,321.7883,519.7815,335.8343,473.8428,330.7264,493.3768,335.3350,459.2726,385.5790,525.7850,411.3321,444.7903,385.6255,513.4532,410.4716,457.5366,399.2261,527.3884,430.3961,443.0323,399.9811,514.1839,426.1821,431.8487,402.4204,505.8732,428.2025,522.6943,415.4070,461.0799,388.3944,,,515.4162,240.3248,524.1369,233.8663,,
73424,0,,,,,,,,,,,,,,,,,,,,,,,513.9336,268.5873,475.9609,263.2869,511.8037,339.9905,459.2697,327.8748,521.5809,410.2993,451.3295,385.1281,,,,,,,,,,,,,,,,,,,,,,,463.8521,245.3374,505.4037,252.2692,502.4254,245.5996,520.1544,248.8888,454.0683,321.2906,521.0845,334.2146,471.1992,329.2731,493.6889,334.4724,459.4586,384.9290,531.9418,412.4614,445.5909,385.3540,515.3534,410.4613,454.2697,399.1502,531.0452,431.1358,439.6289,398.4687,514.5368,426.4942,428.8339,400.7537,503.5790,428.2764,531.5601,417.2214,462.6365,388.6984,,,515.1951,238.4820,,,,
73425,0,,,,,,,,,,,,,,,,,,,,,,,513.9999,266.5383,479.9820,259.1860,512.7839,339.5711,456.7422,326.3301,517.8324,409.7881,452.5810,383.4200,,,,,,,,,,,,,,,,,,,,,,,468.5238,245.5524,507.9472,252.3328,503.7473,244.2924,519.7702,247.1096,451.1690,320.1567,519.9979,333.7959,468.8054,328.9245,497.5503,335.0355,460.7192,383.1004,528.6854,411.9499,446.9404,383.8332,512.1787,410.1187,461.3290,399.2530,527.6064,430.3835,443.3029,398.1541,513.1566,426.7578,434.5711,400.0699,501.8394,428.8553,525.7196,416.5617,463.8437,386.9438,,,513.6839,236.5704,,,,
73426,0,,,,,,,,,,,,,,,,,,,,,,,517.3282,269.4606,478.5787,261.4336,516.5009,342.6000,453.3493,325.5645,520.2597,411.2484,456.2659,386.6009,,,,,,,,,,,,,,,,,,,,,,,466.6426,246.1005,512.0861,255.4733,501.2894,244.5319,521.2006,247.6346,452.0179,320.3984,524.5099,338.2579,467.1096,328.0265,499.5126,337.5591,465.0199,386.3399,530.9965,412.7804,451.1916,387.1567,515.2437,411.6628,464.2092,401.2379,528.5397,430.5950,446.5361,399.9098,514.0022,426.5225,438.0541,401.6125,503.5274,428.5789,525.1231,416.4717,466.8572,390.1864,,,514.8719,237.4758,,,,
73427,0,,,,,,,,,,,,,,,,,,,,,,,519.2141,272.6833,481.2572,266.7636,515.1738,342.6265,454.5629,326.3960,519.4791,411.3315,456.1649,384.5477,,,,,,,,,,,,,,,,,,,,,,,468.0236,252.2140,512.0368,257.0310,502.0440,249.0521,523.0238,252.5276,452.4705,320.8862,524.4393,338.7753,465.3145,328.5772,498.9752,336.8174,465.0045,384.3562,528.3890,412.4620,450.2808,384.5420,515.0389,411.7275,465.6019,398.1473,526.5651,430.9753,450.5800,397.6061,512.7681,427.0408,441.4429,399.7342,503.1984,428.9596,523.8934,415.3599,463.5274,386.9599,,,514.7573,237.6978,524.6750,229.7566,,
73428,0,,,,,,,,,,,,,,,,,,,,,,,516.8653,270.6267,478.6392,264.0948,513.3596,339.5036,456.1319,325.4219,518.0136,410.8235,454.8072,381.7007,,,,,,,,,,,,,,,,,,,,,,,466.2182,248.8743,510.9256,255.0220,497.1490,244.7660,518.1372,248.6813,451.9828,319.1587,523.0541,335.1676,463.9263,328.0192,496.3595,335.3452,463.6583,381.3107,525.7425,411.8819,448.8029,381.9561,513.3508,411.1813,466.2282,395.4104,527.8377,431.2190,450.0682,396.2928,514.3550,427.6111,440.2746,398.7241,504.9244,429.7324,520.2929,414.8332,463.2392,383.3181,,,510.0925,234.8203,513.7036,225.5731,,
73429,0,,,,,,,,,,,,,,,,,,,,,,,504.7687,269.6751,475.9566,265.4627,511.4652,340.7741,450.2508,325.1353,520.1060,410.3086,461.9240,387.1124,,,,,,,,,,,,,,,,,,,,,,,461.3977,252.5152,503.7261,251.6194,505.2113,248.4313,514.0921,248.8575,449.7625,319.0426,520.9368,336.5616,459.3043,327.7779,495.2268,336.7776,469.7131,387.1537,527.7016,411.2806,455.9041,386.9652,515.5818,410.9357,637.7678,457.0597,529.3407,431.4458,454.6010,398.7141,513.9064,426.8391,445.7350,400.2573,500.9315,428.1967,521.8421,414.2794,470.3060,390.0703,,,513.4550,234.4978,524.3419,225.0274,,
73430,0,,,,,,,,,,,,,,,,,,,,,,,514.5951,267.5329,478.0748,262.5383,510.5600,338.9494,461.5763,326.0665,519.4398,409.3116,,,,,,,,,,,,,,,,,,,,,,,,,457.9559,243.8537,500.9271,248.4013,504.0147,244.2857,524.8688,245.3415,466.0757,322.1455,521.2749,334.6265,455.4669,327.3214,492.0934,334.4042,,,531.4021,412.0327,,,513.3712,409.5552,,,530.4583,431.0533,,,515.5696,427.7042,,,502.8520,429.1246,526.6228,415.5338,,,,,512.6048,230.6765,534.3452,223.4411,,
73431,0,,,,,,,,,,,,,,,,,,,,,,,512.9519,267.9788,477.6387,262.7557,511.9184,342.5687,,,516.5428,410.5059,,,,,,,,,,,,,,,,,,,,,,,,,458.8610,246.8313,503.1676,251.8765,499.1366,245.2116,519.3276,247.1313,,,522.3614,339.3839,458.2671,324.2505,495.9525,337.5277,,,526.4583,412.3574,,,511.1866,410.6119,,,525.3223,430.3614,,,513.3691,427.4315,,,504.0853,428.9853,522.5096,416.3330,538.6772,415.1362,,,511.1371,232.7669,525.7959,226.0046,,
73432,0,,,,,,,,,,,,,,,,,,,,,559.1279,333.9530,437.4937,253.1137,534.9337,266.6650,510.0449,340.8208,559.0885,350.6171,512.8586,408.5331,581.1805,426.7455,,,,,,,,,,,,,,,560.2306,334.1690,,,556.9615,337.9085,,,529.4677,250.1513,442.3014,242.4462,525.5276,245.3026,484.8294,240.1561,577.7883,348.7350,519.7799,336.9990,524.2236,339.9161,494.5172,335.0315,586.8910,429.4756,517.8392,408.4577,578.4947,426.1358,508.8150,409.0684,614.7318,458.0540,528.5898,431.0960,610.7031,454.1245,513.2831,426.9285,595.3947,453.6149,507.4092,429.0623,517.2611,413.9509,564.8701,424.9802,,,509.0452,231.5247,,,,
73433,0,,,,,,,,,,,,,,,,,,,,,,,509.4316,266.8551,470.3444,263.1757,506.0543,341.1513,,,516.2656,409.5113,,,,,,,,,,,,,,,,,,,,,,,,,444.0362,247.8466,498.5067,250.6966,503.7710,244.8581,527.5320,246.1362,,,517.4495,336.7556,459.9742,324.0183,489.6289,335.7628,,,527.8367,411.6508,,,510.7620,409.9446,,,529.7936,431.1627,,,514.9944,428.3862,,,503.9418,430.1026,522.7499,415.8175,,,,,511.2011,232.5147,527.2751,227.0543,,
73434,0,,,,,,,,,,,,,,,,,,,,,,,503.2897,266.8934,465.4562,263.1039,508.4727,341.8800,458.4781,328.1068,518.5639,409.8478,,,,,,,,,,,,,,,,,,,,,,,,,433.4358,245.5661,487.3583,249.9778,501.4956,244.7917,522.9636,245.8625,,,519.2865,337.2242,446.7166,326.1486,487.9470,336.0219,,,530.4635,411.9387,,,510.1177,409.4460,,,530.1243,431.2266,,,511.0125,426.7153,,,497.5198,427.7684,522.6449,414.8883,,,,,505.2133,231.1475,,,,
73435,0,,,,,,,,,,,,,,,,,,,,,,,499.6443,269.1990,459.1669,262.9659,504.2772,338.2683,439.7676,320.9033,514.8892,408.6347,459.5444,380.0077,,,,,,,,,,,,,,,,,,,,,,,440.4452,247.1489,494.9784,254.6546,485.1905,246.5965,505.3294,249.4556,443.2702,316.1745,514.3223,333.1417,452.7705,325.3067,486.8018,334.3869,464.0220,381.6634,523.6533,410.0376,453.3353,380.1479,509.9660,409.3494,,,524.5497,429.1787,,,511.9176,426.4324,435.6745,395.2281,502.5098,428.4878,519.1735,414.8847,467.9838,385.6593,,,495.9382,233.6126,505.4307,227.0980,,
73436,0,,,,,,,,,,,,,,,,,,,,,,,498.9293,271.5295,459.6688,266.6114,504.8693,340.2919,441.9101,323.7952,514.8226,409.8281,436.4205,380.0666,,,,,,,,,,,,,,,,,,,,,,,439.4232,251.5283,486.1002,255.9051,483.9304,250.6426,509.7618,253.6055,436.9045,317.2877,513.6227,335.3047,451.7330,325.4007,486.8528,335.9497,444.0476,380.1357,526.0220,411.3519,431.1494,380.0206,508.7576,410.1812,439.5027,390.6151,527.0832,429.5641,425.0319,389.6575,512.4844,425.7905,415.8660,390.9146,501.7391,427.4066,520.3276,415.7823,446.5780,384.0895,,,494.3189,237.5549,504.2336,226.7370,,
73437,0,,,,,,,,,,,,,,,,,,,,,,,492.7139,272.2427,458.2125,265.7427,502.0660,342.2037,443.2464,323.2983,510.6628,408.0960,433.0083,376.3583,,,,,,,,,,,,,,,,,,,,,,,441.8798,250.8555,482.4565,258.6356,477.6450,248.5747,497.9464,252.1026,437.2302,316.4003,509.5548,336.0654,452.7767,325.2885,485.4398,337.8807,440.5802,376.1869,519.7148,409.5206,427.6980,376.6114,506.0262,408.6581,435.0787,389.1433,523.6803,427.9825,420.5511,388.4786,513.1409,425.3567,411.5945,389.6360,504.8174,427.4138,513.8192,414.4666,442.7172,380.2918,,,487.3716,236.4597,498.9424,228.5330,,
73438,0,,,,,,,,,,,,,,,,,,,,,,,486.5005,270.0049,456.0822,264.1439,502.6121,340.3688,443.7910,323.8242,510.3488,407.9628,435.5716,377.7026,,,,,,,,,,,,,,,,,,,,,,,493.9177,256.1797,442.4048,248.4039,493.2550,248.7721,473.8475,245.9769,436.8100,316.7121,509.6743,334.6407,454.3830,325.1950,486.3039,336.4576,442.4663,377.7323,517.0404,408.4844,430.6276,377.8154,506.5331,409.0859,628.0606,456.5686,521.1228,426.9290,421.7554,387.3974,511.0080,424.5932,414.4593,389.5397,504.4467,427.2779,513.8820,413.7721,443.0198,381.7064,,,485.0987,234.6150,,,,
73439,0,,,,,,,,,,,,,,,,,,,,,,,434.5107,259.3454,509.1730,272.7453,398.7623,313.1518,552.1676,349.5726,508.5408,407.6559,579.8753,425.1002,,,,,,,,,,,,,,,,,,,,,,,501.3036,259.9415,429.9379,247.8182,505.6019,251.1954,467.9778,245.3231,567.1126,345.8068,391.3060,305.7767,510.4289,338.5843,422.7006,318.7510,599.2806,429.9744,515.1891,407.8689,430.5141,378.2300,504.8217,408.9074,619.2029,454.1260,518.7464,425.8413,595.3821,447.2521,506.4457,422.8369,585.0535,447.8387,501.7710,426.4151,512.6315,414.0237,444.6767,383.3757,,,489.0752,236.8430,,,,
73440,0,,,,,,,,,,,,,,,,,,,,,,,433.0192,259.8806,510.1036,273.2536,400.8750,314.1654,548.0882,347.2651,505.1310,406.9246,576.3444,423.0037,,,,,,,,,,,,,,,768.1898,392.4883,,,,,,,502.9896,259.1717,429.1128,246.5351,500.7724,251.4576,461.7606,245.2284,564.0791,344.3257,390.4077,306.0988,506.2852,336.2453,423.8957,319.0671,594.4209,427.4458,511.2989,407.0391,566.4986,420.6897,502.0314,408.3094,617.1246,452.0459,514.1259,424.7656,594.5015,445.7681,505.3794,423.6049,582.2422,446.3893,502.4626,427.3516,510.3880,414.1304,572.6635,425.6849,,,480.8154,234.4497,499.2826,233.2081,,
73441,0,,,,,,,,,,,,,,,,,,,,,,,488.9728,270.4023,454.1438,263.8351,496.3996,339.0045,441.7222,321.8690,505.2310,406.9862,434.2699,375.9199,,,,,,,,,,,,,,,810.2763,402.5809,,,,,,,433.5451,246.3374,480.4619,253.7751,477.6244,247.3017,494.1988,249.8640,435.9251,315.7494,505.2270,334.2663,452.0465,323.3294,477.7016,333.4472,436.2059,374.6153,515.2310,408.3230,430.5912,375.9026,500.5049,407.8586,428.7887,387.1838,517.6400,426.2700,413.8934,384.9653,506.5167,424.0756,404.6715,386.9651,498.8335,426.4546,510.6218,414.1669,445.0423,381.7041,,,485.5567,235.0779,,,,
73442,0,,,,,,,,,,,,,,,,,,,,,,,431.3703,257.9009,504.9390,270.0312,497.1221,337.1282,443.2632,321.8380,505.2090,405.9629,431.6003,375.8470,,,,,,,,,,,,,,,779.2192,395.2409,,,,,,,496.5216,255.2456,427.3070,244.9509,496.8007,249.0617,461.8818,243.8039,563.2405,343.2010,505.7239,331.7958,455.9930,323.8229,477.0081,331.3439,596.3089,427.6898,513.1759,406.5927,426.1798,375.5336,501.4973,407.1702,614.1572,451.1091,517.9108,425.3319,591.6071,445.3320,505.9844,423.1643,579.3145,446.3558,500.9777,426.5500,510.8656,413.4006,439.8973,380.8313,,,477.3579,234.0321,,,,
73443,0,,,,,,,,,,,,,,,,,,,,,,,429.8544,257.9333,503.3154,269.2318,400.2173,313.0011,546.8004,346.2274,504.2433,405.9727,430.9369,375.6482,,,,,,,,,,,,,,,795.8061,399.1798,,,,,,,499.0165,255.4533,427.9887,244.3266,495.8083,248.8397,458.1048,242.9974,562.7664,342.9718,391.1650,305.2505,506.7605,336.0396,475.9232,331.3710,595.5552,426.9606,512.5107,406.6721,425.5802,375.5715,499.8990,407.0689,617.7735,451.9808,517.5436,426.7301,594.6131,445.3072,505.2808,424.5123,583.7492,446.0235,499.2705,427.7756,509.3919,413.0061,438.7123,380.6608,,,477.1722,234.2200,,,,
73444,0,,,,,,,,,,,,,,,,,,,,,,,489.6094,269.1259,454.7885,262.8458,498.9092,339.5724,443.1704,321.1663,507.9873,405.8371,434.5217,374.9834,,,,,,,,,,,,,,,,,,,,,,,438.1597,247.4246,484.0185,254.0204,470.1900,244.9024,489.8285,248.1283,438.0742,315.9267,507.9168,335.0571,452.1725,322.4377,481.8426,335.5606,433.3836,372.5685,517.4624,407.3834,433.7947,376.1082,502.7226,406.4106,426.3380,386.2873,519.8523,424.9457,411.2022,383.0643,508.1688,422.9867,402.6486,384.2129,499.2290,425.0797,512.5188,412.2259,446.4662,380.4662,,,480.5998,235.6866,,,,
73445,0,,,,,,,,,,,,,,,,,,,,,,,493.4574,268.2672,449.2405,261.1280,499.8306,337.1375,445.6400,322.8190,507.8991,405.8145,440.5514,378.9989,,,,,,,,,,,,,,,,,,,,,,,430.7743,245.3202,483.3983,252.9760,473.0411,245.3291,498.1466,249.5538,441.3669,316.6511,509.3863,332.7546,460.0716,323.5207,480.2587,331.9569,446.6870,379.4706,519.9250,407.6528,434.8788,379.2855,501.1107,405.7165,436.8793,391.8010,521.4120,425.9123,424.3733,390.3658,506.8869,423.0361,415.5649,391.6676,496.6342,425.0739,513.2475,412.3223,449.6501,383.9867,,,483.2501,235.3840,518.4819,238.4164,,
73446,0,,,,,,,,,,,,,,,,,,,753.7552,271.6514,,,497.3530,265.8744,451.0152,256.7703,499.5427,337.8548,452.0984,325.5646,508.4645,406.3976,,,,,,,,,,,,,,,,,,,,,,,,,427.9604,240.9488,485.3826,249.1204,472.9717,241.4213,498.7604,243.3688,453.9496,320.2801,511.5574,334.0281,452.5471,324.3338,479.1518,331.5827,,,522.3098,409.3383,,,500.9655,406.3660,,,524.7660,427.7042,,,508.3517,424.3646,,,497.1567,425.8354,514.0234,413.1538,,,,,491.3461,234.8894,,,,
73447,0,,,,,,,,,,,,,,,,,,,,,,,500.8837,267.2673,501.1575,264.5954,506.1721,339.3871,549.4693,348.4687,515.2502,409.0814,572.6545,426.5080,,,,,,,,,,,,,,,,,,,,,,,500.6402,250.6691,487.1377,250.5376,498.4030,245.4221,487.9977,242.9177,562.4524,344.6766,514.6761,332.9172,510.0334,336.3572,486.6199,333.6806,582.9544,433.8457,523.7960,409.7696,562.0546,424.2392,511.4731,409.9848,605.0479,456.0796,519.0340,424.5860,576.3769,449.4849,509.4488,423.4764,568.5475,448.5950,502.3029,427.2983,517.6830,414.5502,554.5471,427.0761,,,494.3976,236.5413,,,,
73448,0,,,,,,,,,,,,,,,,,,,,,,,499.1655,264.6597,442.1974,253.8707,503.2176,338.5354,459.9207,330.1807,515.0424,407.5711,,,,,,,,,,,,,,,,,,,,,,,,,443.6950,238.9818,493.8158,250.3274,506.3952,238.4596,498.0742,240.8412,,,512.2255,333.6329,459.7188,329.7093,485.8423,334.8618,,,525.9495,409.8876,,,509.1490,408.4454,,,525.2784,426.9214,,,509.0003,423.8888,,,498.2882,425.8830,519.7364,413.4428,,,,,503.8068,234.9693,,,,
73449,0,,,,,,,,,,,,,,,,,,,,,,,499.2134,264.7003,436.7735,253.1306,505.4388,340.0434,456.6234,329.2827,516.4797,409.8891,,,,,,,,,,,,,,,,,,,,,,,,,435.6701,241.5996,487.4661,253.0949,461.3276,239.8609,495.4702,239.9622,455.9813,325.0359,514.0055,335.4396,456.7984,330.1148,489.6367,336.9085,,,526.9802,411.6463,,,510.9156,410.5698,,,528.6113,429.4757,,,509.0077,424.8796,,,497.7434,425.9780,521.7169,416.0220,,,,,506.1146,233.4595,,,,
73450,0,,,,,,,,,,,,,,,,,,,,,,,492.3888,269.4063,440.4804,258.2508,506.5750,339.9438,454.9483,329.4003,519.0190,408.5987,,,,,,,,,,,,,,,,,,,,,,,,,430.9265,243.6965,485.8770,253.6851,468.6622,243.5753,492.1514,243.0288,,,514.6706,335.4666,449.1592,329.6552,489.8272,335.4480,,,529.3956,409.9360,,,513.7315,409.4431,,,528.4547,427.4702,,,511.2564,424.2302,,,499.0213,425.2983,525.4004,415.4106,,,,,487.6635,233.7268,498.8476,225.2825,,
73451,0,,,,,,,,,,,,,,,,,502.4300,228.4483,742.6494,271.5583,540.8367,240.6150,494.7412,267.5928,444.3245,257.3797,509.2120,342.8528,455.8572,329.0212,514.0196,408.2260,466.4972,403.2862,,,,,,,,,,,504.0254,230.9404,,,757.1498,257.4178,,,540.3461,241.4417,740.5936,271.8559,432.8056,241.1788,487.4513,251.9594,470.3646,239.4912,488.8578,241.8503,,,518.4223,337.7941,446.6065,327.8257,493.9025,338.2160,,,525.3123,410.0787,466.6529,403.8849,508.6962,409.1887,,,525.2536,428.8520,,,510.3650,425.8214,,,498.5379,426.7169,518.8343,413.5463,466.4980,406.3980,,,490.4921,230.2037,500.5038,227.4913,,
73452,0,,,,,,,,,,,,,,,,,,,702.8185,256.1250,503.6615,237.4133,495.3667,266.2166,450.2732,258.2782,507.5310,339.0133,458.8081,328.1665,515.3941,408.2021,,,,,,,,,,,,,,,,,504.8589,235.3610,709.8985,254.1297,502.1898,237.0795,536.3476,238.4052,435.6363,244.6414,493.7495,252.9832,466.8221,239.9557,494.9863,243.5109,462.3964,323.3206,515.5575,333.7839,452.4748,326.0649,493.9721,334.8596,,,526.0373,410.2099,472.3119,395.6378,510.4383,408.6961,,,527.9899,429.3117,,,513.7148,426.0114,,,503.0384,427.1024,519.0210,412.7448,,,,,482.4476,233.4400,,,,
73453,0,,,,,,,,,,,,,,,,,,,527.3370,244.8890,523.3641,247.6055,501.4532,267.4293,438.7282,255.3203,509.6613,341.3759,558.4595,347.5666,514.8560,407.2268,582.2710,423.4656,,,,,,,,,,,,,,,523.2660,243.9223,525.3122,242.1606,522.8919,243.5855,526.9897,242.1394,502.7994,250.2519,502.7572,252.4734,503.2960,242.4804,490.4368,238.3495,579.1875,345.1786,523.7758,335.4030,418.5950,317.6257,491.7641,334.3552,607.6819,430.7493,523.7012,408.3132,574.4709,422.9637,510.4746,408.4112,614.7640,455.2123,522.6220,425.1781,594.2921,446.5658,510.0206,421.9509,582.6518,445.3432,501.0580,424.0666,516.5766,411.7912,573.7523,423.4528,,,497.4499,237.1757,,,,
73454,0,,,,,,,,,,,,,,,,,,,393.2915,239.4499,699.6125,279.9637,446.6741,257.8199,527.3001,270.2258,408.9111,315.8025,556.5491,349.5448,506.7645,404.2648,576.3235,423.6713,,,,,,,,,,,,,,,706.9713,278.4529,390.0073,237.2384,704.2528,279.7720,387.7862,238.1350,521.7463,254.6529,445.6680,244.0080,514.3072,246.9909,476.7229,242.4917,573.3325,346.6551,407.4155,308.2380,525.9523,339.1119,436.2006,321.9892,592.8849,428.6625,512.5972,404.5474,566.7584,421.7116,502.3984,404.7526,602.6915,451.4948,,,583.2967,444.4508,507.5694,421.7283,572.9757,442.9197,501.0171,423.0187,509.4964,409.4643,572.8901,425.8003,,,496.1918,237.3141,,,,
73455,0,,,,,,,,,,,,,,,,,,,532.7936,267.8854,451.4353,252.4862,511.0383,267.2788,478.7562,262.5972,510.7066,342.7092,450.6035,325.5528,514.7672,408.0058,442.4744,379.6149,,,,,,,,,,,,,,,449.5499,251.7256,531.6333,265.9809,456.7219,252.0224,538.1245,268.0438,469.0582,248.4317,499.6884,251.6689,511.4102,245.5789,513.9861,247.2669,447.2965,318.3008,520.3086,336.9561,462.4682,328.2935,492.2930,335.9191,450.0176,379.6673,523.8552,409.5536,436.7166,380.0064,509.4436,408.4200,622.9891,455.4958,521.1196,427.4861,431.3523,390.5236,505.2926,422.5771,422.0831,392.1295,495.0050,423.4811,520.9398,413.5772,452.2410,383.3895,,,507.1064,239.4571,,,,
73456,0,,,,,,,,,,,,,,,,,,,543.1546,270.2623,467.5653,257.0243,513.9195,266.1971,480.7273,260.3959,511.6692,341.5916,454.3961,325.7129,513.4448,407.0680,437.3644,376.8489,,,,,,,,,,,,,,,464.5518,255.9147,541.2136,269.6622,466.1387,255.9239,548.2683,270.3984,469.8652,245.8849,507.1782,250.1687,502.0755,243.8833,519.3691,247.3965,452.1442,318.7295,520.3778,335.2666,463.9574,327.7250,495.5732,336.2039,439.0301,374.2633,523.2480,409.0837,435.4496,378.7280,508.6300,407.5732,436.5030,386.8820,521.8812,426.9878,421.6544,387.7396,508.4685,423.0883,412.3413,389.1940,498.0831,424.1008,519.2491,412.4971,445.8298,381.1086,,,512.5433,240.3060,,,,
73457,0,,,,,,,,,,,,,,,,,,,558.9005,276.0271,480.6202,256.4422,518.8595,265.5369,482.5651,257.8166,515.3267,340.4057,456.9401,324.9283,513.4346,407.0324,445.0036,380.2430,,,,,,,,,,,,,,,478.4675,255.9958,558.7399,276.0238,479.6344,256.1774,,,468.9441,245.8971,504.4385,249.5331,514.0032,246.6058,522.7200,249.2301,453.6198,318.0772,522.2205,335.0914,465.7585,327.1496,499.2032,334.4468,443.0093,376.5088,520.4442,408.1221,444.6564,382.1273,508.9120,407.5724,432.2413,386.5218,517.5735,425.5522,417.8922,386.3307,502.4401,420.7233,407.8876,388.4125,492.4122,421.8195,521.3825,413.2147,459.3826,387.0517,,,517.1990,240.7371,,,,
73458,0,,,,,,,,,,,,,,,,,,,,,491.2489,254.3112,520.6759,265.0414,481.8611,256.7234,513.8842,338.8625,456.8671,327.6129,514.6360,407.8942,451.7883,381.3679,,,,,,,,,,,,,,,488.6659,253.2041,,,488.2812,253.8358,,,465.1969,244.1422,506.2061,249.1327,510.6504,246.8426,527.2691,249.2577,453.4183,320.8383,523.8697,334.5467,463.5728,328.9219,496.1414,333.1078,452.3804,378.4922,523.8917,409.5014,449.8552,382.8125,508.7198,407.8523,431.1585,384.6469,519.7022,425.9397,417.6682,384.7267,503.9898,421.2998,412.9995,388.5756,492.8024,422.6192,520.2304,412.1518,465.7706,387.6021,,,518.9616,241.7539,,,,
73459,0,,,,,,,,,,,,,,,,,,,,,492.2136,253.8555,522.2057,267.0916,485.6246,259.0114,513.9681,339.1869,460.1675,327.1496,514.2099,408.7553,458.0429,383.9083,,,,,,,,,,,,,,,490.6711,252.8012,,,489.1598,253.6595,,,467.0591,245.4150,506.9114,252.1233,515.0978,247.1470,530.7130,249.3580,456.4804,320.4859,522.7485,334.8735,468.1568,327.9008,497.9722,333.0442,457.3341,380.7180,523.1453,410.4849,456.0333,385.2211,508.8861,408.6671,433.7108,386.0939,516.9952,426.5246,424.7178,386.2392,501.5464,421.1590,418.6551,389.5653,489.9769,421.9708,519.7804,413.6299,472.0401,390.7273,,,520.4095,242.4001,,,,
73460,0,,,,,,,,,,,,,,,,,,,,,486.0694,252.7105,523.3973,265.0316,487.5218,257.3695,515.3769,339.3304,460.0566,329.0493,513.5897,408.6524,468.9587,388.5008,,,,,,,,,,,,,,,482.2186,251.1758,,,485.7963,252.4474,,,469.1330,244.3346,508.5625,249.0654,515.5203,246.2033,532.7653,247.0024,456.4880,322.7848,524.2059,334.4165,468.2258,328.9502,497.4604,332.8831,468.2819,385.6435,521.9512,410.0664,467.3128,389.7819,509.4111,408.7985,447.2206,393.7075,517.5451,427.2301,440.5771,394.8938,502.2388,422.2367,434.5467,397.0063,491.6525,423.5578,518.3619,413.6394,481.1948,395.0343,,,523.6658,242.5795,,,,
73461,0,,,,,,,,,,,,,,,,,,,,,483.2163,253.9187,522.7396,265.6506,492.2723,257.2149,514.3933,340.4044,462.7220,328.6090,514.7435,409.1599,478.3733,390.3635,,,,,,,,,,,,,,,478.9606,252.1353,,,483.4171,253.6527,,,472.6803,244.1688,507.6756,250.5544,521.7298,246.8564,537.2274,247.7921,460.5853,322.5056,523.9400,336.2203,469.3206,328.3639,496.7779,333.4445,477.5997,387.7649,522.6515,410.6072,476.4978,391.8825,510.0477,408.9984,457.8596,396.3757,517.2928,427.3441,447.6246,395.2479,501.9635,422.9776,442.9136,397.8391,491.7623,424.1883,519.7362,413.7354,492.9183,398.0682,,,530.3699,244.1146,,,,
73462,0,,,,,,,,,,,,,,,,,,,553.6056,279.8312,482.3637,255.8207,521.0672,269.0308,490.6810,260.2754,514.2919,343.4736,464.2742,330.3950,514.9475,408.4435,482.0666,390.6552,,,,,,,,,,,,,,,478.6336,254.1186,543.5149,279.4873,483.0449,255.5606,560.6632,282.9055,472.4995,244.9180,508.5598,252.4688,517.6034,245.4762,536.4438,249.9632,462.9766,324.4275,521.3119,338.5056,471.3766,329.6124,499.3414,335.4638,480.5309,388.0788,521.0964,410.3809,480.6852,392.5072,510.5686,408.3354,457.5597,396.6324,516.3336,426.6349,447.6558,395.6320,502.8926,423.2668,443.4691,398.4436,493.5909,424.9894,520.1108,412.9783,497.1001,397.6244,,,531.4107,244.0824,,,,
73463,0,,,,,,,,,,,,,,,556.0592,249.5052,,,530.6149,279.7435,479.2949,254.8532,518.5503,272.0351,491.0092,262.0207,515.2394,346.5668,471.1285,332.4089,515.0928,407.7527,490.2349,392.5685,,,,,,,,,,,,,560.4579,248.5520,476.6767,253.3941,525.7493,279.9155,481.2331,253.7067,532.8800,281.3730,478.5129,246.0985,510.9362,254.0300,519.5244,246.0604,536.1059,251.1868,469.5151,325.8515,520.7957,340.2373,477.6313,330.9379,501.3115,336.9773,489.1150,389.8224,520.7915,409.7943,489.1423,394.3871,511.4099,407.9254,467.7205,397.7284,518.8343,426.7851,460.2171,397.3699,504.9226,423.0959,455.4237,400.0075,495.3573,424.0405,519.0851,412.8014,504.7546,399.3161,,,532.3951,244.6266,,,,
73464,0,,,,,,,,,,,,,,,561.3996,249.2839,,,535.4624,274.4873,470.7456,256.6698,523.6889,271.5792,495.4619,265.5764,513.4803,346.0012,476.4259,335.2918,515.9977,408.9736,493.7557,394.9627,,,,,,,,,,,,,567.2612,249.7671,467.9051,255.7246,529.9668,273.3064,471.0678,255.9855,539.3275,275.5552,481.8060,249.3096,513.5678,254.7396,522.9429,249.3982,538.2611,252.9554,473.3912,327.9333,521.9502,340.3241,482.6639,334.0551,498.9352,337.3072,492.3276,392.2828,522.8265,411.3236,492.4059,396.7064,511.3738,408.9738,472.5733,399.0971,520.6349,427.3995,465.9397,399.5019,503.1010,422.7937,460.1621,402.7435,491.8546,423.1084,520.8399,414.1468,506.8506,401.8414,,,533.2882,245.2152,,,,
73465,0,,,,,,,,,,,,,,,,,,,545.6769,271.6521,465.4623,255.4443,524.6756,272.6431,496.0982,265.9643,514.5380,347.6394,479.8141,336.7401,516.2811,409.9048,494.0075,395.7543,,,,,,,,,,,,,,,464.6244,254.1540,540.5446,270.1298,467.2862,255.3155,552.7926,272.8604,484.2830,250.3559,513.8459,254.9222,521.5995,248.9193,537.2548,252.9399,476.7987,329.6702,523.1391,341.8111,486.5852,335.4436,499.6973,339.2487,493.1950,393.2032,522.8429,412.2704,492.1931,397.2918,511.4437,409.6865,471.1889,400.1960,521.2059,428.4044,464.4642,400.6749,503.8145,423.5465,457.7980,403.3938,492.5087,423.5089,520.6377,414.5562,508.5897,402.7741,,,529.2706,245.2708,,,,
73466,0,,,,,,,,,,,,,,,,,467.2998,237.8465,545.8201,272.3660,465.3917,257.1161,527.5075,271.5655,497.2160,265.1417,515.5539,348.6900,482.5185,337.7322,515.0923,409.9247,495.7572,397.0907,,,,,,,,,,,491.6071,240.5087,,,465.0798,255.5147,544.2354,271.0024,470.2058,257.3365,549.9009,273.3691,486.8626,249.0928,518.2001,254.0023,524.4997,247.2450,540.8345,252.3395,479.9497,330.5130,523.1959,342.7327,489.9103,336.1654,501.4829,340.4774,494.1529,394.3013,521.1735,412.4913,494.0941,398.7410,511.0336,409.7671,473.9354,401.6356,517.8509,428.5950,466.5374,401.9394,503.8518,424.8516,460.7653,404.7261,492.7786,424.9735,520.7149,415.0802,509.2960,403.8111,,,535.4187,246.2178,,,,
73467,0,,,,,,,,,,,,,,,,,,,551.6409,270.6647,475.8807,252.1084,529.2476,273.5865,500.7355,268.5842,518.2637,350.7059,485.3511,338.1204,516.6079,409.7817,495.8862,396.5550,,,,,,,,,,,493.0059,241.6353,,,475.8586,251.7913,546.5147,268.7269,480.4726,252.1467,558.9422,271.2277,485.2552,251.9044,517.8676,255.7404,529.0429,251.1053,542.0279,254.3609,483.3812,330.9789,525.7067,345.1110,491.7031,336.3878,503.6720,342.6523,495.0087,393.5492,524.9485,412.5549,494.4503,398.2796,511.9947,409.6245,473.9134,402.0228,520.1859,429.0772,465.5258,401.3019,503.7532,424.6552,459.9743,403.7770,492.6274,424.9469,525.0036,415.3554,511.7159,402.9025,,,533.7875,246.9789,,,,
73468,0,,,,,,,,,,,,,,,,,,,550.8597,271.0283,,,528.5902,272.8569,501.9097,266.8690,518.0877,351.5966,488.9231,338.5489,518.6854,410.2121,496.1871,395.7755,,,,,,,,,,,,,,,,,547.4139,269.3872,,,557.7622,271.8270,488.1457,250.1489,521.2001,256.0006,524.8109,249.5507,538.7176,253.1280,486.7853,331.3243,524.5464,346.3841,492.9979,336.3143,503.4458,343.5677,496.0449,392.9959,526.9104,413.2884,494.7927,397.6405,513.5278,409.8042,476.4682,400.8961,521.5835,430.8155,469.0674,400.7789,506.8091,426.1732,463.8242,403.2889,496.7451,426.3257,525.9358,414.8522,510.3374,401.8598,,,529.6506,246.4126,,,,
73469,0,,,,,,,,,,,,,,,,,,,555.4049,270.2803,,,531.0538,272.9162,503.7130,268.2538,517.0996,351.6800,490.0965,337.5132,524.3008,410.5437,495.7140,395.4089,,,,,,,,,,,,,,,,,551.1899,268.4099,,,561.7612,270.8693,494.7743,251.3690,525.6755,257.1989,527.5701,248.5597,539.2203,253.1306,488.2875,330.2308,523.7445,347.2001,493.0156,335.0485,505.1634,343.6335,495.2591,392.3989,531.0556,413.3117,494.2019,397.0179,519.4022,409.9267,477.1790,400.6513,523.9303,430.6598,470.5014,400.8157,510.5673,426.4429,465.2905,403.2688,498.9859,426.2458,531.3104,415.1256,508.6423,401.6935,,,531.1082,246.9644,,,,
73470,0,,,,,,,,,,,,,,,,,,,547.2062,262.0853,,,529.8481,270.8153,504.4208,267.6092,518.0795,349.7829,489.9368,338.7942,526.5347,412.2227,496.6134,396.8190,,,,,,,,,,,,,,,,,546.1720,260.8375,,,550.4522,259.2306,494.8906,251.9789,522.7479,256.2119,525.5148,250.2677,538.4092,253.2236,487.6122,332.1558,523.8873,345.0066,491.3690,336.0453,506.3863,343.6407,496.8102,393.9004,532.5299,414.7455,494.3949,397.9067,521.9758,411.6812,477.7529,402.0550,523.9866,432.6241,470.1813,402.1488,509.3492,427.1487,463.7658,404.3002,500.5932,427.4689,536.5198,417.5401,509.4531,402.9136,,,528.3638,247.2558,,,,
73472,0,,,,,,,,,,,,,,,,,,,553.8175,261.5257,,,530.0412,272.4966,507.8939,266.3554,526.1455,350.8946,491.4578,338.8227,535.7973,418.9068,496.5654,395.4293,,,,,,,,,,,,,,,,,553.1058,257.4207,,,557.2698,259.7767,492.9027,254.2203,522.9608,258.8594,525.0957,249.7348,539.1984,254.0932,490.9554,331.3518,529.9256,344.1704,491.9714,336.8246,514.4010,344.4545,495.7271,392.4876,543.1557,421.7149,494.2621,396.9893,530.8782,419.1379,473.6309,398.4557,532.1564,437.7564,470.0886,399.4705,519.0414,432.5201,464.0988,402.5626,509.9803,432.8089,546.8165,426.0274,507.9044,401.4643,,,526.6890,248.3604,,,,
73473,0,,,,,,,,,,,,,,,,,,,713.4807,278.7213,,,580.6887,273.8990,471.1765,264.2224,603.2738,363.8859,433.0595,324.7419,618.8701,437.9314,429.6931,382.7376,,,,,,,,,,,,,,,,,710.1234,275.9679,,,728.6123,278.1183,457.8821,245.2279,562.0780,257.1863,509.0337,249.1602,561.3699,254.2162,418.0213,314.0944,623.5070,360.9832,471.2953,328.4072,545.6597,348.1113,415.9164,378.7184,645.2714,444.8597,435.9899,385.8475,604.3190,435.1584,380.6432,380.5741,660.2573,465.0039,389.4482,381.8852,621.4698,453.4433,393.1951,385.2660,596.8395,450.2978,627.1056,444.3568,445.9569,392.2273,,,529.1401,249.1813,,,,
73474,0,,,,,,,,,,,,,,,,,,,710.5521,279.8969,,,580.4145,279.3647,468.1934,267.0845,607.0107,366.1539,429.4540,325.9028,624.2505,440.9136,423.6427,382.3637,,,,,,,,,,,,,,,,,710.0358,277.2396,,,726.2651,279.1827,462.3921,249.5157,577.8340,260.8916,501.8013,248.6240,553.4356,253.9738,414.6954,316.1982,629.7972,363.9204,472.1325,331.3533,550.1899,351.1594,409.8174,378.3180,649.3700,447.6603,431.4210,385.8099,608.7642,437.4800,377.7778,380.2877,665.1398,466.2319,388.0133,381.8728,629.4143,453.9939,395.0762,386.0424,606.2939,449.9317,628.6498,448.1008,436.4297,391.4944,,,527.8085,249.3796,,,,
73475,0,,,,,,,,,,,,,,,,,,,715.1124,278.7162,,,582.1106,279.3371,465.5249,266.4934,614.1273,368.6945,432.2815,326.2359,632.0542,443.8126,419.1897,383.2908,,,,,,,,,,,,,,,,,713.3350,275.6330,,,728.2044,279.3707,458.6070,251.0991,577.9533,264.4589,502.5775,250.3749,564.3722,256.2408,415.6367,315.3504,636.5260,365.2514,465.5524,329.0529,559.7068,353.1595,404.8128,379.0439,659.2936,451.5498,427.4569,386.6934,616.6045,440.1886,374.8659,380.7709,673.6737,469.6839,384.2779,381.7673,636.4224,456.1826,392.0883,385.5083,614.0285,451.8182,637.2691,452.5570,432.2580,392.7241,,,531.2829,251.2416,,,,
73476,0,,,,,,,,,,,,,458.9199,244.1025,,,,,713.8104,282.7440,,,585.8654,278.0289,469.0337,264.2182,617.0354,369.0592,430.0815,325.6089,637.8661,446.2543,415.5887,383.3031,,,,,,,,,,,,,,,,,711.2872,279.8214,,,729.1188,284.0513,459.3841,249.6334,579.9390,263.6427,504.6085,251.2245,570.5686,256.2558,415.1098,314.7790,640.6050,365.8861,463.5840,329.2128,564.5778,354.7208,401.1449,379.4299,666.1102,454.1232,424.2980,386.9741,622.1631,442.2889,372.3469,381.6622,675.8688,470.8042,380.4689,381.8085,635.3685,456.4098,386.8828,384.7963,610.4188,451.2260,647.3906,455.5211,429.1860,393.0356,535.9879,252.5841,536.2538,252.5627,,,,
73477,0,,,,,,,,,,,,,,,,,,,550.4332,263.0102,,,535.3730,276.2162,515.3105,270.4662,535.1756,358.9105,499.1987,337.2303,532.4124,428.3693,497.4636,396.5608,,,,,,,,,,,,,,,,,547.1947,257.1784,,,549.1764,261.9980,506.0492,256.0088,531.8627,261.5996,528.5257,254.1748,551.0290,258.0236,498.2933,329.3755,536.7338,352.0818,497.6176,337.3822,528.7489,351.7121,495.8140,393.8667,539.2386,433.0550,494.7034,398.4549,528.5809,427.4331,475.6924,398.7893,526.7094,447.4206,470.5502,399.5252,515.1514,439.9529,465.4562,402.7712,505.8361,437.6334,544.7677,438.2924,506.0509,404.3661,,,536.9255,253.5160,,,,
73478,0,,,,,,,,,,,,,,,,,,,716.5703,283.7961,,,591.2580,276.9515,472.6682,262.6033,622.4317,369.4319,432.2393,326.3115,640.3075,447.8451,411.7869,383.6227,,,,,,,,,,,,,,,,,714.7455,282.1292,,,732.3022,285.8902,461.6021,249.5621,584.6438,264.3914,507.4078,250.6590,581.1584,258.6016,416.3617,315.5566,645.9288,366.8176,467.1429,330.5867,570.2354,354.6897,397.0950,379.9616,669.5574,456.4160,419.7094,387.1866,623.6367,443.5897,370.6989,382.2694,672.6783,471.3989,377.7841,381.6092,630.8140,455.0916,387.6301,385.8518,602.5732,447.8626,651.6565,458.7502,422.2824,393.3178,540.6054,254.3957,540.6907,254.2853,,,,
73479,0,,,,,,,,,,,,,,,,,,,728.5509,292.1981,374.6700,238.4362,595.0518,279.4704,476.5019,265.1825,626.5221,371.5283,434.8147,329.0256,639.6504,448.9435,413.2439,387.1449,,,,,,,,,,,,,,,372.0838,237.6873,725.4531,288.7373,372.4955,237.8518,744.1353,293.0657,465.8896,252.1179,587.9461,267.3545,511.0483,253.1477,584.3293,261.2527,419.2062,318.6955,650.2043,369.1627,468.8067,333.2087,572.7590,356.2332,397.3791,382.6336,669.7353,457.7407,421.0867,390.4386,622.4271,444.4866,380.8003,386.5959,668.5907,470.7379,389.7731,385.6685,621.8140,452.9355,395.3992,389.0438,593.9389,446.1179,653.2909,461.5786,423.1883,397.7553,,,546.1760,257.1526,,,,
73480,0,,,,,,,,,,,,,,,,,,,732.3618,296.1796,375.2793,242.8211,598.8904,280.6046,480.2989,264.1889,624.3562,370.8706,438.7016,330.0246,638.5849,449.3765,415.1420,388.3481,,,,,,,,,,,,,,,372.9267,239.1076,729.3937,293.3618,372.8408,242.3367,750.1154,297.0831,465.8084,250.9772,588.9483,267.9790,520.3033,255.4189,593.9321,263.3792,422.8480,319.5199,646.7810,368.3364,473.1584,333.4627,572.0707,356.2371,399.4982,383.7793,666.4421,457.1389,421.6546,390.6725,620.9065,444.7935,385.7663,388.7414,655.0621,466.1375,393.7910,387.7715,607.9087,446.9496,398.8545,390.6977,577.4472,438.7766,657.6786,464.5030,427.3219,399.0483,,,,,,,,
73481,0,,,,,,,,,,,,,,,,,,,737.9184,299.3498,380.3696,244.8236,605.4290,283.8533,485.0371,265.2910,626.8844,373.2912,440.0630,331.0920,636.6240,447.4415,413.5988,387.9961,,,,,,,,,,,,,,,378.1549,241.5300,735.3921,296.4502,376.3405,242.2201,753.4545,300.0345,475.1100,252.5081,601.5584,267.0363,530.2752,257.0859,591.4797,263.9747,426.1554,320.2985,651.5718,372.4830,479.1841,335.1821,574.9271,359.1713,400.7010,383.8701,663.6854,455.1387,419.0292,390.0982,620.2940,443.8322,395.1455,390.7997,653.1377,466.7377,402.0076,391.4162,606.6820,449.3980,405.9271,398.6725,577.4446,442.9126,655.9293,460.0850,426.6701,398.2019,,,,,,,,
73482,0,,,,,,,,,,,,,,,,,,,736.7107,300.8164,378.0342,243.8339,606.8951,282.6772,480.9496,264.5876,628.1207,374.1944,445.8938,333.3578,638.3075,449.2611,411.6594,388.3582,,,,,,,,,,,,,,,376.7387,242.4844,732.3515,298.2944,374.7181,243.1997,753.4427,302.0000,470.4308,253.2579,604.2398,269.3800,526.9940,257.5466,595.9071,265.1831,429.9404,322.9827,652.7811,372.7082,481.7463,336.8019,575.4312,359.6086,404.3607,386.4623,664.7752,456.8400,421.4152,391.5869,621.5632,445.7486,397.6027,392.7197,653.9399,468.0631,405.6416,392.2687,608.7402,450.4839,411.2194,397.8401,579.2514,443.3093,656.5125,461.3999,421.0827,398.3758,,,,,,,,
73483,0,,,,,,,,,,,,,,,,,,,740.0179,298.0585,550.1923,273.3245,537.6167,271.0663,549.0332,279.8872,516.0297,341.3882,544.1405,365.8282,636.5134,450.4804,536.9973,437.7763,,,,,,,,,,,,,,,546.8140,268.8403,736.3426,295.0068,546.3477,269.1628,754.3467,297.6377,547.3562,265.2386,534.0258,261.0906,548.3829,262.2010,552.4817,261.4857,545.6541,359.1506,511.2910,332.8115,532.6384,354.3467,523.0747,343.9517,534.9702,441.9484,660.9837,457.7620,539.1543,436.6345,622.7632,447.6429,523.4756,451.3644,645.4170,465.8480,523.0464,442.6304,606.0240,449.4114,,,580.8831,443.1002,657.4239,466.7369,550.0889,450.8684,,,,,,,,
73484,0,,,,,,,,,,,,,,,,,,,747.1545,296.7201,389.0680,250.7527,616.9045,286.1939,488.9269,270.2297,631.1275,374.9279,446.6107,335.6912,638.7872,451.3073,421.3768,391.0957,,,,,,,,,,,,,,,386.8699,248.7071,744.9786,294.5972,383.4600,248.8203,763.3527,296.8483,481.6617,256.7846,608.5697,268.6850,535.0306,259.0767,587.4979,265.0077,431.6810,324.8586,655.1896,373.3244,483.0195,339.8620,579.4859,361.3387,409.6584,388.2178,663.6770,458.6060,429.4876,393.2489,623.9559,447.5769,399.6234,392.0969,655.1757,467.9102,409.2232,389.9437,613.0001,450.2586,415.7996,390.4527,586.8495,443.4416,654.4087,465.4115,432.9006,401.4101,,,556.1668,261.3466,,,,
73485,0,,,,,,,,,,,,,,,,,,,742.3951,298.6997,392.1424,251.2498,617.7157,282.2958,489.9934,267.2896,630.4581,372.9882,448.4583,333.2403,634.1029,449.0788,429.4662,393.8059,,,,,,,,,,,,,,,386.6977,249.1532,737.8128,296.4560,386.2331,250.0618,760.2191,299.5344,480.3428,254.1942,609.5465,269.6187,528.5845,255.8163,600.9709,263.8307,433.2060,322.7516,655.5842,370.3707,482.7025,336.7275,579.2019,359.3740,412.9696,389.6077,659.2528,456.2666,436.3678,396.4524,620.1078,445.4286,398.4110,392.6457,655.2864,465.7187,408.5611,390.0599,617.7060,449.4600,414.6111,391.3036,592.4842,442.2022,647.6708,462.7436,439.8588,405.7252,,,,,,,,
73486,0,,,,,,,,,,,,,,,,,,,728.0083,296.6652,393.2737,249.4273,617.4784,280.3873,492.4370,266.2090,627.6247,370.8981,449.0244,333.8454,628.7365,445.4845,432.9022,394.7588,,,,,,,,,,,,,,,388.8945,247.3869,723.0336,293.9796,385.4720,247.5913,744.4994,297.1865,481.3402,252.8044,607.8857,266.9158,531.7446,253.5589,605.9331,261.6738,433.8737,323.2944,652.5994,368.7493,481.6251,336.6382,578.5683,357.7345,418.8915,391.3894,654.6707,452.7757,438.8487,396.8619,614.2480,441.8902,396.4267,391.6138,651.4278,462.1873,406.3737,388.5051,607.5093,444.0518,412.4204,389.4947,582.6711,437.4694,644.2647,459.0543,442.1112,406.8955,,,,,,,,
73487,0,,,,,,,,,,,,,,,,,,,724.2507,296.6345,399.1661,252.1252,620.6033,282.0658,493.5510,265.3520,629.3493,370.9119,455.0737,334.6029,624.4719,444.6628,442.8883,397.4531,,,,,,,,,,,,,,,395.5025,249.4660,718.8850,294.7462,392.5360,251.2934,739.6218,298.1328,481.9214,251.2845,616.4296,268.9675,535.4779,254.7229,613.5300,263.3380,441.7368,323.9832,654.4713,368.5719,489.4147,337.5464,579.5930,356.9270,428.6930,394.0543,651.2468,452.4324,450.2299,399.7530,609.2114,440.7241,394.8934,391.1388,647.0639,461.3717,404.3325,388.0650,604.7831,442.8155,410.8560,389.0956,577.0898,434.4817,639.5290,459.0429,454.3476,409.6950,,,573.8263,259.0908,,,,
73488,0,,,,,,,,,,,,,,,,,,,729.0665,296.6749,401.3532,251.4451,622.4904,280.1854,495.6557,266.6338,623.1121,369.7203,458.2566,335.4916,616.8209,440.9551,453.9138,400.5805,,,,,,,,,,,,,,,398.6106,248.9055,724.9001,294.1000,393.1926,249.5895,742.2538,297.7053,483.0873,251.7201,613.9794,266.0930,539.4597,256.3622,609.4697,264.0043,443.0471,325.0968,649.0283,366.9885,490.6497,337.3477,574.3402,354.3954,441.4489,397.4313,643.4070,448.7699,459.6217,402.8649,602.8638,437.2865,410.1657,397.2451,637.2252,457.6599,416.8795,394.2750,596.8272,439.2416,421.0910,395.2733,572.8103,432.3780,629.5601,454.7562,465.1514,413.2979,571.3677,259.5600,568.2203,259.5762,,,,
73489,0,,,,,,,,,,,,,,,,,,,731.4553,294.5092,404.0501,250.9922,628.3536,281.8698,499.7252,267.5905,623.9982,369.6852,463.4618,337.4311,613.2334,442.5154,465.9498,405.7075,,,,,,,,,,,,,,,398.3495,247.8652,728.2080,292.5017,397.1481,249.1180,745.3460,297.1751,485.9937,252.2146,620.8262,267.4359,544.0688,257.0954,614.9568,264.6770,447.0815,326.8522,650.8562,367.6636,494.4674,339.0758,575.1558,355.2034,452.8656,402.1598,639.4669,450.3903,470.7892,407.5595,599.0820,438.8958,422.0550,401.8789,635.6927,459.3512,428.4254,398.8628,596.9452,441.5195,432.1161,399.5831,573.5622,434.2165,627.4667,457.0827,476.3727,418.4331,573.7748,260.1173,,,,,,
73490,0,,,,,,,,,,,,,,,,,,,731.2234,296.3549,410.4529,251.6082,634.7627,284.1752,502.5681,266.7692,624.1515,371.2774,468.5980,339.3203,608.3302,442.8738,482.0555,410.5817,,,,,,,,,,,,,,,406.0816,249.0302,729.8154,293.8632,403.8784,249.3489,748.5167,294.9170,485.5406,252.2169,624.8510,270.9292,547.3571,257.7503,622.0195,266.1925,452.6716,329.0297,649.4474,369.0174,499.5186,341.4690,573.6406,357.0492,467.1614,406.8791,633.7652,450.7762,489.7568,413.0690,593.7057,439.1645,434.1013,406.5321,634.6618,460.8524,442.3865,403.6390,595.2891,442.4646,446.9371,404.8286,570.6388,434.7430,620.8253,456.5920,494.3712,423.9405,590.5415,262.6938,580.2333,261.5421,,,,
73493,0,,,,,,,,,,,,,,,,,,,541.1195,275.6387,423.1607,250.7581,561.3026,276.4196,517.6254,268.8397,550.8575,366.2458,556.6654,350.9760,540.0948,438.7063,556.1420,423.3341,,,,,,,,,,,,,,,419.5380,247.6031,542.9162,273.0214,418.0079,248.1261,536.8354,273.5384,486.5646,252.5676,557.1180,262.2919,567.4740,261.8903,587.3117,263.1325,560.5871,341.0782,551.1936,361.8106,548.4264,348.1470,556.0957,354.2133,558.5668,421.5761,539.8416,443.0884,552.5265,424.6667,541.5282,436.8802,542.4752,424.9757,519.1400,453.8956,531.5617,422.6843,513.1963,443.3902,522.3573,422.7351,506.8397,439.3761,549.5265,449.1810,564.8874,432.7884,,,,,,,,
73494,0,,,,,,,,,,,,,,,,,,,544.9272,274.9820,558.8362,269.9137,566.1525,278.0233,566.1535,275.4944,554.3006,366.8625,559.0369,353.1630,540.0446,438.6143,556.0926,423.3787,,,,,,,,,,,,,,,556.9032,268.3802,544.8383,272.9193,560.7285,269.9012,542.1293,273.2556,558.8925,258.2777,560.3802,263.0493,572.7570,260.9630,586.8362,263.1910,561.7191,343.7952,556.1132,362.7685,556.3588,352.0953,552.5774,356.4532,557.2922,421.2909,541.0712,443.3769,552.7340,424.8865,541.0208,436.7576,540.6690,425.5469,520.8097,453.6699,530.5107,422.6434,513.9731,442.8246,521.8685,422.7225,507.9951,439.0623,549.3958,448.8284,561.5491,431.8792,587.1504,262.9352,,,,,,
73495,0,,,,,,,,,,,,,,,,,,,718.6824,293.1212,425.6438,252.6041,625.5171,282.0253,518.0890,269.3261,623.6644,370.4314,502.2083,349.4314,542.6682,438.6556,558.2734,423.3523,,,,,,,,,,,,,,,420.7904,249.3007,713.2781,290.4636,421.0576,250.7083,734.2323,294.0060,494.3862,250.1172,603.3736,264.2755,566.0930,258.5702,616.3006,266.6489,484.0657,336.5837,645.6066,366.6093,549.6189,350.5585,564.2930,355.0133,559.6007,421.9606,542.2505,443.2830,553.4899,424.7738,557.4820,437.0299,542.4020,425.1520,518.4167,453.6096,530.4961,421.7696,512.9727,442.9753,521.4685,421.5790,506.9727,438.2727,553.9032,450.3486,567.1071,433.5856,592.2562,261.5288,,,,,,
73496,0,,,,,,,,,,,,,,,,,,,542.7658,269.7209,559.8947,271.2046,574.0700,277.0622,575.5631,275.3526,551.1493,364.1728,559.9094,352.0991,539.0867,437.6452,561.0230,423.4974,,,,,,,,,,,,,,,555.4272,269.9229,539.0096,265.9456,562.2214,271.2790,543.5778,266.4177,564.9360,259.0187,569.4257,263.2211,580.4892,262.0465,600.6463,264.7464,562.2379,342.8588,549.0709,358.9595,553.5308,348.8107,556.3264,353.6833,560.3465,421.4933,539.1212,442.0921,557.8522,424.9253,537.6527,435.8200,544.8763,423.3377,518.7504,453.1453,532.5499,420.3282,510.7586,441.6058,523.5910,420.1632,504.3820,437.7464,549.9974,448.6967,571.6793,434.0985,594.2972,263.7688,,,,,,
73497,0,,,,,,,,,,,,,,,,,,,542.4634,272.8835,570.4881,270.4789,573.5395,276.2271,574.8887,273.7045,548.7777,362.8298,561.3735,353.7733,537.1999,436.7520,561.8335,423.5467,,,,,,,,,,,,,,,566.7223,268.8224,540.5387,271.5008,573.7507,270.0712,541.6741,271.5789,565.4034,258.5656,558.6362,261.8608,587.3893,259.1080,585.3632,259.5638,562.8242,344.2244,548.6851,358.1783,559.9031,351.7590,548.6454,354.3316,562.0695,421.3905,536.3872,440.5545,558.4442,425.0716,537.0325,435.3879,546.6169,424.7977,518.2330,452.3148,536.0777,421.4447,510.6641,441.3608,528.2831,421.8195,507.3833,438.3832,545.8156,447.3339,571.7911,434.3504,586.6583,259.3320,582.2691,258.7871,,,,
73498,0,,,,,,,,,,,,,,,,,,,542.3886,271.8094,570.1232,272.4937,572.9386,277.8282,578.6431,273.2102,549.3560,362.2015,562.7575,353.6474,539.2947,436.3374,564.7974,424.3147,,,,,,,,,,,,,,,566.2485,270.2855,538.8416,268.6426,572.3012,272.0909,543.8148,269.4558,565.3590,260.8868,555.8215,264.3465,583.5015,264.4298,585.3224,265.3174,564.3147,344.2631,548.6747,358.1225,558.9561,350.7980,553.7169,354.0952,564.2563,422.0403,538.2880,439.5857,561.5538,425.8781,539.2088,434.8639,549.9953,424.8320,519.0551,450.6442,536.1471,421.4210,511.6269,439.8295,526.7798,421.2675,506.3646,436.7081,549.5340,446.9856,574.9335,434.3532,589.8338,265.4136,,,,,,
73499,0,,,,,,,,,,,,,,,,,,,542.5566,268.2633,577.6563,271.8150,573.1654,273.9612,576.4436,271.8516,549.0891,361.3582,564.0833,353.1904,541.9876,436.8049,560.0525,423.1353,,,,,,,,,,,,,,,576.3310,270.8415,540.5256,266.6895,580.3269,271.4984,541.5274,267.5310,569.1176,256.2092,558.9942,259.4189,589.8116,259.4393,586.2136,259.8239,566.6421,344.5764,548.6178,357.2250,562.3698,351.2680,551.7725,353.8249,562.5348,421.5134,539.2354,439.8458,555.9714,424.3283,542.3844,435.2571,546.6754,425.2629,521.2571,451.1671,535.2676,421.0108,513.9139,440.3067,526.6660,421.1348,511.6133,436.9511,549.8238,447.2514,570.7435,434.4327,598.1535,260.8741,,,,,,
73500,0,,,,,,,,,,,,,,,,,,,546.8895,271.3597,576.0232,270.6189,576.0321,273.5260,583.5942,271.6053,549.0330,361.5938,563.2810,352.5810,544.8721,440.0780,562.0205,424.9832,,,,,,,,,,,,,,,573.9553,269.0844,544.8021,269.2311,579.8348,270.7987,544.7045,270.8134,571.9935,254.4335,562.6318,256.9081,593.5354,257.8021,590.5414,258.0187,566.3991,344.0650,547.7900,356.5951,560.3262,350.1790,554.2255,353.8407,564.7868,423.7130,542.1180,443.4791,557.7615,426.2370,544.2811,438.5361,548.6898,425.8137,520.7361,453.3190,534.6900,420.8723,514.2017,441.8195,525.3522,420.6261,510.0019,437.7481,556.1639,452.5320,573.0415,436.5659,602.7121,259.1768,594.8996,258.1891,,,,
73501,0,,,,,,,,,,,,,,,,,,,545.1442,270.4427,576.2226,271.5412,577.8882,273.0356,586.3327,271.4994,548.1166,362.4836,561.5597,352.2795,546.7251,441.0614,560.7182,425.2576,,,,,,,,,,,,,,,573.2524,270.3633,542.4606,269.4584,577.7657,271.5542,542.6147,270.0149,574.3467,253.4321,572.0738,256.0216,594.8409,256.6434,607.8603,258.8406,565.9457,343.8146,546.8516,358.5990,556.4931,349.8275,556.6852,354.2672,563.0211,424.1267,542.7972,445.0178,556.1251,426.2574,546.2653,439.6196,546.4563,425.6706,522.5873,455.6377,530.0648,420.2288,513.6293,443.3005,520.5977,420.0366,508.7033,438.6502,558.4608,454.0859,576.1256,438.1451,605.1941,258.0013,597.7968,256.9815,,,,
73502,0,,,,,,,,,,,,,,,,,,,712.8337,292.2495,444.1609,257.4287,640.8535,281.9965,540.0192,267.9902,604.9218,365.9565,510.1954,349.2192,598.4787,442.0819,512.1568,422.7032,,,,,,,,,,,,,,,438.3221,255.0800,704.3934,289.9692,440.6524,257.6037,729.2379,294.1493,511.1326,251.2872,608.4828,263.7336,590.6225,255.5826,653.0298,265.5257,493.9716,337.4894,628.4560,364.1035,546.0605,349.6279,567.0114,354.0746,497.6138,420.0891,617.8997,447.6797,519.2820,424.1047,584.3184,439.2730,464.4839,420.6430,608.6409,455.5941,466.4172,415.6035,572.7212,439.1293,469.8782,415.0510,552.0119,432.8835,615.2072,456.7366,536.6147,438.2044,614.2049,258.0834,606.6784,257.1737,,,,
73503,0,,,,,,,,,,,,,,,,,,,705.9561,289.0958,449.2291,254.9979,642.4529,280.5464,542.7996,267.6566,605.9146,364.4303,508.9547,347.8850,599.0132,439.1456,509.6612,419.6321,,,,,,,,,,,,,,,440.9128,252.5893,696.1408,286.1947,446.2688,254.1899,721.3451,290.8526,509.2273,249.6262,611.2256,263.2196,595.3817,256.5190,662.3586,263.8036,494.7586,337.3653,630.4713,362.4469,545.5453,348.6679,562.9693,352.7398,496.2280,417.2901,619.8467,445.1279,519.1404,421.4373,582.1895,436.4565,465.5954,418.6361,609.7894,453.2144,464.4902,413.1958,572.7055,436.4341,520.0328,417.3805,551.1117,429.8864,614.8699,455.1317,534.9220,434.9922,619.9398,259.3077,,,,,,
73504,0,,,,,,,,,,,,,,,,,,,705.8878,289.8395,447.6730,255.2253,635.8122,280.7641,549.5631,267.6232,552.1580,361.1869,559.5459,351.5029,546.4530,436.3881,559.6025,422.9525,,,,,,,,,,,,,,,439.7937,253.0037,694.9279,287.2824,445.5287,255.2199,720.0218,291.0014,510.3651,247.2220,600.1924,261.1153,598.5307,256.8330,648.8845,262.5472,563.8759,343.1677,549.6234,356.6213,553.6571,348.5178,560.3375,352.9823,563.9087,422.3847,542.5863,440.6353,553.4087,423.4376,547.0141,434.7877,547.2374,424.0066,518.2031,449.0679,530.9717,418.4937,513.2059,437.2823,520.8500,417.5949,508.2712,432.0652,557.6107,449.5872,574.9635,435.5757,612.0060,258.5359,,,,,,
73506,0,,,,,,,,,,,,,,,,,,,544.2534,267.7456,594.2814,270.7065,574.9080,272.9827,582.4487,270.8866,549.5469,360.5216,564.8271,351.1650,549.0475,436.4314,562.4323,422.6030,,,,,,,,,,,,,,,589.6541,269.4919,540.0601,265.4230,601.2211,270.2719,543.8545,266.3658,567.2423,256.3737,559.6734,254.8125,601.2027,259.1398,611.6165,261.0735,569.1462,342.8357,548.2254,355.2971,557.9041,348.0589,554.0969,352.3801,566.6017,421.6146,544.5170,439.5351,556.9988,423.1891,549.0314,434.7263,547.2407,423.6549,524.6251,449.0256,532.6277,418.8055,518.1399,436.8967,522.2804,418.1475,513.4165,432.7155,558.5145,448.5141,578.3504,435.6219,,,,,,,,
73509,0,,,,,,,,,,,,,,,,,,,705.4678,289.6461,468.2358,253.2173,633.7242,280.7232,549.4411,268.4480,555.6476,361.2257,562.4262,351.2128,551.5350,435.3185,561.1917,422.6122,,,,,,,,,,,,,,,461.0637,250.1531,695.3148,287.1330,467.5797,250.8211,719.2871,291.2630,510.3272,247.1032,587.5235,257.9590,596.5492,257.5763,649.0499,263.3696,499.9889,333.4141,551.0833,356.3424,550.2190,346.7299,559.4690,351.7293,564.8240,422.1555,545.9031,438.7151,556.4574,423.0253,552.7392,433.8128,545.8347,422.9260,525.6122,447.3815,529.7353,417.6406,520.4007,435.6327,519.1156,416.4259,512.9316,430.6423,559.9384,447.4924,576.1552,435.7726,613.8384,259.3649,613.4111,259.4890,,,,
73512,0,,,,,,,,,,,,,,,,,,,540.9209,272.1189,594.7845,274.0319,574.0384,274.9461,567.9096,271.1698,555.0791,360.1235,564.9938,350.6380,550.5049,436.8728,564.6132,423.8784,,,,,,,,,,,,,,,589.6404,272.3217,538.4437,271.1568,600.1480,273.3577,537.8023,271.9182,567.7053,254.4207,575.0570,254.6540,589.8095,257.5063,613.2784,261.0537,569.4032,342.0234,552.5644,356.2404,556.6313,347.3055,557.6757,351.8108,568.6510,423.4634,547.3309,440.4648,559.1427,424.2504,550.3414,435.0764,549.1390,423.9594,529.3441,450.0147,532.7645,418.3623,520.4081,437.1339,522.4568,417.6064,514.8281,433.0073,560.1569,449.6267,576.2916,436.5960,607.6428,256.6848,,,,,,
73514,0,,,,,,,,,,,,,,,,,,,540.2132,271.5203,596.3010,271.9589,574.6493,274.0543,575.5669,271.6995,552.9541,361.5439,565.0912,352.8271,550.6081,436.8859,565.2354,423.5862,,,,,,,,,,,,,,,592.3508,270.2781,537.1250,270.8872,598.4085,271.9959,537.8215,270.9130,562.9580,254.4499,565.7067,257.8610,591.9282,257.2502,603.9564,257.7971,568.0890,344.8589,552.2028,357.3868,558.1223,349.6890,555.1268,352.8992,567.4693,422.6949,546.7288,440.4133,560.6678,424.1506,550.3752,435.3377,547.4280,423.3628,529.3107,450.4164,533.9063,418.2969,521.7807,437.7297,524.6273,417.6727,516.4311,433.9522,559.2174,449.4496,577.3936,435.9308,605.8797,256.0945,593.6763,254.5922,,,,
73516,0,,,,,,,,,,,,,,,,,,,539.1579,273.3063,605.0536,272.3930,576.3911,274.5207,589.6035,273.5472,552.4918,360.9991,566.1479,351.1998,552.0040,436.0934,568.0928,424.2364,,,,,,,,,,,,,,,602.6974,270.5802,536.7286,271.8404,607.8862,271.9313,536.7961,273.7165,569.3851,255.3106,562.2107,258.7765,606.6404,258.1027,612.5953,261.5342,570.6543,343.3078,551.2294,356.9467,559.1251,348.1534,557.9091,352.7760,570.9399,423.2033,548.9402,439.5724,563.8046,425.1153,552.9770,434.6669,550.5481,423.6540,528.4132,448.0436,534.8623,418.7657,520.4220,436.8631,524.3027,418.1770,514.8559,433.4153,564.3820,448.8558,579.9038,435.9858,609.1241,258.4908,618.7953,259.7428,,,,
73517,0,,,,,,,,,,,,,,,,,,,533.2298,271.7505,600.2961,274.1807,571.0534,275.6903,579.5003,272.9922,552.1052,363.5914,565.5221,353.2571,548.8297,436.1495,562.5170,422.4450,,,,,,,,,,,,,,,593.1481,272.2014,531.2595,269.9809,604.3576,274.2601,530.7441,270.8445,564.3927,256.4496,554.3685,257.6956,599.7849,254.7997,603.1288,259.2622,569.4733,344.8673,551.0667,358.9961,559.2498,350.7580,554.4604,354.3883,567.2636,421.7310,546.7465,439.8601,557.3384,423.1007,548.5741,434.3319,548.2544,423.9561,528.6366,450.1808,535.6608,419.1666,521.8849,438.8766,526.1949,418.9888,517.4198,435.3337,557.6753,447.6688,575.4456,434.9875,604.9208,255.7372,595.1998,254.8105,,,,
73518,0,,,,,,,,,,,,,,,,,,,529.2678,271.9116,607.8188,274.3245,570.4586,275.4500,584.9309,272.9864,550.6394,363.1715,565.0322,352.5725,548.9468,437.0991,564.4852,423.9445,,,,,,,,,,,,,,,607.4999,272.4517,528.3658,270.0393,612.0936,273.8533,526.5447,270.9634,566.4760,256.2001,552.5374,257.3023,604.0124,257.3051,601.0896,259.2029,570.3296,344.2935,549.3573,359.2534,556.8666,349.7853,553.8040,354.0492,569.6767,423.3367,546.0903,440.8957,559.5360,424.7521,549.6195,435.3860,551.4659,425.1623,527.8211,450.6604,537.9090,419.9386,522.3551,439.5907,528.0875,419.6145,518.4441,436.1993,557.7614,449.1712,577.0660,436.5577,,,604.1504,255.2658,,,,
73519,0,,,,,,,,,,,,,,,,,,,534.1597,276.7830,473.2932,261.1741,574.2087,279.7443,574.4795,274.4538,553.2984,361.7513,562.7030,350.6591,550.5203,437.6872,565.3428,425.2574,,,,,,,,,,,,,,,465.0255,258.5808,530.6750,275.5620,471.8143,260.6783,532.1204,276.9846,563.5535,255.0070,571.3384,255.9243,597.0996,259.0682,622.8326,264.0273,569.5819,342.7103,548.8357,356.4784,548.7858,346.0016,556.4762,351.2064,570.3489,425.0563,546.4886,441.0802,560.6964,425.6695,550.4870,436.2814,549.9533,425.0885,525.4484,450.5708,533.9897,419.5862,519.6572,438.4244,523.6686,418.8091,513.2180,433.9787,559.4589,449.6751,578.7451,437.6864,,,602.0261,254.6436,,,,
73520,0,,,,,,,,,,,,,,,,,,,528.7032,276.8487,602.8198,275.5063,569.1782,276.9012,582.2652,274.8830,551.8471,364.5238,563.9228,352.5027,550.2878,438.3955,564.1918,423.6571,,,,,,,,,,,,,,,595.2647,273.8189,525.4243,275.4156,610.6496,275.9499,527.1266,277.1320,561.2440,257.0070,546.3105,257.2157,601.0456,258.9011,599.4499,258.7737,568.3211,344.4588,548.6661,360.0795,555.9106,349.5698,553.1656,353.9066,568.6115,422.8542,548.2795,442.3498,559.1808,424.4509,550.4103,436.6883,549.5764,424.7306,527.1960,451.8482,535.9990,419.7211,522.2216,440.2567,526.2091,419.2819,516.8849,436.2922,559.4614,450.8882,575.7978,435.6220,,,596.1459,253.0648,,,,
73521,0,,,,,,,,,,,,,,,,,,,526.3943,276.3977,597.4380,272.3316,567.6236,275.9553,580.5570,273.2074,552.3334,362.6789,562.6353,350.8220,549.8266,436.8396,564.5890,422.5456,,,,,,,,,,,,,,,583.9860,269.4993,522.1149,274.7903,597.8659,271.5975,525.0740,277.0206,561.7709,254.9464,544.0747,255.9228,597.6176,257.6392,595.7367,257.7855,566.9839,342.3847,549.0462,358.3914,553.9847,347.4375,553.8313,352.1537,568.5692,421.7568,548.0261,440.6278,559.9004,423.3790,550.0948,435.1411,551.3777,423.5740,527.9926,449.6673,536.5919,418.4576,522.0123,437.9789,526.6303,417.9591,516.1705,434.0188,560.2823,449.2950,576.0822,434.9811,,,591.2639,251.8759,,,,
73522,0,,,,,,,,,,,,,,,,,458.5190,237.7527,522.8132,278.4318,455.7822,261.9638,620.6226,283.7963,537.7766,272.3283,554.9180,365.1524,560.3050,350.8201,553.3574,438.0271,561.6400,423.3456,,,,,,,,,,,,,,,445.0172,259.4823,521.7019,276.6914,452.3882,261.4172,524.7327,279.7516,501.1413,251.6007,572.0652,258.2934,583.5414,256.8496,616.4958,263.2035,565.2187,343.0127,549.3505,361.1281,544.2462,347.9238,558.2865,353.3323,566.5114,423.0501,548.8953,442.0850,555.7761,423.7886,555.4438,436.4944,550.6761,423.4447,530.1980,450.9500,535.8074,418.9845,523.9430,439.1635,525.9302,418.3156,516.0322,434.0227,561.7881,450.0132,574.3090,435.2761,,,589.7245,251.3500,,,,
73524,0,,,,,,,,,,,,,,,,,,,521.1307,277.8386,589.2648,271.2399,564.2454,280.5608,571.1417,274.9456,556.2325,364.8448,560.1190,352.4814,550.5162,436.8815,559.7049,422.2365,,,,,,,,,,,,,,,579.0588,268.0975,514.9650,275.8499,595.1651,272.0511,519.9164,278.7921,553.7836,254.8459,545.3410,257.2227,584.2042,257.9728,591.8142,259.8361,562.9558,343.1572,552.7174,360.7457,549.3152,348.8887,557.7084,354.2899,564.3598,421.8954,548.3980,441.1531,554.0975,422.9067,551.1751,435.2831,548.8211,423.5891,528.0058,449.5672,534.4516,418.7624,522.1168,437.9332,524.8013,418.3970,515.8576,433.6897,560.4502,449.2296,570.9724,433.8955,,,581.8556,247.9145,,,,
73525,0,,,,,,,,,,,,,,,,,,,519.2576,276.3590,598.8576,270.6361,563.4111,279.1998,575.0216,274.2034,557.1531,365.6315,558.1613,350.6751,551.4585,437.2350,556.9737,421.4184,,,,,,,,,,,,,,,580.9202,267.1283,513.6428,274.3684,600.9343,271.5261,518.4863,277.3278,557.1520,254.5242,545.5413,256.9495,588.1928,257.4069,589.7251,258.9524,561.1794,342.3245,554.3830,361.7028,550.5538,348.2110,559.9431,354.8756,562.0706,420.8071,549.4439,441.4819,552.3479,422.2600,553.2870,435.7117,545.9861,421.7702,527.9077,449.3864,533.2781,417.5361,521.4075,438.2703,523.7980,417.4193,515.5985,434.1609,563.4798,450.2642,569.0381,433.0944,,,583.8683,247.7862,,,,
73526,0,,,,,,,,,,,,,,,,,,,517.3747,275.8421,609.2660,271.1090,565.8489,279.2781,581.4297,275.3775,556.4559,366.4480,554.2880,348.9877,552.5904,437.6719,557.5006,421.6188,,,,,,,,,,,629.4011,251.0637,,,571.4698,264.4937,513.3330,273.7319,609.4781,272.3903,516.8972,276.9938,559.8923,253.7755,545.2563,257.3656,597.8301,257.9633,591.8078,260.0126,557.8634,340.7805,554.9876,362.3601,547.5990,347.1615,560.1559,355.3452,561.7982,420.8144,550.7905,441.9372,553.3387,422.7399,553.9673,436.0030,545.4024,422.6683,528.9679,449.9759,532.9450,418.7499,522.1789,439.4463,523.2303,418.9403,515.7784,435.2767,566.9103,450.6990,569.4574,432.9846,,,589.2426,247.9217,,,,
73527,0,,,,,,,,,,,,,,,,,,,518.5165,275.4174,587.5100,266.0764,564.6509,279.2911,573.9277,273.2848,558.9185,367.2665,550.6268,347.9613,552.7712,439.1316,558.4799,422.8740,,,,,,,,,,,,,,,572.1889,262.7575,514.1477,272.8276,597.0442,267.9891,517.8644,276.9525,555.8645,251.3262,546.5707,256.0984,591.4197,257.9178,588.8276,259.7524,554.4965,340.0427,557.2631,363.1599,543.1159,345.8420,562.9406,355.1466,562.8699,421.7035,551.0297,443.8538,553.3788,424.0733,554.5272,437.5824,547.3670,422.7208,529.2252,452.3901,534.0931,418.9557,523.0710,441.3143,524.9711,419.0317,517.2833,436.8425,565.3974,452.6635,568.5876,434.8090,,,588.4815,248.4524,,,,
73528,0,,,,,,,,,,,,,,,,,,,515.3784,275.0484,571.4936,264.1355,563.6523,278.1036,578.4945,273.0572,555.6279,367.6630,550.9448,349.1803,553.8069,439.5550,560.4457,422.4700,,,,,,,,,,,,,,,565.3826,262.1216,512.0717,272.4457,576.9647,265.0253,515.5709,277.0885,556.4336,250.5356,542.9151,255.2649,599.4427,257.0395,593.4443,259.4902,556.6141,340.9252,554.5341,363.7870,544.1519,346.9990,558.9001,355.7777,564.3802,421.1688,550.9900,443.5236,556.4193,423.7143,554.3958,437.4634,548.6846,422.5916,529.5299,452.1625,533.6909,418.3029,524.8845,441.7432,523.5273,418.2859,518.1770,437.3080,565.6106,452.3816,571.7468,433.7180,,,594.7654,247.7411,,,,
73529,0,,,,,,,,,,,,,,,,,456.6705,231.2401,516.3080,276.2370,574.0019,266.5514,569.0225,279.6745,570.5851,272.0451,556.5757,365.6951,547.9755,349.5876,554.2498,437.3788,561.7061,424.8096,,,,,,,452.0432,230.6622,,,466.5349,232.0736,,,566.1298,264.4254,512.0938,273.3896,577.9212,267.3711,515.2954,277.7844,552.1318,251.8979,570.6577,256.9460,581.3271,254.9060,604.8703,259.4585,552.8921,340.3357,554.6166,361.5602,539.4249,346.0541,562.8898,353.7875,567.2092,423.7652,550.1686,441.4822,556.5838,425.6017,553.9654,435.7732,549.7438,424.6839,526.9446,448.8051,535.0621,420.6426,522.0469,437.6290,525.1622,420.6427,515.0366,433.3718,566.7717,450.8043,570.8528,436.7086,,,586.3688,243.8693,,,,
73530,0,,,,,,,,,,,,,,,,,459.1127,230.0076,513.3734,274.6347,575.3901,266.5741,562.2681,279.1136,571.8199,273.4640,553.8924,365.7328,549.3170,350.6064,553.0847,436.7173,556.9924,424.4926,,,,,,,,,,,468.9252,231.0790,,,566.2699,264.1452,508.9644,272.1257,581.6888,267.1833,512.8015,276.2622,554.2296,251.1165,566.7789,258.6788,584.9858,254.7052,605.0934,259.6219,554.9963,341.0962,551.2881,361.3125,541.7428,347.2783,561.2217,354.2272,563.3505,423.7320,548.6324,440.8416,551.5528,425.2315,553.6922,435.1350,546.8338,424.7901,524.5173,447.6800,530.4031,419.5537,519.4140,437.0135,520.2221,419.3034,512.6165,432.4167,566.1896,450.2610,566.6582,437.3087,,,591.2057,242.7485,,,,
73531,0,,,,,,,,,,,,,,,556.8380,241.6090,590.5579,241.3303,514.4884,274.3808,590.2368,267.9244,561.8776,278.8356,579.3359,276.4535,552.8038,365.6002,559.0876,353.4600,548.1516,436.2066,560.8904,424.0294,,,,,,,,,540.1899,237.5728,623.6357,244.4106,564.9918,242.7458,578.4323,265.5244,511.5142,272.0164,598.4800,268.7962,514.0479,275.9449,556.7296,253.8923,538.8091,256.2697,597.9652,257.2369,589.9395,259.2392,564.2267,344.5645,549.2428,361.1189,551.6767,350.2726,555.7240,354.6181,566.6293,423.3757,546.4278,440.5247,555.4817,424.8100,549.4655,434.7648,546.3105,425.1833,522.7272,447.5615,532.2984,420.3335,519.0605,437.3025,523.3512,420.4828,513.2255,433.7479,560.6980,449.6114,571.1542,435.8101,,,592.0170,244.3057,,,,
73532,0,,,,,,,,,,,,,,,560.1385,241.8103,582.9717,240.2641,516.2403,274.8001,565.9689,266.6849,563.9387,280.2035,575.1345,276.2477,551.3143,365.3006,559.3991,354.3410,548.1097,435.6578,559.7303,423.1603,,,,,,,585.0381,240.6246,552.6478,238.6164,585.2114,240.6079,568.0440,242.8837,561.2370,264.9305,514.1054,272.7140,569.6725,266.6818,515.8130,276.0368,556.2604,255.0950,543.4741,258.2066,594.9150,258.5710,587.9405,260.1595,564.5742,344.7884,548.2219,360.4350,553.4640,350.9686,554.7395,354.5673,565.5184,422.3427,545.9962,439.9459,554.8532,423.9998,549.2580,434.0969,545.8728,423.7873,522.5036,447.5562,532.4440,419.7933,519.9199,437.1968,523.8589,420.4196,514.1846,433.7725,560.6584,449.0578,570.2976,434.4791,,,586.8069,243.7047,,,,
73533,0,,,,,,,,,,,,,,,558.2851,241.1643,581.9053,239.2255,517.1344,273.7233,562.3912,265.6922,562.2171,279.3674,573.0016,274.7209,549.7906,364.8069,558.8651,353.1167,549.1704,436.8220,560.3036,422.8074,,,,,,,586.4843,239.6940,552.8986,237.6406,584.8800,239.7375,564.9235,242.1615,556.9902,263.7887,515.0290,271.7321,566.6025,265.5080,516.3238,274.6040,553.7830,253.9729,543.2328,257.8173,592.0583,256.4806,587.2848,258.3407,564.2607,343.6151,547.0019,360.0716,552.3708,349.8110,552.2720,353.6500,565.4463,421.9645,546.0928,440.8734,554.9608,423.6817,549.5911,435.2726,547.4334,424.4174,523.5011,448.5062,534.1266,420.0903,520.4488,438.6950,524.9689,420.6020,514.4416,434.9325,560.8845,449.9917,570.6589,434.4632,,,586.7797,243.1545,,,,
73534,0,,,,,,,,,,,,,,,558.9728,241.2160,581.3870,239.4535,517.6862,275.9197,560.7263,266.4407,559.8522,277.7462,570.5342,274.1558,547.7189,362.7195,557.9416,353.6580,549.7362,436.4419,560.4937,423.6669,,,,,,,584.7117,239.7437,553.1055,237.9021,584.6077,239.8977,566.2758,242.0678,554.8088,264.1750,514.4024,273.5754,563.1927,266.2996,518.0026,277.0182,552.5864,253.0603,539.8842,257.1857,589.4949,255.0857,586.1163,256.8291,562.2520,344.3547,545.2381,358.1596,551.0782,349.6573,550.2518,352.0256,565.9237,422.7847,547.4244,440.2227,555.4182,424.4850,550.6337,434.9698,547.6259,425.4247,524.9080,448.4517,533.9857,421.0745,522.3063,438.5959,525.3052,421.4345,514.8577,434.8557,561.0865,449.1405,571.2084,435.3859,,,585.5058,242.8716,,,,
73535,0,,,,,,,,,,,,,,,558.1668,240.3966,583.1539,238.9258,517.8201,278.0799,558.2780,265.9947,560.5865,277.9744,573.9156,274.9445,548.2399,363.3049,559.5170,353.7547,548.5495,435.1158,560.1920,422.6927,,,,,,,584.8721,239.0288,553.2707,236.8206,585.4310,239.2616,565.7295,241.1617,552.4902,263.8998,515.4410,276.0359,560.1186,265.8640,518.1799,278.9479,555.0244,253.9367,540.0320,257.0726,594.6821,255.7352,588.5645,257.8128,563.6791,344.9618,545.2268,358.4907,552.5999,350.1051,551.3297,352.4425,566.4070,422.1230,546.2726,439.0238,554.7197,423.3268,549.4228,433.6384,547.0520,424.6222,522.5323,446.8505,533.1769,420.3919,519.6748,436.6834,523.7463,420.5804,513.9807,433.2824,560.3435,447.8081,570.3227,433.9137,,,590.0853,242.7215,,,,
73536,0,,,,,,,,,,,,,,,556.1793,239.4636,581.8558,238.3713,519.7226,277.8468,557.5044,264.0273,558.0954,277.7214,566.1810,273.9921,548.4215,363.5152,557.9661,353.5942,548.7819,435.7635,560.5983,422.9337,,,,,,,582.7404,238.3054,552.3925,236.1953,584.4523,238.6806,561.6094,240.0054,552.5685,261.5466,517.5986,275.7833,558.2963,263.9271,519.7846,278.6366,551.0394,252.6650,540.4710,257.2798,586.2345,254.3872,582.5980,256.5853,560.8022,343.9504,546.2436,358.8888,552.1371,349.9938,549.7406,352.3817,566.2613,421.9503,547.0182,439.8376,555.8431,423.7045,549.4717,434.3020,547.4178,424.8780,524.4480,448.4773,534.2659,421.2398,522.4556,438.2045,525.3102,421.6039,516.5392,434.5708,559.4638,448.4197,569.9736,434.0864,,,583.2706,241.4240,,,,
73537,0,,,,,,,,,,,,,,,554.4667,239.8951,579.9158,238.3304,515.7464,278.1622,554.8250,262.3284,553.1968,277.6790,562.6282,272.8463,547.8605,363.7349,558.7321,353.3570,547.7823,435.6714,559.7382,422.7697,,,,,,,578.8270,238.0763,551.3654,236.4465,582.7468,238.5790,558.4889,240.5887,551.2490,260.1112,513.9547,276.3100,556.4389,262.2872,515.4875,278.9068,549.6619,252.4773,536.2678,257.8988,577.4064,253.2680,572.0443,255.4880,561.2079,343.7264,545.7064,359.0504,551.4013,349.8745,549.4836,352.5486,565.9873,422.1251,545.7592,439.8415,554.7795,423.4693,548.6340,434.1415,547.6368,425.2543,525.1093,448.8098,534.8302,421.4436,523.4514,438.4072,525.5735,421.5625,517.5841,434.7013,556.8609,448.0929,568.5577,433.6845,,,575.1000,241.6170,,,,
73538,0,,,,,,,,,,,,,,,555.4950,239.7695,582.9006,238.5717,514.0563,277.9714,556.5037,262.3113,554.4393,277.4493,561.9033,272.4678,547.2114,362.2836,558.4040,352.6514,547.8297,435.7560,559.3729,422.5511,,,,,,,578.9573,238.0686,551.3133,236.2880,587.5467,238.9633,559.7989,240.3631,552.4912,260.2779,510.7745,275.6247,557.9705,262.4200,513.3562,278.4961,547.5878,252.1987,537.7270,258.0680,582.2414,253.4700,577.9566,256.3390,561.9388,343.3616,544.2903,357.5733,550.1565,349.1619,548.2670,351.3526,566.0473,421.7702,545.8218,439.7544,554.2374,423.1849,548.3003,434.0623,548.2230,425.1361,523.4912,448.4504,534.9015,421.1270,520.1915,437.4271,525.5779,421.1020,515.0262,433.5151,558.6064,448.2572,569.3663,433.5666,,,579.0235,241.3858,,,,
73539,0,,,,,,,,,,,,,,,554.8926,239.8376,579.2975,238.1662,515.3007,276.0481,553.8933,262.6732,553.0276,275.7475,558.8820,271.2646,546.2569,363.0363,557.0239,353.0111,547.1406,435.3267,559.2389,422.2010,,,,,,,576.5512,237.9469,550.3513,236.3627,584.1619,238.8264,559.9848,240.5422,550.2203,260.5882,514.0118,274.1500,555.3006,262.7615,514.4298,276.7819,547.3477,250.6339,537.6682,257.0784,578.0260,251.8859,573.9703,254.5999,559.6946,342.9273,543.4164,358.0890,549.8168,349.3478,548.0016,351.8877,565.8753,421.5156,545.2644,439.3473,554.4302,422.9453,547.8855,433.5915,548.7856,425.3062,524.5276,448.8281,536.6961,421.6783,521.2268,437.9922,528.4514,422.3188,515.7999,434.3349,557.0196,446.9392,568.5450,432.9348,,,578.0001,241.5942,,,,
73540,0,,,,,,,,,,,,,,,554.6040,239.8575,583.7165,238.7922,515.0092,276.2641,557.7225,263.6068,556.4735,275.6816,562.2326,272.1743,547.4787,361.7028,557.1468,352.4222,547.6858,436.3307,560.2075,423.2812,,,,,,,581.0396,238.5488,548.3883,236.1470,588.4052,239.4003,559.5107,240.5152,554.1096,261.1844,514.2553,273.9447,559.6249,263.6688,514.4450,277.1163,551.1334,251.8994,540.5409,256.5195,582.3228,251.8835,577.6856,254.4562,559.6063,342.7357,544.7021,356.8064,550.5910,348.6874,548.6193,350.6455,567.0221,422.7338,545.2878,440.3430,555.3716,423.9835,548.3692,434.7262,550.2494,426.3973,525.2214,449.5593,538.3845,422.6688,523.4582,439.0871,529.3396,423.0208,518.3938,435.7578,557.6618,449.0620,570.1643,434.9328,,,581.8405,241.9482,,,,
73541,0,,,,,,,,,,,,,,,550.3430,239.2867,577.2366,237.7757,515.5559,276.7709,553.2315,263.6981,552.3435,276.4012,563.7625,272.1858,545.1473,360.2596,557.3082,350.4965,546.5639,435.3127,560.5485,421.8417,,,,,,,571.1236,237.0166,543.8097,236.4406,578.9104,237.9657,555.1010,239.7330,548.2104,261.5103,514.3168,274.1397,556.0680,264.3070,513.2307,277.8366,549.7293,250.7368,534.1878,256.4329,580.6241,251.6988,571.9394,254.7212,560.5575,340.6128,541.7810,355.4481,547.1688,345.5180,548.2695,349.3551,568.0742,421.4114,543.9691,439.2605,555.1404,422.4248,547.5229,433.6322,552.1218,425.8236,523.0987,448.6735,537.1734,421.5535,521.0782,438.1543,527.1159,421.7222,515.6443,434.6319,556.9836,447.7227,570.4963,432.8760,,,576.0261,240.9664,,,,
73542,0,,,,,,,,,,,,,,,550.4110,239.4126,575.2058,237.6714,516.4325,276.0824,552.7873,262.9248,552.6766,276.4733,561.9030,271.9802,546.2064,361.9380,557.5429,351.1372,549.4258,435.7526,561.0887,421.5434,,,,,,,564.8723,236.6222,543.6821,236.5595,576.5930,237.9034,555.6469,239.9400,548.0075,260.5836,514.2472,273.1248,555.1099,263.5438,513.5479,277.2243,549.4811,250.6297,537.0401,256.8334,577.8212,251.2127,570.9662,254.1071,560.1492,341.0474,543.6560,356.7698,548.3399,346.5156,548.7759,350.5527,568.2855,421.0127,547.1605,440.0200,555.9142,422.2942,550.4022,434.0363,551.8017,425.5964,525.8991,449.4133,536.9404,421.4869,523.3725,438.8490,526.5659,421.7072,517.6451,435.3890,559.7938,448.4846,570.7109,432.7441,,,576.8406,241.1033,,,,
73543,0,,,,,,,,,,,,,,,548.1786,239.4984,572.5339,237.3722,513.7258,275.5871,550.6425,265.4066,548.9127,276.8954,556.2965,272.2901,546.0183,362.5993,556.6766,352.0362,549.6440,436.5124,561.2754,423.1000,,,,,,,563.2298,236.3070,542.9996,236.8352,572.7448,237.2064,552.0392,240.0783,545.3057,262.8594,512.2593,272.5381,551.5594,265.5274,510.0576,276.5312,546.2307,252.2898,533.0109,257.3482,572.2807,251.9020,566.3091,254.8270,559.2272,341.5752,543.7860,357.6539,548.5762,347.8177,548.0589,351.2903,567.5900,422.2055,547.6556,440.5807,556.2834,423.7939,550.6071,434.9733,552.0028,426.7587,527.1534,450.2769,538.3378,423.0984,525.5028,440.2586,528.5350,423.5940,519.2727,436.9358,558.0154,448.3518,570.2090,434.0882,,,571.6289,241.4842,,,,
73544,0,,,,,,,,,,,,,,,548.3918,239.9073,572.1242,237.6836,514.3085,275.7727,550.4645,264.7697,552.1447,277.2151,559.1583,271.7814,545.8161,361.6494,557.0529,352.4861,549.8417,437.3660,560.9594,423.7973,,,,,,,563.0556,236.5421,543.5938,237.2451,571.4991,237.3860,552.3721,240.5657,545.6386,262.1899,512.7801,272.5291,550.3655,265.0032,511.0282,277.0307,549.4880,251.7301,535.7773,257.3080,574.9105,251.8034,568.3102,255.2515,559.9922,342.5094,543.5817,356.5107,548.4428,347.7128,547.4508,350.1756,567.4290,422.9765,547.8883,441.7138,556.1114,424.5128,550.3707,435.6154,552.2403,427.5843,528.0513,451.8396,537.5389,423.7474,525.6509,441.3133,528.0126,423.8398,519.4592,437.8885,558.2457,449.3261,570.1525,434.8396,,,573.8072,241.7410,,,,
73545,0,,,,,,,,,,,,,,,545.8228,240.0399,572.8041,239.4654,512.4830,276.6142,551.2375,266.4802,551.6102,278.3095,559.1010,273.6446,545.8809,362.9728,557.8452,354.5197,549.1259,436.7687,560.1289,423.7050,,,,,,,567.2432,236.8836,541.0225,237.1464,574.0311,239.2219,549.7486,240.8118,546.2667,263.5671,511.8606,273.2878,551.0699,266.5261,509.0995,278.0251,549.9315,254.4884,534.9404,258.1626,573.4960,252.9518,567.0888,255.9032,560.5856,344.6466,543.7382,357.8920,550.4109,350.5624,548.0826,352.0043,566.0893,422.6991,547.0662,441.0417,555.1560,424.3207,549.8760,435.2267,551.0487,427.1855,527.7713,451.0615,538.6319,423.6702,526.0444,440.6674,529.4620,424.2807,519.6244,437.1476,557.4059,448.5647,568.9162,434.1919,,,572.5267,242.2619,,,,
73546,0,,,,,,,,,,,,,,,545.3069,239.7758,568.4098,239.0296,511.5852,276.2350,546.7522,266.0244,549.8483,277.7902,556.7553,273.7913,547.1826,363.3434,557.8302,354.7449,549.7792,436.4526,559.2061,422.9111,,,,,,,562.2709,236.4251,541.2142,237.0712,568.1100,238.7353,549.2521,240.5371,542.0309,263.0530,510.5153,272.8862,546.0896,265.9238,508.5462,277.7679,546.8772,253.9919,534.4266,257.7324,569.7908,252.4912,565.2213,255.6317,560.8980,344.6196,544.6420,358.1690,550.6998,350.8268,549.0334,352.1122,565.1501,422.0090,548.1864,440.8846,554.4242,423.6524,550.5245,434.8038,550.4892,426.6237,528.6916,450.5313,537.7755,423.0077,526.5182,440.0010,528.3367,423.6912,519.3433,436.2598,557.7574,448.2150,568.4522,433.5835,,,570.1012,241.9242,,,,
73547,0,,,,,,,,,,,,,,,546.2403,239.9824,570.6191,239.4908,513.3849,276.4201,546.3638,265.9853,549.7466,277.2280,557.1425,273.1867,545.6502,361.8676,557.0617,353.6522,549.7159,436.8260,559.9459,423.4038,,,,,,,564.4907,236.9029,540.2114,237.1278,570.4061,239.2264,551.3429,240.7349,541.5660,263.1959,511.5156,273.4160,546.3226,265.8646,510.8412,277.8717,545.7299,253.4807,532.9249,257.4474,571.6850,252.7476,565.9861,255.8081,559.9880,343.6916,544.2930,356.6937,548.2025,348.7887,546.7041,350.4748,566.4267,422.7085,548.0044,441.0711,555.2881,424.1701,550.4839,435.2232,550.8643,427.0342,527.6098,451.0919,537.9927,423.2096,525.0291,440.2511,528.5956,423.7588,518.4098,436.7122,559.0242,449.1293,570.2569,434.9081,,,572.2248,242.4301,,,,
73548,0,,,,,,,,,,,,,,,545.7936,239.7020,571.2374,237.6798,514.1312,275.6454,548.5497,266.1744,552.1619,276.9125,559.7222,274.2111,546.2293,362.0791,556.3192,352.6681,549.1925,436.2838,559.7778,422.7894,,,,,,,565.5440,237.0569,539.6238,236.9275,572.2453,237.4905,551.1951,240.4319,543.8319,263.3956,511.6519,272.3997,548.8592,266.2879,511.7985,277.1886,548.9094,254.0758,537.6334,257.1397,577.2676,252.5674,573.0180,255.9414,558.9893,342.3259,544.1182,356.7156,548.0963,348.4190,548.7241,350.8203,565.4692,421.7283,546.8578,440.4339,555.0687,423.5231,549.9804,434.7195,549.1424,425.0962,525.4640,449.5944,536.4755,421.2286,523.0182,439.1487,527.2659,421.8253,516.4206,435.5392,558.6040,448.6658,569.7509,434.1647,,,579.8903,242.2356,,,,
73549,0,,,,,,,,,,,,,,,548.5783,239.9509,572.1769,237.3004,514.6215,275.9609,548.9026,264.7365,549.9086,277.6198,556.1789,273.5493,545.3001,362.4190,556.8024,353.2230,549.6271,435.9007,560.0608,421.9969,,,,,,,564.4795,236.4643,543.4815,237.1898,573.3376,237.2599,553.1076,240.6640,544.3188,262.1981,513.0858,272.8990,548.5269,264.6082,511.2687,277.0589,546.6042,254.0596,534.9095,258.2291,570.1654,252.0750,565.5820,255.3158,559.1698,342.6579,543.0459,357.6417,549.3998,349.1873,547.9107,351.1492,565.8606,420.9910,547.8323,440.1788,555.0387,422.6941,549.9929,434.2670,549.0554,424.9226,528.3595,450.2828,536.2291,421.5043,525.7819,439.6677,527.0541,422.2327,518.8863,435.8184,557.9900,447.9249,569.5350,433.2013,,,570.9228,241.7129,,,,
73550,0,,,,,,,,,,,,,,,547.5437,239.9438,574.6880,237.2873,513.6408,276.5710,549.2194,263.6485,550.2135,276.8496,558.4280,273.8467,545.3284,362.3213,557.2274,353.0764,549.4694,436.5656,559.7487,422.6332,,,,,,,570.5715,236.8192,540.2656,236.7056,577.4199,237.6093,552.7598,240.4074,543.7804,261.1692,512.3030,273.8233,549.8563,263.8603,510.6190,277.6269,545.8770,253.6910,534.9440,258.3270,574.6050,251.8319,569.3550,255.4928,560.6096,343.2308,542.1038,357.4064,548.6894,349.4426,548.6002,351.5671,565.5828,421.6585,546.4665,440.6301,554.8569,423.3749,550.4209,435.0622,548.2105,425.0472,524.9951,449.4730,535.0258,421.4452,523.0880,439.1114,525.5388,422.1343,516.6318,435.4428,558.9012,448.9713,568.5205,433.5811,,,575.2270,241.4211,,,,
73551,0,,,,,,,,,,,,,,,545.6599,239.4701,574.0680,237.2227,511.2912,278.0266,549.6542,263.1291,554.8099,280.1064,559.3222,275.7399,545.4651,362.9298,556.4902,353.5290,549.3035,436.4945,557.7665,422.3307,,,,,,,570.7671,236.8164,538.4929,236.6291,576.2637,237.5142,549.0476,240.0551,544.4040,261.0557,509.8269,275.1501,550.3016,263.3024,509.0653,279.4468,546.2932,255.5934,538.3964,261.2924,575.3482,255.3869,570.0598,258.4744,558.6220,343.7216,543.0513,358.5877,550.4804,350.6186,547.9816,352.5027,564.2814,421.5981,547.4985,440.6322,552.8162,423.0916,550.2917,434.7992,547.6955,425.5955,527.3250,449.9274,535.5609,421.8145,524.9772,439.2371,526.9223,422.2800,517.3685,435.3891,558.5478,448.3686,567.2624,433.6211,,,573.6248,242.0100,583.7833,238.4914,,
73552,0,,,,,,,,,,,,,,,547.4018,239.7874,577.2159,237.7498,508.8044,276.7880,553.4216,263.1920,556.3831,279.3251,562.9920,276.1906,546.6868,364.3855,555.7385,354.1150,549.8623,436.9051,556.7686,421.9954,,,,,,,577.8505,237.8510,539.4272,236.9848,578.6108,237.9168,552.1999,240.5354,549.0359,261.1747,506.7941,273.9511,555.2609,263.1218,507.4356,278.5408,548.1312,255.0752,540.1873,260.6738,583.3115,256.0704,578.5453,259.1584,558.4250,344.4121,543.8053,359.7659,550.2642,351.2689,549.6031,354.0889,563.3629,421.1035,547.2468,440.8001,551.6933,422.9012,550.8382,435.2796,546.7153,425.4035,525.1020,449.8687,534.1249,421.7444,522.8422,439.8162,525.3117,422.5411,515.6421,436.1969,559.9860,448.5850,567.3482,432.8961,,,580.0498,242.5350,,,,
73553,0,,,,,,,,,,,,,,,551.2744,240.2823,574.6840,237.5659,510.8278,276.9184,549.1425,263.5450,558.5573,279.8720,567.5555,276.4973,546.6411,363.2123,557.6677,354.3460,547.5913,435.4076,561.1935,422.4667,,,,,,,573.2199,237.3960,543.6696,237.3972,576.3456,237.7962,558.5562,241.1234,543.4035,261.9209,506.7791,274.0830,551.4334,263.4000,510.4922,278.5742,549.1433,255.9571,539.6335,260.0752,588.5576,257.3796,581.9352,259.6068,561.2648,344.9292,543.4712,358.1133,549.5793,350.5725,550.2482,353.3952,567.9036,421.9329,544.7214,439.0166,556.0038,422.9785,548.8520,433.9641,549.2168,424.7453,521.1350,446.8516,535.6768,420.9859,517.9661,436.7183,526.8082,421.5530,512.7775,433.5141,560.2738,448.4370,571.4109,433.4563,,,583.7008,243.0958,,,,
73554,0,,,,,,,,,,,,,,,552.3944,240.2211,575.0719,237.3799,509.5131,276.7564,545.3698,262.3316,554.9930,278.1526,563.3454,274.2359,546.1176,363.4244,556.2305,353.7560,549.3993,435.9925,559.4433,422.5394,,,,,,,572.9550,237.1110,546.3257,237.3918,579.1720,238.0590,560.0327,241.2157,539.7311,260.6936,504.9286,274.4596,548.7411,262.4554,510.2181,278.3738,543.8292,253.5882,536.7193,258.4397,581.1696,255.0960,576.3418,257.5815,560.4274,344.4005,541.9341,358.6987,549.8424,350.5165,550.3108,353.3208,565.3528,421.8349,545.7412,439.4525,554.2451,423.2978,550.5000,434.5467,545.6663,424.2735,522.9509,447.8001,532.6374,420.4478,520.9463,437.9587,523.7314,420.7898,513.9566,434.3113,560.4830,447.9913,569.1983,433.6499,,,578.0196,242.0685,,,,
73555,0,,,,,,,,,,,,,,,554.8761,240.0579,575.3036,237.3622,509.5021,275.9280,549.4308,262.3314,559.8936,279.8189,564.1052,273.6870,547.0606,363.9340,555.2652,352.8771,551.9888,436.9029,559.9771,424.1608,,,,,,,575.4695,237.5852,547.2364,235.6138,579.6030,238.0963,562.5955,240.9823,543.3720,260.3803,503.4280,273.7343,552.2910,262.2548,511.2542,277.7852,544.0609,253.5308,544.0555,259.5243,583.6392,256.3331,585.4883,259.8935,559.7258,343.7594,542.3167,359.3452,548.7760,350.1854,551.1856,353.5617,564.7291,423.2289,548.3792,440.1258,554.8889,424.8958,552.1572,435.1108,546.1554,424.8150,525.0067,447.6275,533.1187,420.6639,521.0564,437.3331,524.4262,420.7109,513.1652,433.2584,565.0831,449.3455,569.3676,435.2043,,,580.4898,242.1351,592.5018,239.6066,,
73556,0,,,,,,,,,,,,,,,556.5375,240.5315,570.9959,236.8683,508.5800,275.4162,545.1212,262.4022,561.6294,279.7490,563.6455,273.9394,547.5720,364.2640,556.7292,353.1175,551.7397,436.4579,559.3437,423.3863,,,,,,,570.8042,236.9650,552.7066,237.7009,575.5465,237.6330,565.8574,241.7623,541.3068,260.2001,502.6702,273.1934,548.2659,262.3829,510.2489,276.7438,544.9763,254.2395,545.0937,258.4523,582.1553,256.0895,582.6321,259.5362,561.9352,344.3865,543.4854,359.8920,549.1684,350.0964,550.5746,353.3123,563.9723,422.6483,548.4833,439.6746,554.3144,424.0756,551.6813,434.6227,546.2968,424.2460,525.0966,446.8811,532.8247,419.7062,520.7631,436.7030,523.7471,419.3542,514.1059,432.6823,563.4916,448.9087,568.4074,434.2239,,,579.4313,241.8604,594.4695,239.6126,,
73557,0,,,,,,,,,,,,,,,560.2060,240.2332,570.0609,237.2101,515.5186,271.1755,549.0385,261.4865,562.2169,278.1061,562.8267,273.1067,546.4776,362.8755,557.3183,352.4841,552.1181,437.2436,558.4235,423.8514,,,,,,,569.7983,237.1054,556.8229,236.9099,573.4465,237.8483,571.8914,241.3816,544.6978,259.1334,506.3082,269.1559,550.9013,261.6293,518.2453,273.0308,544.9062,252.1952,547.0869,256.2846,577.5810,253.7668,585.8353,257.8302,563.1952,344.1174,542.5554,357.7357,549.3371,349.3360,550.5591,352.3431,563.0694,423.2473,548.6187,440.4540,553.6288,424.4478,552.0951,435.1940,545.4509,424.8808,525.8523,447.9547,531.7407,420.2219,520.6753,437.5298,522.6106,419.7677,513.6324,433.2779,563.9089,449.6928,567.7092,434.9420,,,577.5686,241.1935,,,,
73558,0,,,,,,,,,,,,,,,560.2112,239.6398,570.6075,237.3438,514.1281,273.7100,415.6208,251.6876,577.6384,280.5976,557.8922,274.7273,547.6400,364.4307,554.7639,353.5203,552.5524,437.7434,553.9247,423.7714,,,,,,,453.3283,226.5613,720.5539,251.4231,572.8547,238.8623,571.3669,241.3301,410.3038,249.8262,504.7061,271.4388,413.6013,251.9962,519.8024,275.7153,543.3963,255.5293,561.3052,261.9052,569.0456,256.5778,588.2344,260.7812,559.4979,345.0287,542.8572,359.2211,546.1414,350.3343,551.4120,353.7297,559.6315,422.7118,548.8520,441.0150,549.3146,424.6457,552.3863,435.7933,545.8406,425.1186,525.2755,449.0451,532.0493,420.7200,520.5930,438.7954,522.5182,420.5232,513.1319,434.0550,563.6464,449.6060,562.4150,435.2132,,,572.9752,243.5605,575.8761,238.0595,,
73559,0,,,,,,,,,,,,,,,563.9833,239.8351,570.4046,237.3871,517.8187,271.4602,548.5435,262.7724,558.2156,279.5196,560.9695,275.6668,547.5487,363.9002,556.7430,354.3852,550.1314,435.7839,558.6321,423.0095,,,,,,,572.5110,237.3882,554.5193,236.5778,573.9302,237.5402,577.6249,241.5333,544.7520,260.6413,507.9226,269.6058,551.4424,263.0503,521.6479,273.4243,543.6583,256.0065,545.2999,260.0419,579.9110,258.1508,581.4679,260.6466,561.2849,345.3129,544.9491,358.8121,548.4034,350.7516,548.6994,353.3746,562.7391,421.8945,546.7650,438.7896,554.1579,423.7273,549.6674,434.1475,543.7928,423.6919,523.8944,447.0574,532.1166,420.0096,518.5878,437.0178,523.0202,420.1446,511.5033,432.9282,560.6229,447.4418,568.5088,433.2037,,,577.3916,244.3308,590.3963,239.4926,,
73560,0,,,,,,,,,,,,,,,560.8232,240.2047,569.8079,237.4379,513.9855,271.3751,545.8334,262.1735,559.8237,279.2206,556.4393,274.1535,548.9699,364.5316,553.2583,354.2785,551.5888,437.0143,556.8435,423.5757,,,,,,,568.4722,237.1591,554.8828,236.8012,571.1402,239.3583,573.8494,241.8378,542.2867,260.2154,505.9632,269.7296,548.2230,262.2292,518.5442,273.9704,541.4838,254.4576,551.9772,259.6494,569.3488,256.3471,581.5730,260.1495,558.1678,345.0720,545.9978,359.2089,546.1934,349.9562,549.8997,352.9991,561.2046,422.6463,548.5726,440.2586,552.8506,424.3604,550.8912,435.2341,545.1822,425.4538,527.5224,449.5308,533.4656,421.8347,522.4899,439.2170,524.2931,421.8505,515.4032,435.0636,560.2833,448.6496,566.1986,433.9589,,,572.4219,241.0203,580.4400,238.7341,,
73561,0,,,,,,,,,,,,,,,709.4821,252.8508,456.1122,227.1957,696.3247,288.2398,411.4076,249.6915,590.0259,279.2169,521.5438,270.3856,549.1723,361.5814,552.1561,352.1555,551.4011,435.8906,555.0514,423.1382,,,,,,,452.5308,226.7430,716.5394,251.5636,462.7472,228.1061,713.7749,253.8192,407.0735,247.8209,692.8332,285.7527,410.1828,250.0256,706.7350,289.5578,494.4368,251.2586,575.4651,259.2220,564.6449,254.0646,592.5343,259.2688,559.3592,343.2973,546.9132,356.4307,544.3010,348.3267,551.7706,351.6404,561.5750,422.5286,545.9134,438.9749,550.4124,423.5802,551.2382,433.8356,543.8616,423.9885,525.0296,447.4537,531.5715,420.0586,520.6600,436.8967,522.2799,419.5229,514.0988,432.1906,558.7797,447.4412,564.7826,433.4244,,,574.8616,242.4825,,,,
73562,0,,,,,,,,,,,,,,,564.2885,240.4448,570.2616,237.5137,514.0877,272.7457,551.1371,262.9621,562.1166,279.6498,557.9860,273.1430,547.8314,364.6898,552.9202,353.4123,551.2650,437.8972,556.2689,423.9302,,,,,,,568.2382,237.1992,,,573.6868,238.2665,574.2158,242.0025,546.2631,260.7132,505.7577,270.5155,552.8010,263.2125,520.0241,275.3208,541.9957,254.2102,555.0511,259.7244,568.3660,255.9428,582.4301,260.4258,556.8627,344.0531,545.4681,359.8866,544.8326,349.3036,548.8496,353.2539,560.8113,422.7870,548.3090,441.1524,551.7891,424.6412,550.6807,436.0901,544.4382,424.6832,527.3433,450.0111,532.4673,420.9249,521.7598,439.2946,523.6831,420.8351,514.2244,434.6889,559.1325,449.8808,565.0742,434.5552,,,569.4749,240.4428,581.1990,238.9922,,
73563,0,,,,,,,,,,,,,,,560.8982,239.7763,572.6759,237.3127,513.9423,271.4277,550.3354,262.1547,557.5909,278.0804,560.7568,273.1496,546.3258,362.8476,555.0743,352.2096,549.5517,436.8788,557.5270,422.7893,,,,,,,571.5990,237.0914,557.7158,236.4033,576.0397,237.9116,571.3348,241.3692,546.6760,259.5675,505.8549,269.3968,552.1833,261.9918,517.5156,274.1947,543.3755,253.9674,547.3101,257.8400,577.9095,255.4224,583.0100,258.7742,558.5071,343.0435,543.8057,358.0822,546.6863,348.7791,546.9281,352.0180,561.1293,421.4144,546.2286,440.2444,553.3101,423.6846,549.2760,435.2086,543.2320,422.8173,524.2595,448.5748,531.7599,419.3035,519.2742,438.0906,523.1342,419.8106,512.2356,433.9774,559.0802,448.8156,567.6146,433.4993,,,577.6664,243.1845,592.7214,239.5715,,
73564,0,,,,,,,,,,,,,,,710.9492,254.0005,460.5943,227.1896,689.6777,289.9215,412.5282,248.4349,566.6377,281.6452,539.7149,272.8185,548.5032,363.7680,552.5477,353.0024,551.8344,436.8064,555.8716,423.6318,,,,,,,454.1804,226.5317,,,470.1299,228.1656,581.9316,243.3113,408.1784,246.5275,685.2261,286.8774,411.0007,248.6085,704.4060,292.2795,544.3437,255.3197,558.5197,260.5365,573.1444,256.3240,594.1373,261.8800,558.0752,343.8377,547.4738,359.1553,544.7459,349.0276,549.1132,352.5349,562.0938,422.8681,546.3957,440.0157,551.4807,424.2614,551.5373,435.0348,543.6012,424.6803,524.1789,448.5212,531.6691,420.9455,519.6951,437.8664,522.9492,420.6132,512.6881,433.1541,560.9601,448.4171,565.7744,433.3521,,,584.6007,244.4099,603.9449,240.7108,,
73565,0,,,,,,,,,,,,,,,,,576.9185,237.6257,507.3182,273.0549,549.2565,259.2334,571.8715,277.2797,564.5430,272.2749,546.2221,363.1406,554.2637,352.3415,550.3789,437.9485,555.2312,423.9406,,,,,,,,,,,574.2919,237.7362,,,545.1661,257.0806,498.8509,270.5158,549.8718,259.2921,694.6332,289.1646,549.7696,251.0733,554.4432,255.0391,583.3212,252.7232,592.7302,256.2716,558.8002,343.5091,543.5107,358.5055,545.4945,348.5723,549.7421,352.1350,560.0525,423.1941,546.9405,441.6445,550.2499,424.7660,549.8354,436.3291,544.2249,425.0839,523.9769,449.6696,529.9813,420.6076,519.5351,438.9828,520.7726,420.3060,512.5943,434.6373,560.5000,450.2091,564.1094,435.1999,,,587.2686,242.4386,,,,
73566,0,,,,,,,,,,,,,,,712.4552,256.4084,453.5150,226.9296,665.4783,286.9805,420.2474,253.6846,609.8583,282.9800,515.9983,269.2750,600.5684,368.1626,508.9623,347.9658,564.8475,437.8786,531.1355,422.8465,,,,,,,443.2703,225.9956,,,458.9885,227.5424,717.6375,258.1559,413.9011,251.5018,660.4915,284.1773,415.0659,253.1056,682.2723,289.4666,494.6699,249.1689,589.1085,261.2211,562.3940,252.2435,607.0810,261.6544,488.4382,336.6277,625.8579,365.1331,537.0189,347.6179,557.1257,352.5184,517.4546,421.5921,551.9479,441.3020,535.3793,423.9423,560.8280,435.4769,476.3800,421.1373,524.4660,449.6668,481.2067,416.2357,569.3055,437.7589,510.3137,418.2545,549.4563,431.8737,582.0742,451.4471,543.5844,436.1248,,,584.7525,243.0719,,,,
73567,0,,,,,,,,,,,,,,,714.9717,256.2136,452.0756,227.0357,655.4315,284.9229,426.6337,254.9797,611.6502,283.4539,516.1751,267.8797,600.0165,368.8865,505.1531,347.0086,579.6771,439.3911,530.1417,424.7611,,,,,,,441.4433,226.0278,,,455.8806,227.5076,,,421.1161,252.9908,649.5767,282.2063,420.0434,254.4525,671.4596,287.9130,495.6956,247.4343,592.8086,260.7700,560.5663,252.1005,609.7230,261.3943,488.3739,336.1541,623.3573,366.3274,531.9374,346.1701,559.1840,352.6981,514.0931,422.5742,601.9590,445.6299,534.6230,425.9010,567.0421,436.4844,479.7357,422.2611,599.4374,453.5800,485.1639,417.9479,572.2557,438.2150,494.0892,416.9869,552.5600,431.3715,590.8351,452.7719,540.6280,437.6034,,,585.2564,243.5093,,,,
73568,0,,,,,,,,,,,,,,,551.1023,241.8544,575.1391,238.3376,512.0067,277.3565,549.8263,262.6172,558.1808,278.3961,564.7158,273.3361,546.0565,364.1372,558.0195,354.3491,548.7889,437.2077,560.0351,424.6520,,,,,,,576.1554,238.3356,543.0362,238.2446,575.3863,238.4337,556.8356,243.4156,544.9174,261.3659,509.5813,274.4727,550.5492,262.3781,512.4727,279.2521,550.5452,252.7112,540.3405,257.0631,582.9621,254.9511,577.7491,257.8265,562.2201,344.5980,543.9178,359.1741,549.7885,350.4449,547.7339,352.9691,563.5266,423.2200,545.6659,440.8888,555.8149,425.7179,548.1595,435.6667,547.2695,425.5928,524.4243,449.5660,535.8829,421.7135,519.6562,439.2464,526.7787,421.7861,514.1776,435.4815,557.6818,448.7382,568.0438,435.3610,,,583.7213,243.9904,,,,
73569,0,,,,,,,,,,,,,,,551.3492,243.3421,575.6015,238.5411,514.4278,278.1483,553.4513,265.1608,554.3208,280.1922,566.4148,274.2792,545.5245,364.1977,557.9795,353.2475,549.7471,438.2063,561.3909,424.1471,,,,,,,573.6112,238.3828,544.4626,239.7194,577.0841,238.8615,556.7580,244.4466,548.5212,263.7611,513.4458,275.1727,555.4380,265.1877,512.9577,280.0370,553.1861,253.1477,537.3231,258.3993,583.8931,255.2132,574.6411,258.3420,561.8486,343.9495,542.5712,359.9681,549.9413,350.2524,549.8731,353.8376,566.2137,423.2238,545.2933,441.5578,556.6284,425.1198,550.0115,436.6665,549.1280,425.5787,522.4425,450.6991,536.8743,421.6630,519.4310,440.6489,527.7632,422.0420,513.6586,437.0998,560.1888,449.6188,569.4799,434.6288,,,584.2422,244.9649,,,,
73571,0,,,,,,,,,,,,,,,549.8743,242.9406,586.4952,239.5855,524.6474,282.3924,561.9610,268.3244,550.4097,280.9506,560.9411,275.6118,547.1443,364.9262,557.3350,353.8440,550.1588,439.3255,559.6552,424.3650,,,,,,,586.3558,239.3566,544.6831,239.7472,606.9040,241.4987,555.4377,244.2007,557.1919,265.6748,524.1335,279.6334,567.0415,268.8729,523.6863,284.5849,547.8841,254.0073,534.4749,259.8627,580.4974,257.2159,569.0704,260.7428,561.9763,343.7213,543.4026,359.6796,549.5738,349.7976,549.3069,353.1596,563.9450,422.9010,546.0413,443.2153,555.3922,425.3473,550.1046,437.7607,547.5984,425.9977,523.6744,451.7898,536.2009,422.2574,520.3774,441.1039,526.9795,422.5046,516.4228,437.4354,557.9538,451.5098,568.3337,435.1283,,,578.2333,245.2171,,,,
73572,0,,,,,,,,,,,,,,,551.1338,243.2177,600.2563,243.2297,526.0438,282.9761,568.0936,270.3675,550.5248,282.1471,561.9129,275.9539,547.0850,365.8518,557.0951,353.4519,551.0027,439.0483,563.2492,424.2276,,,,,,,588.1719,239.8269,547.1661,239.9814,608.0988,241.9590,555.1122,244.1298,563.6193,267.6817,526.3984,279.9744,574.4588,271.1033,523.6442,284.5659,549.6236,255.0662,536.2487,259.9688,578.6719,257.2434,566.1338,260.8521,560.9970,343.5777,543.7772,361.4871,549.7974,350.8520,550.5058,354.9963,567.6695,423.1867,547.1602,442.8642,559.0356,425.4311,551.4548,437.8091,551.8823,426.5006,525.2780,451.6943,539.7206,422.7556,522.6332,441.7756,530.1259,423.1185,517.5586,438.4965,558.9865,450.9097,569.4147,434.6504,,,572.8813,244.8743,,,,
73573,0,,,,,,,,,,,,,,,553.4076,243.3579,600.0974,243.5864,526.4514,281.5539,573.0269,268.5324,552.3070,281.4672,560.5568,274.2100,548.3032,364.9148,556.7280,352.2801,549.9724,437.8650,561.5956,423.9325,,,,,,,589.0810,240.0407,552.2147,240.3860,602.0528,241.3790,556.5063,244.0855,569.0772,266.2571,527.7394,278.8600,577.9198,269.5482,523.6230,282.8309,549.3657,253.3944,539.0090,259.5010,574.6472,257.0225,564.9364,260.0944,559.9595,342.4811,545.5712,360.6231,550.1070,350.0615,551.6685,354.1482,566.3492,422.7645,546.4871,441.6672,557.6615,425.1042,550.8953,436.4372,551.8000,425.8998,526.6379,451.2042,540.8987,422.2807,524.8084,441.6366,532.2366,422.6865,519.0226,438.5314,558.5914,449.4469,568.3768,434.4960,,,569.5901,244.6131,,,,
73574,0,,,,,,,,,,,,,,,554.7899,243.6508,600.3164,244.1887,525.2226,280.3567,568.7677,269.2432,551.2520,282.9509,561.7473,276.5595,546.7506,364.8823,556.6119,354.1349,548.9258,438.4231,562.0214,424.4412,,,,,,,591.6109,240.4176,551.9719,240.6966,596.6329,242.8999,557.9228,244.4081,565.5625,267.0323,525.2061,277.6982,575.4331,270.6393,522.3885,281.4733,550.7814,256.2649,537.9245,261.4630,577.3678,259.0546,567.0181,262.1431,559.3315,344.5386,543.9751,360.5488,549.7522,351.7052,549.8810,354.4262,567.6381,423.4354,545.9159,442.7371,557.6221,425.4324,550.3203,437.1041,552.6715,427.0459,525.4514,452.2051,541.2503,423.2988,524.2096,441.9927,532.4603,423.6429,518.6701,438.7337,558.6163,450.9422,569.8315,435.1640,,,572.4251,245.4316,,,,
73577,0,,,,,,,,,,,,,,,553.9976,243.3866,579.7180,238.3781,525.8892,282.1714,558.7321,268.5381,557.6601,284.0088,572.4806,277.7138,548.3223,363.9687,561.4922,354.0591,548.4805,437.3154,562.3543,424.4155,,,,,,,582.6789,238.6381,547.1283,239.6857,579.4548,238.4401,560.6145,244.5972,554.6845,266.5421,525.1804,279.1580,562.9725,268.8162,523.6279,284.0016,554.7361,256.1266,538.0869,262.2534,588.0479,258.5999,575.8686,262.3402,566.5611,344.0706,544.6130,359.3736,551.4370,349.7534,552.2542,353.1120,568.2670,423.9943,545.3191,441.2498,556.9706,425.3141,549.4307,436.1268,551.3536,426.8036,523.4863,449.3134,537.9300,422.6411,520.2800,440.0161,528.0247,423.2875,515.2915,437.2842,560.2931,449.9398,571.3141,436.2176,,,583.3571,245.0681,599.4641,240.8312,,
73578,0,,,,,,,,,,,,,,,552.8805,243.4736,570.7265,237.6556,523.4946,282.1051,552.8844,266.7437,556.6501,282.7026,567.7837,276.9809,547.8588,364.4126,560.2471,353.9101,550.7786,438.9672,560.2107,424.5267,,,,,,,568.7655,237.5307,546.3401,239.7756,571.7976,237.8224,559.7403,244.6974,549.0919,264.5408,522.8517,279.1100,554.2824,266.9358,522.0223,284.4534,551.9464,255.8014,539.9476,261.6213,583.8192,257.1457,575.9134,261.4849,564.6825,343.8393,544.5944,359.9682,552.8157,350.4120,551.1500,353.5242,565.2458,423.8925,547.6655,443.0378,555.5505,425.4148,550.8252,437.5099,549.0916,426.3843,526.2742,450.5558,537.2069,422.2858,522.8201,441.1140,528.1226,422.7826,517.6500,437.5355,560.0630,451.9543,569.0704,435.9326,,,582.1686,245.0250,,,,
73579,0,,,,,,,,,,,,,,,553.5896,243.6927,572.6188,238.0909,522.2319,282.3592,552.1586,266.4165,557.7959,283.8685,569.9123,277.3594,549.6111,365.2729,560.1164,354.6538,548.8647,437.4998,562.4508,424.6805,,,,,,,565.9972,237.4807,547.5852,240.1586,573.8768,238.3092,560.2185,244.8583,547.3020,264.2895,521.4492,279.2958,553.6656,266.2987,519.9858,284.0552,553.7153,255.6884,540.5441,262.3912,582.3121,256.8288,573.9236,261.8640,565.4832,345.0911,545.7294,361.0826,551.1053,350.8343,553.3429,354.5900,567.6239,424.0096,545.7779,441.5343,556.8622,425.5149,549.7279,436.0275,550.2868,426.3958,525.1014,449.6937,537.6415,422.5131,522.7318,440.3454,528.1988,423.0163,517.4233,437.1877,559.2613,449.8661,571.4316,436.3934,,,580.7970,245.1680,,,,
73580,0,,,,,,,,,,,,,,,554.3306,243.0868,573.8302,238.2680,522.0897,281.7044,552.1945,265.8304,559.1978,283.3895,568.0354,276.6296,548.7520,365.1648,559.7000,355.0477,550.1116,438.5035,562.4540,424.3609,,,,,,,568.3188,237.7178,546.9005,239.3644,576.8154,238.7959,561.6070,244.3736,546.2770,263.8273,520.7823,278.6348,554.0482,265.5666,519.5219,283.1781,552.7252,255.2411,542.5505,261.6696,582.8730,256.1250,576.5913,261.2838,564.2695,345.7454,545.3160,360.9283,550.5744,351.3961,552.0402,354.8709,567.2455,423.4167,546.6764,442.5503,557.3357,425.4109,550.8114,437.2203,550.6107,426.1858,524.3826,450.4985,537.5743,422.3736,521.9899,441.0957,527.7987,423.0309,516.6073,437.8676,560.1698,451.0882,571.7358,435.8529,,,582.6724,244.3443,,,,
73581,0,,,,,,,,,,,,,,,554.0177,242.7247,575.1335,238.5592,520.5965,281.5437,550.6269,264.1421,558.6294,283.7503,569.4251,277.4174,549.5376,365.4636,560.3384,354.9586,549.4393,438.0511,561.5109,424.1688,,,,,,,573.0569,238.4162,546.1655,239.1187,576.7399,238.7375,560.9478,243.9461,544.5782,262.2013,519.1420,278.2887,551.9179,263.9463,518.5664,283.1802,552.9056,256.1571,540.7350,262.3449,586.3588,258.3047,576.7567,262.1987,564.9023,345.7120,545.4535,361.0399,550.9482,351.3548,553.0427,354.7441,566.5030,423.3083,545.6626,441.7803,556.0147,425.1014,549.8834,436.5757,549.5732,425.5064,524.6858,449.8620,536.4353,421.7240,522.3625,440.4173,526.3532,422.2570,516.8170,437.2745,558.6488,450.1283,570.3661,435.6361,,,583.7823,244.4104,596.7420,241.2656,,
73582,0,,,,,,,,,,,,,,,554.9272,242.6156,573.5950,238.5204,519.9321,280.4537,550.2615,264.5221,558.6908,283.0826,568.3404,276.8595,549.9013,365.9747,558.9096,355.2302,549.6946,439.1773,562.2553,425.0811,,,,,,,570.3472,238.2801,546.9469,239.2357,575.7518,238.7705,562.1533,243.8951,544.8946,262.2230,518.2748,277.6288,550.8995,264.3803,517.4585,281.6639,551.6487,255.3895,539.9906,261.0904,583.7075,256.3745,576.5884,261.0290,563.3584,345.5124,546.6818,361.4218,550.6687,351.5610,553.1436,355.1227,567.2280,424.1776,545.8347,443.1210,557.2118,426.2277,550.3465,437.8127,552.0104,427.2152,525.8002,451.8846,539.5505,423.5329,523.3921,442.3850,530.1387,424.3576,517.5143,438.8953,559.1352,451.4478,570.5938,436.3147,,,582.2465,244.0459,,,,
73583,0,,,,,,,,,,,,,,,554.2833,242.1417,573.4542,238.6166,517.1446,277.4093,547.4919,263.1292,558.3155,281.8908,566.6032,276.4127,550.0744,365.3133,558.0556,354.3634,549.3529,438.6824,563.1758,424.6244,,,,,,,571.5489,238.3957,548.0236,239.1219,574.4999,238.7977,561.6212,243.1767,543.4795,260.8365,515.4717,274.5920,547.3159,263.1243,515.3535,278.4372,549.2041,254.3990,542.1491,259.8480,583.7202,255.3354,577.4295,259.5474,562.4976,344.1651,547.4171,360.4748,550.3404,350.4134,552.4584,354.0774,567.5405,423.5763,545.9806,442.5657,558.6784,425.8803,550.0224,437.3847,553.3610,427.0374,527.7048,452.0206,541.1994,423.5129,525.7206,442.9022,531.8204,424.4344,519.7370,439.6969,558.9156,450.9479,570.6191,435.8475,,,581.5381,243.6773,,,,
73584,0,,,,,,,,,,,,,,,551.5764,240.8869,572.0528,238.1213,519.2429,277.7606,545.3042,262.5226,557.2109,281.1472,564.5135,275.4741,550.1177,364.7418,556.9213,353.5440,548.0460,437.1119,562.2271,423.8634,,,,,,,567.8420,237.6200,545.3348,238.0978,572.6346,238.3130,558.4921,241.8291,540.8036,260.5105,517.3766,274.5991,544.6671,262.5015,517.7672,279.2313,548.1239,254.0285,540.6551,260.1738,580.2599,254.3928,572.7956,259.0576,560.8700,343.0704,547.4074,359.4963,549.6468,349.6076,551.7968,353.0800,566.4543,422.7850,545.2895,441.1844,557.7404,425.1271,548.9115,435.9238,551.3806,425.9518,527.0242,450.9025,539.4036,422.3852,525.5084,441.6462,530.0689,423.0345,518.5890,437.9346,556.5999,448.8669,569.7482,434.8948,,,576.6477,242.9235,,,,
73585,0,,,,,,,,,,,,,,,552.5971,241.1847,572.8898,238.1033,516.5087,276.4288,545.8381,262.1759,555.6461,280.3433,561.2504,274.9739,549.6403,365.1634,556.9127,353.5370,549.6083,438.1841,562.1176,423.9411,,,,,,,567.7334,237.6618,548.1098,238.4192,573.2798,238.2771,558.5224,242.2144,541.4384,260.3026,514.7942,273.2158,546.0314,262.1694,514.3072,277.6980,545.4551,253.2741,539.5493,260.1505,579.4815,254.1911,573.0154,259.3756,560.9118,343.1379,546.5311,360.0874,549.2279,349.8113,551.9335,353.6360,566.6349,422.9006,546.3550,442.3522,557.4089,425.1654,550.0313,436.7098,550.5611,425.8325,526.9515,451.8736,538.2825,422.3345,524.6406,442.2865,529.0768,423.1142,518.3045,438.5116,558.9380,450.3283,569.8391,434.9304,,,577.8873,243.4261,,,,
73586,0,,,,,,,,,,,,,,,548.3360,241.9460,569.8941,238.2441,513.7703,276.3264,543.1434,262.5455,552.3028,279.3252,558.2663,274.1979,549.8521,364.4582,556.4625,353.6619,549.4711,437.5303,561.3539,423.9908,,,,,,,564.4926,237.5494,544.5752,238.9271,568.5821,238.3772,552.6890,242.9741,539.7894,260.4446,513.3137,273.1262,542.1301,262.6499,510.0791,277.3628,547.3937,254.1189,541.1495,259.8586,574.5355,254.1994,568.1744,258.4455,559.7083,343.0905,546.8795,359.6637,549.6740,349.8292,551.7204,352.9382,566.1534,422.8156,546.7863,441.7236,556.9679,425.1939,550.1150,436.2813,551.0426,425.7820,528.1276,451.4858,538.5800,422.0974,526.2233,441.8060,529.3862,422.7750,519.7153,438.1378,557.3292,449.3457,569.3428,434.9446,,,575.0494,244.0001,,,,
73587,0,,,,,,,,,,,,,,,543.0192,240.8257,571.0300,238.4282,509.0601,276.6105,542.7859,263.8437,553.7581,279.1396,560.1212,272.8702,549.1511,365.4575,555.6069,354.2212,550.1381,437.9520,561.7617,424.2518,,,,,,,564.0792,237.4876,538.7937,238.1640,570.6684,238.1809,548.0043,241.8388,539.0522,261.6071,509.9276,273.3876,542.5596,263.9778,506.9360,278.5488,548.7428,252.5900,539.8964,258.4734,580.8588,253.5270,574.4065,258.1802,558.5461,344.2861,546.2817,360.7849,549.8064,351.1884,551.8395,354.4993,566.9195,423.2051,547.6317,441.9243,557.1904,425.3581,550.9617,436.5221,551.4209,425.9385,528.9365,451.8851,539.3169,421.8810,526.1249,442.2336,530.2136,422.1599,518.8348,438.4465,558.6152,449.7133,570.4746,435.3007,,,581.8156,244.8555,,,,
73588,0,,,,,,,,,,,,,,,544.4982,241.1000,568.1196,240.1839,511.8665,274.2901,542.5527,265.7527,555.5482,279.2479,561.0958,274.1940,549.1110,365.4557,556.2713,354.0903,550.3293,439.0911,562.9419,424.8399,,,,,,,561.4623,237.5493,540.8668,238.5450,568.9880,238.3481,548.9200,242.1633,538.6559,263.6232,512.0279,271.4182,540.9605,265.9798,510.3974,275.9134,551.2389,254.2911,542.7205,258.6649,582.4965,254.7926,577.1194,258.8115,558.8717,343.7151,546.3313,360.6616,550.0856,350.2333,550.1855,353.5510,568.0673,423.6448,548.5201,443.6022,558.4639,425.8667,550.8750,437.5989,551.8548,426.2032,530.6636,452.9816,540.6407,422.3653,527.8946,443.0662,531.7117,422.4940,520.9993,439.1923,558.1129,451.6500,570.6115,436.4191,,,586.0398,245.3590,,,,
73589,0,,,,,,,,,,,,,,,540.7755,241.2692,569.6625,240.1386,511.6103,275.1781,548.4800,265.9458,553.0012,280.1674,562.5837,276.4322,549.4402,363.7564,558.2791,353.9973,548.9865,436.7693,563.4173,423.8812,,,,,,,564.6453,237.7324,534.7797,237.8753,570.6324,238.1186,545.3113,242.6281,544.0955,263.1626,511.3413,271.9985,547.3376,266.0820,510.7550,277.3621,555.3057,256.3907,539.3209,260.7359,579.2280,255.1022,571.8237,259.4605,561.1098,343.6322,546.3719,358.8794,550.5252,350.1193,551.2469,352.8019,568.6454,422.7730,546.8908,441.1612,558.8233,424.5680,549.4065,434.9049,551.3056,425.0155,526.3034,449.8344,538.6517,420.8255,524.2763,439.0132,529.2652,420.7490,517.0167,435.0084,558.5851,449.5251,571.1454,434.8276,,,579.0485,244.5585,,,,
73590,0,,,,,,,,,,,,,,,543.8179,241.6293,569.0300,240.3375,513.1468,274.5008,550.5665,265.6359,555.4919,281.0414,561.6438,275.6560,549.7152,363.9393,555.9812,354.3107,547.3354,436.5385,561.5165,423.1234,,,,,,,562.9581,237.3842,537.1650,238.1149,569.0027,240.1638,549.4364,243.0195,546.3235,263.0559,513.5020,271.4062,550.9046,265.8920,512.3602,276.9267,554.8179,255.4351,543.7232,261.4521,578.4650,254.6257,573.7219,259.3505,558.8594,343.6866,548.0545,359.1718,549.4267,349.7478,549.4945,352.4836,566.9352,422.0917,545.7293,441.1787,556.9680,423.8929,547.5679,434.6645,550.0690,425.2940,526.3415,450.4791,537.9557,421.5218,524.5909,439.5953,528.7066,421.6517,518.2152,435.9157,555.1404,448.6561,569.3958,434.2605,,,579.3929,244.8027,,,,
73591,0,,,,,,,,,,,,,,,542.6962,241.2021,564.2776,240.1353,512.1056,273.6991,549.2252,266.1988,554.4011,280.2067,561.9794,275.2757,549.3088,363.4980,556.0909,352.9859,549.0399,438.2981,560.1436,423.4817,,,,,,,556.7375,236.3350,536.1866,237.6508,562.9208,240.1602,547.6257,242.5666,545.6746,263.7079,512.7956,270.5142,548.8349,266.6490,510.8709,276.0131,554.4439,254.9454,542.2175,259.9235,576.9252,254.9070,571.4625,258.2908,558.0350,342.5333,547.7006,358.8016,549.4251,349.0377,549.1924,352.2648,565.2974,422.4013,547.6594,443.0950,555.9917,424.4405,549.0294,436.3899,549.6693,425.9544,530.2475,452.4669,538.5689,422.6848,527.8246,442.0444,529.1127,423.1956,520.6063,438.2571,555.9643,450.1946,567.6583,434.2488,,,578.0767,244.5453,,,,
73592,0,,,,,,,,,,,,,,,543.9309,241.5535,566.0468,240.7689,513.7208,273.7713,548.7090,267.1002,555.9265,279.5960,564.1314,275.2163,550.5886,363.8567,556.8798,353.8529,549.0857,437.3680,560.1908,422.7906,,,,,,,557.7818,236.8225,538.7127,238.1607,567.2019,241.2212,548.3865,242.7910,544.9046,264.8990,514.3346,270.7609,549.2721,267.7292,512.7457,276.0656,556.2246,255.5372,542.5474,259.7553,579.4785,254.2541,573.8501,257.6685,559.5798,343.3655,548.8780,359.0081,550.8916,349.5972,550.7397,352.5410,565.6491,421.7907,547.9373,442.0102,555.6823,423.7314,549.3154,435.6581,550.0347,425.4276,529.4108,451.3954,537.9738,421.7427,527.4877,441.0414,528.1018,422.2000,520.4385,437.4772,557.4823,449.6946,568.3977,434.3921,,,579.5588,244.8937,,,,
73593,0,,,,,,,,,,,,,,,543.7340,241.3100,566.2193,240.7521,513.2366,274.5813,550.4899,267.1262,553.8564,280.2646,563.7146,275.2382,549.2510,363.3117,557.3062,354.1000,547.7189,437.6333,559.9661,423.2246,,,,,,,557.4793,236.4174,537.3244,237.8680,566.7089,241.0099,548.6624,242.5592,547.3377,264.7981,513.8217,271.6152,551.5922,267.7630,512.5106,277.0357,555.3868,255.6551,540.2822,260.3424,578.8264,255.2108,572.6530,258.8227,559.7807,343.5968,546.6353,358.2400,550.2079,349.3654,549.2906,352.1486,566.2061,422.3693,546.2050,442.0368,555.3662,424.0402,547.6583,435.8038,550.6792,426.0915,528.1409,451.7831,538.7162,422.5713,526.1838,441.1377,529.5025,422.9022,519.9916,437.3601,555.6442,449.9756,569.2184,434.6272,,,577.9798,244.8042,,,,
73594,0,,,,,,,,,,,,,,,541.9258,241.1057,567.3128,240.3812,514.6178,276.1492,551.6893,268.9452,552.6802,281.3563,565.4569,276.7341,549.0518,363.7419,558.0050,353.4681,548.3017,437.6261,560.9114,423.5189,,,,,,,559.9262,236.3299,535.5541,237.4359,566.9362,240.4604,546.8376,241.9910,548.7936,266.5167,515.3240,272.9637,552.2939,269.3077,513.9735,278.6000,557.8092,257.4835,538.1871,261.4749,579.7071,257.1677,571.9782,260.2455,561.1294,343.0102,546.2336,358.5069,549.5053,348.6636,549.8057,352.1145,567.8012,422.7382,546.6501,442.0654,556.4640,424.3909,548.3098,435.9578,553.1717,426.4969,527.9693,451.6310,540.6837,422.4493,525.3418,440.8061,530.7665,422.6248,519.3450,437.0452,556.9019,450.2468,570.1667,435.0563,,,577.9294,244.4825,587.5554,239.5508,,
73595,0,,,,,,,,,,,,,,,542.2372,241.0730,569.4168,240.7600,517.6996,277.0231,556.4207,269.5786,553.5323,280.4823,566.5820,276.3447,548.3375,362.7871,558.4412,353.8456,549.8810,437.2016,562.3327,424.5610,,,,,,,562.7834,236.5593,536.3616,237.4573,568.3028,240.8942,546.6271,241.9683,553.4348,266.7818,517.6919,273.8034,557.1465,269.8725,516.4784,279.5326,558.4100,257.7139,537.7358,261.2099,582.9680,256.0706,574.9444,259.4653,561.9656,343.8574,544.8296,357.5423,549.6275,348.7777,549.7012,351.4919,569.6193,423.9805,548.4924,441.3466,557.3014,425.1688,549.7716,435.3111,554.2019,427.8271,529.3298,451.1258,540.3415,423.5657,526.0765,440.2380,530.2469,423.3884,519.3170,436.3121,558.8525,449.1876,571.8936,435.7747,,,580.5799,244.3004,,,,
73596,0,,,,,,,,,,,,,,,541.8831,240.9946,568.9176,240.1738,513.5525,277.9749,554.1346,269.4797,554.3873,280.7453,566.2450,277.0708,549.0605,364.5009,558.7440,355.6486,550.8960,439.3731,563.0881,424.8657,,,,,,,560.3364,236.2486,535.0955,237.4417,568.1779,240.1377,547.0559,241.9693,550.5809,266.7895,513.6131,274.6208,554.6268,269.5830,512.6593,280.1894,557.0175,258.5893,538.4947,261.3135,582.7784,256.0703,575.2395,259.6300,562.4683,345.6360,545.8277,359.2726,551.0419,351.3318,550.7084,353.5397,569.9448,424.1703,549.5606,443.8962,558.5433,425.7856,551.2657,437.4522,555.5296,427.9371,530.2486,453.1064,543.0177,424.1050,528.2228,442.4857,535.1416,424.5179,522.0581,438.6857,559.8204,451.8751,571.4652,435.6381,,,581.6236,244.4391,,,,
73597,0,,,,,,,,,,,,,,,542.3786,240.3333,575.9838,237.4681,516.1996,279.5760,558.0169,268.7681,553.7309,280.7292,565.3681,276.0896,548.3964,363.1517,560.2577,354.4731,550.5930,438.1172,564.2955,425.7102,,,,,,,571.8218,237.0206,534.6322,236.8758,575.4460,237.4193,547.9432,241.4668,554.0023,265.8492,515.2100,276.0532,559.2056,269.0400,515.2983,281.8221,556.8091,256.6024,537.8118,261.0239,584.0563,255.4215,575.6868,259.3879,563.9748,344.8361,544.2672,357.9561,551.3543,350.1700,549.8372,352.1442,572.1459,425.2742,549.2639,442.5306,559.5126,426.6202,551.0771,436.3098,554.0840,428.3287,529.3317,451.6606,540.9819,424.3580,526.4535,440.9365,532.1712,424.4426,519.5109,436.9861,559.3888,450.3776,574.5294,437.0159,,,582.8884,243.7073,,,,
73598,0,,,,,,,,,,,,,,,544.3713,239.6828,585.9318,238.5712,519.4279,280.7831,560.0090,269.2052,552.9867,281.2794,565.5995,277.3627,549.4214,365.2952,559.9032,355.3569,550.9645,439.1979,562.9137,425.4977,,,,,,,589.7321,238.7190,538.6192,236.9822,588.9079,238.8407,548.8320,240.5790,554.7686,266.0207,517.5216,277.1649,563.2716,269.7807,518.3487,283.0242,558.0187,257.7571,539.0089,262.0402,583.7937,257.1275,573.3516,259.2543,563.0172,345.5456,546.0709,360.2499,552.7759,351.6955,550.2212,354.1679,570.3199,424.8381,549.6750,443.7072,558.9093,426.5662,551.5724,437.3623,554.0379,428.8481,531.4160,453.5570,541.7423,425.4302,528.2795,442.8502,533.6028,425.8382,521.7624,438.8899,559.3073,451.2434,571.9081,435.8224,,,583.1342,243.2389,592.0948,239.4280,,
73599,0,,,,,,,,,,,,,,,543.6958,240.5722,588.4424,241.5730,521.7159,283.7255,562.7371,269.1088,554.3701,283.7497,565.6823,278.0879,548.4359,366.4151,560.7354,357.5401,551.9907,440.7651,561.2733,426.8316,,,,,,,593.3489,239.7762,538.2366,237.8527,591.9898,239.8363,547.8252,241.3139,558.0941,266.4324,519.9658,280.3443,566.5662,269.6008,520.1139,285.8288,553.1955,258.3750,535.3118,263.4122,582.6963,258.7805,573.0670,261.4567,564.1919,347.6989,543.3288,361.2450,554.5052,353.2886,551.6999,355.1348,567.3045,425.8208,549.9828,445.2100,557.8080,428.1346,552.5233,439.0712,551.7218,429.7571,531.9310,454.9408,540.1778,426.7461,529.0543,444.4561,532.4871,427.3365,523.4749,440.7519,559.8228,452.0920,569.8570,437.0506,,,577.4686,243.9233,587.7580,239.7133,,
73600,0,,,,,,,,,,,,,,,545.0948,241.3353,589.9824,242.1650,523.1316,284.3175,561.9171,271.3082,554.1694,284.2436,565.6080,278.8417,547.5968,367.0300,558.1119,356.7939,549.9689,441.1252,557.6213,425.3696,,,,,,,593.7404,239.8401,539.3997,238.3826,596.6637,242.3470,549.3247,241.7914,557.1173,268.6762,520.8166,281.2366,566.7692,271.5681,522.5310,286.1307,551.8865,259.9765,534.9602,264.3509,582.6608,260.8427,572.8484,262.7944,561.0054,347.3371,543.3755,362.3870,550.4314,353.0282,551.2838,357.2240,563.8658,424.3881,547.0576,445.4070,553.9725,426.5378,550.7595,439.4352,548.9830,429.3804,528.4455,455.1208,537.8301,425.9432,524.4117,444.2364,529.5366,425.8530,519.9358,440.1427,557.1267,453.0962,566.8747,435.3442,,,576.9054,244.6057,587.8224,239.8485,,
73601,0,,,,,,,,,,,,,,,545.9637,241.2854,581.6752,240.5437,523.5382,286.1367,560.2105,269.2303,552.0803,283.7806,562.2277,277.1929,547.4194,365.1667,557.6856,355.3405,549.0697,439.2669,555.9723,423.8944,,,,,,,587.0032,239.0457,540.6019,238.3523,585.7825,239.1891,550.4060,241.9238,556.2575,267.5209,522.3674,283.9235,564.5834,269.2706,521.0296,287.1649,549.4387,258.0684,534.8355,265.1497,579.2253,258.3141,569.5411,261.2096,561.5341,346.3621,544.4860,360.9552,551.9542,352.0183,551.2826,355.6392,562.7545,422.9319,546.0370,443.2389,552.1752,425.0088,549.7806,437.9797,548.1483,428.7110,528.0972,454.0503,537.2337,425.1309,524.3581,443.4175,529.3926,425.1846,519.8544,439.1131,554.5931,450.1645,565.2099,433.6375,,,573.0562,244.0911,,,,
73602,0,,,,,,,,,,,,,,,549.7336,241.2166,583.9999,241.4565,520.5712,285.1131,565.3801,271.6513,555.9352,282.1022,564.0539,276.7630,546.2531,364.7088,558.3944,355.1073,548.1398,437.8519,555.0983,423.4039,,,,,,,586.5586,239.0003,544.8935,238.5274,590.5383,241.8707,556.5791,241.8105,562.8583,270.1143,519.0823,283.5404,570.5253,271.6953,518.8048,285.6145,546.7243,257.6237,536.0030,261.2883,583.9763,258.4645,575.4347,260.6126,561.9720,346.3434,544.4988,360.5500,551.9164,351.6502,549.2261,354.3550,563.2724,422.9248,545.8524,441.9328,550.7819,424.4368,548.4121,436.5793,548.6599,429.0848,526.5955,452.5979,536.3141,424.7268,522.8069,442.1018,528.1794,424.7710,518.7634,437.8043,553.6390,448.6372,565.4796,433.3241,,,578.8394,244.1597,592.3225,240.0643,,
73603,0,,,,,,,,,,,,,,,548.9298,241.0877,580.5323,242.3276,520.3983,284.3835,567.9131,274.0723,545.5738,282.2335,554.9092,278.0727,542.7071,365.4060,555.5842,357.9908,548.1587,437.4579,554.1220,423.6713,,,,,,,589.0913,241.3401,545.0974,238.2979,584.5799,242.1343,554.2783,241.5676,565.2995,272.6070,518.5834,282.8623,572.6188,274.1955,519.2811,284.9289,543.1016,260.0019,527.9943,262.6972,570.3490,260.4281,562.5795,261.4484,559.7488,349.1748,540.0853,361.1644,549.4407,354.3851,546.5858,356.2873,562.2084,422.9186,545.8306,441.5740,550.1341,424.7626,548.7480,436.3162,548.2636,429.2429,526.0327,452.0996,535.6637,424.9400,522.0314,442.3186,527.0796,424.6504,518.3079,438.5548,554.0256,448.2617,566.1150,432.7259,,,566.4988,243.4346,577.8494,238.3906,,
73604,0,,,,,,,,,,,,,,,550.4105,240.0494,580.3046,241.1288,522.0785,284.5848,572.4401,273.5395,550.4316,281.7752,558.7634,276.8078,540.6076,363.8288,556.6905,355.7820,547.6919,437.8735,552.7195,422.7903,,,,,,,585.2873,238.6190,547.6196,237.5794,585.7710,241.0519,554.1522,240.2130,568.5059,271.8064,518.6716,282.8087,577.3419,273.8648,521.5331,285.0866,544.9117,259.0270,533.5350,262.7712,575.5920,259.9402,569.9354,261.7207,559.7727,346.9864,537.6505,359.2808,551.0448,352.0699,545.0000,354.0685,560.4249,422.2338,545.8551,441.8693,548.7513,423.8745,548.5208,436.6928,546.4017,427.6407,524.8940,451.3586,533.0530,422.6797,520.2375,441.3460,525.1740,422.4884,515.8343,437.3168,554.3253,448.9832,566.8800,433.1179,,,573.2962,244.4674,585.5416,239.0504,,
73605,0,,,,,,,,,,,,,,,548.1397,240.4136,577.1190,242.3927,519.6849,283.7069,568.3205,274.5979,546.8429,282.3252,556.8615,278.0444,534.7207,363.5547,555.3195,356.2864,547.9685,437.9169,556.6244,423.8428,,,,,,,579.9915,240.7631,546.3987,238.1968,580.4457,242.1121,551.3149,240.5564,563.7865,272.6952,517.4150,281.7818,573.6195,274.4880,518.9895,284.0443,543.6755,260.4846,532.2469,264.0886,572.1474,260.7674,564.4307,262.2375,558.9667,347.1839,531.0853,359.2783,549.2660,352.4403,538.6878,354.9154,564.0789,423.3320,546.2634,441.8206,552.7724,424.9633,549.2657,436.8378,552.7383,429.3410,527.6370,452.3832,540.0801,424.7940,525.0680,443.1775,531.9358,424.6852,521.1143,439.6913,552.4999,447.9082,569.0989,433.9570,,,568.8652,243.4553,578.8130,239.3600,,
73606,0,,,,,,,,,,,,,,,550.4034,241.4682,576.2433,243.0253,517.4993,282.1941,563.4644,274.8241,547.2594,281.4503,558.3292,278.1182,535.3343,363.7748,555.9831,356.9452,548.8608,437.5621,554.0007,423.5012,,,,,,,578.4369,241.3415,549.1040,239.3359,579.1380,242.8748,552.7928,241.8963,560.5155,272.8026,515.3402,280.5001,567.7770,274.6502,516.2405,282.3110,545.2421,260.9692,533.6131,262.8674,574.6475,260.5475,566.7910,261.8788,560.6168,348.0977,532.9482,359.8878,549.8355,352.8837,539.3244,355.2564,562.0275,422.8932,547.0789,441.4021,549.8624,424.5730,550.1135,436.3092,549.8293,429.6343,527.6767,451.7123,536.1106,424.6441,524.2758,442.1081,527.6888,424.7416,520.5363,438.6232,552.4503,447.2146,567.5558,433.6556,,,572.5866,245.4375,,,,
73607,0,,,,,,,,,,,,,,,550.7161,242.0774,575.4752,243.5073,516.7006,282.6738,560.6601,274.3643,544.4705,283.0071,562.0467,280.6605,531.4054,361.9163,555.6487,355.6831,547.6711,435.0570,552.0808,422.0689,,,,,,,576.3779,241.5625,548.1847,239.7347,579.7978,244.0758,556.0783,242.8918,557.8076,272.1921,514.1020,280.7360,562.7604,273.9348,516.0707,283.0543,545.0749,263.0536,526.0586,263.3885,577.2705,263.2742,567.0479,264.7723,560.8140,346.8771,527.0373,358.1151,547.4775,351.4156,536.1479,354.1193,560.7796,422.1006,545.1117,437.9287,547.6402,422.9528,548.7441,433.7996,547.9075,427.8208,524.2694,447.7965,533.7902,422.3631,520.3348,438.8995,525.3056,421.6418,515.4966,435.2775,554.2033,444.4583,565.2485,432.0663,,,571.5047,247.7237,,,,
73608,0,,,,,,,,,,,,,,,546.2449,241.7957,569.7289,242.6388,517.0830,283.0229,564.9648,275.0651,539.9550,281.4962,560.0486,279.8472,522.5456,360.6084,552.5596,356.1901,546.0042,435.7483,549.8144,420.6991,,,,,,,567.9260,240.1778,539.8617,239.0214,572.1087,242.6813,548.0690,242.2030,561.8134,273.2980,512.6113,281.0845,568.1858,274.7630,515.8832,283.5292,543.6835,263.1648,518.3079,262.4186,573.1135,262.9597,561.1206,263.8248,558.3930,347.6218,517.8663,356.5663,542.5249,352.6064,528.5207,353.9998,557.9924,420.4912,542.8990,438.3596,545.8558,421.8861,547.4889,434.6307,545.3105,427.0433,522.1416,448.3828,532.2972,422.3284,519.9523,439.5079,523.1172,422.0707,516.2215,435.8531,552.4632,444.8681,560.7527,429.6742,,,564.4912,247.1835,572.3686,239.6388,,
73609,0,,,,,,,,,,,,,,,544.6480,242.0906,569.7258,241.2593,518.1574,282.9869,562.1508,272.2682,538.9572,279.4577,561.2887,278.8005,519.3253,358.3033,550.9280,354.1219,539.6374,431.2770,548.7306,417.9164,,,,,,,569.7580,238.8051,538.1042,239.0843,571.1742,241.1578,546.5235,242.3962,560.2833,270.5575,514.3573,280.7275,565.7375,272.0084,516.4183,283.3190,546.5777,261.7279,518.3445,260.3770,572.8993,260.2215,558.8163,260.7646,556.6168,345.2400,513.5416,354.6290,538.8941,350.2259,527.1007,351.9740,556.5482,417.7970,534.6625,433.2989,544.7098,419.1688,542.1176,430.3723,545.4706,424.8846,516.8485,444.6336,532.3610,420.5258,516.4053,436.2229,523.2291,420.5088,513.7484,433.3886,547.5818,440.3282,557.9442,427.0194,,,564.1367,247.6891,,,,
73611,0,,,,,,,,,,,,,,,551.2599,243.0946,560.5132,240.6690,516.7763,280.0253,541.4323,269.1736,534.4130,276.0318,555.4496,275.5949,517.7762,353.8196,536.2513,350.5151,534.3689,425.7815,540.0762,414.8101,,,,,,,559.1519,238.2771,546.9963,240.2170,562.8915,241.0724,554.6967,243.5102,538.6903,267.4821,514.3550,278.6057,544.2627,268.7856,516.5433,279.9422,540.5908,258.2157,516.2438,258.4047,564.8168,256.7265,553.2110,256.8405,541.1520,342.1431,513.6117,349.9991,523.6582,346.1301,519.7504,346.7706,545.8776,413.9176,529.8796,428.3800,537.9412,417.0433,535.4948,424.5103,538.0901,422.8686,514.6824,440.7508,525.1622,419.5599,512.1987,432.1654,515.3945,419.8418,505.5534,429.1637,544.8332,435.1461,549.8503,423.3818,,,559.4327,244.8911,,,,
73612,0,,,,,,,,,,,,,,,547.9719,241.7228,557.1251,238.4062,516.8627,279.1534,532.7161,266.2780,531.2807,273.6692,553.9516,273.8437,505.1732,347.6787,540.3851,348.6544,527.8371,423.1562,545.6408,417.6624,,,,,,,552.3913,237.8005,542.1021,237.8407,559.1062,238.4649,553.1452,242.4682,528.9382,264.5529,514.8478,277.7213,535.2460,266.1104,515.9395,278.6544,537.9225,256.2124,513.6694,255.9801,560.7083,254.6474,549.8832,254.3584,544.1020,339.9583,503.5464,344.3869,528.2172,344.0092,508.6445,340.8043,549.2856,415.2009,523.9248,425.3710,542.3486,419.3073,529.1244,422.2710,541.1600,423.7121,511.6331,437.4166,528.5129,419.7157,503.0022,427.3099,518.7091,419.5610,493.5233,424.1920,535.3110,431.9058,556.1026,426.1776,,,556.3534,242.7854,,,,
73613,0,,,,,,,,,,,,,,,543.7362,242.2412,549.5232,238.3253,514.2085,283.4074,528.0623,267.0023,527.9607,275.0213,551.0479,276.2122,496.1035,344.2930,551.5993,353.3093,494.0514,409.6653,561.1285,422.8869,,,,,,,541.2101,237.4385,533.5984,239.4222,551.7442,238.5858,552.2406,243.2990,525.0159,265.6176,510.5306,281.4442,530.4723,266.8371,513.9984,283.6482,533.6632,258.0865,509.9245,257.0111,561.9100,257.6648,552.5155,258.6775,556.4467,345.2037,492.9330,340.7436,535.0299,346.9225,503.0652,338.4650,570.6413,422.3658,489.8083,411.8380,555.7714,423.6347,494.9896,408.6804,552.8696,426.6163,475.5056,422.0573,537.0685,421.9688,471.8636,413.3116,522.6007,420.7341,466.1326,410.6765,503.0120,420.0238,572.1220,432.6520,,,558.1048,244.5311,,,,
73614,0,,,,,,,,,,,,,,,546.7976,243.0409,548.2625,238.7785,516.4837,286.1706,519.9855,265.8476,524.8811,275.6671,545.9503,276.0224,491.4024,342.8825,548.6571,351.9045,480.6066,405.6270,565.5958,424.2822,,,,,,,540.4477,238.1443,540.0764,238.8628,552.4432,240.9713,556.6984,244.4601,514.7488,264.0726,511.7428,284.5935,522.1928,265.9299,516.4407,287.5010,524.9458,258.0202,507.1122,258.0551,554.3120,257.0961,557.3463,260.6050,553.1347,344.1059,487.2204,339.1284,539.5775,346.1021,496.0447,335.8943,571.2860,423.2545,480.1534,409.2970,563.3637,425.3514,479.0802,404.1960,555.6146,427.4976,464.5022,417.5390,539.0600,422.9813,457.7599,408.0602,527.0214,422.2893,449.9844,404.5549,488.1578,416.6835,577.2729,433.6660,,,555.1223,245.6951,,,,
73615,0,,,,,,,,,,,,,,,539.9678,244.5730,535.2508,240.0724,509.8157,284.6545,514.4318,263.7979,518.3322,275.1485,540.5655,275.5351,491.8793,344.6837,548.5359,353.5853,470.2679,405.9950,564.3064,423.8988,,,,,,,531.3688,238.2079,532.3547,241.8803,538.4867,240.5454,547.4325,245.6711,511.8450,262.4566,505.5291,283.1750,516.8427,263.8431,510.1045,284.8806,526.7087,257.7068,503.9858,258.4399,552.2957,257.8551,541.2999,258.0678,551.5563,345.9079,486.1893,341.0306,535.4524,348.4482,499.5183,339.3240,573.1938,423.0325,469.0029,409.1990,559.4276,424.4755,470.0284,403.9514,555.3950,427.4986,453.4877,417.4155,538.6166,423.2546,447.3209,407.1284,527.2637,423.2728,442.7215,403.4519,477.7954,417.3365,572.4462,431.7488,,,547.1833,246.6105,,,,
73616,0,,,,,,,,,,,,,,,542.1511,244.0674,528.9672,239.3649,508.7126,284.5102,509.2312,263.7582,518.4784,275.7528,540.1459,276.5901,485.0936,342.3770,551.8807,352.8570,458.2407,397.3848,562.5778,422.3828,,,,,,,527.5231,237.6550,531.7190,241.2588,531.3793,240.0347,553.5839,245.6944,504.9635,262.5389,502.4958,282.6844,511.8887,263.4451,511.1677,285.4604,520.1916,259.3885,498.8957,257.7946,552.0277,257.4789,544.3205,259.3847,552.7214,345.8698,482.0989,338.8824,539.4839,347.6336,492.5233,336.4287,569.6074,420.6989,458.3585,401.5498,558.6400,422.9623,457.9825,394.8856,553.1842,425.5963,438.2045,406.4137,535.2544,420.4925,433.6443,396.9257,524.8238,420.4797,428.9002,393.3124,465.6379,408.5963,572.5724,430.4837,,,545.7912,244.9875,,,,
73617,0,,,,,,,,,,,,,,,537.1035,244.4826,525.9943,237.7800,507.8447,287.1222,502.6293,263.0834,514.5778,277.1005,532.8283,276.7674,484.4303,343.5372,546.1911,350.7752,448.6418,392.9450,562.7798,419.6441,,,,,,,524.6174,237.5536,529.9085,241.9303,528.0066,239.7230,548.2704,246.0051,498.1770,261.7394,503.6067,285.6290,506.1643,262.6016,509.3267,288.5540,515.2660,260.6514,492.4442,259.4161,545.0146,259.3563,542.3855,261.5663,547.1345,343.8936,480.6131,340.5344,536.6425,346.2387,489.5784,336.4856,567.3301,417.4977,448.3357,397.4438,558.6137,420.3231,448.5148,390.8575,551.0158,423.0112,426.3426,401.0196,532.5358,418.7156,423.4614,391.4816,523.1449,419.9065,418.6682,387.5622,453.1270,403.5807,575.3926,427.1060,,,539.9585,245.3328,541.8406,240.3999,,
73619,0,,,,,,,,,,,,,,,527.6716,246.0987,512.7653,239.1320,504.0566,290.0956,491.0622,262.5058,509.0349,280.3256,528.6082,279.0016,478.2741,345.1091,543.6838,352.2906,440.9770,392.4527,565.4361,423.1833,,,,,,,507.3977,236.6624,521.9742,243.5535,513.3311,239.5026,534.2400,246.9446,487.0435,261.2685,502.4724,288.8517,492.8891,262.2620,501.7773,291.5548,512.3615,263.0819,488.9274,262.0397,538.7360,261.4793,533.9758,263.6107,544.1385,344.5096,474.2649,342.7353,534.9662,348.6607,482.5199,338.3867,570.4816,420.6936,440.4159,397.0126,561.1549,423.6902,441.1861,390.5936,551.5968,424.3641,417.6739,399.9207,534.4185,420.5424,414.9527,390.8553,525.3401,422.0627,411.4419,387.1265,445.9535,402.5952,580.7465,431.4344,,,532.7064,247.2430,,,,
73620,0,,,,,,,,,,,,,,,648.5063,258.0338,411.1549,230.0920,633.6821,294.3724,378.6451,255.8680,552.1830,281.6879,490.5894,275.1300,488.8056,341.5711,519.7060,351.1268,439.9935,390.6219,564.7900,425.6311,,,,,,,399.3364,227.3979,649.7046,255.8429,419.2997,231.3029,658.4262,259.1930,369.8062,253.7403,624.5503,292.6588,375.7835,254.3249,647.3990,296.2464,455.3944,256.3616,524.2376,263.0677,529.8740,260.0430,564.0237,265.3842,490.4785,338.4877,511.7816,339.3830,531.3534,348.3157,473.8093,332.4910,559.6139,422.8365,446.2783,395.3833,565.6096,426.5879,436.5265,388.1576,542.4600,424.4568,418.8195,400.2646,527.3223,420.1150,414.7535,389.0680,521.6598,420.3489,405.0707,385.3458,445.0090,400.6047,582.9565,435.7855,,,535.1659,246.7314,,,,
73621,0,,,,,,,,,,,,,,,636.4519,256.9047,403.5568,229.6676,627.5680,293.1101,376.5564,257.2054,541.6579,280.7417,484.4866,274.4749,482.2986,341.2386,517.7775,347.9869,439.3627,391.3338,564.3106,422.6036,,,,,,,394.6486,227.1060,638.7148,254.8113,408.9969,230.4481,643.1979,257.6622,370.4282,255.7574,619.3322,292.1392,372.4478,256.0546,641.0314,294.9623,452.5850,256.3543,517.6944,262.3384,517.5110,258.9144,548.2152,264.1774,519.4291,339.2869,503.1340,338.7986,520.0002,344.4546,470.7177,332.0833,562.2946,419.9293,442.1849,395.7116,564.1935,423.5526,436.1595,388.8003,544.0976,423.8841,419.4987,401.3461,528.6494,419.9734,412.2354,390.7578,522.2741,421.4989,404.4402,388.0343,444.5542,401.1263,578.8262,431.7314,,,521.0241,245.7320,522.0361,240.1184,,
73622,0,,,,,,,,,,,,,,,505.7568,242.9259,500.0074,236.9904,488.1989,286.8299,477.9344,259.2381,496.1143,278.0844,511.1133,275.7512,466.8256,342.8868,522.6358,349.7603,437.9194,393.8430,560.0733,418.9051,,,,,,,502.1737,237.5201,498.3124,240.4136,498.7846,237.3018,513.5194,243.7775,474.2360,258.3059,482.5073,284.9683,479.1376,259.1848,488.8001,286.8907,493.7307,258.2738,478.9523,259.0106,523.4673,257.7893,521.7840,260.9505,521.9445,340.5372,463.1875,340.0223,511.5369,344.2243,469.4368,335.5922,565.2300,416.3215,436.6918,397.8015,556.8814,420.1307,438.5466,392.0740,549.9593,423.7013,417.7203,403.6727,531.9676,420.7560,413.5063,394.6789,523.4002,422.5001,409.4706,392.1203,443.4946,404.0006,574.1527,426.6475,,,516.9484,244.5114,523.8701,240.4043,,
73623,0,,,,,,,,,,,,,,,621.0509,251.9068,395.7241,225.9266,609.1505,287.3770,369.9881,253.9077,522.4907,276.8940,473.1217,269.8061,462.5523,340.2063,497.9767,342.8514,439.2574,392.8017,553.9851,415.4862,,,,,,,385.6126,225.0259,,,400.4835,226.4980,,,363.3657,252.1087,597.1705,285.4502,366.8393,252.7855,623.6059,289.3124,433.5705,249.0455,488.7232,257.6344,508.4828,254.7742,522.9494,259.6281,503.4050,334.3347,455.9422,337.0004,495.2961,338.2714,461.5815,331.6193,556.7037,411.6939,439.3200,398.4293,553.6000,417.3116,437.3712,390.7668,548.2835,420.7392,418.1890,404.8040,529.9656,418.8717,412.6855,394.9048,523.2998,421.4627,405.4927,391.5054,446.2110,403.7923,570.8134,422.0159,,,510.9058,243.7692,,,,
73624,0,,,,,,,,,,,,,,,492.6530,239.3427,393.3476,225.3975,471.4578,282.8602,470.9129,255.2825,481.3261,273.9972,494.5592,270.0214,458.0449,341.6310,501.7118,345.2933,440.5253,396.3217,547.4596,409.1137,,,,,,,383.9883,224.3734,486.7421,236.6880,398.7504,225.9291,502.0807,240.1815,465.7846,254.5837,467.5195,281.5005,471.6535,255.5940,472.9275,283.1815,476.3963,250.1918,466.9404,254.1557,511.1030,252.7085,506.8705,255.5331,503.8963,336.3773,454.0199,338.3804,491.3339,338.8494,461.3015,333.8673,550.9577,406.5058,438.9416,401.1299,545.3601,410.9356,440.6988,395.0731,542.2188,417.0368,416.8787,408.0262,526.7901,416.7826,412.7766,398.7912,520.9265,420.2907,408.8077,395.6123,448.9578,408.8410,562.9881,416.0057,,,506.5395,242.6240,,,,
73625,0,,,,,,,,,,,,,,,478.9328,238.6412,488.2090,233.7049,455.2677,277.8591,466.3823,254.4028,467.5169,270.8521,485.4926,266.6418,453.6388,342.0612,482.4830,338.9816,438.5693,397.4723,540.4846,403.9039,,,,,,,484.3698,233.3319,473.1672,236.3443,494.4396,234.4798,486.4881,239.5465,462.2869,253.1253,450.6530,276.4054,468.9703,254.8610,454.6690,277.8709,471.9293,247.5670,451.9596,251.8231,499.3910,251.5188,489.3484,254.3427,484.1954,331.7056,448.3892,338.6671,472.9278,335.6180,459.5798,334.7988,548.3879,402.3001,438.1577,402.0972,537.0880,406.0881,439.3081,396.3186,542.3359,416.6581,418.2642,408.0554,523.8805,416.6586,413.2228,398.4008,516.0871,420.3076,409.9131,395.2635,448.2044,408.8157,556.7698,408.9962,,,493.0661,239.0746,,,,
73626,0,,,,,,,,,,,,,,,473.0783,236.3324,488.7413,232.8830,450.0189,276.8772,466.7930,252.9171,464.6254,269.9230,478.3373,264.4227,452.6363,344.2458,468.6209,334.7822,442.1477,400.1307,527.1872,395.9575,,,,,,,481.5931,232.1600,468.3978,233.9287,498.1097,234.0022,478.2597,236.8376,463.6204,251.8572,446.2872,275.5109,468.9591,253.3474,450.2833,277.2281,466.7509,245.2058,453.8754,250.8932,493.6116,248.8029,486.8037,252.3680,469.9198,328.6400,449.1770,340.4574,465.6666,333.9688,456.7800,335.4178,530.2795,393.5379,440.0900,404.0781,524.5465,398.5663,443.2558,398.7034,531.2687,410.8023,421.9136,411.2399,518.7352,413.4745,417.2003,400.9139,513.3819,418.5128,413.8189,397.5879,445.9996,410.0020,539.7497,396.8077,,,490.3160,237.9711,,,,
73627,0,,,,,,,,,,,,,,,466.0391,236.7887,386.2961,223.4572,439.1576,275.9812,463.4651,252.5131,462.4572,270.3042,473.1278,264.0422,449.7383,343.2768,457.9775,330.9873,442.9083,399.8982,509.6007,387.0081,,,,,,,,,462.5247,233.8716,393.9414,224.1499,473.8316,237.8020,458.8096,251.5833,437.2482,274.8967,465.5199,252.9279,438.1158,276.4339,459.6648,245.4200,450.0959,252.1883,488.0500,247.2656,485.4153,252.3209,457.9357,324.9037,447.3816,340.5025,455.6169,330.9425,454.6738,334.3056,511.0769,383.5222,441.5042,404.0362,508.4993,389.6605,443.4447,398.9822,513.4716,401.4332,422.2683,411.9838,503.0091,405.9963,418.4823,402.5465,497.8235,412.1976,414.9993,399.6298,448.9908,410.2243,519.6454,388.4016,,,487.1107,237.1036,,,,
73628,0,,,,,,,,,,,,,,,457.9051,235.2553,479.4620,231.4201,429.2682,273.6037,462.2106,251.6144,452.4965,267.7906,468.5039,261.9934,448.3218,343.8674,447.7797,326.7762,440.8697,397.6481,490.8972,383.7932,,,,,,,,,452.3719,232.2370,481.4798,231.6562,465.9459,236.4090,459.5660,250.5180,425.0004,272.0060,464.2609,252.2432,429.2092,274.3394,454.3815,243.9319,437.3147,249.2858,480.8048,245.6805,473.8046,249.4160,451.1587,322.2406,445.6517,341.1530,441.5731,325.9834,452.1308,333.5976,495.2668,381.1163,439.7991,401.4574,488.7432,386.1273,441.2122,396.5157,494.2991,398.0972,424.5153,409.8894,483.9071,401.7039,420.7368,400.3406,476.2648,406.5822,417.0069,396.5759,448.0700,408.0872,501.6147,386.9073,,,479.7491,236.1328,,,,
73629,0,,,,,,,,,,,,,,,450.3367,234.9216,383.1642,222.5017,423.4634,272.5275,462.4796,252.6104,450.9984,268.7916,467.4977,263.4919,442.9210,340.4353,439.4115,323.5215,442.9871,396.9787,478.7293,377.8531,,,,,,,477.8377,230.8231,443.6929,231.9764,393.8436,223.1848,459.3792,236.1893,458.4507,250.7587,420.1403,271.0903,465.6575,253.5201,422.0478,273.3732,454.6350,246.1253,432.3942,251.0801,482.7531,249.5522,474.0815,252.5769,444.2344,318.9379,439.2004,337.5822,431.2358,323.0302,448.2412,331.4317,484.1071,376.2312,440.8247,400.4204,476.4347,379.9808,441.9119,395.1313,478.4682,389.7391,424.6725,409.3763,466.7543,392.5016,420.9185,399.5980,459.0711,396.9509,417.8304,395.9936,450.8586,406.8740,488.6840,382.4195,,,478.3411,237.0948,,,,
73630,0,,,,,,,,,,,,,,,444.7713,233.3047,484.6496,230.9622,420.2642,270.7401,465.2850,253.1270,454.1819,267.3354,468.8521,261.4117,443.9001,339.0731,435.6744,320.9330,443.9946,395.8836,475.2651,379.2364,,,,,,,478.0481,230.1852,440.3335,230.5003,491.1150,231.6277,451.4506,234.2440,463.0694,251.6675,417.9783,268.8957,468.9704,253.9668,420.6485,271.0689,457.7920,244.1815,437.3629,249.3372,485.8536,247.1853,473.2032,250.1894,439.3858,315.5030,440.6607,335.7829,428.2057,320.4706,446.2547,329.7604,480.3018,377.0932,441.5554,399.6326,472.4853,381.5839,442.9867,394.1800,473.4375,391.3603,427.1632,409.2580,462.9849,393.5467,420.8073,399.2557,454.4426,395.9972,417.2467,395.9111,450.8493,405.3730,485.0993,383.9309,,,480.1949,235.4502,,,,
73631,0,,,,,,,,,,,,,,,438.3147,232.2552,487.6355,231.0847,413.6288,268.9822,465.3973,253.5608,452.2130,268.2978,462.8989,261.8199,441.2771,340.2084,427.2628,319.7030,441.5349,397.7180,457.0025,380.7312,,,,,,,478.6537,230.1946,434.6196,229.5309,492.9858,231.5358,444.3807,233.1591,464.2120,252.2720,411.8916,266.8864,469.1578,254.4329,413.3782,269.4884,454.7675,244.0202,437.5445,249.8460,478.0934,248.4650,468.9827,250.9338,429.8393,314.0031,438.9660,336.1588,421.8322,319.2137,442.0357,329.9820,461.5512,379.0868,437.0650,400.7775,453.5792,382.3881,441.7388,396.5673,454.8142,388.8183,423.4412,409.4773,444.3685,388.5066,420.1917,400.6840,436.2817,390.6328,417.0379,397.7942,449.0676,408.5949,463.2905,386.8691,,,472.9039,234.4662,480.6595,230.8979,,
73632,0,,,,,,,,,,,,,,,433.1068,231.7297,477.8834,232.0388,406.2921,266.6461,454.6018,254.4642,451.4677,268.5635,458.5954,262.0669,440.0941,341.5352,422.0147,319.5647,443.7956,398.8354,443.5636,379.4236,,,,,,,472.7419,229.7003,428.8346,229.1652,480.3276,230.7743,438.5964,232.4660,452.3651,253.1202,404.4050,264.6999,458.0020,255.2282,406.0198,267.8198,449.1978,245.1460,438.3193,252.0631,474.1847,248.4861,468.8798,251.5386,425.1107,313.0839,437.8717,337.2932,416.7830,318.7203,439.5367,331.0181,446.4726,377.1478,440.4214,402.0988,441.2885,381.3540,443.7743,397.7110,437.7350,385.0762,424.8835,410.2734,428.5593,384.1829,421.8949,402.2987,422.7725,386.8546,418.0476,399.8102,450.5602,408.4957,450.6564,387.2853,,,469.6608,234.2212,477.3547,230.6733,,
73633,0,,,,,,,,,,,,,,,426.6686,230.6328,486.3927,231.0489,398.7926,264.7793,470.3075,256.7219,444.7687,267.2788,452.2856,261.4050,436.6459,339.8028,414.3878,318.3608,442.5018,398.4136,424.2798,374.8101,,,,,,,484.8040,230.7083,421.1495,228.1944,508.3990,233.5300,432.3475,231.5857,469.6688,255.6842,396.2780,262.5120,475.8667,256.9576,398.7700,265.8397,442.4467,243.6536,429.5965,250.1284,471.1645,247.6385,466.1343,250.6712,417.9701,312.1778,433.1959,335.6811,409.2160,317.2005,437.4319,330.2756,427.3605,372.8074,439.7299,401.9224,422.3383,376.4399,442.3081,397.4637,418.4028,379.8359,425.1964,410.8168,410.7978,378.6001,420.3668,402.0067,404.9128,380.5248,416.4627,399.2331,449.3043,408.2658,430.3813,382.0138,,,466.1518,233.5043,473.2170,230.1356,,
73634,0,,,,,,,,,,,,,,,415.4507,229.5790,501.6605,233.4030,386.0818,261.9100,466.0505,255.5022,434.5510,265.5581,444.0229,261.7087,435.4999,338.4034,408.5745,316.4898,443.2798,397.2451,401.8629,370.1848,,,,,,,475.9261,230.5585,408.1983,227.0385,493.6724,232.7002,421.5115,230.5115,463.7515,254.9660,383.4554,259.5760,469.0623,255.8844,385.4831,263.1544,436.5008,244.0397,419.7828,247.6431,464.2743,247.6716,457.0443,249.3174,412.7782,310.2131,432.4825,334.0360,404.8211,315.7918,435.7743,329.2520,406.2404,368.7799,439.9007,399.8464,399.2837,371.3720,443.6694,396.3682,394.6463,372.2492,421.7415,408.7159,385.2806,369.2443,417.6327,401.0389,378.7326,369.5106,412.5168,398.2729,450.5478,405.4027,407.4913,379.1067,,,457.8030,234.7523,462.4984,229.8231,,
73635,0,,,,,,,,,,,,,,,405.4405,229.9912,471.4059,234.8871,378.5175,260.0241,456.3007,256.2464,423.0247,263.4069,434.9087,260.7310,431.5437,337.2414,405.6415,316.3588,441.7927,398.1619,387.4866,367.1321,,,,,,,466.1741,230.7872,401.0114,227.4387,477.1262,234.2610,408.4576,230.7180,452.3749,255.2361,377.5756,257.5298,462.0562,255.8646,376.9235,261.0680,428.3849,243.6195,407.2005,245.7230,452.9856,245.9156,440.0933,246.7177,409.2764,309.7638,427.5471,332.4314,403.8327,316.6482,434.1346,329.3867,392.6638,366.1903,436.7153,400.0536,384.2525,367.8386,442.3214,397.5290,382.5640,367.6974,417.7252,408.4887,374.9268,364.1701,414.1879,400.9554,368.8313,364.1317,410.1999,399.0231,448.4603,406.3269,391.5425,376.1967,,,444.9986,233.6514,,,,
73636,0,,,,,,,,,,,,,,,398.3344,229.4384,470.6288,235.4745,370.5330,259.4113,450.5278,257.3562,408.0105,262.8446,442.0440,264.2533,430.9080,337.8568,484.2729,338.5625,440.4815,397.8226,375.4368,363.5616,,,,,,,467.2138,231.2599,391.6663,226.8586,473.1808,234.6562,402.9311,230.4562,450.9809,255.9698,368.5509,256.5929,457.6451,257.3846,368.6518,260.7385,433.0793,246.9311,386.1289,243.9744,454.5050,248.7154,431.7217,247.4218,495.3101,333.1071,424.7724,333.0267,401.2744,316.6355,382.0204,313.7075,380.7559,363.2034,434.1210,398.8884,372.5263,364.4014,442.8027,397.3702,371.5175,362.8309,415.2668,407.1316,361.0425,357.2068,412.1480,398.9727,355.1059,356.3696,410.9019,397.7459,448.5580,406.9496,378.0299,373.2187,,,441.7376,233.8650,446.8808,229.9041,,
73637,0,,,,,,,,,,,,,,,391.0134,228.8449,459.2281,233.7558,367.1106,257.5643,443.1008,257.0182,411.7417,263.4332,425.9753,261.2919,424.1158,335.3395,398.4519,314.4705,440.4221,397.5017,372.8500,361.3788,,,,,,,455.4240,230.6353,386.1546,226.6051,463.1591,233.4863,394.4528,229.8797,437.1528,255.9167,366.1537,254.9806,447.3369,257.7665,365.3695,259.1770,418.6289,245.7313,391.9950,245.4904,445.2511,248.2089,430.7340,247.6687,403.7947,308.6174,419.8079,330.7997,394.0304,313.6848,427.7845,327.7967,377.9073,361.1587,435.9395,399.5200,369.8067,361.9938,442.3158,396.6064,366.6192,360.2111,417.9234,408.0339,359.5196,355.3174,414.2993,400.1908,352.3828,353.8192,410.7539,398.1425,448.8806,405.5580,375.8715,371.5394,,,435.4345,233.4734,439.7711,229.7329,,
73638,0,,,,,,,,,,,,,,,385.3232,228.9659,454.2566,233.1928,361.1878,256.7523,434.3710,256.8530,410.9336,264.3715,421.1695,261.8011,420.5987,335.7286,392.1599,314.0296,437.7102,396.5153,369.1820,361.4452,,,,,,,450.2222,229.9091,380.7251,226.4274,456.8222,230.7606,388.8641,229.8265,431.9373,254.8182,360.8404,254.3140,438.5575,257.2247,359.5883,258.3912,412.6594,246.2221,392.9736,247.5662,436.6945,247.3886,426.9598,247.6735,396.2274,307.8591,416.6056,330.6819,388.1751,314.0223,423.3050,328.3560,373.8973,360.7331,434.5324,398.6404,366.1357,362.1884,440.4543,395.7339,361.5518,359.8710,418.7580,407.8784,354.6466,355.4749,414.5152,400.1217,348.4008,354.4212,411.0212,397.8573,446.2668,403.7634,372.7092,371.5614,,,430.6304,233.4139,435.8040,229.0018,,
73639,0,,,,,,,,,,,,,,,387.4828,229.0448,454.7531,232.3655,361.4672,256.7730,428.7523,255.1621,409.1354,264.9964,416.0520,263.1518,418.0112,333.9276,387.8269,313.3888,435.5951,396.3185,369.9282,362.9255,,,,,,,453.1683,232.0190,382.6111,225.8175,450.8242,233.0917,390.4577,230.3085,427.8553,255.0320,360.7122,254.1715,430.6347,255.5330,359.7311,258.1452,409.1194,247.5309,391.0361,248.5216,430.1323,247.9784,422.3496,247.8527,391.3127,307.2456,414.3830,329.6163,385.6762,313.1556,420.5151,327.5539,374.2106,361.8066,432.8421,398.5973,367.2196,363.7035,436.4530,395.1869,362.4225,362.8903,419.3041,408.4759,355.3100,359.4259,415.4602,400.9918,351.3246,359.6975,411.4819,398.5381,442.8125,404.2366,373.7886,372.9641,,,424.4237,233.0974,431.3511,230.1901,,
73640,0,,,,,,,,,,,,,,,381.0931,229.0890,453.0463,232.4248,359.1047,256.5517,426.7960,255.8125,398.8213,261.6938,410.9566,260.8911,411.5755,331.5425,383.4920,312.3954,433.8444,395.7522,368.1618,363.6544,,,,,,,440.6867,230.8728,374.7499,226.9223,449.5664,231.8916,385.1528,229.7772,426.1648,255.2041,357.8446,254.0476,429.2026,255.8697,357.2675,257.9872,404.1807,245.6640,381.4616,244.7642,427.1629,245.0581,414.2596,245.1705,387.6546,306.9060,406.8392,326.7906,378.8581,310.7881,414.5666,324.4057,372.4272,362.8023,431.1294,397.7879,365.3300,364.1600,434.3185,394.5375,360.7945,364.6797,418.5115,408.2715,351.0069,360.0194,414.7330,400.6843,349.5307,361.3947,411.5805,398.6293,441.2515,403.8264,372.1947,373.9202,,,420.3272,231.9444,424.1261,229.9194,,
73641,0,,,,,,,,,,,,,,,378.2966,228.1604,433.0125,229.9989,356.1290,256.5484,426.9262,255.5509,396.4149,262.0463,402.8148,259.5084,404.2716,329.2640,382.3563,312.5493,434.5242,394.3399,367.9959,363.5687,,,,,,,431.2706,229.7479,372.3038,226.1617,446.4003,231.6878,382.4946,228.8276,424.6622,254.8712,354.4399,253.7616,429.1946,255.4022,354.3547,258.1164,397.2211,244.4749,381.2725,246.5817,420.0951,243.9010,412.0772,244.7582,385.8530,306.8250,400.0119,324.7704,378.7599,311.0370,406.0884,322.6265,371.4657,362.6277,432.6966,396.2590,365.1271,364.0677,434.7492,393.6328,358.8955,364.6749,420.5846,407.7248,349.2605,360.6588,415.8792,401.2538,347.6509,362.5919,411.8865,399.6372,443.0130,401.3628,372.5631,372.9313,,,414.2750,230.4416,418.1118,229.1379,,
73642,0,,,,,,,,,,,,,,,376.1565,227.2923,450.5377,231.1646,355.1444,256.3915,426.2703,254.8443,393.0222,259.6164,404.1838,257.3920,401.4554,328.0544,381.5209,312.3424,433.6105,393.9110,368.5387,364.1471,,,,,,,431.9528,228.7907,372.3268,225.3221,446.0417,230.7439,379.5856,227.9910,423.0891,253.9567,353.2268,253.5549,428.9852,254.4597,353.8293,257.7565,397.0647,241.9936,378.4071,243.3400,420.2287,241.9858,408.7238,243.1641,384.8396,306.2364,397.3302,323.5156,377.9259,310.2297,403.4914,321.4517,371.9050,363.2020,432.0384,396.1043,365.6093,364.6926,433.9762,393.1956,359.5068,365.0731,421.4870,407.1174,352.0087,361.5614,417.8525,400.7152,346.2461,362.0943,415.2353,399.3710,442.2302,401.1134,372.1041,373.4207,,,413.7025,230.0735,416.4133,227.9737,,
73643,0,,,,,,,,,,,,,,,373.7318,225.5133,445.5711,229.6524,352.7648,254.6980,423.6163,254.0996,389.0106,257.9575,396.5017,254.6761,390.6597,324.6829,379.6362,311.0980,430.6731,390.0225,368.7654,363.9642,,,,,,,429.5948,227.7110,370.7781,222.6947,433.5167,228.5137,376.9219,226.1819,420.9216,252.8747,351.9024,252.0255,424.0307,253.2585,350.8789,255.7223,388.1196,238.4782,377.6279,241.2909,410.4078,239.2206,402.7439,241.3465,382.8881,304.4740,387.4846,321.4449,375.0758,308.6590,393.3566,318.8853,372.5894,363.1755,429.6494,392.3842,365.3597,364.3155,431.1065,389.7249,360.9061,365.9120,424.2253,406.7145,350.5154,361.6277,421.0288,401.2393,345.8750,362.3942,418.7017,400.6016,438.4982,395.7481,372.1360,372.9088,,,405.6424,228.0977,,,,
73644,0,,,,,,,,,,,,,,,370.2959,224.6860,449.6264,229.6053,349.6876,252.8252,426.5205,254.7564,382.8067,255.3334,395.4212,253.4863,379.3786,321.6022,378.9154,311.8577,424.0637,383.7017,367.8570,363.7988,,,,,,,433.1860,227.5091,367.2596,222.1029,445.1237,229.1182,372.4154,225.2426,426.3335,254.0180,349.0648,250.4132,428.0089,254.0492,347.6383,253.3413,387.9074,238.9014,371.4617,239.2482,410.5411,238.0600,400.6289,238.8791,383.4486,305.6305,376.0074,317.9798,373.3477,309.2607,385.3337,317.2885,372.8027,363.5624,423.1674,385.4744,364.3100,364.2380,424.5355,383.6745,361.9477,366.0151,418.3654,401.2904,351.7938,362.0780,412.9217,397.1261,343.6332,361.8679,411.5720,397.5172,430.5870,386.5882,371.1961,372.8028,,,406.6681,227.6118,,,,
73645,0,,,,,,,,,,,,,,,367.5362,223.9511,448.2507,229.0883,346.7494,252.2747,421.9399,254.9216,377.6564,254.9856,391.9499,253.5559,367.5472,319.2052,376.0982,311.4500,414.6273,377.7563,367.6691,363.9505,,,,,,,432.2902,227.2045,362.2786,221.2388,443.4664,228.5926,370.5565,224.3730,421.6532,254.1133,346.4697,250.1659,423.6965,254.3494,344.5498,252.8459,383.9786,239.0015,367.3864,239.4504,405.4109,238.8791,394.8369,239.1549,380.6146,305.2480,364.2880,316.0779,370.5362,309.1908,372.3319,314.6204,373.4151,363.8966,413.5120,378.5134,363.9438,364.5718,416.0558,378.9258,362.3926,367.0925,411.9218,397.5506,354.5266,363.4491,407.7621,395.3515,347.8137,363.5159,405.5176,396.9601,420.5435,377.9865,373.5393,373.7559,,,399.9461,226.7081,403.1654,225.0194,,
73646,0,,,,,,,,,,,,,,,364.0524,222.5410,435.2762,226.6512,344.2976,251.8763,414.7217,253.7640,377.0400,254.9848,390.3697,253.7162,357.7251,316.7390,371.8502,310.7837,406.8329,378.3925,366.5305,363.0942,,,,,,,425.9496,225.5295,357.2029,220.7595,431.1437,226.2130,367.5349,223.2099,414.8982,251.8048,343.3775,249.9836,416.6454,252.8928,342.5156,252.6963,381.9906,238.7172,364.2176,240.2922,404.1358,239.1052,394.4828,239.3125,376.2761,304.6883,354.9977,313.3940,366.7889,308.3796,363.0157,312.5780,371.4165,362.5891,404.6379,379.8150,363.0853,363.8601,407.4805,378.9549,361.0005,366.5885,405.2077,397.2179,351.7475,362.7940,401.6685,394.4895,345.0074,362.6272,400.1912,395.4574,412.4270,380.0258,371.2788,371.6539,,,398.2640,226.3419,,,,
73647,0,,,,,,,,,,,,,,,359.6148,221.6163,403.4279,225.3115,340.2591,250.0466,387.2121,249.1917,366.7374,252.9746,381.7217,252.3751,346.0522,312.7321,373.0540,312.0637,388.7438,373.2161,366.9326,363.5638,,,,,,,406.0439,223.3918,354.6544,219.1343,408.0070,225.1791,361.8797,222.1784,386.7115,247.3594,338.8765,247.7853,390.7505,249.3697,338.7929,250.7450,377.3845,238.2764,355.0973,238.1412,396.4084,237.6853,383.0807,237.3625,377.3675,305.5332,342.0313,309.3652,364.7602,308.2640,351.4931,308.7513,372.9859,363.3489,385.7684,375.0236,362.9076,364.2657,390.4213,373.7424,363.0601,367.1575,386.8213,391.3968,353.9428,363.4466,385.9229,388.6262,346.9356,363.2103,387.1036,390.4261,394.3826,376.2108,371.6911,371.6518,,,390.6811,225.2347,,,,
73648,0,,,,,,,,,,,,,,,357.7795,221.5534,395.2620,223.8091,335.3498,248.2263,375.7010,245.3074,361.2541,251.1533,379.0666,251.4630,342.7855,311.0205,368.8332,310.3791,375.8531,367.3961,364.9691,363.1193,,,,,,,397.7681,221.9787,351.4319,219.6349,398.2568,223.7004,361.3167,221.9625,374.2868,243.5504,335.0969,246.4974,377.2908,245.5144,334.1147,248.5228,375.7621,237.4254,351.6454,236.4857,392.3904,237.1004,379.5861,236.9722,373.6561,304.3701,338.3480,307.8122,359.5852,306.5756,350.1419,307.3135,371.3287,362.9361,373.4864,368.1415,361.7567,363.9060,377.5502,368.1973,366.0450,368.2496,368.8052,383.4017,353.8241,363.9895,366.4106,381.8384,345.7766,363.5269,365.0396,383.4389,381.0408,368.5360,370.5991,371.5367,,,386.5311,225.9636,,,,
73649,0,,,,,,,,,,,,,,,356.8941,222.0166,384.0048,220.6809,332.5097,248.9450,367.3087,242.8625,360.7782,249.6838,377.0645,249.6991,340.5605,309.4962,363.8831,308.5685,360.6433,362.1363,363.0654,361.0084,,,,,,,380.1598,220.2749,350.3263,219.8540,390.1936,221.1926,361.3537,222.4729,365.2389,241.1533,330.9933,247.0233,368.8592,242.7134,330.7604,249.3567,369.9185,235.6955,347.8732,235.4014,390.3566,234.4973,380.2205,235.6301,367.1145,302.3816,336.3190,306.8254,354.3732,305.4471,346.2553,305.8484,369.0254,360.6194,357.8701,362.8644,360.3199,362.1598,361.7935,362.4567,364.5959,367.1858,346.8787,375.9048,354.5013,363.3651,343.9207,373.2691,347.1186,363.4926,342.9116,373.6584,368.3653,364.8589,368.5321,368.8435,,,385.6084,225.3358,,,,
73650,0,,,,,,,,,,,,,,,355.2153,221.8008,376.5179,221.8884,328.3810,247.0196,363.2335,239.4189,357.1230,248.1528,373.2685,248.1743,339.0155,307.6116,358.7844,306.2432,350.0325,361.7543,366.1825,358.8191,,,,,,,,,,,381.1551,220.8777,359.4019,222.3495,361.4450,237.9633,327.2231,245.3618,365.6124,239.7846,326.9059,247.4410,368.4121,233.2820,344.4011,233.5717,385.7268,233.4995,375.4779,234.1355,363.2977,299.7300,334.0833,304.8134,349.6586,303.1532,342.6838,302.6178,370.8642,357.8012,347.1192,363.8939,363.2224,359.8747,352.0552,361.3873,364.8191,365.8282,336.7528,374.4878,354.6527,362.8087,336.1129,369.3642,348.2590,363.5535,333.8064,368.1665,356.2659,367.1933,372.1173,365.1247,,,379.3374,224.7455,,,,
73651,0,,,,,,,,,,,,,,,354.3972,221.0936,374.3709,220.0954,326.4113,247.6375,356.1249,238.9228,351.6339,247.6744,370.7173,247.8323,330.2355,304.3617,364.0934,307.1582,347.1536,363.2535,363.3385,359.4436,,,,,,,373.2166,219.9785,348.6512,218.3063,377.3888,220.3478,358.3789,221.4386,355.2486,237.8675,325.0736,246.3074,357.6280,239.4342,325.5103,247.6602,367.1395,232.6002,343.1992,232.3664,383.2598,233.1841,369.7850,233.4581,367.5689,300.7702,326.4616,302.2358,351.6282,303.1363,336.3294,299.9383,368.3533,358.5255,342.5105,364.7649,360.2114,359.9862,349.2102,363.1255,362.3168,364.8960,334.4359,374.3685,351.8150,361.8578,333.3261,367.8578,345.3248,362.9925,330.5398,366.8481,352.2662,371.9919,368.9727,366.2455,,,377.1844,223.8524,,,,
73652,0,,,,,,,,,,,,,,,349.2348,220.6223,371.3561,220.1322,324.6524,249.6233,349.9944,237.6534,347.5469,248.1351,368.5429,248.2987,323.7925,303.1836,366.5898,310.2588,329.4158,359.0633,366.0156,362.7195,,,,,,,369.0958,219.8074,341.2181,217.9589,373.3721,220.3497,353.1822,221.0007,349.7587,236.5739,322.2341,247.9109,350.9545,238.4074,323.1690,249.4617,364.4012,233.4258,339.2725,232.8503,379.7385,233.7164,366.2449,234.2415,369.8026,304.3292,319.9292,300.9295,355.8832,306.0643,331.1426,299.4273,372.3044,361.9902,325.3242,360.4894,362.0593,363.0087,330.8547,358.9242,365.3825,367.7196,316.3594,367.9610,354.8532,364.3463,314.5896,361.8890,347.8347,365.2886,313.6807,360.6253,332.7072,367.9021,371.1013,369.1408,,,373.4793,223.5008,,,,
73653,0,,,,,,,,,,,,,,,345.9513,221.0402,368.4314,220.5903,321.7001,249.2336,346.8365,235.8506,344.2993,248.2089,367.0114,248.6917,321.1003,301.6361,363.7308,309.2603,315.4101,353.6673,365.3107,360.9824,,,,,,,365.4137,220.1951,338.5899,218.4747,368.1664,220.6728,350.8000,221.4606,346.3580,234.7119,318.3187,247.5505,348.2772,236.7872,320.8042,248.9422,360.5137,234.0424,333.3163,232.7566,378.3864,234.5575,364.2810,234.9340,368.2199,303.5438,317.9210,299.0262,353.6116,305.2526,327.4554,297.6650,371.7645,360.5584,312.0741,355.4113,360.4322,360.9011,316.5807,352.9319,363.2258,365.3043,300.3131,361.5864,351.5036,362.4861,300.0232,355.7031,343.8760,363.6660,299.1831,354.0535,318.6088,362.7852,369.8940,366.4297,,,371.7662,224.2644,,,,
73654,0,,,,,,,,,,,,,,,343.5642,221.6013,366.0633,220.3986,320.6735,251.1311,344.1876,234.7250,342.9620,249.3504,364.0862,249.3794,321.3682,302.1195,363.3732,308.5703,310.0236,352.2195,364.5142,360.6581,,,,,,,364.4119,220.0890,336.4853,219.6451,366.7689,220.5501,348.6570,222.0422,343.7661,233.6499,316.9376,249.3320,346.1701,235.6811,320.1126,250.9188,358.2208,235.5851,332.7854,235.0147,374.9417,235.2221,363.1702,235.8830,367.2051,303.3281,319.1872,299.7957,355.1002,304.9758,326.8999,297.8541,369.9889,360.3385,307.2842,353.9963,359.4547,360.6039,311.3802,351.4668,359.9619,364.8666,294.8406,359.1212,348.5577,362.2114,293.6641,352.6712,341.1841,363.4714,293.1412,350.6295,314.2992,360.8501,367.7434,364.8626,,,369.1434,225.4487,,,,
73655,0,,,,,,,,,,,,,,,340.6198,221.3346,361.5788,220.2873,317.7164,250.7493,339.0943,234.7876,339.8252,249.1325,358.5963,249.5222,320.1975,301.6934,361.3561,307.4773,295.9881,345.0026,362.8472,359.2716,,,,,,,360.5341,220.1314,333.0295,219.5255,362.6994,220.3863,345.8395,221.8035,337.6792,233.9465,314.2460,249.0079,341.1266,235.6305,316.7786,250.0449,352.7435,235.0356,330.4887,234.9266,371.0197,235.2332,359.5067,236.2615,364.7704,302.1429,318.9137,299.7856,353.6956,303.7873,325.1509,296.9607,368.6806,359.2998,292.1414,346.9030,358.0343,359.4276,297.5306,344.0954,359.1627,363.8139,279.5687,351.1648,348.8584,361.2689,281.9524,344.4903,341.1285,362.6234,282.0579,342.5553,296.4431,353.2928,366.4639,364.5115,,,364.6354,224.9960,,,,
73656,0,,,,,,,,,,,,,,,333.2297,221.7259,354.1027,220.1279,314.4121,252.3889,334.9591,234.2962,334.3091,251.2720,352.2799,250.8007,315.5598,302.2359,359.5939,308.4815,287.1333,340.9208,363.2909,359.7980,,,,,,,354.6338,220.1459,326.6929,219.9194,355.7359,220.2247,338.1039,222.1559,333.7735,233.0947,311.2849,250.6439,336.9486,235.0369,313.6590,252.1947,345.5808,235.9025,325.0141,236.6352,362.7089,236.6880,352.2496,237.6164,361.5919,302.6004,314.6911,299.8036,351.4489,303.6947,321.1582,297.1957,368.5668,359.3299,283.2958,342.3883,358.3304,360.2567,288.2398,339.9402,360.1211,363.9335,269.0214,345.7010,350.3090,361.7912,273.7360,339.8126,343.3558,363.3962,273.0482,337.6181,286.1308,346.9951,366.9434,365.6272,,,356.4648,225.6103,362.9639,221.6350,,
73657,0,,,,,,,,,,,,,,,326.4652,222.7202,347.6741,220.1857,307.9974,250.4795,331.5251,233.7852,327.7869,251.5578,347.0425,251.1207,309.3774,302.0674,355.3721,310.0057,281.4884,340.4485,360.4856,360.6225,,,,,,,346.5775,219.9403,319.2696,220.4099,348.2433,220.2914,329.6159,223.0038,330.5240,232.9750,305.4512,249.0022,333.0214,234.5535,305.4337,249.5642,339.4357,237.1128,317.9899,237.3971,352.4566,236.9981,342.5587,237.8222,358.1760,303.9537,307.6252,299.3142,347.6607,305.3640,316.9055,298.1124,365.4711,359.7480,278.4148,341.6935,356.0700,361.3573,282.9470,339.5091,359.4605,365.1289,263.2381,344.4612,350.0400,362.9911,267.0830,338.8968,343.2300,364.2138,267.7498,337.0559,281.4125,346.5097,364.8270,367.9485,,,346.5490,226.2917,,,,
73658,0,,,,,,,,,,,,,,,323.0249,224.1733,341.9788,220.6675,306.2299,253.3792,329.5395,234.7084,325.1591,253.1398,342.3136,251.7256,306.2800,302.0236,350.2313,308.3003,283.6647,342.7513,361.7170,361.9405,,,,,,,,,318.7104,222.3551,342.9594,221.0918,325.9607,224.5042,327.9394,233.9523,304.0289,251.9044,331.1276,235.3107,303.9397,251.9009,335.4527,237.1633,314.9498,238.0099,348.5730,237.2000,338.6629,238.3418,352.5495,303.2632,303.4177,299.6659,342.4995,304.9114,313.3945,298.4039,365.9977,360.8201,279.5953,344.6224,357.7300,362.7790,285.6430,341.8844,360.3993,366.9942,264.9232,347.2620,350.3045,364.8171,266.0118,340.9140,342.8969,365.7132,266.1267,338.5556,285.6783,350.7910,366.9471,368.4204,,,343.8073,227.6890,,,,
73659,0,,,,,,,,,,,,,,,315.4110,222.9971,339.7813,221.7161,299.8207,253.1560,323.1123,235.1821,315.9240,251.0951,336.8438,249.8200,301.9803,301.4604,344.8244,306.1671,282.8187,342.0761,363.4737,358.2891,,,,,,,,,310.0350,221.6430,341.8259,221.9425,317.6268,223.6453,322.3919,234.2672,297.6842,252.1128,325.1547,236.0242,297.8948,252.0930,331.6620,234.7747,305.0109,236.4849,341.2549,236.2865,330.1380,236.9441,347.6623,301.1376,298.9571,299.2027,335.4971,302.7819,308.7775,297.0137,367.9706,357.2286,277.9802,343.6770,359.7824,359.0587,284.4094,341.3941,363.7566,366.0701,264.0195,347.5108,352.1833,363.4067,265.1736,341.4794,345.2247,364.3435,267.2878,340.7275,285.5054,350.7309,368.4324,363.7517,,,335.9486,227.1833,,,,
73660,0,,,,,,,,,,,,,,,310.4778,222.5048,265.4679,215.6359,383.3096,254.5576,245.9121,235.6813,315.0075,251.9520,325.1711,250.0173,300.6284,300.8608,333.9504,303.6245,283.8906,343.6746,363.6276,357.3834,,,,,,,260.8406,215.1279,,,267.9220,216.0346,,,244.6759,234.6671,377.4336,253.0782,242.8980,234.7321,389.5562,255.5474,324.0609,233.7814,307.4150,238.4206,329.4378,235.4734,328.1473,237.4823,336.2857,298.3308,301.2142,299.2161,331.7822,301.2574,303.1124,295.5840,365.5245,356.1566,281.7247,345.4409,360.9116,358.2012,284.7712,342.5300,360.0774,364.8650,267.4815,349.9050,351.3207,362.7745,266.1905,343.1357,346.6303,364.1847,266.6365,341.6949,287.6538,351.3029,369.6122,362.8213,,,328.3448,226.0567,331.2605,222.1063,,
73661,0,,,,,,,,,,,,,,,305.3528,221.2988,330.8911,220.8082,291.3228,252.6601,319.4651,238.4736,306.2722,249.9237,323.3495,249.3124,295.4308,299.5458,330.7814,303.9333,284.6546,343.2170,357.7743,352.4373,,,,,,,332.4895,220.8764,300.1781,219.1336,331.9187,221.1873,309.0181,221.7328,318.1853,237.5210,288.0923,251.5574,321.5334,238.7202,291.1259,252.1955,319.1376,235.4041,297.5243,236.2822,327.1269,235.6404,317.6266,236.3511,332.9934,298.8638,293.1692,297.1633,325.1200,301.0922,300.7067,296.0798,361.6495,351.0585,281.3974,345.2028,355.0258,353.6771,285.6612,342.1410,358.6515,362.1986,268.2129,350.2397,348.6666,361.7259,268.5237,344.0179,342.4071,363.5151,266.4626,341.9942,288.1254,350.6142,362.5360,355.6048,,,321.6851,224.7629,324.8385,220.9264,,
73662,0,,,,,,,,,,,,,,,301.8718,219.9964,327.1087,219.3873,286.4193,251.0173,317.7393,240.2831,301.0283,248.3087,319.0691,247.3893,293.5726,299.1372,326.9145,302.5338,283.9635,344.5236,352.5469,344.9322,,,,,,,326.0412,219.2112,297.3977,217.4524,331.9195,219.8372,305.4649,220.3864,315.9850,238.6710,283.2993,249.9844,319.0134,240.0725,286.3402,250.3815,313.7207,233.6549,293.3935,234.6126,323.7130,234.3058,313.6090,234.6812,328.1554,298.3800,291.2109,297.4189,320.7621,300.2020,299.5349,295.7458,355.2891,343.2693,280.4174,346.1431,350.3810,346.1962,285.2230,343.4876,354.1182,356.8644,269.1205,352.0714,346.2722,358.2250,268.4373,345.7005,340.5484,360.8051,268.4700,344.4619,288.1725,352.5345,357.1365,346.4700,,,317.9132,223.1372,322.9290,219.5787,,
73663,0,,,,,,,,,,,,,,,298.6648,219.0494,341.7386,223.3498,281.8225,250.2126,330.0064,244.6282,298.2748,248.1979,317.0396,247.5895,289.6011,299.7327,321.1354,300.6392,284.1256,344.3494,344.7952,339.8463,,,,,,,339.0707,220.3345,292.3494,217.1675,345.6766,223.2468,303.8733,219.7310,327.8813,243.5814,277.8925,249.1352,334.2522,245.2253,282.3547,250.0991,311.4414,234.6962,291.5521,235.1047,323.7179,235.6207,315.6844,235.8992,322.9406,296.7234,286.3580,297.5125,314.5080,298.6041,295.7232,295.7379,347.5792,338.5834,281.4190,345.8152,342.4434,341.3200,284.9497,343.1475,348.2727,353.0153,268.1564,352.0566,342.0153,356.0252,267.2015,345.4299,338.3293,359.5473,267.3882,343.5382,290.8455,351.9554,349.1471,339.4845,,,320.2584,223.6314,322.7445,218.0139,,
73664,0,,,,,,,,,,,,,,,293.9823,217.7595,333.5310,221.3365,276.4370,247.2313,320.3382,240.9667,294.0691,245.7509,311.6556,244.4351,288.7021,300.7212,314.1866,297.9435,285.3516,344.5674,336.6380,338.4421,,,,,,,330.8436,218.1693,287.3884,215.9607,338.4262,221.3963,296.2222,218.2478,318.6417,239.9969,274.0620,246.2042,323.1770,241.0570,274.7918,247.0278,306.1402,232.1673,286.1441,232.4629,319.8141,233.3280,309.9484,233.3284,316.6706,293.8480,284.6746,298.4567,306.3426,296.0023,295.1353,295.9895,339.9522,337.1137,283.0963,346.6194,334.2673,339.9844,286.4186,343.6260,341.6738,350.5170,271.6840,353.1539,334.1533,352.8805,269.9412,346.8227,330.3350,356.5670,269.0630,345.0624,290.9788,352.1855,341.6622,339.4368,,,314.9100,221.9450,315.7452,217.3088,,
73665,0,,,,,,,,,,,,,,,287.5348,217.4752,335.8158,221.9361,268.0966,245.3132,325.4394,245.4752,292.7794,245.3371,310.3219,245.1969,287.6831,301.1073,307.0046,295.4714,286.8667,346.4819,328.4223,333.8478,,,,,,,336.3460,220.2375,280.3181,215.1930,339.0541,221.7089,289.7805,217.9432,322.7831,244.6427,265.6373,244.1051,327.6408,245.2949,266.2030,245.1209,304.0570,233.2814,282.3403,232.9700,318.6334,233.9043,307.6634,233.9094,311.0382,292.0879,284.9571,299.0881,299.4939,294.5353,294.5279,296.4353,331.8927,332.4126,283.5264,348.3192,326.3784,335.7619,288.5968,345.8432,332.2653,344.7234,271.5017,354.2354,323.8641,347.7532,271.7704,348.2762,319.8340,351.5120,271.8056,346.5732,292.8116,353.9373,333.4689,334.8010,,,313.2154,221.7325,318.6566,216.9518,,
73666,0,,,,,,,,,,,,,,,284.1370,216.2550,330.8295,219.2780,267.4820,244.2967,323.6727,242.8978,293.5946,243.7242,308.5834,242.7800,287.6749,300.9934,299.7196,292.4600,286.3442,345.9488,325.9457,334.9222,,,,,,,329.4120,217.1768,278.0847,214.4120,335.1989,217.9057,286.5365,216.3959,321.1756,242.2181,264.8557,242.9633,326.3880,242.5687,266.7835,244.4146,303.9488,230.8941,284.1578,230.6287,317.9450,231.4448,308.1256,231.2615,303.1541,288.9326,283.9954,298.4939,294.3160,292.0283,293.0943,295.8132,329.6573,333.6886,283.7460,348.2740,323.9094,336.6603,287.9841,345.2401,328.9508,346.1522,271.6207,354.6135,321.3665,348.6978,270.9363,348.2406,317.4761,351.8905,270.7576,346.6052,291.0564,353.9294,331.7157,336.1138,,,313.0832,219.6974,319.2390,216.8055,,
73667,0,,,,,,,,,,,,,,,280.9909,214.6698,341.0185,217.4931,263.4172,242.1903,319.2838,239.2885,291.3061,243.8624,304.8864,242.2229,284.1251,300.4885,292.4671,289.6558,286.2688,344.6503,314.0726,332.5015,,,,,,,330.2605,216.2409,274.3270,212.7015,338.9666,217.1763,283.7319,214.8254,318.1075,238.3789,260.4679,240.4651,321.9294,239.4232,262.7024,242.9519,300.0123,229.8056,280.7786,230.3205,316.7638,231.6094,307.3257,231.7597,295.8873,286.2289,280.6654,298.0675,285.5123,289.0453,288.6181,295.5402,318.3361,330.7953,283.5762,346.7932,311.7881,334.5822,287.2148,343.7567,314.5360,342.3826,274.3949,354.5156,306.3995,343.4589,272.0681,347.8873,300.3205,345.5400,271.6189,346.3551,291.3058,352.2190,321.2271,335.5032,,,312.1109,220.4803,318.5954,215.4856,,
73668,0,,,,,,,,,,,,,,,275.3042,214.3539,311.8899,214.7883,258.1646,239.2006,299.3389,238.1118,288.5733,242.2013,299.2378,240.4375,282.8960,297.9451,286.5648,287.2415,285.9071,343.9864,308.2939,333.6347,,,,,,,311.9783,214.8508,268.8001,212.5103,312.3513,215.0710,278.5067,214.7885,296.9415,237.1690,256.3193,237.3675,301.8665,238.2847,257.8598,240.2798,294.7271,228.3109,280.7587,228.9820,310.0423,228.9804,303.1029,229.4900,288.8514,283.2520,281.3206,295.0259,281.4111,287.1592,285.7041,292.0788,312.7837,332.7647,283.5573,346.1171,305.1403,334.8310,286.4270,342.9791,309.7061,342.5257,273.3449,353.8243,301.2627,342.3402,271.1805,347.7171,294.9229,344.0374,270.3349,346.3232,290.3403,351.0425,315.0760,337.7656,,,307.1991,217.4954,311.5021,215.1458,,
73669,0,,,,,,,,,,,,,,,269.8284,213.4770,328.2202,216.7769,254.5977,237.3979,306.2169,237.8494,283.7410,241.6107,297.9380,240.0788,280.8586,299.0391,280.7733,286.1914,284.3546,344.5357,294.7532,333.1313,,,,,,,316.2021,215.4418,263.5683,210.8531,324.5023,216.4260,272.8930,213.5468,303.4405,237.0151,252.9947,235.5499,307.5420,237.8922,253.7482,238.3971,293.3614,227.6161,274.9074,227.3371,309.0919,229.2542,300.1204,229.2294,284.8023,282.2968,278.7240,295.6550,274.2787,285.2704,283.8078,292.7537,299.7942,332.2999,280.7966,346.4257,291.3436,334.0644,285.5868,343.9290,295.9360,340.2394,270.9475,354.2408,285.6929,339.3404,270.9645,349.7691,279.3786,341.1884,269.6552,348.4646,289.3875,351.1459,301.0085,338.8625,,,305.9986,218.3450,310.9702,215.1270,,
73670,0,,,,,,,,,,,,,,,266.0246,213.6943,322.9737,216.5526,251.0358,235.5959,305.8797,238.3281,280.0737,240.8704,295.3828,239.6241,279.4357,297.3937,274.9377,284.5862,285.4983,344.6577,283.0474,331.1262,,,,,,,313.5390,215.2675,259.8054,211.9246,317.7060,217.2058,268.7660,214.0777,305.9285,237.8093,249.2500,233.6799,306.9142,238.2294,250.1850,236.5065,289.1361,228.0914,269.9100,226.9205,304.7872,229.4592,295.1036,228.9083,279.2787,281.1231,277.8245,294.3281,267.7796,283.3266,282.9075,291.9241,287.5565,330.6080,282.9370,346.5978,280.9644,332.1548,286.1177,344.2925,282.4202,336.5155,272.9859,354.9447,275.2303,335.2027,271.4202,349.2168,269.8450,336.5065,270.0455,348.0380,289.8847,351.3379,288.0849,336.9025,,,299.8283,216.9695,303.6582,214.7196,,
73671,0,,,,,,,,,,,,,,,259.9728,213.5171,317.0951,216.4179,245.0925,235.3743,300.9547,238.6496,274.4835,241.2274,288.0898,240.1138,278.1098,298.8262,270.6194,284.8301,286.2490,345.0928,267.8832,328.2739,,,,,,,314.4143,215.9189,254.3139,210.9226,313.9489,216.0531,262.2453,213.8331,301.4955,237.8952,243.7450,233.0996,302.5097,238.7650,243.6690,236.4458,282.8061,228.3627,263.2533,227.5284,298.4029,229.7237,289.1043,229.6838,274.2364,280.5744,276.2231,295.8539,265.3870,284.1537,280.2484,293.1591,272.1515,327.7914,282.6378,346.7554,265.6924,329.4822,286.4108,344.3729,264.6677,331.9032,272.9608,355.8281,258.3968,330.5882,271.1286,349.7546,253.4609,331.3500,269.8345,348.5863,290.5621,351.0501,272.3040,334.8201,,,294.1844,218.4248,297.9212,214.7653,,
73672,0,,,,,,,,,,,,,,,254.9279,214.0504,315.2592,217.1416,242.1815,235.1410,298.8156,238.4967,272.1615,242.0278,284.5610,240.8706,276.9606,298.7554,267.8852,284.9942,286.0419,344.8836,258.2938,327.1677,,,,,,,306.2999,215.8270,249.0882,212.1837,311.2704,216.7553,257.5873,214.4482,298.9935,237.6191,239.6156,233.0280,301.0133,238.6539,240.9549,236.2413,278.5837,228.4942,261.3005,228.7744,293.8628,229.5612,285.1983,229.8097,271.8944,280.5185,274.6049,295.5140,262.8409,284.1414,279.0219,292.6573,262.4467,326.8451,283.0908,346.1792,255.8176,328.0629,286.7811,344.4494,257.3043,329.2365,273.3706,355.5000,250.1688,326.5265,271.6536,350.2635,244.1286,326.4180,269.9335,348.9631,291.2285,350.2349,261.9689,334.7524,,,288.1320,218.7501,290.0309,214.7030,,
73673,0,,,,,,,,,,,,,,,254.2444,214.3908,311.2865,219.7604,237.3507,234.3728,299.3334,239.7323,269.0343,241.8028,284.8851,242.0900,274.7499,297.4999,264.0578,284.3950,285.4337,344.6451,250.3987,324.1177,,,,,,,308.6496,216.3227,248.4466,211.2111,312.3019,219.1451,256.9295,215.2361,300.5209,239.2678,236.1501,232.4915,305.6884,241.5549,235.7171,235.0391,279.4739,229.1103,257.7344,228.6771,294.3411,229.7969,282.6253,229.3668,268.8001,280.6273,271.1163,293.8200,257.8370,282.9533,278.8832,291.7908,255.2774,324.3940,281.6545,345.9166,247.6842,324.8806,286.7947,344.1373,248.7614,324.5763,270.7862,354.1124,243.0319,321.1112,270.3367,349.3885,237.3799,320.2687,269.3680,348.0891,290.5469,350.2445,253.3575,332.6242,,,287.7648,218.5565,290.7670,215.0998,,
73674,0,,,,,,,,,,,,,,,252.7435,214.6209,306.7562,219.6123,235.9886,234.9223,297.2780,240.6916,265.6826,242.2926,281.7437,242.9864,272.9041,296.5238,262.4134,284.8690,284.2733,344.2199,245.4831,321.6888,,,,,,,305.7578,216.6999,245.9783,211.6788,309.1376,219.3284,255.4383,215.3972,298.6311,240.4368,234.7018,232.7525,303.0885,242.3665,234.8837,235.6239,277.2805,230.3421,253.8913,229.3761,290.4137,230.5178,278.8689,230.0901,267.0851,280.9001,269.2458,292.9912,256.3079,283.4854,277.1144,291.5868,250.0368,322.1959,280.7285,345.5701,242.4368,321.8372,285.9796,343.7117,243.1526,320.8659,269.9643,353.7072,236.1673,316.0203,269.7138,348.8943,231.1143,314.4814,269.3444,347.6692,289.8079,349.8192,247.8316,330.5045,,,283.5693,220.4465,287.0928,215.4920,,
73675,0,,,,,,,,,,,,,,,248.4625,215.3704,301.4402,219.5281,232.8631,234.1926,290.8699,240.5132,263.2390,241.6889,278.0938,242.1764,269.4549,295.2862,259.8178,283.9029,283.4394,344.6335,241.0751,321.2043,,,,,,,303.4840,217.7520,243.2991,213.5986,301.0374,217.6163,251.0904,215.7225,293.5809,240.2340,232.7538,232.3691,298.1746,242.0782,230.2167,234.7603,273.4412,229.4569,252.0755,228.2497,285.0126,229.9634,275.9115,229.4725,264.3866,280.0090,265.9258,291.5789,255.0496,282.3779,272.7317,289.7708,245.1896,321.7391,279.9600,346.0077,238.3844,321.7049,284.7411,343.8815,237.4970,321.1583,270.0360,354.5504,232.2303,317.5964,268.4681,349.1858,230.3758,317.3845,267.8160,348.2062,289.2884,350.3965,242.6577,329.6849,,,280.0150,219.6857,282.7260,216.1803,,
73676,0,,,,,,,,,,,,,,,244.4044,215.4761,296.3195,220.4079,230.1725,235.5057,287.4953,240.2824,260.1323,243.2651,275.4474,242.7789,266.7901,296.8595,257.4739,284.3984,283.9506,344.0818,241.7373,323.4703,,,,,,,293.9259,216.8562,239.6035,213.5606,297.6471,219.1698,246.7192,215.8991,289.9811,240.2711,229.3865,233.7016,295.0374,242.2079,228.0175,236.0385,269.7254,231.3134,247.6905,230.5209,284.8034,231.1577,274.9771,230.6878,262.6168,280.5398,263.0131,292.8651,251.2599,282.9210,270.1454,292.0029,246.0688,324.0002,280.7305,345.3817,239.2764,323.9877,284.7406,343.6173,238.4999,323.8081,270.7266,354.7442,232.9525,320.1506,268.6430,349.8037,231.0585,319.7670,267.4208,348.8160,289.9579,349.7445,244.4625,332.0401,,,278.5351,220.5577,280.3319,215.9556,,
73677,0,,,,,,,,,,,,,,,244.2845,216.0107,298.9270,220.5060,229.2727,235.7196,288.8059,239.5324,257.5175,241.1601,275.3993,241.7620,262.8934,294.9466,254.6479,284.0319,281.9532,343.6603,240.3524,323.3561,,,,,,,295.3559,217.8977,239.9177,213.2431,301.4051,218.8772,246.4016,216.6441,289.8503,239.2157,228.7827,233.7751,295.1844,241.1236,227.8235,236.2869,269.8169,229.1887,244.4458,228.1693,285.8421,229.4027,274.0068,228.8112,259.7460,280.1208,258.9321,291.0822,248.6923,281.9704,267.0061,290.2694,245.0601,323.7949,278.4444,344.3597,237.8895,323.8230,283.0726,343.3084,236.5489,324.0797,268.0539,353.4248,235.2288,321.7255,266.8172,349.3958,234.0852,321.6751,265.5671,348.5313,287.8185,348.7205,242.3676,331.1969,,,278.3914,218.2172,280.3237,216.9549,,
73678,0,,,,,,,,,,,,,,,245.0187,216.2228,299.0775,220.6359,229.1329,235.4341,288.5310,240.5746,258.1288,242.1830,273.0460,242.5299,260.9518,295.0614,253.1494,285.3300,281.7582,342.8271,239.9681,323.6138,,,,,,,295.8196,218.2988,240.5561,213.7515,303.1340,219.5834,245.6963,216.7907,290.9312,240.8497,229.1044,233.3739,296.7303,242.2423,227.6371,235.9287,268.6288,231.0859,245.0723,230.2760,285.8510,230.6543,274.3840,230.7503,258.3602,281.6035,257.4519,291.1963,247.8781,283.1125,264.7397,291.4798,244.5025,323.9282,278.6593,343.5883,237.8143,324.0855,282.7487,342.4418,236.5682,324.9389,269.4514,352.6639,234.6358,322.4533,267.1187,348.8411,233.0212,322.4012,265.7278,348.0878,288.4489,347.6520,241.8123,331.1546,,,277.3086,218.8283,279.5409,217.3824,,
73679,0,,,,,,,,,,,,,,,242.8183,215.1543,296.8925,219.8861,227.7365,235.1922,304.8341,243.6557,253.5967,240.8861,268.5032,241.1683,256.2879,293.9283,251.1505,284.1400,280.1588,338.9040,239.8902,323.0682,,,,,,,296.2083,218.0846,237.5034,213.1285,302.4127,219.0488,243.5469,215.5042,303.2223,242.8589,227.5957,233.3748,307.3561,243.4914,226.3454,235.4385,266.8245,230.2610,244.3251,229.2601,282.7508,230.1565,271.3676,229.9931,255.5069,279.8698,252.8003,290.6446,246.4129,281.7856,259.6589,290.6008,243.7525,323.2143,276.6864,339.4772,237.7055,323.4617,281.1936,338.5938,237.8563,325.1400,268.4998,349.5901,232.8993,322.2749,266.4969,346.7661,231.6186,322.9232,265.4251,346.8852,286.4194,342.1151,241.2215,330.5623,,,275.1544,218.1356,276.9094,216.8440,,
73680,0,,,,,,,,,,,,,,,239.8582,214.3922,289.1549,218.6108,226.8234,234.3540,299.4760,243.3683,248.0344,238.3093,267.4282,239.7641,250.2383,292.6139,248.7909,282.5413,277.4139,336.3038,240.2301,324.0061,,,,,,,290.6237,217.4070,235.2723,212.7690,287.6030,217.4763,240.1888,214.6718,295.9520,242.2975,226.0623,232.7531,302.3621,243.2532,225.5417,234.4367,263.4237,228.2885,240.6365,226.1023,276.8457,228.1733,265.1484,227.5275,253.2397,278.5278,246.3654,289.1017,242.8704,279.7789,255.5644,289.0004,243.9422,324.1010,274.1749,336.6780,237.5714,324.0238,278.5865,336.2604,238.1123,326.9456,268.9794,348.5175,231.3171,323.1709,267.3933,346.8155,227.9342,323.1709,266.6517,347.7200,282.8304,338.5745,242.2117,331.7659,,,270.6829,217.6966,273.0555,216.3656,,
73681,0,,,,,,,,,,,,,,,238.1328,214.2123,286.8355,218.6656,224.0051,233.2578,281.9325,239.1826,245.6189,237.4150,263.1617,237.9413,242.3694,291.1001,246.6631,281.5768,272.8634,331.6344,240.1074,323.0729,,,,,,,286.7366,216.8169,232.0141,212.1975,288.8398,217.4169,238.5899,214.7618,284.5342,239.5355,222.9083,231.5769,288.1707,240.0606,222.2881,233.2709,259.8885,226.7619,237.9080,225.3176,272.1943,226.3472,261.8854,226.2507,250.8980,277.0954,239.4835,288.2135,241.1079,278.9700,247.6705,287.3943,243.9802,322.9986,270.0424,332.0950,237.4471,323.2649,273.9644,331.7914,239.3716,326.6046,267.7952,346.1328,231.5144,322.9113,266.8832,345.6978,225.6074,322.4757,265.9844,347.1732,277.9388,331.7535,241.4934,330.3294,,,266.6772,217.3119,,,,
73683,0,,,,,,,,,,,,,,,230.0214,211.8059,278.9791,216.2068,219.7780,231.0186,270.9705,234.4540,237.1314,234.5070,256.7746,235.5782,227.6085,285.9405,244.4540,281.6849,257.7259,322.3342,239.4625,323.1359,,,,,,,280.1809,214.8158,223.6865,210.0532,277.9477,215.5824,230.1853,210.8477,272.6133,234.0307,218.6693,229.4829,273.7219,234.6400,218.2487,231.1605,252.9110,224.1757,228.8839,222.2908,267.5420,225.4544,255.9300,224.4103,250.4465,277.5176,223.2472,282.7158,238.3032,278.5436,234.1806,283.1775,243.4522,323.3162,254.9537,322.9266,236.8557,323.8056,259.0422,323.2026,239.6711,326.3472,251.8199,337.3707,231.6629,322.7009,249.4963,338.2015,226.0744,321.8762,248.4427,340.5778,265.3793,321.6217,241.8850,330.1654,,,261.7849,213.5678,264.3645,213.7848,,
73684,0,,,,,,,,,,,,,,,227.4695,211.1890,275.0571,215.8276,217.5687,230.0119,274.0561,234.0565,235.1991,234.7664,259.6627,236.7632,223.5136,283.4834,243.9503,281.3958,252.5323,322.7292,239.7069,323.3512,,,,,,,275.6549,213.7135,222.4559,209.2523,276.1429,215.2669,227.8888,211.3910,275.4908,233.6268,216.5860,228.4085,278.0062,235.1518,215.7678,230.0266,254.0485,224.9864,225.7700,222.7679,265.5537,225.8566,252.4310,224.9554,250.0229,277.9226,218.4471,280.6220,234.6729,277.6055,231.4030,281.0317,245.6993,323.9200,249.2256,322.6651,236.6330,323.5181,254.8392,323.8340,242.5067,326.5744,244.4005,335.4546,234.5426,322.8429,243.4812,335.6825,228.5206,322.2495,242.6572,337.5678,259.1366,323.0156,242.5088,330.0514,,,257.9328,214.7928,261.1447,212.8360,,
73685,0,,,,,,,,,,,,,,,229.6016,210.1662,261.9991,212.6707,216.1919,229.7837,255.8474,231.0307,236.6597,233.8065,255.5541,234.8359,221.6612,281.3040,242.0056,280.9519,245.1703,321.7635,239.8150,322.9100,,,,,,,263.0251,212.7340,223.8831,209.5386,264.3303,212.9475,230.5819,210.3217,253.8768,229.6103,215.5740,228.4543,257.2894,231.0367,214.5419,230.0302,250.5880,223.2942,227.8755,221.6573,262.5118,224.1770,251.7869,223.5456,247.5632,276.9047,217.4088,278.6122,234.6590,277.4327,228.6063,278.5557,244.3315,323.1365,242.5484,321.6057,237.4356,323.4071,247.0920,322.5985,241.3593,326.6875,237.5197,334.2504,233.9185,323.8435,235.0032,333.5033,227.9679,323.5965,233.5875,334.8505,250.4334,321.9358,242.2007,329.3741,,,258.4048,212.6964,260.7963,212.9932,,
73686,0,,,,,,,,,,,,,,,227.3290,210.2212,259.6477,211.9822,214.6731,229.0144,255.3634,228.6061,235.4304,232.3089,253.7934,232.7789,220.9124,280.3784,240.6621,279.6961,230.0878,322.7336,239.2676,321.9828,,,,,,,261.5782,211.9228,221.5508,208.8498,263.9343,212.3827,227.0562,209.4774,253.6680,227.1576,213.8663,227.5229,256.6819,228.4862,213.6588,229.2737,250.4468,221.6288,227.1972,220.4187,261.6470,222.9862,250.5058,222.3960,244.2823,275.1047,217.0935,277.7890,232.3133,276.2710,226.2470,277.3237,243.9567,321.9034,227.5057,323.4341,236.9441,322.6032,231.4656,322.7339,240.5071,325.9454,218.0124,331.6637,233.6213,323.1517,216.9584,328.8523,228.2210,323.0433,215.2803,328.4176,234.3142,325.9103,244.4235,328.5264,,,256.3121,211.9774,260.0202,212.3352,,
73687,0,,,,,,,,,,,,,,,226.9573,210.6632,256.9464,212.0480,212.3515,227.8819,252.0441,226.5424,235.0701,231.1677,253.9179,231.8067,217.1298,278.2176,241.1877,278.2247,227.6651,321.8665,241.4634,319.9497,,,,,,,258.1471,212.0212,221.5437,209.2653,258.7895,212.3521,227.2122,209.9858,251.0019,225.1154,211.9325,226.2964,253.2580,226.6914,210.7831,228.2064,249.4958,220.8916,226.9291,220.1807,259.1916,222.0174,248.8647,221.8095,244.6948,273.6970,214.0438,275.5152,232.4524,274.6330,223.0252,275.0291,245.2116,319.4318,224.9772,323.2865,238.5946,320.3238,229.1165,321.9235,242.2742,325.0515,215.8867,330.4738,233.8040,322.4463,215.9066,326.3041,228.4623,322.4766,214.7567,325.6292,232.1534,327.5601,245.8321,326.2740,,,253.9767,212.2435,258.9688,212.8341,,
73688,0,,,,,,,,,,,,,,,223.4896,210.6946,261.6660,213.7586,209.8321,227.3067,248.5767,224.9701,232.0830,229.3456,253.3626,231.1761,216.0599,276.3715,240.7946,278.7796,222.2399,320.8839,237.9282,321.0707,,,,,,,260.8381,213.4907,,,259.9858,213.7097,225.7667,210.9371,249.0846,223.6419,209.2001,225.7519,249.6229,225.2415,208.1081,227.5182,249.1139,219.3379,224.8403,218.0209,258.7057,221.0379,246.2707,219.8270,245.1712,274.8793,212.8838,274.0130,231.8846,274.8986,222.2239,273.3734,242.9123,321.2149,218.3044,321.5851,234.9388,321.0746,223.2243,320.6146,239.7271,326.3620,211.2314,328.4035,231.7022,323.4730,211.2104,324.4857,226.7435,323.5331,210.6547,323.9353,224.2297,326.4671,241.3624,327.6829,,,253.4307,213.3232,,,,
73689,0,,,,,,,,,,,,,,,220.1985,211.8810,258.5747,213.9764,207.5151,227.8655,246.7429,224.2026,229.4821,229.1932,251.4142,230.6795,213.9871,275.5124,242.6272,279.5311,213.7642,319.2649,239.0317,322.2737,,,,,,,,,,,253.3009,213.5701,222.4576,211.2851,247.5596,222.8517,207.1301,226.3702,247.3298,224.5007,205.5339,228.0842,247.7699,219.6893,223.6085,218.4504,255.7562,221.2032,243.4402,219.8480,247.3104,275.5870,210.9690,272.9471,233.3785,275.2945,220.9302,273.1382,244.3020,322.7087,210.4830,320.3362,236.1880,322.4068,214.9465,318.8126,239.3757,326.7272,203.2487,326.2903,232.2255,323.9000,203.1136,321.6265,227.0190,323.7113,202.5209,320.2757,216.5686,325.7908,241.9740,328.9634,,,251.4089,213.8338,,,,
73690,0,,,,,,,,,,,,,,,220.9084,211.9130,,,206.4244,227.4033,245.0373,223.2382,229.3428,228.7335,251.8017,230.1593,212.7097,274.6999,242.7046,279.7497,210.3050,317.7567,239.4058,321.7360,,,,,,,,,,,251.3822,213.2514,,,246.0021,222.0758,205.8172,226.1552,245.8358,223.6018,204.4665,227.6367,248.0594,219.4034,222.6261,218.1835,255.6770,221.3921,243.1412,219.9395,247.9451,275.7823,209.6099,271.8956,233.0356,275.3670,219.7966,272.2286,245.1552,322.3038,207.0883,318.9292,236.5011,321.8312,211.7907,317.1692,241.5686,326.4800,199.8414,324.2479,232.6412,323.2176,200.2393,319.3048,226.5998,322.8200,200.3126,318.4946,213.5096,325.0085,242.9231,328.2662,,,251.1430,213.7665,,,,
73691,0,,,,,,,,,,,,,,,217.5312,210.7109,254.2845,213.6593,203.7891,228.4977,244.5562,223.6555,228.3902,229.6003,251.1009,231.3863,211.0114,274.3748,241.9069,278.7583,203.5703,314.4887,239.5369,320.5074,,,,,,,254.1273,212.3723,211.8866,209.0236,253.4667,212.4059,220.0190,210.8315,244.8664,222.4072,203.0665,227.2420,245.4049,223.9666,202.4383,228.6694,246.0659,219.5358,220.8077,218.4696,255.0797,220.6051,242.8816,220.0164,246.8594,274.4430,208.1568,271.7919,233.4725,274.4240,217.9821,271.5651,245.3708,320.9585,200.4246,315.4617,236.1692,320.4908,205.3701,313.8067,241.2943,325.2045,191.7691,319.5144,231.5921,322.4345,193.2122,314.5169,226.0757,322.5670,193.5639,313.4461,205.9457,320.9253,243.0447,326.3759,,,248.8862,212.4754,,,,
73692,0,,,,,,,,,,,,,,,215.7336,210.6435,254.7356,213.6663,202.6101,229.2794,242.8727,224.2540,225.8769,232.1470,248.3498,233.2776,210.4987,274.8734,240.4522,278.8153,198.1355,312.0655,240.1686,319.9793,,,,,,,253.9403,212.3326,210.4840,208.7900,256.2087,213.7251,217.6994,210.8263,242.9348,222.9908,202.3132,228.2048,243.9158,224.4604,201.6166,229.5852,243.5421,220.7892,219.0067,219.8432,251.3327,222.2571,239.6613,222.0006,245.1352,274.2453,207.4949,272.4742,232.5017,274.9506,218.1219,272.0470,245.9332,320.2368,194.5307,313.2436,236.5830,320.0865,199.9979,311.4654,242.5265,324.7374,186.0462,316.3021,232.8557,322.6043,187.6018,310.9894,226.8520,322.7182,187.7837,309.8482,199.4857,318.6847,243.7245,325.5046,,,245.3302,213.2881,,,,
73693,0,,,,,,,,,,,,,,,214.0821,210.6542,248.4567,213.3032,199.4874,229.2671,241.6584,224.2447,224.2176,231.0101,244.4599,232.1071,208.0777,273.8293,238.9468,277.9048,191.0861,308.9237,240.0554,319.7710,,,,,,,248.4349,211.9601,208.4508,208.8021,247.7912,212.0757,216.6965,210.8907,241.2096,222.7724,198.9112,228.2424,242.5454,224.5035,198.5208,229.5182,239.4758,219.9914,217.2753,219.2826,248.1389,221.0094,237.3571,220.6209,242.6203,273.5111,205.8210,271.6486,232.0788,274.5369,215.1171,270.9132,245.4889,319.8524,187.7382,310.2395,236.6734,319.9629,192.7162,308.1970,240.8570,323.9082,178.9083,312.4282,232.1269,321.7345,181.8279,307.8028,226.2602,322.0092,182.0614,306.4640,191.7803,315.8171,243.7933,325.2807,,,243.1191,213.0618,,,,
73694,0,,,,,,,,,,,,,,,210.9398,210.7026,245.1522,213.2840,197.4024,230.1409,239.6786,224.7565,221.9439,231.4967,242.9595,232.3418,206.0204,272.9907,237.6996,277.9786,187.1654,307.1811,239.8248,318.7977,,,,,,,245.5301,211.9255,205.9485,208.7761,244.3907,211.8058,213.3847,211.0038,238.6400,223.2658,196.5683,228.9118,240.9152,224.9367,196.3143,230.3225,236.1790,220.6817,214.0121,219.9075,245.7435,221.3014,234.6389,221.1048,241.7097,273.6797,203.7584,270.6099,229.9055,274.2271,212.9905,270.1740,245.1442,318.7847,183.6087,307.9723,236.4073,318.9880,189.1787,306.5150,240.0703,323.2625,174.6282,309.7177,230.9584,320.4657,177.9508,305.4957,225.1836,320.6108,178.5633,304.1401,187.6328,313.7109,244.1685,323.9976,,,240.0288,213.1997,,,,
73695,0,,,,,,,,,,,,,,,207.5361,211.4188,250.7968,215.2938,194.1984,230.2126,246.0114,229.0649,216.5068,231.6903,236.6066,232.8365,202.1818,272.5340,235.9050,277.7722,183.5723,306.2486,239.6483,319.8596,,,,,,,252.4369,213.4758,202.9443,209.1452,246.1120,214.1431,209.3357,211.8417,245.6733,227.3317,193.3404,228.9965,248.8467,229.0686,192.4245,230.2503,230.6607,219.9242,209.3931,219.7386,241.2019,221.0152,230.4330,220.6759,239.9678,273.5583,199.5363,270.2076,228.5358,274.2670,209.6024,269.9105,244.9996,319.7990,179.6939,307.1108,235.7856,320.1782,185.7992,305.5666,240.8932,324.3423,170.9939,309.1483,231.9864,321.6193,174.7666,304.9860,226.5604,321.6863,175.9851,303.6578,182.8423,312.1607,243.1100,325.5594,,,236.1115,213.9973,,,,
73696,0,,,,,,,,,,,,,,,205.6779,210.4755,245.6204,215.3233,192.3048,230.9389,242.9021,229.3445,216.3159,232.0141,234.7242,233.0153,200.7386,272.5089,234.8086,278.2572,182.5111,306.2127,240.4196,320.3162,,,,,,,244.4028,213.6053,200.6693,209.9492,245.1091,213.9358,207.6699,211.7380,242.8518,228.3198,190.9407,229.6497,245.6893,229.7615,191.5195,231.1080,229.6451,221.1448,208.7511,220.4536,239.3367,221.8142,229.3813,221.7206,238.7959,274.0916,198.0158,270.1146,227.4269,274.5339,207.8102,269.8164,245.5810,320.3833,178.7456,307.0234,236.7652,320.6017,184.3428,305.5069,241.1468,324.8716,169.4457,309.1013,232.3143,322.0365,172.9166,304.7164,226.8569,322.1508,173.6000,303.1333,181.9161,312.2327,244.1515,326.2099,,,234.2850,214.1916,,,,
73697,0,,,,,,,,,,,,,,,201.0354,211.7820,241.0042,216.0243,190.1320,230.5541,239.8524,231.1390,214.5420,232.5536,231.5174,233.3253,199.6818,272.8730,233.4007,278.3263,182.8350,306.8539,239.9709,320.6450,,,,,,,240.7831,213.8291,195.6837,210.1142,237.6595,214.7471,203.4066,211.0223,239.8403,230.1712,189.6469,229.4444,242.3561,231.3923,188.5009,230.4301,226.6953,221.2894,206.4620,220.7811,236.1584,221.9057,226.3441,221.8677,237.1529,274.1320,196.9044,270.3172,226.7699,275.1772,207.2576,270.4070,245.0602,320.6921,178.8906,307.6777,236.2829,320.9874,184.7606,306.2550,241.3784,325.2406,169.7209,310.3933,232.3564,322.5118,173.6342,306.0135,227.0442,322.6544,174.9200,304.5344,183.8614,313.0924,243.2416,326.7022,,,230.0928,214.5872,,,,
73698,0,,,,,,,,,,,,,,,199.1009,212.8306,240.2656,216.5218,187.5784,231.1620,239.5133,232.1830,211.8809,233.3016,230.4704,234.1947,197.9515,273.6038,233.4847,279.5005,184.0658,308.6641,239.6957,321.2405,,,,,,,240.4187,214.3588,194.2098,211.2945,236.8950,215.6678,200.8956,212.7810,239.1285,231.3953,186.9719,230.1450,242.2275,232.5422,186.1382,230.9096,225.5520,221.9461,204.7425,222.0087,234.5503,222.7423,224.0750,223.0071,237.5162,275.1840,195.0447,270.8444,226.0452,275.9372,205.9244,271.3406,244.7049,321.3484,180.2419,309.6081,236.1451,321.4404,185.8980,308.2733,240.9085,325.8528,171.5051,312.3557,232.2143,323.1505,175.0398,307.7386,226.5775,323.3037,176.1392,306.2046,184.5803,315.1091,242.5488,327.3901,,,228.3953,215.5344,,,,
73699,0,,,,,,,,,,,,,,,197.0650,214.8450,237.0874,218.2674,186.0109,231.9392,236.6404,233.3708,210.1607,234.8750,228.2659,235.4928,197.4122,275.5341,232.2155,281.0802,186.7014,311.2677,238.3747,321.2163,,,,,,,240.3651,216.4515,192.0619,212.3604,235.5400,217.5190,198.7842,214.9522,237.3542,232.6984,185.0366,231.0458,239.6095,234.0570,184.6336,232.0435,223.1884,223.8907,202.8030,223.9182,231.7842,225.2353,221.8324,225.4196,236.4366,277.2389,194.4747,272.6655,224.9732,278.0369,205.3483,273.8443,243.3224,321.3217,182.9700,311.9731,235.2324,321.3857,188.8420,311.0495,239.3380,326.0703,173.5182,315.3331,231.3334,323.4203,177.5080,311.5012,226.3197,323.7484,178.1430,310.4358,188.3861,317.4561,239.9523,326.3289,,,226.0374,217.6947,,,,
73700,0,,,,,,,,,,,,,,,194.2549,214.7378,234.4707,218.2470,183.4627,232.5085,233.1478,233.0903,205.6953,234.0870,225.6979,234.9715,196.0200,275.6441,230.6473,280.5242,185.7395,311.7630,238.9899,321.4143,,,,,,,238.3682,217.0765,189.7283,212.6680,233.4191,216.7148,195.2270,214.9218,233.6705,231.9557,182.5639,231.4858,236.8940,233.5016,181.5795,232.4282,220.6068,223.0467,199.6594,223.2102,228.7954,224.4235,217.8455,224.1203,234.4126,276.4670,192.8441,272.8069,223.1665,277.6035,204.3813,273.7906,244.0992,321.5495,181.9504,312.5050,235.6995,321.7786,187.5117,311.5580,240.5335,326.6273,172.5947,316.2301,232.2451,324.3496,175.5045,312.4249,226.7998,324.4491,175.8261,311.4169,188.3080,317.8205,240.7443,326.5640,,,222.0146,217.0413,,,,
73701,0,,,,,,,,,,,,,,,192.2638,214.3486,233.5247,216.8847,182.2005,232.5668,231.7210,232.3693,206.3665,233.0657,226.0477,233.5981,194.2580,274.6750,226.7189,279.2661,186.1648,312.4051,238.1554,320.8471,,,,,,,238.1322,217.2503,187.7021,212.7308,232.3173,216.8760,194.3484,214.6056,233.3303,231.4082,181.0284,231.4645,236.1856,232.6979,180.4929,232.6870,219.6149,221.7798,198.6669,221.9202,228.6231,222.5737,217.3768,223.1277,230.1091,275.1002,191.1501,271.8728,219.7031,276.6521,202.1301,272.6426,243.1424,320.8573,182.3410,313.1232,235.0206,321.3066,187.7756,312.0359,239.3721,326.2999,172.5602,316.9743,230.7865,324.2538,175.0030,313.0478,225.4249,324.7972,174.8263,311.9151,188.4811,318.3820,240.7913,325.9483,,,221.7263,216.1213,,,,
73702,0,,,,,,,,,,,,,,,190.6140,212.9889,231.4153,216.6299,181.5316,231.9804,229.1097,231.7816,205.4011,232.1341,225.9606,232.9655,193.0096,273.7454,225.9909,278.7252,185.6073,311.5755,238.2592,319.3320,,,,,,,228.6438,216.0827,185.3205,212.2926,230.6943,216.5158,192.8262,213.3529,229.4070,230.4349,180.4983,230.9486,232.7623,232.2859,179.8621,231.8598,218.9561,221.4964,197.9125,221.0761,227.8703,221.8966,216.1070,221.9275,229.4402,274.8039,190.1481,270.6880,218.3175,275.8690,200.2759,271.6872,243.2083,319.1630,182.3027,312.2206,235.2397,319.8359,187.3501,311.3591,240.4456,325.4779,172.7206,316.4926,231.4892,323.5840,175.0333,312.8469,225.8519,324.2574,174.8553,311.9347,188.2354,317.5156,241.6729,324.3102,,,220.9646,215.8948,,,,
73703,0,,,,,,,,,,,,,,,187.9875,212.7931,222.8232,215.5392,179.5939,231.1208,226.8099,231.8607,203.5192,232.7233,224.1408,233.7797,192.0700,274.2876,222.8747,278.6259,186.0489,312.4295,238.6092,317.5495,,,,,,,223.8847,215.5042,182.4437,212.0012,227.6434,216.2020,189.8376,212.8699,227.4938,230.7517,178.8711,230.2527,230.4825,232.3737,177.5066,230.9292,218.1020,222.2961,196.3682,221.5056,225.0480,222.3944,213.3979,221.5014,227.1816,275.0276,188.8138,271.3733,215.7441,275.7185,199.3177,272.1636,243.7361,317.1405,182.6218,313.1227,235.4150,318.1014,187.8500,312.0380,240.7845,324.3139,173.5132,317.3648,231.0584,322.9458,176.0745,313.8153,224.9988,323.7015,176.7810,312.8535,189.0460,318.4262,242.6657,321.9926,,,217.5207,215.4424,,,,
73705,0,,,,,,,,,,,,,,,179.7879,212.6815,216.1236,215.4847,173.1284,229.1745,222.0155,229.7660,197.6092,231.2915,218.9589,232.2345,189.8269,274.9610,220.2440,276.0729,185.9930,312.6626,236.5183,314.4567,,,,,,,,,174.7570,210.8951,217.2737,214.7648,180.6616,212.7059,223.0022,228.4306,171.7867,228.2313,225.7037,230.1195,170.9989,229.0816,212.5385,221.6561,190.5078,220.6520,218.4224,222.1222,206.2499,220.0332,224.1528,271.9562,186.1771,272.1940,211.7220,273.8680,196.5775,272.5969,240.9272,313.7810,182.3883,313.0779,234.1991,315.2104,187.7153,312.0637,240.7974,322.1709,172.8934,317.5097,232.4581,321.7631,175.6066,313.8031,227.1523,323.1391,176.5871,313.0359,189.3565,318.3143,241.1279,318.0533,,,211.3413,214.6471,,,,
73706,0,,,,,,,,,,,,,,,176.4042,212.4081,228.8483,216.2351,168.7662,228.1015,231.4923,230.8821,196.0577,231.2856,217.9530,232.7648,189.4391,274.4540,216.0026,273.7074,185.5084,312.0624,232.9711,311.5702,,,,,,,,,172.2407,210.7635,225.2685,215.8872,177.7532,212.4746,229.0586,230.3579,167.6362,227.1797,233.6507,230.7488,166.3551,227.8851,211.0081,221.2526,188.7771,220.4675,215.6007,221.6179,203.2660,219.7397,219.1001,269.6000,185.6891,271.7708,207.2159,271.7187,196.5387,272.0729,237.9026,311.1375,182.1104,312.5518,230.6820,312.3144,187.3942,311.5022,237.0765,319.0620,174.0521,317.8181,228.7621,318.7640,176.2654,313.8644,224.3435,320.0054,177.8789,313.0775,188.0240,317.1159,237.1666,315.0797,,,208.9160,214.4319,,,,
73707,0,,,,,,,,,,,,,,,174.6462,212.1408,218.6348,215.8983,166.0667,227.6367,222.0408,229.7332,193.6429,231.3423,215.9291,232.9017,188.5428,274.4651,214.6959,273.9939,185.4331,312.5005,227.6184,311.1538,,,,,,,,,,,219.2903,215.1686,176.6087,212.1858,221.7292,228.5428,165.4106,226.6439,224.7340,230.0125,163.2870,227.4582,209.1880,221.2627,186.8724,220.5451,214.3430,221.9457,201.9007,219.9108,217.7858,269.7909,184.6325,271.4919,205.4849,271.9018,195.5209,272.0269,232.7095,310.7576,182.0373,313.0019,225.0074,311.6618,187.1842,312.0206,232.5177,318.3065,173.1466,317.5983,224.5207,318.0553,176.2172,313.9196,220.4954,319.8809,178.3613,313.4004,187.4112,317.8664,230.1611,314.6453,,,206.4456,214.0131,,,,
73708,0,,,,,,,,,,,,,,,173.2584,210.8761,220.1105,215.2677,164.7117,226.9241,221.9284,229.1358,192.0173,229.2839,215.9548,231.3205,188.1192,273.8308,214.0635,272.6217,185.2233,312.0833,223.0239,311.4721,,,,,,,,,,,219.7101,215.3222,174.4826,211.0927,222.9250,228.1673,163.5854,225.8577,224.4697,229.2800,161.6603,226.6943,210.9377,220.7245,186.4351,219.3980,213.4293,221.0026,199.6108,218.4312,217.0502,268.3846,184.0825,270.7748,204.8882,270.4550,195.1988,271.5566,227.9926,311.4347,182.2045,312.5350,220.4177,311.7925,186.9098,311.6522,228.2467,318.0704,172.6446,316.8975,220.4044,317.3747,175.6457,313.3595,215.7742,318.6405,177.5472,313.0205,187.3699,317.4992,226.2194,315.7666,,,206.0571,214.3201,,,,
73709,0,,,,,,,,,,,,,,,170.9314,210.5757,221.0831,215.4070,162.4844,226.2848,224.0314,228.0963,192.9236,230.3909,217.6727,232.3618,188.2062,274.1192,210.9638,272.7634,184.7989,312.2105,218.5379,312.3856,,,,,,,,,,,219.2191,215.2452,172.9261,210.8894,223.6612,227.4122,161.3081,225.0807,226.4786,228.3820,159.5273,226.1087,211.0593,221.0551,186.5227,220.2186,215.0710,221.0356,201.9749,219.3742,214.7699,268.5355,184.4945,271.4795,202.6536,270.6321,194.8200,271.3789,223.0118,312.2599,181.9383,312.9128,215.9143,312.9779,186.3848,311.6142,222.0986,317.9648,173.4327,317.2933,214.1584,316.6000,175.5573,313.5849,209.4346,317.6018,176.8113,312.8356,186.9921,317.7826,221.8996,318.0817,,,207.3936,214.2219,,,,
73710,0,,,,,,,,,,,,,,,170.1591,210.5749,,,161.9376,225.6533,219.6081,227.2010,191.1025,229.7504,214.1656,230.7038,187.2837,273.4803,209.9464,272.1729,184.9542,311.9494,213.1152,310.8189,,,,,,,,,165.1229,209.9496,215.5028,214.9182,172.3239,210.8776,219.4993,226.5483,160.4234,224.3632,221.9799,227.5415,159.1671,225.4340,208.1456,220.4684,184.2846,219.6240,212.6763,220.7779,199.7921,219.0873,213.7213,267.9214,183.9135,270.7326,202.1822,270.0821,193.1925,270.6796,217.2789,310.5242,182.5465,312.8576,210.6758,311.5236,186.4088,311.5056,216.2845,315.9233,175.2989,318.2303,209.7889,314.6230,177.0234,314.5725,204.4483,315.3459,178.0014,313.5674,187.2861,317.2663,216.2027,316.7307,,,204.6397,215.1893,,,,
73711,0,,,,,,,,,,,,,,,169.3353,210.5237,,,160.6016,224.8810,222.3614,227.8451,190.3052,229.4908,214.7054,230.9475,187.3054,274.0321,209.6044,272.4031,186.9259,312.5293,211.8808,310.9748,,,,,,,,,,,220.0306,215.5274,169.6369,210.7613,222.0229,227.0803,159.7026,223.7296,224.5242,228.2188,157.9498,224.6365,208.9711,220.8169,184.2520,219.6052,211.5769,220.0882,197.5564,218.0695,213.1127,267.8958,183.7987,271.2470,202.2760,270.2472,193.5615,271.1660,216.3624,310.9058,184.1116,313.5142,209.4823,311.5334,188.2079,312.0526,215.2925,314.9571,177.7585,318.6645,209.6927,313.3542,179.0912,314.7875,205.7180,314.0255,179.6926,313.8717,188.5051,317.9324,214.6243,317.8181,,,204.1543,215.2751,,,,
73712,0,,,,,,,,,,,,,,,168.1715,210.2703,227.0919,216.0479,159.5917,225.4655,227.4207,228.7860,189.3755,230.2403,214.3363,231.2998,186.6834,274.2074,209.6196,272.4809,187.3180,312.7741,208.9689,310.6547,,,,,,,,,,,225.8400,215.9709,168.0642,210.3574,226.9093,227.8579,158.5813,224.3337,230.2304,229.2889,157.2034,225.3956,209.2929,220.9267,184.1151,220.0671,211.4135,220.9416,197.1280,219.2992,213.3179,268.5426,182.6594,271.5599,201.9477,270.2194,193.2198,271.4061,213.7567,310.6438,183.6346,313.4191,206.3351,311.0711,189.0774,312.5021,212.9690,314.6803,177.3215,318.5731,207.3632,312.3600,179.3297,314.8801,203.0135,312.6377,180.4456,314.0228,189.5649,318.3219,211.2186,317.2936,,,203.6216,215.0245,,,,
73713,0,,,,,,,,,,,,,,,168.7287,210.4269,,,159.2411,224.7603,226.5770,227.6342,189.3273,229.1951,214.4177,230.2205,187.3146,273.5672,209.3864,272.9501,186.9302,313.0662,206.8928,310.2764,,,,,,,,,,,,,,,226.5932,227.3667,158.4708,223.7355,229.4245,228.3033,156.8655,224.5510,208.8682,220.3775,183.4877,219.1680,211.2575,220.2010,195.9483,217.0877,213.5763,268.8339,182.9999,270.5757,201.9169,269.8855,193.9406,270.5845,210.8719,309.9466,182.9958,313.7137,204.2620,310.6592,188.8085,312.8293,210.2758,314.0257,175.4653,318.1500,204.3805,311.5436,178.3557,314.7756,199.9492,311.5778,179.5838,313.9383,188.8401,318.8870,207.6332,316.7232,,,202.8884,214.9964,,,,
73714,0,,,,,,,,,,,,,,,166.9315,210.7680,225.4953,215.8982,159.6983,225.2048,226.2899,228.3148,189.5742,229.9038,214.6462,230.8938,187.5579,274.9135,209.0254,273.5910,187.0900,313.6461,207.1952,310.7212,,,,,,,,,,,224.7005,215.8728,167.2708,210.1730,226.3170,227.9325,158.8842,224.1062,229.0929,228.8953,157.3080,225.0584,209.7170,221.0829,183.7838,219.8767,211.2598,220.6126,196.1267,218.7252,213.0651,269.3929,183.0161,271.6761,202.0116,270.4807,194.4948,271.6152,211.2198,310.4512,182.9017,314.4264,204.5588,311.0071,189.1338,313.4158,210.3862,314.3421,175.2166,318.6536,204.1847,311.5173,178.6152,315.3267,199.7221,311.4346,179.9964,314.3863,188.6307,319.2946,207.3483,316.6646,,,202.6406,214.7445,,,,
73715,0,,,,,,,,,,,,,,,,,,,159.3235,224.0853,225.0923,227.9218,188.9929,228.2600,214.8211,229.5793,186.7767,273.4268,208.0614,272.6523,186.7174,313.3931,205.9989,310.3730,,,,,,,,,,,,,,,224.5308,227.4260,158.7979,222.9688,228.0510,228.2730,156.5363,223.8554,210.2241,219.8359,183.1033,219.0873,211.5365,219.2459,195.3266,216.4073,212.1173,268.3615,182.3198,270.1778,200.6580,269.1723,193.6001,269.9311,209.9990,310.1349,182.7675,314.4066,203.3454,310.7559,188.6527,313.1470,209.5360,313.9739,175.2176,318.8620,203.0933,311.3361,178.4445,315.5521,197.9697,311.3209,180.0249,314.7156,188.6470,319.4268,205.9304,316.7024,,,202.9429,214.2743,,,,
73716,0,,,,,,,,,,,,,,,168.7946,210.6067,226.8523,215.1907,158.7058,224.6200,224.8627,230.1276,188.6532,228.8448,215.5858,230.7096,186.6171,274.1765,207.4495,273.5011,186.8151,313.2859,205.7248,310.3174,,,,,,,,,,,226.1179,215.1874,,,224.8244,229.4947,157.9789,223.5358,227.8706,230.6558,156.6347,224.5801,211.5014,221.0677,183.7140,219.7656,212.9027,220.2182,196.1554,218.2319,212.0548,269.3775,182.3442,270.9570,200.0593,270.0805,194.0279,270.8371,209.9476,310.0511,182.7503,314.2797,203.0511,310.6711,188.8969,313.1056,209.5694,313.7233,175.2178,318.6066,203.0281,311.1372,178.4349,315.4383,198.0729,311.2024,179.9545,314.6982,189.0937,319.4106,205.9384,316.6120,,,204.1993,214.4212,,,,
73717,0,,,,,,,,,,,,,,,169.5563,209.3730,,,158.6585,224.5868,225.3952,230.0845,189.4508,229.5269,215.4992,230.6815,186.1624,274.0598,207.6114,273.0951,186.4907,313.0101,205.7378,310.1645,,,,,,,,,,,227.3352,214.9990,173.5545,209.7831,225.1750,229.5712,157.8216,223.3208,228.5423,230.8074,156.6210,224.3736,210.7705,220.1367,182.0865,219.3603,213.0239,219.9762,198.0038,218.5402,212.3533,269.2034,181.6760,270.7743,198.9947,269.6016,193.6923,270.8070,210.2544,310.2325,182.3912,313.8861,203.1882,310.4787,189.0007,312.8435,210.1032,313.8426,174.8444,318.1729,203.5881,311.0215,178.5933,315.4310,198.7951,311.1821,180.0785,314.7469,189.2591,318.9811,206.5148,316.8318,,,204.9382,214.0770,,,,
73718,0,,,,,,,,,,,,,,,169.6720,208.5918,,,158.4179,223.7222,223.8248,229.5805,188.8075,228.1630,214.6029,229.2673,186.2165,273.5816,207.6245,271.9843,187.2029,313.2745,206.5458,310.5113,,,,,,,,,,,227.0750,214.4058,171.1283,208.9020,223.9741,229.1546,157.6275,222.5379,226.5819,230.3000,156.4891,223.7740,210.2249,219.0257,181.0906,218.5941,212.4894,218.5177,196.8120,217.0234,212.0237,268.0343,181.8514,270.6356,198.2362,268.6018,193.3998,269.9912,211.3934,310.7790,183.0910,314.1603,204.0820,310.8698,189.7303,313.2270,210.6118,314.3990,175.4385,318.8505,203.9789,311.6351,178.7390,315.9114,199.0454,311.6508,179.7428,315.2473,190.0684,319.1355,207.9637,317.1002,,,203.5147,212.2592,,,,
73719,0,,,,,,,,,,,,,,,170.8668,209.1990,226.0455,213.7138,159.3668,223.6234,219.8065,229.7348,189.2253,228.8721,212.4735,229.4133,186.1433,274.4212,206.6729,272.7824,187.1831,313.1988,206.4465,310.1450,,,,,,,,,,,226.1932,213.6199,171.5179,209.2508,219.5642,229.1352,158.2635,222.3412,222.4743,230.3763,157.3030,223.7355,207.5984,218.9098,181.3153,219.1254,211.7406,218.9935,197.3119,218.0333,211.0001,268.5098,181.4432,271.4266,197.9889,269.3806,193.3130,270.6343,211.0855,310.2980,183.3228,314.1035,203.8477,310.4361,189.5231,312.9789,209.6649,313.8503,175.4824,319.1502,203.1591,311.2861,178.0497,315.6378,198.4965,311.3418,178.9367,315.1749,189.6228,318.8051,208.2616,316.6286,,,202.4182,212.3930,,,,
73720,0,,,,,,,,,,,,,,,171.3426,209.1597,,,160.5986,223.2870,214.7529,229.4763,189.2641,228.5688,210.2392,229.7453,185.8591,274.1388,206.6684,273.0157,186.4790,312.9242,205.4510,310.3817,,,,,,,,,166.5084,207.4545,220.7483,212.7140,172.2021,209.3777,213.7665,228.2548,159.4057,221.8620,217.1552,229.6687,158.5225,223.4677,204.8161,219.8987,182.8719,219.8009,210.2908,219.5077,197.4745,218.4160,210.5905,269.0649,182.0410,271.3780,198.8115,270.0264,192.2765,270.6604,209.7697,310.4262,183.3047,314.0483,203.1793,310.7216,188.4675,312.7266,208.0121,314.2238,176.0168,319.5915,201.7736,311.6970,177.6775,315.7481,197.1440,311.7532,178.2381,315.4361,189.3172,318.5630,207.7050,316.7956,,,201.9648,212.5314,,,,
73721,0,,,,,,,,,,,,,,,171.8752,208.9818,230.1181,213.0833,162.5561,223.7498,222.1071,228.8107,187.1783,228.4776,212.2401,230.5171,185.9943,274.1726,207.6175,272.4190,186.2370,313.4327,205.7717,311.1072,,,,,,,228.8506,212.8759,166.1650,206.9921,229.8668,213.0947,172.5763,209.1675,223.5990,228.1327,161.7518,222.3529,224.7868,229.4076,160.6511,223.9830,207.1514,219.7664,180.8473,218.6826,210.9291,219.6689,196.6168,218.6332,211.8166,267.8305,181.7602,271.2172,198.7403,269.0658,192.8267,270.3965,211.2364,311.4662,182.3936,314.4013,203.1345,311.2665,188.1150,313.3756,210.3898,315.4144,174.8020,319.4742,203.4596,312.2823,177.3713,315.7428,198.3575,311.9329,178.6567,314.9930,188.9338,319.2373,207.7011,317.6035,,,202.1314,211.5709,,,,
73722,0,,,,,,,,,,,,,,,172.2681,208.8697,232.1297,213.6925,164.4330,223.7208,224.2093,229.2915,187.1289,227.8488,210.9304,230.1510,185.5802,273.8416,206.9195,272.3189,186.2060,313.4992,205.3366,310.7906,,,,,,,231.4033,212.4606,166.4344,206.4394,231.2079,213.7400,172.8786,209.0500,224.5458,228.9397,163.5210,222.2175,226.6964,230.0745,162.3184,223.9581,206.9780,219.7469,181.6367,218.3505,211.0027,219.8601,197.2666,218.4691,211.0903,268.1236,181.7141,270.9938,198.0150,269.1642,192.0038,270.4401,210.6641,311.0458,182.5775,314.5361,202.7944,310.9467,187.8205,313.3511,209.4236,314.7709,174.3953,319.6116,202.3488,311.6740,176.9316,315.8733,197.1117,311.3059,178.2180,315.0453,189.1086,319.4466,207.3474,317.1358,,,202.9640,211.5515,,,,
73723,0,,,,,,,,,,,,,,,173.5758,208.6306,220.7572,212.4260,166.3033,224.0622,218.1505,228.1061,188.6545,228.3241,210.2241,229.6897,185.8972,273.3457,206.9061,271.9155,186.2248,313.7668,205.6300,310.4163,,,,,,,224.0901,211.1312,168.5733,206.0501,222.0299,212.2771,175.3526,208.8040,216.2841,227.0510,165.4054,222.5302,221.0247,228.7349,163.8372,224.0827,205.6688,218.8806,181.9759,218.0604,210.1190,219.5336,197.6025,218.8384,211.2668,267.7029,182.1023,270.6003,198.0777,268.6623,192.2908,269.9076,210.7370,310.6973,182.6950,314.7736,202.9362,310.5234,187.6350,313.5243,208.9473,314.4167,174.4397,319.6708,202.1440,311.4901,177.2868,315.9440,196.9192,311.0605,178.6312,315.1124,188.2113,319.3954,207.1327,316.7057,,,202.6299,211.0181,,,,
73724,0,,,,,,,,,,,,,,,175.2880,208.0237,221.0936,211.6207,167.9161,224.5506,218.2374,228.9711,188.0696,228.9313,210.0775,230.5013,185.3017,273.8606,206.6994,272.8786,186.2647,313.4613,205.9812,310.0216,,,,,,,224.9251,210.3953,170.3336,205.5385,222.7603,211.4835,176.8187,208.1856,217.0420,227.6833,166.9755,222.8673,221.4109,229.2592,165.6463,224.6102,205.4810,219.7537,181.2365,218.8104,209.7735,219.8882,197.7556,219.4142,210.7737,268.2339,181.7316,271.2697,197.7883,269.4097,191.2531,270.5703,211.1123,310.2357,182.8075,314.4378,203.1307,310.1161,187.8402,313.1601,209.4596,314.3483,174.7366,319.3921,202.6328,311.6073,177.3297,315.8384,197.4882,311.2468,178.6577,315.0798,188.5440,318.9649,207.7594,316.2407,,,202.5300,210.2518,203.4623,208.6627,,
73725,0,,,,,,,,,,,,,,,175.6959,207.2303,219.9006,210.8956,168.9611,224.7498,217.7531,228.3236,188.4708,228.2948,210.1768,229.9551,185.7710,273.9639,206.6401,273.0469,186.1185,313.6781,205.9068,310.3201,,,,,,,222.9737,209.5384,170.6036,204.8926,222.7362,210.8586,177.2715,207.3290,217.0248,227.2105,167.8970,223.2447,221.3247,228.8626,166.5682,224.7852,205.3482,219.1001,181.5323,218.0938,209.7712,218.9625,197.9255,218.5701,210.6692,268.0139,182.1125,271.2005,197.9884,269.2814,191.9210,270.4299,210.9083,310.4983,182.9469,314.5887,203.1713,310.4937,187.5829,313.4480,209.2933,314.7272,174.6274,319.5654,202.1474,312.1155,176.9716,316.0084,196.8292,311.8633,178.2299,315.2800,188.4948,319.1659,207.7336,316.5479,,,202.7656,209.4048,204.2135,208.2532,,
73726,0,,,,,,,,,,,,,,,175.7459,206.9867,219.9045,210.7142,169.8790,225.5589,218.5716,228.3973,188.8881,228.4119,210.8044,229.9357,185.5649,273.9148,206.4653,272.9387,186.4006,313.7816,205.6881,310.5203,,,,,,,222.7793,209.2052,171.4228,204.6494,221.8116,210.5942,177.4415,207.2579,218.1594,227.2660,168.9695,224.1071,222.0764,228.8968,167.2427,225.5527,206.1709,219.3249,182.3179,218.6715,210.3360,219.0862,198.2513,218.7375,210.2081,268.1348,181.9677,271.1890,197.9163,269.3240,191.7574,270.6280,210.6868,310.6841,183.0959,314.6397,203.1359,310.6985,187.9174,313.5218,209.1072,314.8063,174.6008,319.5748,202.1276,312.0814,176.9340,315.9920,196.9039,311.6969,178.2857,315.2670,188.9639,319.2582,207.5968,316.6432,,,202.9698,209.3260,203.7872,207.8804,,
73727,0,,,,,,,,,,,,,,,177.2899,206.9202,220.5605,210.5403,170.7463,226.4537,220.0301,228.2713,189.2508,228.7177,210.6409,229.7884,186.0293,273.9114,206.6447,273.1878,186.5687,313.7544,205.6475,310.2732,,,,,,,223.9428,208.9920,172.8551,204.3829,222.0837,210.4031,178.5839,207.2516,219.7364,227.1314,169.8761,224.9991,223.0479,228.4279,168.3183,226.5565,205.7270,219.2935,182.9612,218.8033,209.8854,219.0613,198.2158,218.8441,210.2629,268.3159,182.3229,271.2231,198.2163,269.5395,192.0230,270.6996,210.3761,310.3172,183.3096,314.5801,202.8888,310.5170,188.0469,313.4443,208.4905,314.5558,174.6080,319.4365,201.7964,311.9666,177.1414,315.8597,196.6072,311.6242,178.5255,315.0425,188.9198,319.3275,207.1290,316.3198,,,202.6611,209.3601,203.6973,207.3901,,
73728,0,,,,,,,,,,,,,,,178.1818,206.8644,220.9326,210.5716,171.0282,226.8792,220.2879,228.6189,188.5571,228.7574,210.9454,230.0359,186.1479,274.0673,206.5263,272.9097,186.5349,313.5410,205.5891,309.7962,,,,,,,224.8829,208.7438,173.9325,204.2199,222.1945,210.4452,179.3054,207.1659,220.3417,227.5341,169.9684,225.4266,223.6139,228.8848,168.5844,227.0342,205.9616,219.5835,181.8157,218.5535,210.0248,219.1518,197.7817,218.6944,210.2899,268.1440,182.1567,271.3762,198.0133,269.3452,192.1698,270.7584,210.3834,309.9553,183.1661,314.2915,202.8400,310.0149,188.0689,313.2261,208.3833,314.1236,174.4881,319.1844,201.4838,311.5249,177.0164,315.6189,196.1878,311.1497,178.3241,314.7859,188.8602,319.0975,207.2954,315.8028,,,202.6129,209.4521,204.4643,207.1338,,
73729,0,,,,,,,,,,,,,,,178.4992,207.0638,221.5826,211.0243,170.6125,227.3646,220.4030,228.9883,188.6285,229.1935,210.7382,230.4443,185.8072,274.4534,207.1373,273.4107,186.5619,313.8358,205.7265,309.9151,,,,,,,226.3098,209.8688,174.5099,204.1412,222.4119,210.6404,179.7721,207.3549,221.0350,228.0364,169.7916,225.7930,224.3289,229.4377,168.2390,227.6124,205.9203,219.8581,181.9593,219.1651,209.8543,219.5696,197.6695,219.1815,210.7543,268.5164,181.8669,271.7017,198.4617,269.6887,191.8672,271.0931,210.4570,310.0148,183.1949,314.6718,202.9956,310.1603,188.0982,313.5278,208.3452,314.0209,174.7451,319.4606,201.6026,311.5153,177.5012,315.8323,196.4092,311.1813,178.7973,314.8575,188.5641,319.4542,207.2024,315.9172,,,202.6369,210.0346,205.1523,207.0811,,
73730,0,,,,,,,,,,,,,,,178.4633,206.8046,219.6091,210.7663,170.0905,227.4517,218.3368,228.5609,188.4712,228.7859,209.6170,229.7125,186.1529,274.3954,206.9178,272.8919,186.9889,313.9802,205.2713,309.5473,,,,,,,223.5922,209.4795,174.4682,203.8038,220.5740,210.4680,179.5229,207.0219,219.1494,227.5476,168.9196,225.7734,222.2219,229.0772,167.9968,227.7191,204.8224,219.3946,181.8985,218.5086,209.0695,219.0647,197.4561,218.7269,210.4217,268.0183,182.2785,271.6444,198.3209,269.2395,191.4461,270.8539,209.7858,309.4921,183.6382,314.7938,202.6563,309.8719,188.3981,313.5950,207.7022,313.7035,174.9012,319.5789,201.2726,311.2691,177.5109,315.9069,196.2333,311.0451,178.6340,314.9314,188.9243,319.5045,207.1266,315.6402,,,202.3466,210.0675,205.4155,206.7950,,
73731,0,,,,,,,,,,,,,,,178.2054,206.6587,219.0839,210.7220,170.6030,228.2192,217.0868,228.8008,189.1110,229.3323,209.8328,230.2342,186.5260,274.2381,206.8581,273.2312,187.0828,313.9069,204.7182,310.2836,,,,,,,223.9373,209.6861,174.6254,204.8520,220.3066,210.5245,179.5563,206.8405,218.1816,227.9811,169.8185,226.5791,221.5987,229.4695,168.6682,228.4378,205.4506,220.0620,182.3980,219.2524,210.0196,219.3870,197.9607,218.7521,210.3414,268.4785,182.5831,271.3914,198.1868,269.4333,191.8750,270.7481,209.2599,310.2934,183.6022,314.6286,202.0683,310.5982,188.4315,313.5170,207.0052,314.2417,174.8585,319.5555,200.4738,311.7065,177.2935,316.0199,195.4540,311.5401,178.4179,315.1455,189.0384,319.1864,206.7460,316.4578,,,203.0490,209.8596,206.9596,206.5430,,
73732,0,,,,,,,,,,,,,,,178.1290,206.7456,218.7267,210.7281,170.1592,228.3871,217.6220,228.7181,189.4488,229.5444,209.1723,230.2557,186.5037,274.1308,206.5554,272.5511,187.0036,314.0381,204.6520,309.9211,,,,,,,223.1557,209.7342,174.9536,204.9248,219.6001,210.4841,179.6185,206.8637,218.7166,227.8714,169.4228,226.6517,221.7485,229.3916,168.1505,228.5129,204.8997,219.9918,182.9807,219.5498,209.4424,219.1130,197.7590,218.6359,210.0784,267.8891,182.7104,271.3575,198.1188,269.0525,191.7842,270.6169,209.2177,309.8552,183.7025,314.8424,202.0823,310.2692,188.4170,313.6793,206.9645,313.8277,175.1756,319.7784,200.3854,311.4573,177.7106,316.0981,195.4089,311.4127,178.9164,315.1485,188.7715,319.5797,206.6373,315.9948,,,202.4340,209.9268,206.3486,206.2711,,
73733,0,,,,,,,,,,,,,,,178.7381,206.1926,218.5610,210.0069,170.1829,228.0102,211.2507,225.8977,190.0630,229.3081,209.7790,229.7818,186.8239,273.9192,206.6264,272.9525,187.0298,313.6177,205.3076,310.2841,,,,,,,221.6234,208.5581,175.2179,204.5939,218.2964,209.3557,180.9941,206.2132,211.0854,224.8099,168.9053,226.1560,214.2743,226.3417,168.5974,228.2048,204.6034,218.7333,182.8137,218.1834,210.7971,218.5481,198.8889,218.1556,210.1258,267.8282,182.7312,271.0751,198.1455,268.9574,192.4336,270.2668,209.7046,310.2216,183.5949,314.3854,202.7314,310.6784,188.4331,313.3192,207.4057,314.1780,174.4527,319.4018,200.4575,311.6776,176.6708,315.9154,195.3282,311.5297,177.6643,315.0850,189.0261,319.1855,207.0792,316.4173,,,204.1029,209.3850,207.8394,206.5662,,
73734,0,,,,,,,,,,,,,,,178.2996,206.1762,216.9593,209.5564,169.3695,228.1919,210.0137,225.1149,189.5448,229.0230,209.0685,229.3048,186.3282,274.1472,206.6057,273.0146,187.3876,313.6288,205.4441,310.2494,,,,,,,217.6344,207.9040,175.0835,204.6307,217.2051,208.9120,180.0962,206.2111,209.5432,224.0363,168.1218,226.6182,212.4643,225.4122,167.7089,228.3404,204.0507,218.7641,182.5720,218.1836,210.5483,218.4329,198.6611,218.1620,209.7288,268.1760,182.3844,271.5095,198.0536,269.4144,191.6759,270.6444,209.6838,310.1079,184.0267,314.4289,203.0554,310.6014,188.7512,313.2923,207.3053,313.9850,175.4523,319.5554,200.5866,311.5784,177.6056,315.9894,195.6466,311.4932,178.5865,315.1104,189.1178,319.1647,207.2135,316.0289,,,203.4927,209.4225,208.4291,206.4414,,
73735,0,,,,,,,,,,,,,,,178.1002,206.0616,217.1373,209.5295,168.1440,227.4084,208.9800,224.9349,189.2827,229.1851,209.3011,229.5088,186.1641,274.4043,207.3155,273.8075,187.2288,314.1086,204.9059,310.4053,,,,,,,216.2464,207.5752,174.1251,204.4970,217.7458,209.0004,179.8972,206.1444,208.1417,223.8821,166.7678,225.8327,211.1141,225.2091,166.3372,227.6615,204.0515,219.0162,181.8398,218.6503,210.6334,218.7697,198.2447,218.3380,210.5969,269.1457,182.1615,271.6033,198.7042,270.1472,191.8493,270.8745,209.3226,310.2856,184.0301,315.0910,202.4677,310.7867,188.4377,313.7367,207.3179,314.1587,175.0977,319.9919,200.5480,311.7413,176.9402,316.1200,195.4262,311.6592,177.8750,315.1050,189.3696,319.9047,207.0586,316.3820,,,203.7526,210.5764,207.6100,206.3643,,
73736,0,,,,,,,,,,,,,,,177.7158,206.0746,215.2655,209.3755,167.9786,227.4704,207.3270,224.4505,188.9887,229.2025,209.1124,229.6655,186.3136,274.3570,207.0065,273.9078,186.9893,313.9965,204.4368,310.5234,,,,,,,214.4003,207.5130,173.6784,204.5412,215.6803,208.8520,179.0295,206.2703,206.7216,223.6169,166.6244,226.0217,209.4209,224.7569,166.2429,227.7111,204.0267,219.0785,181.4090,218.8498,210.4416,219.1309,198.1089,218.6610,210.2177,269.3478,182.2687,271.5942,198.5559,270.2255,191.9070,270.8889,208.8317,310.3943,183.7152,314.9376,201.9716,310.8704,188.2016,313.5992,206.9914,314.3196,174.7902,319.7961,200.3001,311.9551,176.6134,316.0720,195.1904,311.8722,177.6483,315.0855,189.3498,319.6410,206.5004,316.5056,,,203.5654,210.6589,206.6632,206.2798,,
73737,0,,,,,,,,,,,,,,,177.1795,206.4193,214.4917,209.8772,167.5656,227.7714,206.4608,224.5889,188.2875,229.1548,209.1850,229.6947,186.2416,274.8219,207.7069,274.4816,187.0201,314.3075,204.5295,310.5370,,,,,,,214.8758,207.8179,173.0719,204.8041,215.0850,209.2673,178.4134,206.5994,205.9131,223.7080,166.3391,226.4066,208.5894,224.7414,165.8079,228.0536,204.2990,219.2959,181.0576,218.9215,209.8771,219.0756,197.1881,218.7686,211.1420,269.9133,182.1789,271.9930,199.1766,270.7981,192.2200,271.4321,208.9872,310.4861,183.7878,315.2197,202.0679,310.9309,188.2685,313.8981,207.2096,314.3095,175.1461,320.0366,200.6186,312.0162,177.3267,316.3977,195.5649,311.9117,178.3835,315.4095,189.0800,319.7690,206.7648,316.5605,,,202.7059,210.9440,206.0437,206.1807,,
73738,0,,,,,,,,,,,,,,,176.8759,206.3728,215.7241,209.8130,167.2640,228.0185,205.6824,224.5654,188.6704,229.2713,209.1470,229.7494,186.1178,274.4099,207.4739,274.1018,187.2368,314.2118,204.6049,310.4967,,,,,,,217.0128,207.9979,172.6472,204.6879,215.9367,209.2587,178.3247,206.5600,205.0701,223.6967,165.9161,226.6862,208.0092,224.7184,165.6147,228.3596,204.3383,219.2124,181.1513,219.0245,210.4652,219.3393,197.9143,218.8701,210.8912,269.7276,182.0181,271.6152,198.8927,270.4716,191.9894,270.9854,209.1393,310.4581,184.1057,315.1582,202.0617,310.8255,188.4291,313.8521,207.0538,314.3046,175.4690,320.1584,200.3162,311.9334,177.3292,316.4097,195.2051,311.8233,178.3186,315.4004,189.5551,319.8866,206.8046,316.4895,,,203.2566,210.9977,206.5934,206.1583,,
73739,0,,,,,,,,,,,,,,,177.2446,206.4410,215.6262,209.9088,167.5254,228.1618,206.5164,223.8263,188.6281,229.0091,209.4396,229.3621,186.1821,274.4695,207.2929,274.1410,187.1433,314.3185,204.4663,310.6338,,,,,,,218.7578,208.5128,173.0374,204.7419,214.9409,209.3566,178.6930,206.6233,206.4463,223.0273,166.2086,226.8820,209.2423,224.1473,165.7180,228.4264,204.4155,218.9786,181.8386,218.9172,210.3724,218.6938,198.0004,218.3998,210.6818,269.5598,182.2671,271.7295,198.7165,270.3918,192.2766,271.0622,209.0977,310.6034,183.9315,315.2942,201.9659,311.0658,188.2760,313.9663,207.1643,314.3574,175.1887,320.2365,200.4963,312.0127,177.2710,316.5189,195.2445,311.8261,178.2195,315.4905,189.4442,320.0116,206.7988,316.6950,,,203.7669,210.6262,206.2413,206.1148,,
73740,0,,,,,,,,,,,,,,,176.7108,206.4620,216.2206,210.0494,167.4682,228.7056,206.1514,224.4679,188.7180,229.1261,209.2129,229.5230,186.2186,274.6120,207.3300,274.0140,187.0638,314.3042,204.5980,310.6946,,,,,,,218.7721,208.5375,172.3646,204.6866,215.4084,209.4944,178.2324,206.5819,205.7449,223.5705,166.0898,227.3030,209.2713,224.6858,165.6986,229.1295,204.1189,219.4357,181.7800,219.1490,210.1325,218.9625,197.9442,218.6458,210.6827,269.4220,182.3299,271.9187,198.8619,270.3946,192.2300,271.2278,209.2389,310.7726,183.8002,315.2535,202.0725,311.0910,188.1507,313.9047,207.0807,314.4833,174.8129,320.1769,200.4869,312.1208,176.9373,316.4193,195.2688,311.8305,177.8569,315.3360,189.5468,319.8812,206.8499,316.7680,,,203.1310,209.3894,205.6001,206.0325,,
73741,0,,,,,,,,,,,,,,,176.7404,206.2583,216.2327,209.7227,168.3241,228.2912,205.4341,223.3322,188.5706,228.4647,209.1866,229.0345,186.2710,274.3499,207.2566,273.7857,187.2954,314.2641,204.6073,310.6322,,,,,,,218.9771,208.3225,172.3777,204.6283,213.7657,209.0086,177.8150,206.3237,205.0084,222.5339,166.7262,226.9583,208.0994,223.5535,166.6428,228.6791,204.1785,218.7889,181.5832,218.1791,209.6907,218.3494,197.4794,217.8523,210.7116,269.0579,182.2272,271.5771,198.7863,270.0820,192.3050,270.8690,209.2153,310.6382,184.0215,315.2388,202.0537,311.0134,188.5899,313.9136,207.1435,314.5023,175.4683,320.1638,200.2137,312.0475,177.6760,316.3873,195.1111,311.9250,178.6186,315.3473,189.4047,319.8990,206.7366,316.6585,,,202.7939,209.2258,206.0356,206.1339,,
73742,0,,,,,,,,,,,,,,,176.9454,206.3734,216.6296,209.8553,168.4704,228.5382,206.4957,223.9339,188.6543,228.4712,208.7982,228.7593,186.2095,274.4708,207.1438,273.5280,187.2339,314.4974,204.2246,310.4134,,,,,,,219.2877,208.3906,172.5808,204.6630,214.2159,209.1329,178.3310,206.5646,206.1136,223.0909,167.0677,227.1428,209.2896,224.1107,166.4556,228.8098,203.5338,218.8383,181.3267,218.3110,209.2080,217.9050,197.1983,217.6617,210.6415,268.8080,182.2774,271.8079,198.5211,269.9429,191.7470,271.0224,208.8571,310.3624,183.9067,315.5060,201.7558,310.7854,188.4651,314.1149,206.7372,314.2458,175.0254,320.5041,199.9595,311.9207,177.4238,316.5930,194.8392,311.8121,178.4092,315.5722,189.2655,320.1646,206.5394,316.5591,,,202.2355,209.2472,206.4265,206.2056,,
73743,0,,,,,,,,,,,,,,,176.3382,206.3963,215.4100,209.8271,168.8689,229.1597,205.9955,224.9485,189.0536,228.8981,209.1779,229.3909,186.0577,274.4297,207.3546,273.7432,187.3124,314.3098,204.4761,310.6175,,,,,,,219.1612,208.4750,172.6344,204.7211,214.7995,209.2112,177.5219,206.5212,205.4295,223.9389,167.6699,227.7170,208.7589,225.0454,167.0375,229.4172,204.0613,219.4392,182.1326,219.0314,209.7637,218.4640,197.7763,218.1562,210.8169,269.0736,182.2280,271.7485,198.6607,270.1201,191.5607,271.0417,209.0794,310.5726,184.0342,315.3052,201.9862,310.9779,188.5962,313.9866,206.8023,314.4246,175.3060,320.3391,199.9642,311.9858,177.5212,316.5191,194.8198,311.8552,178.4770,315.5177,189.3610,319.9023,206.6384,316.6275,,,201.9294,209.3017,204.9674,206.0397,,
73744,0,,,,,,,,,,,,,,,176.5205,206.5393,216.1875,209.9443,169.1458,228.9908,206.8937,225.7729,189.0134,228.9266,209.2410,229.6243,185.8653,274.7442,207.2382,274.0168,187.2379,314.2765,204.4944,310.6526,,,,,,,220.0273,208.5601,172.6149,204.7952,215.8296,209.3756,177.6401,206.5718,206.1115,224.6652,167.9423,227.6049,210.1002,225.9275,167.2751,229.2429,204.1076,219.6156,181.7481,218.9325,209.5114,218.7371,197.3636,218.2730,210.8137,269.3449,181.9836,271.9962,198.5634,270.3507,191.4272,271.3845,209.1475,310.6070,183.9340,315.2494,201.9861,311.0012,188.5273,313.9132,206.8560,314.4326,175.1334,320.2482,200.0944,312.0418,177.2924,316.4280,194.9741,311.9208,178.3563,315.4892,189.4842,319.7942,206.6913,316.6887,,,202.1198,209.5064,205.8233,206.1337,,
73745,0,,,,,,,,,,,,,,,176.3948,206.5974,217.9776,210.4341,168.5172,229.2084,207.2108,226.7152,188.9242,229.0297,210.2136,230.1077,186.2281,274.6484,207.6133,274.2983,187.0769,314.4552,204.5543,310.7668,,,,,,,222.0693,209.2860,172.9329,204.9412,217.9940,209.8266,177.6459,206.6113,206.7522,225.6119,167.6612,227.9553,210.7002,226.9799,166.5780,229.4326,205.3994,220.1883,181.9200,219.6106,210.6502,219.1845,198.1081,218.8192,211.0908,269.9400,182.1451,271.8748,198.8416,270.6712,191.9953,271.4210,209.0248,310.6246,183.6040,315.2398,201.9604,311.1438,188.4513,314.1217,207.2190,314.5724,174.5513,320.1716,200.4225,312.2657,177.1065,316.5813,195.5193,312.2371,178.4697,315.7161,189.3074,320.0634,206.6558,316.6984,,,203.1827,210.9297,206.2738,206.1496,,
73746,0,,,,,,,,,,,,,,,176.4368,206.7283,218.5587,210.6474,168.2506,228.9625,209.9707,227.7367,188.3064,228.9065,210.1217,230.0967,185.9973,274.7304,207.7016,274.1525,187.1932,314.2716,204.6982,310.4436,,,,,,,222.4664,209.5328,172.6015,205.0244,218.9876,210.1422,177.8080,206.8513,209.4919,226.4278,167.4127,227.7118,214.2766,228.2430,166.1555,229.1717,205.3150,220.4060,181.2977,219.3801,210.4973,219.2834,197.5267,218.7355,211.3182,269.7231,181.8162,271.8846,198.7445,270.4945,191.8624,271.4491,209.2002,310.2618,183.5819,315.0756,202.1672,310.7852,188.5303,313.9656,207.1710,314.1439,174.1324,320.0905,200.3064,311.8795,176.4681,316.3864,195.5834,311.9400,177.7933,315.5573,189.6114,319.9533,206.8222,316.2516,,,203.2188,211.0525,206.8063,206.2926,,
73747,0,,,,,,,,,,,,,,,175.9087,206.6511,217.4194,210.4601,168.1475,228.9129,209.1089,227.4279,187.9637,228.5588,209.4798,229.7129,186.1997,274.8076,207.6981,274.2666,187.0609,314.2405,204.2076,310.7259,,,,,,,221.2131,209.3142,171.8411,204.9431,218.0269,209.9650,177.2293,206.7372,208.8075,226.1789,167.2860,227.6980,213.3522,227.9665,166.0312,229.1302,204.9044,219.9460,180.8047,218.8252,209.8428,218.9022,197.1152,218.3531,211.1873,269.8012,181.8987,271.8836,198.8715,270.4794,192.3927,271.4789,208.6713,310.6141,183.5272,315.0377,201.6116,311.0356,188.4549,313.8945,206.9400,314.4621,174.2936,319.9342,200.1545,312.0222,176.6830,316.3176,195.3997,311.9826,178.0187,315.4824,189.5099,319.7847,206.0990,316.4962,,,202.5241,209.6798,205.3865,206.1189,,
73748,0,,,,,,,,,,,,,,,176.0987,206.5480,217.0978,210.2922,167.8332,228.8173,208.5407,227.4495,187.8567,229.0901,209.3839,230.0779,186.2177,274.7780,207.6159,274.4040,187.0470,314.4335,204.3956,310.8298,,,,,,,220.5214,209.0292,172.3700,204.8703,218.0624,209.7733,177.5022,206.6627,207.7595,226.2892,166.9678,227.6822,212.5252,227.9711,165.8414,229.0087,204.7294,220.4865,180.8466,219.7627,209.9263,219.5645,197.2887,218.8916,211.0067,269.9547,181.9590,271.9038,198.8413,270.6792,192.2117,271.4658,208.9219,310.7439,183.4835,315.2213,201.7808,311.1301,188.3931,314.0947,206.9412,314.5244,174.4481,320.0566,200.2028,312.0376,176.7242,316.3510,195.4646,311.9687,178.0296,315.4581,189.3248,320.0770,206.2395,316.6729,,,202.8768,211.0251,205.8932,205.9899,,
73749,0,,,,,,,,,,,,,,,176.1516,206.5253,217.0008,210.4527,168.2937,228.3847,210.0401,227.4176,187.5215,228.6375,209.0141,229.8235,186.2822,274.6366,207.7858,274.1198,187.0320,314.3350,204.3799,310.6153,,,,,,,220.9354,209.4859,172.3751,204.8294,217.5879,209.9651,177.2821,206.5186,209.6600,226.0458,167.3109,227.1628,214.0667,228.0130,166.2415,228.4530,204.4518,220.0024,180.7855,218.9009,208.9963,218.8268,196.4819,218.2354,211.1083,269.7008,181.9335,271.7462,199.0873,270.4728,192.3728,271.2943,208.8380,310.4818,183.6563,315.1250,201.7704,310.9507,188.5218,314.0290,206.9857,314.4206,174.8186,320.0297,200.2906,312.0132,177.2100,316.4206,195.6909,312.0484,178.5313,315.5330,189.4321,319.9787,206.2273,316.3602,,,201.7954,210.6036,204.5799,205.8740,,
73750,0,,,,,,,,,,,,,,,176.2148,206.4970,216.5607,210.3486,167.8774,228.1554,209.4586,226.8997,187.7486,228.7215,209.1713,229.7621,186.3067,274.9339,207.5518,274.4193,187.1296,314.4054,204.2569,310.7305,,,,,,,220.2256,209.0740,172.1156,204.7561,217.3760,209.7129,177.1603,206.4739,208.7243,225.5766,166.8474,226.8904,213.1101,227.4764,165.9489,228.2020,204.2870,219.9959,180.7305,219.0359,209.9829,219.2404,197.4156,218.5439,210.9075,269.9370,182.0370,272.0334,198.7576,270.6629,192.2497,271.5672,208.8277,310.6076,183.7146,315.1884,201.6149,311.0660,188.5520,314.0725,206.8598,314.4108,174.6618,320.1125,200.0592,311.9327,176.9420,316.4533,195.2303,311.8737,178.2985,315.6137,189.7164,320.0749,206.3608,316.4848,,,202.7471,210.8721,205.4355,205.9912,,
73751,0,,,,,,,,,,,,,,,176.2962,206.2985,219.3535,210.6383,167.7755,228.0486,213.4485,227.6155,188.0727,228.6011,209.7534,229.3624,186.2351,274.7596,207.5489,274.1976,187.1304,314.2481,204.4974,310.4820,,,,,,,223.0951,209.4692,172.0222,204.5840,219.3060,209.9075,177.2112,206.2528,213.6641,226.3545,166.6529,226.7791,219.8313,228.9156,165.7191,228.0406,204.6513,219.3591,180.9952,218.5776,210.4817,218.8326,197.8624,218.1544,210.9571,269.5395,181.9541,271.8229,198.5682,270.2899,192.1157,271.3427,209.1543,310.4803,183.6303,315.0355,201.9577,310.7789,188.5588,313.9604,207.2073,314.3956,174.4160,320.0391,200.3406,311.8225,176.6587,316.3141,195.4807,311.7471,178.0188,315.4864,189.7594,319.9766,206.5842,316.3684,,,203.8586,210.7266,206.6197,206.1636,,
73752,0,,,,,,,,,,,,,,,176.6043,206.2265,218.9107,210.5740,167.8797,227.9693,212.5461,227.4962,188.1255,228.5427,209.1186,229.0793,186.1733,274.7863,207.6114,274.0196,186.9500,314.2881,204.6381,310.5659,,,,,,,222.9827,209.2812,171.9444,204.5101,219.2873,209.8623,177.5521,206.2131,212.0587,226.0764,166.6140,226.5807,216.9764,228.3190,165.8029,227.9748,203.8267,219.3653,180.6373,218.6534,209.7315,218.7885,197.3844,218.2650,210.8859,269.4374,181.9419,271.9118,198.6223,270.2971,191.8439,271.4344,209.3427,310.5199,183.4553,315.0535,202.0549,310.8647,188.4236,313.9684,207.4033,314.4100,174.7347,320.0268,200.2453,311.8307,177.0107,316.4281,195.4772,311.7613,178.2552,315.5878,189.4192,319.9971,206.8616,316.3834,,,202.6266,210.5799,205.9344,206.1317,,
73753,0,,,,,,,,,,,,,,,176.0354,206.4077,217.8941,210.5431,167.5355,227.7450,211.7850,227.3835,188.5279,228.9974,209.6469,229.8357,186.1416,274.6636,207.7320,273.9665,186.8730,314.1506,204.7517,310.3462,,,,,,,221.7865,209.3941,171.4150,204.6253,218.0940,209.9340,177.1639,206.3797,211.2424,226.0170,166.2171,226.3624,215.8984,228.0707,165.4110,227.8171,205.0614,220.1778,181.5931,219.4611,210.4144,219.3938,198.0736,218.7135,211.0501,269.4315,181.9395,271.8150,198.9591,270.3147,191.8760,271.3815,209.3999,310.3047,183.3451,314.9453,202.1926,310.6570,188.3231,313.8131,207.4041,314.2532,174.5389,319.9544,200.4372,311.7025,176.6921,316.2617,195.5922,311.6230,177.8240,315.3416,189.3689,319.8866,206.8862,316.1915,,,203.8352,211.0681,206.9902,206.2116,,
73754,0,,,,,,,,,,,,,,,175.6816,206.2922,217.0968,210.4931,166.7737,227.9575,210.9545,227.5612,188.4007,229.1272,209.4343,229.9623,186.1934,274.7414,207.5224,274.1627,186.9146,314.2734,204.6050,310.6993,,,,,,,220.2800,209.1009,171.2483,204.5278,217.7127,209.7789,176.7898,206.2683,210.0268,226.4424,165.4641,226.4954,214.6361,228.2267,164.9443,228.0806,205.1259,220.5948,181.3735,219.6686,209.9527,219.4627,197.7821,218.8098,210.7600,269.6794,181.9582,271.9107,198.8015,270.4777,192.0520,271.4990,209.1120,310.6748,183.3699,315.0343,202.0066,311.0141,188.2873,313.9139,207.0497,314.4878,174.1270,319.8887,200.1811,311.9157,176.2059,316.1488,195.4058,311.8073,177.2938,315.2581,189.3354,319.9194,206.7663,316.6439,,,203.2961,210.9868,206.8212,206.2050,,
73755,0,,,,,,,,,,,,,,,175.7802,206.3097,220.0384,210.4812,167.0615,227.6017,214.6218,228.1098,188.6394,228.8377,209.7484,229.7270,186.1666,274.6076,207.4946,274.2813,186.9941,314.3465,204.7136,310.7742,,,,,,,223.5708,209.3689,171.0946,204.5371,219.9457,210.0260,176.7736,206.3052,215.0914,226.9740,165.6968,226.1728,219.4413,228.9532,165.0230,227.6496,205.1469,220.0282,181.4693,218.9855,210.1499,219.0500,197.9264,218.4271,210.9170,269.7498,181.9866,271.7362,198.5675,270.4745,191.8871,271.4029,209.2930,310.7573,183.5225,315.0794,202.1300,311.1163,188.3660,314.0588,207.2016,314.5486,174.3617,320.0436,200.3081,311.9513,176.5127,316.4373,195.4749,311.8313,177.6884,315.5949,189.5204,320.0476,206.8428,316.6109,,,203.4841,209.4199,206.1262,206.0365,,
73756,0,,,,,,,,,,,,,,,175.9944,206.0168,219.6653,210.2881,167.3285,227.8927,213.3925,228.2166,188.3230,229.0406,209.1720,229.7968,186.1491,274.7314,207.1195,274.1679,186.8910,314.2063,204.3610,310.5948,,,,,,,223.4607,209.1871,171.5865,204.3890,219.9892,209.8334,177.2416,206.1075,212.9138,226.9572,166.0270,226.3501,217.9052,228.9591,165.3644,228.0056,204.8224,220.0609,181.2377,219.4132,209.8510,219.1986,197.5450,218.6171,210.3807,269.5300,181.9224,271.8128,198.3230,270.4498,191.8550,271.4313,208.8919,310.4952,183.3540,314.9779,201.7750,310.9198,188.3080,313.8808,206.9205,314.3944,174.2342,319.9058,199.8491,311.8019,176.3076,316.1224,195.0531,311.6850,177.4484,315.2467,189.5346,319.9198,206.7210,316.3475,,,203.0037,210.7132,205.8528,205.9998,,
73757,0,,,,,,,,,,,,,,,176.2369,206.3777,222.9927,210.8126,167.6256,228.8757,220.2929,228.8506,189.1838,229.6147,210.4529,230.2326,185.7432,274.5143,207.4567,274.1927,186.5248,314.3167,204.8107,310.5781,,,,,,,225.0873,209.3406,172.0254,204.5118,223.5721,210.4140,178.6547,207.9379,220.9001,227.9710,166.3335,227.0711,224.1397,229.3051,165.4438,228.9391,205.5097,220.1461,181.6746,220.0058,210.9852,219.2713,198.4676,218.9290,210.9990,269.6934,181.8414,271.6747,198.4147,270.5149,191.2562,271.1226,209.5374,310.5874,183.2317,315.2113,202.2241,310.8917,187.7828,313.9599,207.2616,314.3668,173.9117,319.9846,200.5454,311.8620,176.0214,316.2167,195.4917,311.6930,177.0640,315.1954,188.9420,320.0850,207.0645,316.4315,,,203.2092,211.1760,205.3285,205.9123,,
73758,0,,,,,,,,,,,,,,,176.4046,206.2320,222.2433,210.6462,167.4941,228.4941,219.6383,228.4175,188.6674,229.1641,210.2365,230.0353,185.9094,274.4428,207.8026,273.9662,186.8026,314.3460,205.0074,310.3695,,,,,,,224.3178,209.2199,172.5521,204.5263,222.8560,210.2364,177.9883,206.4585,220.5560,227.6299,166.2718,226.7222,223.8643,229.0332,165.3370,228.6792,205.6163,220.0359,181.4919,219.5532,210.7855,218.9795,198.1248,218.5940,211.3126,269.4274,181.8861,271.6327,198.6171,270.2395,191.3545,270.9549,209.6934,310.4113,183.4579,315.2441,202.4666,310.6894,188.1959,313.9974,207.4036,314.1755,174.4420,320.0717,200.5909,311.6225,176.7127,316.2663,195.5551,311.4188,177.6895,315.1934,189.1425,320.2759,207.1308,316.2631,,,203.1324,210.9303,205.9163,206.1024,,
73759,0,,,,,,,,,,,,,,,176.3729,206.3579,223.4451,210.9736,167.6483,228.2984,223.6342,229.2332,188.4285,229.6068,210.2001,230.1508,185.8342,274.8201,208.1097,274.1920,186.9628,314.4333,205.2253,310.5327,,,,,,,225.3292,209.6532,172.3156,204.5199,224.0957,210.6711,177.9482,206.6007,223.7853,228.3081,166.1916,226.5573,226.6781,229.6292,165.5461,228.4455,205.5829,220.0458,181.2915,219.7957,210.8349,219.4634,198.2341,218.9967,211.6334,269.6700,181.8159,271.9324,198.8482,270.4680,191.3539,271.2298,209.9451,310.5508,183.6298,315.2753,202.6651,310.8815,188.3809,314.1369,207.6030,314.1608,174.5932,320.1450,200.7295,311.7407,176.6432,316.3756,195.7709,311.6599,177.7084,315.3685,189.2519,320.3717,207.3487,316.3656,,,203.2204,211.2071,206.0066,206.1421,,
73760,0,,,,,,,,,,,,,,,176.1757,206.1109,220.5701,210.4696,167.1678,228.3440,217.9983,228.0705,189.0071,229.5605,210.1471,230.2150,186.0369,274.7922,207.8501,273.9779,187.1134,314.3684,205.1732,310.3708,,,,,,,222.8778,209.1163,172.1915,204.3901,221.2133,210.0286,178.1516,206.1953,219.2552,227.3202,165.7486,226.6848,222.6404,228.8032,165.0969,228.5120,205.2947,220.1711,181.4614,219.9920,210.8702,219.3961,198.4449,218.9683,211.2577,269.4267,182.0337,271.8607,198.7348,270.3682,191.3291,271.1954,209.8178,310.3796,183.7445,315.1471,202.6798,310.7397,188.6028,314.0832,207.4951,314.0510,174.7096,320.1343,200.7018,311.6515,176.6402,316.4272,195.7880,311.5882,177.7055,315.4836,189.8381,320.2288,207.3313,316.1290,,,203.2059,211.0815,205.5627,206.0699,,
73761,0,,,,,,,,,,,,,,,176.1268,206.4921,221.3576,210.8726,167.1211,228.6940,216.6416,227.9636,189.0383,229.7632,210.2957,230.3423,186.0384,274.8556,207.5411,274.3111,186.8961,314.3475,205.0480,310.4787,,,,,,,223.4384,209.6113,172.0236,204.6058,221.8408,210.5643,178.4804,206.5295,218.5041,227.3348,165.7605,227.0794,221.8968,228.8645,165.0907,228.9049,205.5489,220.2334,181.4289,220.1032,210.5522,219.4570,198.3035,219.0378,210.8512,269.7733,181.8712,271.8533,198.4478,270.6676,191.4480,271.3834,209.7075,310.5469,183.5796,315.1109,202.4808,310.7750,188.2595,314.0789,207.2371,314.1848,174.6006,319.9659,200.5337,311.7298,176.4887,316.2805,195.6671,311.6131,177.5630,315.3398,189.4102,320.1800,207.1065,316.2902,,,202.9998,211.1471,205.2904,206.0762,,
73762,0,,,,,,,,,,,,,,,175.7472,206.5833,221.2382,210.9256,167.0051,229.0179,217.8054,228.1590,188.4869,229.6705,210.2240,229.9174,186.0666,275.1992,208.0646,274.2483,187.0317,314.4540,205.1624,310.4514,,,,,,,223.5574,209.6690,171.5319,204.7231,221.3127,210.4842,178.2592,208.1835,220.2486,227.8183,165.6805,227.3636,222.2482,228.8666,164.9225,229.1332,205.6956,219.9125,180.7134,219.9593,210.3361,219.1483,197.5112,218.7598,211.3589,269.5488,181.8897,272.2163,198.8738,270.5756,191.3103,271.5491,209.8985,310.5072,183.5504,315.2666,202.5783,310.7694,188.4830,314.1490,207.6208,314.1606,174.7474,320.2212,200.5631,311.6861,176.7716,316.4330,195.5543,311.5877,177.9228,315.4618,189.4649,320.2624,207.2995,316.2053,,,202.2472,210.9936,205.5217,206.0327,,
73763,0,,,,,,,,,,,,,,,176.1887,206.4465,219.8443,210.6742,167.4230,228.6444,214.7555,226.9689,189.4326,229.5536,210.6173,229.7270,185.8848,274.7685,207.4386,273.8412,187.0166,314.2801,205.1634,310.3963,,,,,,,222.4761,209.2780,172.0452,204.6916,219.8807,210.0077,177.8332,206.6775,216.1698,226.2381,166.3670,227.0644,219.9956,227.9033,165.2180,228.6808,205.5165,219.3777,181.5898,219.5201,210.6899,218.9951,198.2697,218.7387,210.7210,269.1054,181.8307,271.7945,198.6652,270.2130,191.2043,271.1258,209.7798,310.4196,183.6180,315.1091,202.5932,310.7167,188.4807,313.9876,207.5200,314.0486,174.8387,320.1147,200.6640,311.6533,176.8444,316.2754,195.7777,311.5470,177.9058,315.2694,189.4843,320.1349,207.1601,316.2602,,,202.8258,210.7901,205.8540,206.3181,,
73764,0,,,,,,,,,,,,,,,176.2900,206.5006,220.2142,210.9042,167.5857,229.0100,216.5153,227.8768,189.3591,229.8124,210.3398,229.9884,185.9946,274.8442,207.5980,274.0829,186.8713,314.2136,205.1157,310.3392,,,,,,,223.4062,209.4818,172.4552,204.7826,220.7383,210.1417,177.9864,206.7692,217.9711,227.1521,166.3950,227.4045,221.4813,228.7429,165.5024,229.0832,205.4363,219.9311,181.5845,220.0258,210.5607,219.4296,198.2719,219.0970,210.7705,269.5128,181.8988,271.9305,198.7153,270.4765,191.2862,271.2862,209.6307,310.3375,183.5244,314.9971,202.5950,310.6576,188.3293,313.8903,207.4610,313.9323,174.7021,319.8758,200.6261,311.5452,176.5689,316.1217,195.6374,311.4380,177.6381,315.1186,189.4164,319.9547,207.1169,316.1510,,,202.9755,211.0724,205.3379,206.4655,,
73765,0,,,,,,,,,,,,,,,176.4770,206.4074,220.0401,210.5434,167.6158,228.8702,215.4522,227.6209,189.4292,229.5753,210.4125,229.9394,186.2567,274.9201,207.5636,274.1116,186.9384,314.2935,205.0237,310.4714,,,,,,,223.1118,209.2357,172.8300,204.7452,220.5104,209.8867,178.7223,207.9297,216.9757,226.9744,166.3297,227.2720,220.7709,228.5119,165.6887,228.9714,205.1851,219.6480,181.6920,219.7974,210.9445,219.2794,198.6373,218.9856,210.5461,269.4016,182.0920,271.9258,198.5848,270.3165,191.2468,271.2439,209.6496,310.5417,183.5819,315.0723,202.4621,310.7697,188.3425,313.9787,207.0394,314.1202,174.8041,320.0531,200.1594,311.6327,176.6739,316.2040,195.1822,311.4653,177.6289,315.1820,189.5293,320.1928,207.1500,316.2609,,,203.1712,210.9993,204.7844,206.5339,,
73766,0,,,,,,,,,,,,,,,176.0930,206.6068,219.6445,210.7705,167.4028,228.9602,213.5967,226.9771,189.5499,229.7023,210.5447,230.1473,186.3226,275.2141,207.7974,274.4242,187.0929,314.7103,204.6998,310.6011,,,,,,,221.8412,209.3951,172.0865,204.9362,219.5730,210.1141,177.9526,206.7376,214.6455,226.3339,166.0966,227.3915,218.3559,227.8159,165.3095,229.0794,205.0525,220.1713,181.5441,219.9503,210.9291,219.5584,198.7175,219.1294,210.6785,269.7642,182.2439,272.2469,198.8773,270.7994,191.3205,271.6107,209.2641,310.6273,183.8404,315.4847,202.1868,310.9249,188.5131,314.3787,206.8027,314.0966,175.0362,320.3524,200.0626,311.5996,176.8207,316.3742,195.1368,311.4211,177.7690,315.3153,189.5300,320.6563,206.8836,316.3054,,,203.1450,211.1551,205.1689,206.7625,,
73767,0,,,,,,,,,,,,,,,176.3188,206.8353,219.2751,210.9787,167.5229,228.7246,213.5737,227.0971,189.4372,229.6968,210.6115,230.1220,186.4300,275.2280,207.6860,274.3852,187.0747,314.4191,204.7781,310.4356,,,,,,,222.0317,209.5582,172.4253,205.1890,219.1953,210.2605,178.3551,206.9956,214.6932,226.3791,166.1589,227.1945,218.6266,227.9942,165.3581,228.8009,205.0326,220.1892,181.2388,220.0195,211.0061,219.5974,198.6788,219.1886,210.5267,269.7261,182.2962,272.3420,198.9042,270.8435,191.4943,271.6881,209.2701,310.3939,183.6947,315.2068,202.3132,310.7944,188.4705,314.1190,206.9070,313.9361,174.9540,320.2515,200.1686,311.6511,176.6726,316.3735,195.1507,311.5918,177.6664,315.3938,189.8668,320.3241,206.9011,316.0876,,,203.2338,211.3118,205.2286,206.9967,,
73768,0,,,,,,,,,,,,,,,176.2332,207.0122,220.7065,211.2642,167.7819,228.8422,214.9047,227.4413,189.2352,229.1521,210.4268,229.7062,186.2894,275.2420,207.3960,273.9653,186.9434,314.2694,204.9147,310.3585,,,,,,,222.8752,209.7709,171.7041,205.3253,221.0229,210.5937,177.7295,207.2581,216.7239,227.0438,166.3912,227.2454,221.2428,228.6131,165.7049,229.0810,204.8438,219.8060,181.1116,219.0897,210.6200,219.0566,198.3209,218.4810,210.4776,269.2417,182.0651,272.2157,198.4471,270.3746,191.3828,271.4843,209.5541,310.3736,183.6370,315.0524,202.3831,310.6942,188.3355,313.9582,207.1989,313.9942,174.7708,320.0777,200.3997,311.6352,176.6694,316.2565,195.3727,311.5003,177.7657,315.2904,189.8369,320.1912,207.0485,316.1145,,,203.5078,209.9384,205.3223,207.2794,,
73769,0,,,,,,,,,,,,,,,176.0873,207.6040,219.7923,211.7970,167.9633,229.3802,212.8667,226.9287,189.3649,230.0440,211.4253,230.4187,186.2128,274.6463,207.5583,273.2547,186.9609,314.4406,204.9428,310.3293,,,,,,,222.0558,210.5150,172.0151,205.7737,219.1440,211.3078,178.2460,207.6943,212.7853,225.8965,166.6240,227.7071,218.8544,228.0217,165.8449,229.6033,205.5740,220.0332,181.2552,219.6529,210.9072,218.7750,198.1976,218.6649,210.9762,268.3965,181.9312,271.7932,198.4690,269.5522,191.6456,270.8690,209.6946,310.3940,183.6432,315.1988,202.4502,310.6500,188.3986,314.1527,207.4556,314.0852,174.8241,320.1141,200.6023,311.7717,177.0960,316.4581,195.6747,311.6855,178.2919,315.5393,189.6742,320.2796,207.0136,316.1850,,,203.3991,210.4505,204.5655,207.3845,,
73770,0,,,,,,,,,,,,,,,175.7002,207.8155,217.9321,211.8692,167.8102,229.6043,211.0740,226.6336,189.1440,229.6960,210.3791,229.7930,186.4228,274.9423,207.2977,273.6511,187.1131,314.3552,204.8724,310.4867,,,,,,,220.1194,210.6696,171.6275,205.9607,216.9942,211.2131,177.6160,207.8935,210.9434,225.5719,166.4133,227.9512,216.4380,227.6653,165.8620,229.8041,204.6297,219.7309,181.2362,219.2384,210.1649,218.7377,197.7819,218.6673,210.5325,268.5957,182.2679,272.0818,198.7222,269.8934,191.8291,271.0931,209.4474,310.4534,183.7711,315.1555,202.3795,310.8484,188.6055,314.0528,207.1126,314.0805,174.9705,320.0046,200.6178,311.8376,176.8977,316.2238,195.8266,311.8711,178.0841,315.2974,189.8899,320.1778,206.7615,316.3179,,,202.7394,210.4808,203.9233,207.5111,,
73771,0,,,,,,,,,,,,,,,175.4955,207.6632,218.9388,211.7958,167.8108,229.6988,214.0341,227.1954,189.1434,229.3657,210.8112,229.8951,186.4585,274.5227,207.5539,273.4960,187.0566,314.2879,204.7500,310.4223,,,,,,,221.5499,210.4341,171.7909,205.8752,218.3259,210.9414,176.9939,207.8323,215.2822,226.5105,166.5042,228.1176,220.4767,228.4874,165.7687,229.8019,205.2387,219.5968,181.5007,219.0768,210.2881,218.6804,197.5559,218.3564,210.8609,268.5146,182.1696,271.6749,199.0319,269.8033,192.1453,270.7396,209.1547,310.4117,183.7343,315.1001,202.3364,310.7895,188.5079,313.9753,206.9292,314.0818,174.9535,319.9292,200.6831,311.7939,177.1207,316.1573,195.9535,311.7036,178.1604,315.1806,189.5236,320.1808,206.3398,316.2719,,,202.4632,210.0532,203.7335,207.4351,,
73772,0,,,,,,,,,,,,,,,175.0084,208.0829,221.2380,212.6394,167.4433,229.4891,218.7399,228.9142,188.2585,229.7468,210.3613,230.3821,186.3005,274.5963,207.7130,273.8213,186.9718,314.4091,204.9739,310.4038,,,,,,,223.5284,211.9079,170.7962,206.1504,220.9761,212.0169,176.3445,208.2426,220.0421,228.4319,166.3015,227.9430,223.5529,229.5909,165.2836,229.5709,205.7026,220.2344,181.2082,219.7056,209.9063,219.1393,197.0972,218.8962,211.0839,268.8951,182.0275,271.7362,198.6883,270.0447,191.9855,271.0092,209.6761,310.3703,183.5641,315.1779,202.4386,310.7359,188.4440,314.1446,207.8942,314.2268,174.7418,319.9916,201.0646,311.8331,176.9544,316.3387,196.2036,311.7993,178.2069,315.4418,189.2612,320.3668,206.7217,316.2134,,,201.8091,210.7681,203.6895,207.4181,,
73773,0,,,,,,,,,,,,,,,174.7373,208.0475,221.7741,212.6100,167.1087,229.6059,219.5640,229.2606,188.0241,229.8589,209.8708,230.2054,186.1089,274.5623,207.5440,273.6326,186.9429,314.3588,204.7649,310.2435,,,,,,,224.3221,211.5873,170.5302,206.0697,221.6736,211.9201,176.0011,208.1995,220.7095,228.8022,165.9636,228.0492,223.7826,229.8435,164.8241,229.6288,205.4358,220.2820,181.1590,219.9665,209.6373,219.3066,196.9290,219.1400,210.8437,268.6595,181.9203,271.7300,198.5945,269.9327,191.5401,271.0019,209.3597,310.2116,183.4935,315.1195,202.3678,310.5482,188.4029,314.0450,207.3142,314.0002,174.5938,320.0022,200.8403,311.6961,176.8888,316.2440,196.1870,311.6989,178.0661,315.3351,189.1629,320.1831,206.4433,316.0003,,,201.7066,210.8256,204.4825,207.6064,,
73774,0,,,,,,,,,,,,,,,175.1799,207.9830,221.9247,212.5702,167.1646,229.5436,219.8977,229.4878,187.9706,230.1608,209.9502,230.7161,186.0107,274.7372,207.4258,273.7579,187.0499,314.1684,205.1510,310.5468,,,,,,,224.5587,211.5719,170.8515,205.9491,222.1074,211.9840,176.5137,208.0926,220.9387,228.9551,165.9737,227.9479,224.1466,230.0199,164.9366,229.6059,205.4099,220.4389,180.9304,220.1245,209.7722,219.8136,197.1575,219.3966,210.6343,268.9517,181.7598,271.8480,198.7413,270.1937,191.6410,271.1326,209.8984,310.5865,183.5873,314.9471,202.5802,310.8389,188.5795,313.8920,207.7219,314.4172,174.7583,319.8807,200.9106,311.9516,176.8680,316.2412,196.1213,311.9155,178.0899,315.3771,189.7539,319.9176,206.9073,316.3139,,,201.7474,210.9453,204.4759,207.6106,,
73775,0,,,,,,,,,,,,,,,174.7010,207.8590,220.3375,212.4106,166.9219,229.3935,221.5012,229.2352,187.7243,230.0180,209.3709,230.3029,185.9095,274.7143,207.4069,273.3545,187.2077,314.3052,205.2694,310.5050,,,,,,,223.5313,211.4292,170.2532,205.7989,219.9092,211.6684,175.8472,207.9646,221.8087,228.6187,165.7383,227.8419,224.5243,229.5335,164.7836,229.4455,204.9029,220.2291,180.2135,219.9371,209.3282,219.2772,196.5479,219.2548,210.5628,268.6102,181.6016,271.8570,198.4046,269.9437,191.5364,271.0541,209.9656,310.5463,183.8118,315.1006,202.6936,310.8071,188.7185,314.0036,207.9622,314.2955,174.9792,320.0428,201.1691,311.8631,177.1723,316.2148,196.3218,311.7930,178.3037,315.2288,189.9416,320.1250,206.9827,316.3656,,,200.3982,210.7377,203.2392,207.4437,,
73776,0,,,,,,,,,,,,,,,174.5685,207.9786,219.5018,212.4746,166.5937,229.3690,219.3665,229.3065,187.7491,229.8170,208.6072,229.9337,186.0866,274.5026,207.2295,273.2353,187.0517,314.2407,205.0409,310.4639,,,,,,,222.4953,211.5107,170.3567,205.9861,219.2828,211.8781,175.5262,208.0165,219.8667,228.6748,165.4106,227.8928,222.9435,229.7066,164.3934,229.2927,204.3918,220.1121,180.5293,219.7497,208.7888,219.0531,196.3928,219.1338,210.3941,268.4758,181.8003,271.7228,198.2675,269.8232,191.5233,270.8659,209.7526,310.4494,183.6264,315.0108,202.5021,310.7790,188.5835,313.9539,207.8135,314.3201,174.8038,319.9075,201.1443,311.8512,176.9882,316.1667,196.3513,311.8329,178.1880,315.2289,189.6044,320.0643,206.8720,316.3694,,,199.9780,210.7587,202.7700,207.4827,,
73777,0,,,,,,,,,,,,,,,174.3611,207.8491,219.8950,212.2152,166.6054,228.8555,218.9723,228.8338,187.3928,229.2750,208.3036,229.4970,185.9441,274.4581,206.9251,272.8470,187.3416,314.2532,204.8857,310.4473,,,,,,,222.3370,211.0300,170.1293,205.8067,219.3976,211.1985,175.2701,207.7745,220.1408,228.3393,165.1818,227.2927,223.0437,229.3729,164.5175,228.8980,204.4215,219.6756,180.4156,219.1001,208.4340,218.5689,195.9654,218.7294,210.2240,268.1730,181.7806,271.7000,198.5958,269.5825,191.6803,270.6962,209.4294,310.3970,183.9340,315.0833,202.4171,310.7916,188.9030,313.9430,207.4372,314.2071,175.1442,320.1107,201.0543,311.8633,177.5378,316.3915,196.3871,311.9065,178.7849,315.4154,190.0345,320.2115,206.5620,316.2993,,,199.6880,210.4036,,,,
73778,0,,,,,,,,,,,,,,,174.7151,207.7734,220.1788,212.2953,166.1323,229.3577,216.1272,228.3752,187.6676,229.3902,208.3529,229.4441,185.6587,274.5073,206.8628,272.9030,187.4421,314.1848,205.0701,310.6627,,,,,,,222.6903,210.9271,170.1760,205.8471,219.6911,211.5369,175.5377,207.8514,217.7774,227.8892,164.8203,227.7782,222.0946,229.2580,163.9047,229.5131,204.3788,219.6539,180.5562,219.1282,208.8222,218.5882,196.2404,218.7662,210.1563,268.4998,181.5947,271.8403,198.3782,269.7019,191.4566,270.7649,209.6189,310.6090,184.1324,315.0345,202.6250,310.9455,189.0795,313.8310,207.4780,314.2612,174.9868,319.9456,201.1302,311.8950,177.2338,316.1620,196.5028,311.8601,178.5268,315.1444,190.2653,320.0739,206.4957,316.3677,,,200.2990,210.4773,,,,
73779,0,,,,,,,,,,,,,,,174.9530,207.4545,220.4402,211.9070,166.4739,229.3721,219.0765,229.0324,187.2497,229.5833,208.3748,229.8695,185.5752,274.1167,206.8547,272.8091,187.1639,314.0825,205.2821,310.5526,,,,,,,224.1382,210.6900,170.7277,205.6869,220.5311,210.9372,175.9892,207.5550,219.9749,228.3641,165.3565,227.6678,223.1833,229.4492,164.4662,229.5574,204.1606,219.9212,180.5772,219.4618,208.6291,219.2081,196.0833,219.0013,210.3164,268.2821,181.5779,271.4258,198.6700,269.5318,191.4124,270.3836,209.7912,310.5732,183.9263,314.9509,202.7549,310.8411,188.6808,313.7649,207.5182,314.3407,175.0258,319.8831,201.1896,311.8688,177.3377,316.1514,196.5842,311.8190,178.3578,315.1966,189.7535,320.0616,206.7512,316.4350,,,200.6884,210.1055,202.9674,207.6791,,
73780,0,,,,,,,,,,,,,,,174.5345,207.7158,220.3678,212.3813,166.3424,229.6744,220.1590,229.4116,187.0797,230.0715,208.5322,230.2724,185.7056,274.3212,207.0907,273.0974,187.0485,313.9972,205.2654,310.7367,,,,,,,224.0889,211.1540,170.0701,205.7643,220.4652,211.4970,175.6327,207.8338,220.6515,228.6537,165.1627,227.9888,223.7941,229.7979,164.3749,229.8841,204.6237,220.4092,180.5074,220.1115,208.4628,219.5883,195.9225,219.5190,210.3433,268.6110,181.7166,271.6361,198.6210,269.8185,191.3731,270.6421,209.7809,310.7627,183.7287,314.8340,202.7639,311.0253,188.5738,313.7228,207.7445,314.4476,174.9972,319.7641,201.3863,311.9998,177.3668,316.0378,196.8039,311.9303,178.6310,315.0820,189.6637,319.9443,206.7727,316.5408,,,200.2203,210.5258,202.9427,207.6731,,
73781,0,,,,,,,,,,,,,,,174.0787,207.3710,219.3841,211.6750,166.5291,229.1842,216.3489,227.9199,186.9968,228.9961,208.9701,229.3247,185.5344,274.4609,206.7767,273.0688,186.7606,314.4213,204.7753,310.5169,,,,,,,222.6716,210.2184,169.5378,205.4298,218.5657,211.0936,175.2818,207.5252,217.4214,227.3351,165.5396,227.5011,220.3524,228.5564,164.1290,229.4008,203.7677,219.2980,179.9217,219.0735,208.2136,218.7507,195.8686,218.7139,210.2725,268.0203,181.2987,271.7687,197.8232,269.4291,191.2330,270.7409,209.6530,310.5060,183.2404,315.2638,202.2690,310.8485,187.9823,314.0631,208.1563,314.5509,173.8816,320.0794,201.5670,312.0385,176.2620,316.3944,196.4230,311.9120,177.4901,315.5541,189.7094,320.2445,207.0277,316.6268,,,200.0325,210.0533,,,,
73782,0,,,,,,,,,,,,,,,174.2473,207.3229,218.5246,211.3530,166.1411,229.2062,215.2267,227.8726,187.2421,228.8481,209.2113,229.1195,185.7546,274.6095,206.7627,273.0441,187.0746,314.1911,205.0702,310.6627,,,,,,,222.2119,210.0425,169.8952,205.4689,218.5902,210.7902,175.3023,207.4818,216.0201,227.2030,165.1340,227.4643,219.4588,228.4184,163.7002,229.4428,203.8796,219.2836,179.8330,218.9899,208.8273,218.5748,196.2280,218.6294,210.2921,268.1483,181.4467,271.8945,197.7128,269.4163,191.4981,270.8208,209.8556,310.5578,183.5242,315.0373,202.5259,310.9772,188.4323,313.8228,208.2035,314.6065,174.2619,320.0726,201.2924,312.0366,176.5478,316.3359,196.2285,311.9692,177.6858,315.4621,189.9959,319.8518,207.0171,316.5582,,,200.1237,210.0494,,,,
73783,0,,,,,,,,,,,,,,,174.2326,207.5273,217.7652,211.4749,166.1795,229.5231,215.8010,228.0648,187.8690,229.4982,209.2817,229.6411,185.6288,274.7315,206.3903,273.3291,187.2415,314.6182,204.7786,310.6459,,,,,,,221.5812,210.0671,169.7166,205.6472,217.3955,210.8949,175.4921,207.6660,216.2247,227.4439,164.9220,227.7727,219.6877,228.4924,163.6656,229.7210,203.7140,219.3434,180.1537,219.3677,208.6269,219.0888,196.3143,219.1371,209.8548,268.4239,181.2989,271.9897,197.5774,269.6689,191.2921,271.0939,209.4799,310.5628,183.8571,315.4610,202.3653,310.9840,188.6411,314.2532,207.5783,314.4317,174.7063,320.3700,200.9333,311.9783,176.9416,316.4861,196.0958,311.9533,178.2113,315.6256,189.9351,320.3287,206.6550,316.3743,,,199.8441,210.4093,,,,
73784,0,,,,,,,,,,,,,,,173.2237,207.2239,216.5012,211.0793,166.1093,229.6090,216.0718,228.0879,187.6364,229.6515,208.6617,229.5772,185.6278,274.4579,206.1067,273.0094,186.9632,314.4259,204.2589,310.3260,,,,,,,220.5711,209.7531,169.6437,204.3888,217.0683,210.6723,174.5475,207.4044,216.6212,227.3617,164.9604,227.7811,220.0435,228.4774,163.5977,229.7736,203.0717,219.4393,179.8122,219.5751,208.0347,218.9328,195.7992,219.2046,209.4216,268.1562,181.3565,271.7498,197.9640,269.5169,191.4236,270.8866,209.0319,310.2592,183.6537,315.3250,201.7352,310.6342,188.2371,314.0335,207.2361,314.1443,174.8584,320.3417,200.4790,311.5829,177.1272,316.4137,195.4061,311.4527,178.1922,315.4216,189.6117,320.2521,206.4494,316.2544,,,199.0522,210.1418,198.0222,207.2106,,
73785,0,,,,,,,,,,,,,,,172.1025,207.8795,217.9892,211.8940,166.1548,229.8081,217.8281,228.2812,187.2985,229.7351,209.3455,229.9227,185.6400,274.8835,206.6646,273.6820,186.2360,314.4186,203.7468,310.4100,,,,,,,221.6597,210.2351,167.9071,205.8435,217.9809,211.0334,173.7440,207.8867,217.8797,227.5144,164.9939,228.1264,220.8762,228.5671,163.7760,230.0011,204.2557,219.7633,179.6962,219.5978,208.0402,219.0374,195.7062,219.1800,210.1047,268.7159,181.2345,272.0162,198.5549,269.9645,191.8789,271.4021,208.7678,310.5154,182.6988,315.2677,201.3437,310.7126,187.4985,314.1302,207.6282,314.1498,173.4074,320.1036,201.1404,311.4530,175.9027,316.3445,196.0167,311.2122,177.3650,315.4934,189.1344,320.1365,206.0719,316.6704,,,199.2852,210.5266,,,,
73786,0,,,,,,,,,,,,,,,171.9927,207.6488,217.5932,211.7089,166.4158,229.8479,217.5256,228.2847,187.4031,229.9484,209.5792,229.9486,185.1799,274.9520,206.6394,273.6660,186.2724,314.4384,204.5146,310.4333,,,,,,,220.9336,210.1383,167.9325,205.7159,217.8188,211.0179,173.2892,207.7021,217.5570,227.5163,165.4615,228.0381,220.9329,228.6388,163.9285,230.0266,204.3227,219.7625,180.0489,219.8709,207.7353,219.1242,195.5271,219.4293,210.2482,268.7963,181.0061,272.1652,199.0103,270.2740,191.2070,271.5330,209.3447,310.5498,182.7517,315.2302,202.2873,310.7906,187.5295,314.1338,208.4871,313.9460,173.8350,320.0226,202.4074,311.2188,176.2501,316.3156,197.5597,310.8507,177.6485,315.4581,189.0706,320.0194,206.5498,316.8543,,,198.8455,210.1783,196.6334,207.1641,,
73787,0,,,,,,,,,,,,,,,171.4259,207.5010,215.8620,210.9281,166.8093,229.4722,215.3292,226.7608,188.0850,229.9725,209.1700,229.4864,185.7163,274.9412,207.0179,273.2581,186.0967,313.7997,205.3305,309.9969,,,,,,,219.1286,208.8217,167.5406,205.6704,216.1746,210.4358,172.7736,207.5006,215.2313,226.0535,166.0207,227.6197,218.8487,227.1473,164.5081,229.5902,203.8562,219.2346,181.0084,219.4931,207.3501,218.7864,195.6311,219.2500,210.5556,268.4077,181.7044,272.2380,200.1501,270.4069,191.7534,271.5610,209.8522,309.9897,182.6539,314.6099,203.4160,310.4000,187.1960,313.4966,209.8771,313.2355,173.7068,319.7461,204.4182,310.5800,176.0740,316.0905,199.8156,310.4129,177.3991,315.4703,188.9770,319.4063,207.0748,316.7788,,,198.6627,210.0063,,,,
73788,0,,,,,,,,,,,,,,,171.4299,207.1745,213.8862,210.3183,166.8692,229.4566,215.7591,226.6509,189.7972,229.6464,210.5574,229.5838,185.9469,274.8586,207.7802,273.0078,185.7264,314.1072,205.9070,309.4310,,,,,,,214.3259,208.2426,167.0945,205.4525,214.0863,209.7812,173.0240,207.1999,215.2335,225.9116,165.8433,227.6782,219.1906,226.9400,164.4030,229.5406,204.9263,219.2213,182.4049,219.6147,208.8717,218.8209,197.3920,219.0237,211.1799,268.3260,182.0099,272.1408,201.1784,270.5127,192.0940,271.7413,210.3971,309.3881,182.4039,314.9208,203.9764,309.8854,186.8601,313.7795,210.1796,312.6817,173.4519,320.0247,205.2497,310.1114,175.6799,316.4327,200.8471,309.9732,176.9339,315.7557,188.4806,319.5598,207.6656,316.1898,,,200.2347,209.4087,198.9622,207.2740,,
73789,0,,,,,,,,,,,,,,,171.7507,206.9234,214.8217,210.1399,167.2528,229.1484,217.7254,226.5087,189.8012,228.9994,210.5160,229.2855,186.3196,273.9073,207.9978,272.4376,186.2568,313.7008,206.5265,309.2573,,,,,,,215.2791,208.4531,167.7095,205.3391,214.8719,209.6935,173.1718,207.0426,216.9350,225.6786,166.2848,227.4891,220.4624,226.7085,164.8450,229.0313,204.7841,218.7819,182.7679,218.9126,208.6435,218.6986,197.4284,218.6404,211.6342,267.7118,182.3509,271.2160,201.4411,269.7005,192.7978,270.6303,211.0133,309.4789,182.8312,314.4313,204.3314,309.6234,187.5098,313.3972,210.9559,312.4933,173.8859,319.6409,205.5685,309.6116,176.1442,315.9185,201.1797,309.2864,177.3764,315.2589,188.7849,319.2023,207.8687,316.2685,,,200.2285,209.2864,199.5433,207.4341,,
73790,0,,,,,,,,,,,,,,,172.2466,207.2646,216.1472,210.7404,167.7828,229.2445,220.9640,227.4790,190.4583,229.2825,212.1987,229.7821,186.4037,274.0009,210.1350,272.4547,185.5814,313.4424,208.2885,309.4308,,,,,,,216.4632,208.7484,168.6401,205.6387,215.8755,210.2309,173.8159,207.1691,220.0959,226.6302,167.0518,227.6621,223.4163,227.5874,165.2426,228.9769,206.9509,219.3460,183.4253,219.4056,209.4839,219.0674,198.0101,218.8660,213.8829,267.8546,182.8567,271.2921,202.6202,269.5287,193.0339,270.8339,213.0146,309.5211,182.1054,314.1910,205.9151,309.6848,186.9571,313.2199,213.5426,313.0174,173.9357,319.5445,207.8820,310.2970,176.4209,316.1789,203.4350,309.8993,177.7494,315.4020,188.2914,318.7963,210.0156,316.1160,,,200.5359,209.4022,199.3823,207.5158,,
73791,0,,,,,,,,,,,,,,,172.1409,206.6405,220.7550,210.7187,168.1827,229.0602,223.6516,227.4736,190.2445,228.7935,214.3807,229.4752,186.2078,272.8370,213.2046,271.7439,187.1334,313.2111,213.6187,309.5767,,,,,,,223.0878,209.3924,168.9728,205.3446,222.0678,209.3691,173.2525,206.7916,223.5934,226.6784,167.0659,227.3643,226.4180,227.6203,165.6154,228.7515,209.4518,218.5925,183.7700,218.6834,210.1497,217.9818,197.5750,217.8769,216.7783,267.4847,182.4139,269.9776,204.4735,268.9481,192.7911,269.9198,218.5057,309.7600,183.2106,313.6105,211.0612,309.8466,189.1939,313.1461,219.6315,313.4639,175.8878,318.9651,213.8962,311.0535,178.3969,315.8226,209.0879,310.8075,179.7474,315.2466,189.2061,318.6251,215.4245,316.1121,,,200.8656,208.7294,199.1992,207.4969,,
73792,0,,,,,,,,,,,,,,,173.0134,206.4347,221.0158,210.3958,168.7511,228.7309,224.5546,226.6633,192.3003,228.4849,215.3402,229.4825,186.8364,272.3355,215.0416,271.4138,187.3141,313.0973,216.5182,310.6153,,,,,,,222.2818,208.8234,169.9651,205.0944,221.8348,208.9306,173.8822,206.4456,224.5123,225.8714,168.1841,227.0190,226.7481,227.0057,165.7682,228.5318,210.8626,218.6088,186.3353,218.6555,211.0228,217.4779,198.7553,217.1894,218.6366,267.1873,183.2026,269.4796,206.5642,269.0470,193.8338,269.5705,221.3099,310.7863,183.3789,313.5331,214.2098,310.9804,189.3370,313.0674,222.3881,314.6195,175.8748,319.0792,217.0381,312.1791,178.3837,315.7824,212.6570,311.9828,179.9756,315.2913,189.6300,318.6861,218.5573,316.9830,,,202.0601,208.2848,200.2953,207.1236,,
73793,0,,,,,,,,,,,,,,,174.9494,208.5089,223.0563,211.0734,169.6647,229.6972,224.1836,226.7414,193.3373,229.8154,215.3834,230.2469,187.6454,272.3506,217.4197,271.8294,186.9370,313.1515,220.4970,310.9339,,,,,,,224.1556,209.0558,171.2749,205.4806,223.7391,210.4702,176.3040,208.3654,223.4150,225.6729,168.8811,228.0064,226.0644,227.2653,166.9138,229.6157,211.1074,219.6152,187.7302,219.8059,212.4553,218.8062,200.4692,219.0086,220.8267,267.6712,184.2336,269.3949,208.7315,269.5206,194.6711,269.8035,225.1738,311.1889,183.0803,313.4161,218.3789,311.2998,188.9163,313.1054,225.9847,315.2978,175.2069,318.8007,220.9225,313.1304,178.2790,315.8032,216.7038,313.2196,179.8909,315.3953,189.4749,318.4954,222.5409,316.6063,,,203.7173,210.3500,201.8833,207.3182,,
73794,0,,,,,,,,,,,,,,,175.9478,208.4876,224.0827,210.9465,171.5691,229.6646,227.8803,227.4749,194.7989,229.3053,217.1117,229.4471,188.2682,272.4425,220.1321,270.6439,187.6396,312.9254,225.1385,309.5286,,,,,,,224.2902,209.4174,172.2728,204.6778,224.3086,209.6433,176.2372,208.1912,227.5871,226.6420,170.3878,227.9030,229.8199,227.8848,169.0607,229.5768,212.4379,219.1325,189.7184,219.5074,213.2339,218.0285,200.9681,218.3411,223.1653,266.6556,184.4642,269.2833,211.7102,269.0456,195.5844,269.8848,229.6058,309.6953,183.6914,313.0777,223.0684,310.1246,189.8186,312.8162,229.9022,314.0247,175.0933,318.2251,224.3310,312.2657,178.1621,315.3978,220.0244,312.7237,179.5615,315.2053,190.4294,318.2959,227.2420,315.0761,,,203.2494,209.0302,202.1833,207.6509,,
73795,0,,,,,,,,,,,,,,,177.2780,208.9007,225.5157,211.3280,174.3540,229.0521,229.9033,227.6445,196.6765,229.5158,218.5719,229.0050,189.6487,271.8617,222.5512,268.9381,187.7910,313.1787,229.8832,308.1504,,,,,,,225.4167,210.2761,174.2245,205.6180,224.8900,210.3226,176.2676,207.4044,229.5611,226.6076,173.4147,227.2778,231.8135,227.7457,172.4817,228.9499,211.9447,218.2413,191.7079,218.9236,213.4117,216.7026,201.7315,217.6616,225.1454,264.6759,186.0150,268.8213,214.7040,267.6380,196.8584,269.0839,234.6798,308.1185,184.1935,313.4532,227.8376,308.9551,189.8323,312.9348,235.1004,312.7284,175.8074,318.5654,228.4737,311.0661,178.5205,315.5011,224.3387,311.8310,179.6537,315.2421,190.8621,318.6300,232.8244,313.8704,,,203.8443,209.6332,202.3891,208.5293,,
73796,0,,,,,,,,,,,,,,,179.0879,209.5880,230.6296,211.5263,176.2831,228.6084,232.8470,227.0138,198.5077,229.1013,222.3212,228.8356,190.5416,271.8684,226.6179,269.8590,187.4756,313.2516,233.8707,308.8891,,,,,,,227.3033,211.0363,175.6692,206.2795,230.3674,211.5977,179.1388,208.1840,232.1798,226.2912,175.5945,226.8164,234.4092,227.0880,174.0730,228.5016,215.5937,218.8571,193.9928,219.0269,216.4864,217.0336,204.6970,217.9297,229.7570,265.7250,187.1908,268.8509,218.4241,268.2551,198.1999,269.1413,238.8176,308.8120,184.6628,313.9267,231.4753,309.7307,188.7764,312.7407,238.6544,313.3489,176.4601,319.0180,231.8779,311.7069,178.6530,315.7366,227.6725,312.4756,179.8129,315.3412,190.5265,319.4380,236.5446,314.5552,,,206.6033,210.3139,,,,
73797,0,,,,,,,,,,,,,,,180.7609,208.3977,232.4673,212.0900,178.1441,228.1410,235.7227,228.1697,199.5876,228.5364,224.4321,228.9374,191.8528,271.7210,229.2199,269.9067,187.8534,313.7830,238.0849,309.7567,,,,,,,229.9083,211.7898,176.1246,206.8040,232.2046,212.1777,182.9548,207.5854,235.5017,227.1146,177.0916,226.4017,237.5213,228.2011,175.6815,228.0647,219.0953,218.8315,195.6222,218.7498,218.9329,217.7771,206.1410,218.0096,232.3576,265.3618,188.2871,268.0518,221.4932,268.4148,200.1476,269.2047,242.5861,309.3735,184.5287,314.4996,235.6005,310.5594,189.2251,313.3554,242.3850,314.2543,177.3833,319.4999,235.3019,312.4848,179.6016,316.3261,230.6213,313.0546,181.1545,315.7846,190.7250,320.1376,240.4630,315.4163,,,210.4313,211.1861,,,,
73798,0,,,,,,,,,,,,,,,181.2586,209.1358,234.9741,212.8587,179.3466,228.1702,236.8398,228.3592,201.1155,228.7645,226.3627,229.4117,192.7274,270.9736,230.2357,269.9057,187.7100,313.9543,239.1311,310.4548,,,,,,,230.1607,212.2437,176.1163,207.2836,235.6642,212.9410,182.6348,209.1194,236.2959,227.3643,178.2545,226.5051,238.6886,228.3046,177.1784,227.9887,220.9209,218.7870,196.7940,218.9172,220.4881,218.0444,207.6782,218.0218,233.5653,265.2909,189.0363,267.4911,221.3468,268.2453,201.1019,268.6553,244.2376,310.4035,184.3498,314.4613,236.3846,311.1833,189.2416,313.5408,243.7230,315.0405,177.4083,319.6150,235.9602,313.0069,179.9161,316.6617,231.0917,313.4426,181.9071,316.3081,190.7238,320.3134,241.6242,316.2047,,,211.8693,211.8924,,,,
73799,0,,,,,,,,,,,,,,,184.8892,209.6129,228.9166,212.5893,181.1052,227.3451,237.7678,228.8354,204.1271,227.5438,228.8439,227.9916,194.5825,270.3537,231.8672,269.8216,188.2542,314.0503,239.0943,310.3969,,,,,,,227.1639,212.3087,178.6330,207.9070,230.6104,212.8654,186.4197,209.6939,237.0884,227.7065,180.0425,225.6364,239.0071,228.6928,178.6597,227.3257,221.7835,218.1696,198.2112,218.4406,223.7293,216.8096,211.0436,216.9744,235.3046,265.0168,191.4460,266.9033,223.0054,267.7551,202.6451,267.6202,244.0778,310.4144,185.2732,314.7589,236.2915,311.2202,189.5415,313.5344,243.4834,314.9455,178.1269,320.1311,235.6342,313.1456,179.7073,316.8551,230.6806,313.7753,181.2081,316.2283,191.5646,320.5435,241.2895,316.5516,,,214.7571,211.6444,,,,
73800,0,,,,,,,,,,,,,,,189.6884,209.9330,227.4344,212.3308,184.3616,227.1637,239.7558,229.6690,208.2293,226.9561,230.8771,227.7516,196.2013,270.0069,232.8994,270.2312,188.7964,312.7619,238.9722,310.6998,,,,,,,227.5506,212.1505,183.8661,208.3462,229.3981,212.5632,190.1642,210.0090,238.4058,228.6522,183.0569,225.3975,240.7166,229.5975,181.7943,227.0130,224.9196,218.5582,201.3376,218.6061,227.4336,217.1430,214.9961,217.1948,236.2704,265.4776,192.9575,266.4952,224.4209,267.8188,204.4303,267.3984,244.0968,310.7073,185.4818,313.3655,236.2989,311.3946,190.2514,312.3231,242.8718,314.6888,177.0338,318.4727,235.5603,312.8837,178.8048,315.5827,230.8642,313.3598,179.8354,315.1440,192.6090,319.0030,241.1740,316.8544,,,218.5461,212.9259,,,,
73801,0,,,,,,,,,,,,,,,192.6188,210.1472,226.8685,212.1901,186.6205,226.8346,240.2840,229.3129,210.8927,226.8257,232.2336,227.4317,198.8310,270.1171,233.8241,270.1954,188.6246,312.1486,238.7869,310.6903,,,,,,,227.1800,212.1159,186.8893,208.5821,228.3250,212.3714,193.7838,209.4933,238.6877,227.9737,185.3887,225.1753,240.3778,229.0057,184.4772,226.7620,226.1194,218.1280,204.3994,218.1902,229.2421,216.6244,217.5969,216.6391,236.9434,265.0620,195.8634,267.1106,225.8827,267.8129,206.5716,267.6599,243.7258,310.5541,185.5301,312.7260,236.0872,311.5209,190.3014,311.7048,242.3442,314.4018,176.5935,317.9775,234.5366,312.6028,177.9942,314.8706,229.8393,313.2506,178.7230,314.5268,192.4973,318.2181,241.1840,317.1463,,,222.3696,212.3497,,,,
73802,0,,,,,,,,,,,,,,,196.0084,211.2237,246.5482,214.9124,189.4151,226.9580,249.3948,229.8305,213.0110,226.7515,236.1165,227.1267,200.9346,271.0149,234.7432,271.0697,189.0625,311.6904,239.2395,311.2204,,,,,,,,,190.1244,209.6426,246.7868,214.9144,195.7270,210.2772,245.8744,228.5068,187.9833,225.2473,251.1951,229.9113,187.2339,226.7699,229.4301,218.2245,205.8272,218.5697,233.3701,217.3797,221.2845,217.3220,238.1925,265.9503,197.8552,267.8725,226.3187,268.4817,208.6499,268.3187,244.1008,311.1178,185.4178,312.3894,236.4623,312.1099,190.6049,311.2639,242.4152,314.7453,174.9680,317.4001,234.8773,312.7683,176.6660,314.4641,230.2131,313.3059,177.2717,314.1684,192.8673,317.2416,241.1172,317.4136,,,226.0611,213.3592,,,,
73803,0,,,,,,,,,,,,,,,199.4082,211.5957,250.8300,215.1749,193.2695,227.7730,251.9563,230.7601,217.0440,228.0093,240.8704,228.3855,204.2534,271.4630,237.4171,272.4398,193.6962,313.0572,239.6743,311.4217,,,,,,,237.4180,213.4937,193.3725,209.8287,250.7036,215.1771,199.4921,211.5314,249.5349,229.7129,191.6810,226.1154,254.0809,230.6908,191.2989,227.6723,233.9750,218.6694,209.8995,219.0329,236.9805,217.7172,224.7517,217.4960,241.1870,267.2155,200.7213,268.2104,228.7726,269.3763,212.1786,268.8577,244.4852,311.5888,190.6978,313.7739,237.1992,312.4259,194.9079,312.6621,243.6047,315.2981,180.9587,319.1673,236.4053,313.5032,181.5726,316.1456,232.0426,313.9791,181.7665,316.0374,197.9935,319.2111,241.9316,318.0525,,,229.5299,213.5327,,,,
73804,0,,,,,,,,,,,,,,,201.3163,211.8059,248.2011,214.7059,195.5962,228.5433,252.3367,231.2308,218.6822,229.3203,241.3713,229.6853,205.6128,272.0890,238.4927,272.3813,198.9052,314.0245,239.3954,311.6239,,,,,,,240.5355,213.7758,196.1505,209.8827,249.6764,214.8406,201.3341,211.7786,250.2656,230.0563,194.2042,226.9090,254.3776,231.2360,193.4708,228.4313,234.4689,219.6733,211.7093,220.2482,238.1446,218.9250,225.9193,218.5024,242.6415,267.4005,202.3362,268.6772,229.1422,269.4362,213.0057,269.4261,244.1639,311.6049,195.9044,314.6957,236.9677,312.5384,199.9775,313.7545,242.9493,315.2097,185.8860,319.9848,236.5226,313.5541,186.7650,317.1992,232.3106,313.9850,186.9027,317.0125,203.2294,320.2487,242.2466,318.5159,,,230.3812,213.3823,,,,
73805,0,,,,,,,,,,,,,,,203.0794,210.7314,242.9144,213.2063,199.3151,228.3054,253.3403,230.1510,220.8191,229.2498,244.7629,229.5938,209.9333,272.8493,240.5667,273.2687,207.8661,315.3946,239.4545,311.7691,,,,,,,245.2587,213.3145,196.9897,209.0996,251.5298,214.0731,203.1511,209.7764,251.6379,229.3682,197.4500,226.6351,255.9720,230.0357,197.3887,228.2295,237.7984,219.3536,214.0209,219.3442,241.5138,217.4371,229.2758,217.2185,244.8294,268.4870,205.9465,269.3084,230.9888,270.1581,216.6199,269.8618,243.7451,311.7196,203.6248,315.2479,236.2719,312.3484,209.7896,315.3048,242.8728,316.1672,194.1271,321.1846,235.8299,314.0704,195.7358,318.3899,230.9438,314.3507,196.9829,318.7114,211.0988,320.5335,242.1661,318.3567,,,233.6698,212.7430,,,,
73806,0,,,,,,,,,,,,,,,204.8818,210.4758,254.0140,213.7081,201.0757,228.5073,255.9728,230.2842,222.1616,229.8819,245.4896,230.0572,211.6158,273.3755,241.6267,273.3414,213.9183,317.0316,240.9802,312.5413,,,,,,,256.2524,213.8682,198.9259,208.6436,253.9393,213.6966,204.6448,210.3029,254.2182,229.4906,199.3224,226.9986,258.8878,230.2452,198.7064,228.2887,239.2359,219.4670,215.6560,219.5428,242.5865,218.0427,229.8088,217.8190,245.5088,268.6202,207.8266,269.7546,232.6136,270.4293,218.1486,270.1189,244.7922,312.4451,209.6879,317.0791,238.3822,313.2337,215.7581,317.0734,244.9228,317.0504,200.0023,322.6731,239.0084,314.9751,202.4525,320.6042,234.4370,315.0773,203.2131,320.8401,217.2819,322.2140,241.8971,318.5958,,,234.5120,212.1783,,,,
73807,0,,,,,,,,,,,,,,,207.1746,209.5120,254.6234,212.8792,203.4269,227.8732,255.6540,228.9143,225.4951,229.1601,246.4937,229.0476,216.0275,273.4982,239.8451,272.1162,219.7571,316.3523,241.5405,311.4229,,,,,,,248.7557,212.1254,202.4557,207.9990,254.0232,212.7210,207.6631,208.5930,253.8476,227.8882,201.7863,226.4246,258.4996,229.1047,201.2118,227.7013,240.3095,218.1106,217.9434,218.5262,243.8098,216.8891,232.0755,216.7532,243.7361,266.9702,212.6150,270.1066,231.4288,268.5677,221.5387,269.6026,245.1873,311.3543,215.8949,316.6270,239.0582,312.2536,221.2758,316.3394,244.8645,315.7706,205.7512,323.1641,238.4284,313.3155,207.8209,321.0623,233.9890,313.3556,208.5803,321.3202,223.9082,321.7159,243.0718,317.9819,,,236.7537,211.4221,,,,
73808,0,,,,,,,,,,,,,,,208.9979,208.9880,251.2733,212.4945,205.8119,227.8409,256.3166,229.7133,225.1813,229.8804,245.5200,230.0666,220.3398,274.4044,239.1558,271.8614,227.3998,317.8904,243.7734,311.6316,,,,,,,248.6125,210.9166,203.6418,206.9736,252.4177,211.3433,209.2544,208.8795,253.8265,228.5202,204.3908,226.3144,259.0104,229.9030,203.6074,227.8946,240.2344,218.4297,218.6752,218.9908,243.5489,217.8019,232.4900,217.8143,243.0396,266.6523,216.7848,271.1555,231.9544,268.9733,225.7932,270.8741,247.2309,311.4102,223.5778,318.2081,241.3594,312.7005,229.1648,317.9856,246.2322,316.0964,215.9167,325.7719,239.2914,313.5068,217.1841,323.3828,234.8579,313.7475,217.9051,323.8524,231.7793,323.2607,246.4278,317.8331,,,236.2644,211.0540,,,,
73809,0,,,,,,,,,,,,,,,210.1437,208.4846,254.5095,212.4254,207.2021,228.5626,256.4758,231.1464,225.5048,230.8957,248.0721,231.9632,222.3199,275.4010,241.1529,274.0445,235.0847,319.0094,240.9047,311.8156,,,,,,,253.7619,210.9017,205.9224,206.7107,254.3377,212.0138,211.0129,208.4766,255.8002,230.4371,205.8205,226.7931,259.3658,231.2643,204.7906,228.6813,242.7576,221.2525,219.5559,220.3992,245.4946,219.7375,233.8143,219.8659,245.2466,269.0448,218.3126,272.1784,233.9595,270.4889,229.1624,272.1826,244.5533,311.9272,231.5363,319.5767,238.7901,312.5691,236.4561,319.0803,244.2606,316.0611,223.3114,326.9967,237.3688,313.0474,223.8642,324.5030,232.9145,312.7568,225.1065,325.0819,240.5811,324.1957,242.4002,317.7345,,,237.8106,211.2473,237.4961,209.8123,,
73810,0,,,,,,,,,,,,,,,211.6116,207.5092,251.2301,210.8637,207.3014,228.4085,248.9607,230.2297,226.5295,231.0759,247.7890,232.7394,223.1969,275.2729,242.0353,273.7834,235.9962,318.5204,240.0292,311.2906,,,,,,,252.7973,210.9518,206.6757,206.8809,252.8441,211.1642,213.8430,208.8665,250.7604,229.9941,205.8712,226.6726,254.9068,231.1819,204.3392,228.4480,242.0360,221.6466,220.0062,220.3404,245.1342,220.1005,234.2658,219.7981,245.7812,269.0809,219.2082,272.1334,234.8232,270.3388,229.0792,271.9472,243.5970,311.4602,233.5580,319.0200,237.9124,311.9525,237.0720,318.4528,243.3836,315.7198,224.7039,326.1285,236.6658,312.6054,224.7730,323.7322,232.4186,312.3765,225.4958,324.6031,242.4102,323.3415,242.1965,317.8953,,,237.6147,209.8677,240.9881,210.3181,,
73811,0,,,,,,,,,,,,,,,209.3947,210.4811,255.3492,212.8988,208.1555,229.2301,260.1321,230.5753,227.8570,232.3804,250.2740,234.2385,226.4157,276.9141,243.7548,273.9479,241.5139,319.6344,239.8568,311.3577,,,,,,,259.8048,212.1760,204.1145,207.1838,256.6368,212.0146,210.1726,209.1168,259.6401,229.8995,207.0290,227.7943,263.3700,230.9251,206.0263,229.2231,243.2294,222.3342,221.2216,221.5580,248.5786,221.0476,236.0806,220.3763,248.1745,269.6029,222.2137,273.5526,236.7640,270.7339,232.8070,273.6639,244.4999,311.9206,238.1147,319.9106,238.3245,312.2656,242.9184,319.6247,243.7095,315.8776,230.3891,327.6547,238.4483,313.1173,230.2450,325.2746,233.7642,313.0116,231.1625,325.9287,248.0217,324.1518,241.9599,317.9881,,,239.7704,211.5543,,,,
73812,0,,,,,,,,,,,,,,,211.5928,210.7544,256.6766,213.3371,210.2286,230.1660,263.1312,233.3340,228.7617,233.4012,250.8237,234.9238,229.4861,277.9271,244.3671,274.1249,245.8742,319.9586,241.0463,312.4529,,,,,,,258.7561,212.1902,206.9646,207.6067,256.9257,213.1300,212.4510,210.5804,262.4464,232.4983,209.2333,228.7329,265.7677,233.7498,208.0471,230.1984,243.9288,223.5577,221.5688,222.9363,248.7090,221.9487,236.5657,221.0798,248.6907,270.2876,225.4626,274.6274,237.8383,271.5801,236.7825,275.0207,245.3645,313.0399,242.7753,320.5681,239.1394,313.0335,246.9623,320.0140,244.4147,316.2414,235.3542,328.7717,237.1192,313.0097,234.7137,326.3721,232.9320,312.8318,234.9889,326.6947,253.0913,324.5756,242.8203,318.7974,,,240.1987,211.9312,243.3647,211.1902,,
73813,0,,,,,,,,,,,,,,,213.2127,211.1954,261.7776,213.8729,211.2418,230.7036,265.7755,234.6077,231.1011,233.3766,252.8667,234.8850,234.6010,278.7401,244.8902,273.6796,247.6264,321.8650,240.9303,311.4968,,,,,,,263.0640,212.6891,208.6877,207.8463,261.3186,213.6194,214.5699,210.2248,265.4161,234.0111,210.0706,229.1454,268.5468,235.0921,209.0688,230.7252,245.6010,223.5719,223.5955,223.0537,251.3424,222.0896,239.1423,221.1288,249.2048,269.8705,230.9220,275.7378,238.8510,270.9648,241.0693,275.3777,245.7223,312.1249,245.1603,322.7894,239.1230,312.1996,248.4123,321.6116,244.1937,315.7832,237.2474,330.2072,236.9365,312.4283,236.2684,327.0593,232.7248,312.3281,236.4464,326.9970,253.0386,326.5157,244.0172,318.7589,,,244.1274,213.8117,246.7251,211.6108,,
73814,0,,,,,,,,,,,,,,,214.1181,211.9069,261.5404,212.9380,211.2111,231.3615,265.2867,233.7501,233.2551,234.4252,253.9553,235.1325,237.0692,279.0627,245.7363,273.5539,248.1268,322.1921,240.9736,312.1344,,,,,,,261.9305,212.8269,209.2470,208.1761,262.0638,213.0712,215.3342,211.8230,264.6193,233.5156,210.0520,229.7651,267.4467,234.2010,209.2020,231.5096,247.1194,224.2809,225.0934,223.9988,253.0963,222.7025,241.3452,222.0318,249.8506,269.9003,233.6844,276.0312,238.9545,271.3850,242.8534,275.6752,245.6417,312.6687,245.5586,323.2455,238.9147,312.8303,248.7353,321.8959,244.6627,315.9707,236.8309,330.6073,237.6991,312.8643,236.0940,327.1282,233.3508,312.6772,236.1892,326.8966,252.8886,327.1196,243.7950,319.0331,,,243.7879,212.9687,243.6652,211.5776,,
73815,0,,,,,,,,,,,,,,,214.0564,212.8235,262.6141,213.3066,210.7599,232.2888,267.3531,233.0091,236.5045,235.1975,259.7478,236.0157,240.6639,279.8924,247.7990,274.2112,248.6275,322.6092,241.6532,311.7811,,,,,,,262.5280,213.2150,208.5293,208.2003,262.4776,213.3422,215.9356,212.6877,267.0872,232.6485,209.6605,230.5261,269.8036,233.2538,208.9788,232.5353,251.3568,224.5428,228.3559,224.8439,256.9121,223.1597,244.5910,222.5259,252.0934,270.2465,237.4251,276.4059,241.0154,271.6678,246.2113,276.3640,246.9911,312.4521,245.6906,323.6331,239.7047,312.7043,249.5089,322.4750,245.7886,315.9421,236.9574,330.6839,238.5676,312.8365,237.0989,327.4715,234.0266,312.7332,237.4971,327.4211,253.4247,328.0335,244.9727,319.1549,,,245.1357,213.5691,,,,
73816,0,,,,,,,,,,,,,,,215.5289,213.1204,262.6449,213.8701,212.3132,232.9012,267.3722,232.2689,237.0935,234.5932,259.5159,235.3368,241.8812,279.8051,249.1657,275.0454,249.8612,324.4732,243.4322,312.0115,,,,,,,264.2696,213.9951,209.8709,209.0414,263.4161,214.1485,217.2857,213.1283,267.8673,231.9086,210.7564,231.0879,269.5533,232.4901,211.1264,233.2800,250.6052,224.1694,229.2553,224.5092,257.9179,222.7244,246.8349,222.5097,253.3059,271.3909,238.6682,276.5025,243.1532,273.1880,246.8564,276.7855,248.1755,312.3897,247.6518,325.5624,241.5745,312.9195,250.8606,324.2452,246.1206,315.7071,239.5244,332.7929,238.7944,312.8769,239.0647,329.0829,234.3992,312.9135,238.9170,328.7116,254.9188,330.2241,246.5668,319.0677,,,246.0935,214.0481,,,,
73817,0,,,,,,,,,,,221.0992,210.1861,,,215.9037,214.4225,267.1704,214.7266,211.9774,234.3377,271.2993,231.7827,237.9476,236.1086,261.6211,237.1695,243.3390,281.3062,250.8349,275.3518,250.0434,325.2707,243.9168,311.3885,,,,,,,265.5917,214.3635,210.3359,210.0746,269.4724,214.8896,218.3463,214.6210,270.7103,231.2073,210.8321,232.4830,273.5596,232.2612,211.1804,234.9994,253.8221,225.7269,229.6837,226.2167,259.7705,224.5552,247.9103,224.1293,255.8405,271.5824,239.6126,277.9884,244.1096,273.0660,248.8396,277.7251,248.7875,311.8125,247.6076,326.2195,241.7375,312.2448,251.2910,325.0378,247.2646,315.4628,238.4127,332.8291,239.1952,312.3992,238.2538,328.9452,234.2267,312.5191,238.3789,328.4370,253.5221,330.7842,247.7608,318.8811,,,249.3080,215.7754,,,,
73818,0,,,,,,,,,,,,,,,217.2863,214.4771,272.7018,215.3784,213.0323,234.7918,273.5205,231.8367,237.8952,234.4501,265.0005,235.4316,243.6857,281.2342,251.8379,274.1410,250.0937,326.0834,247.1469,311.9794,,,,,,,265.9000,214.5324,211.8074,209.3545,272.2886,215.3660,219.4607,214.3543,272.4897,231.3361,211.7803,232.8883,275.4947,232.2986,212.4045,235.3890,256.0648,224.5256,230.1715,225.4140,261.9504,222.6742,249.2018,222.8485,257.1155,270.3438,239.9043,278.0377,245.2651,271.9378,249.4209,277.4513,252.2603,312.3262,247.5507,327.0838,245.4352,313.0397,251.3859,325.7982,249.4550,315.8378,239.4829,333.8275,240.7662,312.6977,238.6943,329.6981,235.9928,312.8663,238.1325,328.8432,253.3076,331.4922,250.6760,318.8907,,,250.6127,213.4837,,,,
73819,0,,,,,,,,,,,,,,,217.5759,214.0963,266.5313,214.2524,212.4814,235.1102,274.5717,232.1605,241.2950,234.7424,266.6063,235.4386,245.0151,280.8228,253.4084,273.7308,249.3250,324.1233,249.0588,311.8926,,,,,,,265.7477,213.9447,211.8547,209.9346,264.6118,214.1124,219.9875,213.9945,272.4607,231.7269,211.8019,233.2224,276.2095,232.6114,211.6642,235.5541,257.7468,224.3692,232.5733,224.9295,263.6773,222.9148,251.3872,222.7643,258.2434,269.6891,241.1074,277.7223,246.5674,271.7655,250.1811,276.8150,253.7976,312.0124,246.8658,325.0923,247.2044,312.9283,250.5388,323.7557,251.4055,315.5613,238.7576,332.3133,243.5240,312.4705,237.6533,328.1991,238.1893,312.5223,237.5394,327.6657,253.1080,329.2436,252.4244,318.3071,,,252.6689,213.1314,,,,
73820,0,,,,,,,,,,,,,,,219.9157,213.3248,265.6860,213.7367,214.5857,235.5545,273.5013,232.2790,244.6414,233.9785,266.1885,233.7442,245.5811,280.8141,254.6593,273.1172,249.8862,324.9547,250.8150,311.9426,,,,,,,264.5924,213.4486,214.7901,209.0424,263.5976,213.5786,222.4354,213.2704,272.2764,231.6411,213.6162,233.6004,275.3845,232.3523,213.5144,235.5373,256.9552,223.0459,234.1016,224.3767,264.8757,220.9411,254.1379,221.5197,259.0372,268.8053,241.2017,277.7165,248.1705,271.4588,250.5562,276.6274,255.6182,312.1354,247.6880,325.8513,249.2629,313.1749,250.9728,324.5807,252.5699,315.3958,238.5904,333.2047,246.2529,312.8687,237.1262,329.2911,241.2097,313.0072,236.9314,328.7995,253.9437,330.1576,254.2129,318.8334,,,256.5130,213.1456,,,,
73821,0,,,,,,,,,,,,,,,219.8936,213.1682,278.7995,214.9146,215.3378,235.6672,279.0022,231.6969,242.8541,232.8145,266.0027,233.0177,246.9092,281.0021,255.6537,273.8340,250.3835,325.0058,254.6683,313.0873,,,,,,,269.7762,213.9401,214.8255,208.8896,278.9956,214.9753,222.4918,213.0101,276.1845,231.9598,213.8580,233.4074,281.1400,232.4735,214.2695,235.7269,256.9863,222.4187,232.1507,223.5810,265.8891,220.2803,253.7991,220.9975,260.4006,269.6716,241.9755,277.7055,249.2679,271.6977,252.6073,276.3460,259.2506,312.9022,247.6596,325.6899,253.0408,314.2923,251.3786,324.6660,256.8967,316.8170,238.9897,332.9770,250.2471,314.5038,237.3478,329.1941,245.5012,314.9364,236.4218,328.5362,254.4025,330.3776,258.5129,320.1259,,,256.3724,213.0881,,,,
73822,0,,,,,,,,,,,,,,,220.9409,213.0323,279.9632,214.9667,215.7205,236.4169,280.8074,232.3705,243.3610,233.4492,266.8947,233.5208,247.5004,280.9283,255.5914,273.5582,249.8896,324.6967,256.5845,313.2448,,,,,,,270.6989,213.9975,215.4983,208.9683,279.1118,214.9224,222.7232,212.8623,278.2455,232.4030,214.0229,234.3263,283.1712,233.1110,214.8437,236.3610,258.6482,222.2480,233.4777,223.4612,265.8783,220.0094,253.7149,220.9196,260.1211,269.5911,242.6495,277.6023,249.2290,271.5964,252.9792,276.2419,261.3428,313.3192,247.2599,325.4920,254.9371,314.4973,251.1158,324.4577,258.2399,317.3241,238.8036,332.8215,250.8986,314.8644,237.5782,329.0336,246.1527,315.2274,236.5188,328.4242,253.9512,330.3194,261.0223,320.6887,,,256.8478,213.0932,,,,
73823,0,,,,,,,,,,,,,,,221.7484,213.3378,278.9809,214.8253,217.4309,237.2990,281.0248,233.3007,244.7908,234.3261,267.2344,235.2826,247.4360,280.3329,256.6518,274.2265,249.9059,324.3282,259.4691,314.4047,,,,,,,273.2148,214.1690,216.6547,209.0112,277.3815,214.7692,222.9283,213.1717,278.9414,233.3800,215.3316,235.7269,282.9972,234.0308,216.3075,237.2887,259.8334,223.8313,235.3086,224.8131,265.5071,221.5343,253.3920,221.7596,261.2567,270.2333,243.1394,277.2039,250.7530,272.0503,252.7159,276.0856,264.3238,314.5122,246.8297,325.0784,257.7982,315.4631,251.0199,324.0591,261.9508,318.8673,237.6046,332.2503,253.7199,316.1655,236.6925,328.2967,248.6663,316.4680,236.0163,327.7125,253.7140,329.9064,264.3864,321.7300,,,256.2448,212.9676,,,,
73824,0,,,,,,,,,,,,,,,221.7729,212.9957,267.4884,213.8286,218.1773,237.3504,279.0424,232.1316,246.3357,234.6071,266.5426,234.6356,247.4644,281.6697,258.1583,274.6873,249.3842,324.4088,262.0057,315.4232,,,,,,,269.8429,213.9019,217.9307,209.2594,264.5934,213.6384,222.3092,211.6519,276.7685,231.8155,216.4045,236.0889,280.5740,232.6678,216.2512,237.3427,259.7468,223.4165,237.7625,224.7482,264.6431,221.8032,252.9052,222.2597,262.0627,270.5614,243.6323,278.6642,252.6284,273.0069,251.5227,276.7829,266.0321,315.1491,246.5245,325.2674,260.3976,316.4336,250.3168,323.9859,263.8463,319.8735,237.7932,332.8925,256.2756,317.5210,236.8717,329.0476,251.4345,317.8751,236.7721,328.7749,252.9114,329.5670,265.6387,322.1311,,,254.7647,212.9721,,,,
73825,0,,,,,,,,,,,,,,,222.6935,213.4573,267.9261,214.1370,219.5239,237.6889,278.3338,232.2009,246.0987,234.8709,268.7885,234.9833,247.5140,281.2669,260.2441,275.0140,249.3378,323.8617,264.7006,316.1078,,,,,,,269.6422,214.1646,217.9442,209.5272,264.8226,213.9659,223.4588,213.2887,275.4738,231.5787,217.8465,236.5985,280.0987,232.8683,216.9596,237.6404,261.5059,223.8999,236.4536,224.8631,266.7790,222.6033,253.7115,222.9915,264.3247,270.8619,243.4575,278.2649,254.6970,272.9551,252.1488,276.5018,269.3871,316.0909,246.1941,324.5937,262.9507,317.1885,250.4969,323.5935,267.1520,321.0152,236.4932,331.6834,259.7677,318.4469,235.7494,327.9258,254.3732,318.7204,236.0737,327.6021,253.2394,329.4164,268.5044,322.8944,,,256.8584,213.4894,,,,
73826,0,,,,,,,,,,,,,,,224.1199,213.8248,272.2570,216.0488,220.7080,238.2515,279.8256,232.4245,244.9785,235.4830,268.3438,234.6893,247.4057,282.2847,262.2143,276.0588,249.5015,324.1592,264.6770,317.1522,,,,,,,269.7751,214.0523,219.3918,210.9183,269.3692,214.2091,224.2679,212.2350,277.2093,231.8141,219.5808,237.0341,282.4932,232.6741,217.6124,238.1348,262.2550,224.3952,236.5174,225.3411,265.2690,222.7119,252.2843,223.3164,266.0089,271.8979,242.9709,278.9788,256.5652,274.2949,252.8953,277.5805,269.2275,317.1251,245.7985,324.6361,262.6884,318.1581,250.8836,323.9502,267.9235,321.9864,235.8301,331.6134,261.3694,319.2971,235.5696,328.0817,256.3146,319.3551,236.4874,327.8729,253.3086,329.6465,268.0637,323.8138,,,254.9168,214.0627,251.3251,212.8319,,
73827,0,,,,,,,,,,,,,,,224.7567,212.4760,269.7448,215.9104,222.6176,238.4437,277.8667,233.0829,245.1470,235.5880,269.1780,234.8352,245.8057,281.7634,267.0507,277.8902,250.1515,324.2396,267.3196,318.1192,,,,,,,270.2606,214.0254,220.7882,211.0206,267.4116,214.8774,225.0832,212.1375,274.9120,232.8174,221.4513,237.3163,281.0434,233.2266,219.6530,238.3008,262.5811,224.6060,235.6950,225.2559,266.4690,222.4915,252.5908,223.2525,271.3777,273.4836,241.1595,278.6694,259.4678,275.4415,251.8025,277.1979,271.3955,318.1380,246.2019,324.6611,265.0864,318.9224,251.7275,324.0841,270.6511,322.7777,235.5403,331.5370,263.5537,320.0269,235.6289,328.1684,257.9734,319.7241,236.6556,328.0098,253.1926,329.6223,270.9536,324.6239,,,256.3263,213.2432,251.7876,212.8665,,
73828,0,,,,,,,,,,,,,,,225.9498,212.8346,268.9447,215.9292,223.5640,238.9078,271.3192,233.8935,246.9469,235.8517,269.1439,235.7528,245.8824,281.3751,267.5726,279.1669,249.3592,323.1935,267.2987,318.3161,,,,,,,271.8970,214.4856,220.9585,211.2349,267.5722,214.7589,227.0205,212.4898,271.7610,233.5427,221.8466,237.7932,277.0852,233.8887,220.9215,238.5837,262.1149,225.5795,237.0595,225.8238,267.0937,222.4244,254.1953,222.7994,272.6405,274.4056,241.3180,278.3014,259.4774,275.9390,252.0408,276.9263,271.5953,318.5907,245.2925,323.5609,264.7998,319.2552,250.9497,323.2810,270.3764,323.2526,234.8331,330.6220,262.6207,320.6158,235.1153,327.7799,256.6570,320.4561,235.9103,327.9572,252.9460,328.5169,270.9857,324.9795,,,257.0089,214.0782,254.9501,212.8489,,
73829,0,,,,,,,,,,,,,,,227.6832,212.4610,273.6253,215.9681,224.2879,237.5828,275.8223,234.5648,247.1809,235.3409,270.6778,236.7580,246.0655,281.6432,268.4960,280.2576,250.4874,324.6715,268.0584,319.6035,,,,,,,274.9398,214.3651,222.5132,210.8627,272.2364,215.1083,228.8427,212.1460,274.2145,234.2952,222.6809,236.6216,280.4145,234.4335,221.9461,237.1799,264.0111,226.8057,238.3686,226.4776,269.3520,223.7937,256.3557,223.5009,273.3374,275.1409,241.4944,278.6276,260.0560,276.4089,253.3041,277.5916,272.4510,319.6852,245.6399,324.8969,265.7005,320.2789,252.5002,324.8283,271.3598,324.1660,234.7005,331.3319,263.3562,321.4739,235.4690,328.4293,257.4563,321.4888,236.5909,328.4155,253.5916,330.3789,272.0022,325.7733,,,260.6704,215.0736,263.2543,213.6872,,
73830,0,,,,,,,,,,,,,,,230.6191,212.8991,273.1833,216.0704,225.4707,237.2167,275.6322,235.4476,248.2135,235.6511,270.2859,236.9691,247.3357,282.3662,267.2494,280.9586,250.0198,324.5609,266.8579,319.2458,,,,,,,273.9093,214.2034,225.5057,211.0813,273.1268,214.2986,232.0777,212.5123,274.6273,235.0521,223.7721,236.4247,279.5061,235.3506,223.1089,236.5390,263.8890,226.4220,239.0893,225.8685,269.6218,223.8202,257.4639,223.6890,271.7101,275.5233,242.7032,278.9972,258.5813,276.6231,253.7694,278.0108,271.3402,319.6496,245.8131,324.9198,264.6854,320.2795,252.4040,324.8060,270.9333,324.2246,236.0392,331.4057,262.8298,321.5705,237.6350,328.6888,257.2608,321.9006,238.9660,328.6850,253.3079,330.4418,270.4594,325.7848,,,260.9718,214.5601,264.0113,213.7165,,
73831,0,,,,,,,,,,,,,,,230.0629,212.7204,272.6840,215.8216,224.7511,235.9886,274.6789,234.8449,249.2049,235.2606,270.3512,236.3753,248.4348,280.5350,267.1844,279.4382,250.1176,322.4765,266.6034,317.8014,,,,,,,274.4565,214.2675,225.0623,211.1535,273.5571,214.3690,232.2611,212.5313,273.7734,234.1110,223.0621,235.2023,278.5600,234.8096,222.7069,235.1698,264.3174,225.9877,239.6342,225.1495,269.6077,223.4120,257.5022,223.3357,271.4752,273.5666,244.4623,277.1785,258.5575,275.2756,254.6851,276.4998,271.7017,318.5723,246.0503,323.2371,264.2576,318.8970,252.2393,322.7564,270.6766,323.2027,235.5003,329.8163,262.8211,320.7398,238.3993,327.3281,257.1694,321.0418,239.3606,327.5462,253.7809,328.6278,270.2442,324.8359,,,261.5774,214.6735,263.9301,213.7715,,
73832,0,,,,,,,,,,,,,,,230.0304,212.5002,271.8939,215.5568,224.2449,235.1664,276.3537,233.8358,249.1552,234.0583,270.2822,235.1810,246.0242,280.2826,265.6757,278.7388,250.0259,321.8066,267.1868,317.3396,,,,,,,274.3550,214.2460,224.5774,209.9423,273.0507,214.3066,232.4713,212.2978,275.0850,233.1915,222.2834,234.2023,280.3801,233.6824,222.1199,234.3510,264.3838,224.8103,240.1677,224.0743,270.6000,222.3211,258.2228,222.4295,269.9503,273.4528,242.5759,277.4684,256.7087,275.2846,252.1269,276.9658,272.1982,318.0730,246.4352,322.5320,264.5893,318.2828,251.9914,322.0064,271.0989,322.9802,236.1779,329.0086,262.8590,320.4759,238.0262,326.2698,256.8328,320.7160,238.8446,326.5778,254.0414,327.8888,271.0686,324.3761,,,262.9233,214.5196,,,,
73833,0,,,,,,,,,,,,,,,231.3786,212.8387,275.2378,216.1663,225.2518,235.0929,276.2804,234.2077,249.1395,234.6261,269.3115,236.4205,245.2013,279.6489,265.5615,279.1653,249.8406,321.9743,266.4264,317.6096,,,,,,,275.5218,214.8065,226.7181,210.5717,278.0761,215.2777,233.7806,212.6158,275.6634,233.6603,224.2322,234.2598,280.0664,234.4240,223.2165,234.3198,264.1354,225.4674,242.2248,225.2164,269.3727,223.1342,257.1057,223.3733,269.7786,273.9880,242.4721,277.2039,257.0914,275.8024,251.0275,276.6526,271.4068,318.0563,246.5582,322.7456,264.2792,318.5660,251.5978,322.3000,270.1160,322.4982,237.1547,330.0254,262.2062,319.9913,238.8554,327.1174,256.6768,320.4556,239.2863,327.5516,253.6887,327.5476,271.1674,324.8096,,,261.9742,214.0174,,,,
73834,0,,,,,,,,,,,,,,,233.3439,212.8060,273.6763,216.1141,227.9754,234.4435,277.0868,234.6781,250.5412,235.7822,270.7714,237.2123,245.3578,278.5460,266.1814,279.0646,250.7294,319.9608,268.7928,316.6414,,,,,,,273.0837,214.4083,229.0740,210.5947,274.8322,214.7430,235.5562,212.5843,276.0863,234.1447,227.5732,233.6595,280.9632,235.0040,226.0160,233.6341,265.0740,225.8543,244.5749,226.0167,269.0389,223.3216,257.9328,223.3800,270.4724,274.1121,242.2974,276.2796,258.3582,275.3305,251.0864,275.5373,273.3061,317.2734,247.3343,320.4963,266.6326,317.6253,252.3867,320.3681,271.2641,322.5563,237.7569,328.0388,264.5625,320.4402,238.8052,325.4679,259.4618,321.0067,239.3276,326.0798,254.0610,325.4482,273.2435,324.1666,,,262.5666,215.0936,,,,
73835,0,,,,,,,,,,,,,,,233.1142,212.5844,273.1219,215.1842,228.3828,234.9311,279.0167,234.4859,249.6628,236.4035,272.8696,237.4021,244.5553,278.3358,267.5983,278.9524,252.9972,318.5768,270.2409,317.7475,,,,,,,274.2936,212.7835,228.6834,208.6956,277.3907,214.7120,234.1855,212.2413,277.9416,233.9101,227.1387,234.1796,281.5542,234.8423,226.8781,234.7170,266.2857,226.9433,243.5319,226.5340,269.7698,224.8859,257.7758,224.4266,271.7353,274.0507,240.6646,276.0186,258.3057,275.1472,250.5082,275.7598,276.5730,318.6650,249.3858,319.4066,267.6425,318.7112,254.4609,319.1268,274.6308,323.7136,240.0998,325.6330,266.7524,321.3975,242.0881,324.1848,261.6831,321.5620,243.5453,324.8997,256.4475,324.4166,275.0357,325.1755,,,262.5364,215.4213,,,,
73836,0,,,,,,,,,,,,,,,233.9751,212.2349,273.7339,214.3220,228.0209,233.5251,279.5174,233.7991,250.0332,235.3822,273.2123,236.7799,242.7392,275.4503,268.5750,276.9482,253.6954,315.2704,271.7013,316.6554,,,,,,,274.4841,212.2998,229.3713,208.3242,277.5089,213.9219,235.3330,211.7942,278.3136,233.3562,227.0689,232.7462,281.7780,234.0686,226.1644,233.0357,267.4927,226.3801,243.5761,225.4959,270.8137,224.1033,258.2792,223.6321,273.2150,272.1482,238.8628,272.9706,259.3097,272.6398,248.0863,272.4847,277.5738,317.5199,250.3184,316.3310,268.6784,317.1147,255.2657,315.8497,275.1828,322.2251,242.4756,323.2257,267.6020,320.1387,245.1867,320.5438,263.0684,320.5164,247.3902,320.8382,257.5497,321.4310,275.9632,323.1242,,,263.3078,215.5287,,,,
73837,0,,,,,,,,,,,,,,,234.0331,212.3671,275.7930,215.4470,226.3725,233.3591,279.5255,234.0467,247.4184,235.5844,271.4002,236.9259,240.1499,275.6999,267.5767,278.9285,250.4228,314.9917,270.5050,317.3718,,,,,,,275.4426,212.2383,229.7434,208.2110,278.0043,213.8762,235.6529,212.1379,278.6627,233.6603,225.6210,232.2361,281.5209,234.2362,224.5365,233.1500,266.0607,226.0747,240.9082,225.3198,268.7228,223.4889,256.0748,223.0895,272.6486,274.1873,236.5466,273.2080,258.3064,274.5354,246.2387,273.0311,276.7997,318.7002,246.2865,316.1453,267.9118,317.9946,251.9696,315.6869,272.2319,322.1820,237.7139,321.7750,265.5421,320.0363,240.8750,319.3842,261.0764,320.0524,243.3035,319.7180,254.4546,321.5453,271.9212,322.2367,,,261.3906,213.9658,265.8487,211.7310,,
73838,0,,,,,,,,,,,,,,,234.2979,211.8820,274.1431,213.4423,225.8971,232.1560,280.3739,233.0469,247.4498,234.3919,270.3039,236.0060,239.1663,273.8428,267.5524,277.6095,245.0524,313.0860,271.6187,317.0135,,,,,,,274.3344,212.1498,229.9649,208.1494,274.1320,212.2234,236.3754,211.7667,279.5278,232.3560,224.4883,230.5615,282.3299,232.9987,223.6408,232.0184,265.1252,224.1106,239.8856,224.1395,267.9010,222.8157,255.4630,222.6079,272.5801,272.8992,235.1047,271.3939,257.9295,273.4810,245.4790,271.1949,278.0863,318.1173,241.0686,313.9744,268.9850,317.5673,246.7169,313.3899,273.7013,321.5414,233.6883,319.7148,266.5685,319.4940,236.6583,317.0248,261.6305,319.3126,238.7801,317.4839,248.9445,319.9108,274.5474,322.4056,,,260.6514,214.2663,264.5910,211.6132,,
73839,0,,,,,,,,,,,,,,,233.3280,211.2139,272.6857,211.6498,223.7328,231.3620,277.1043,232.4147,244.4608,233.0340,267.7193,235.0091,234.7459,271.2800,265.9490,275.5853,233.6616,308.7562,270.4757,315.8016,,,,,,,273.9875,211.7975,228.4687,207.7639,272.7739,211.7693,235.6118,210.1081,276.3868,231.6402,222.3926,229.5287,279.3500,232.3115,221.2255,231.1077,262.6580,222.6055,238.8410,222.7411,263.8901,220.8807,252.1685,220.9946,270.0683,271.5966,231.1408,269.0735,258.0699,272.5720,241.1811,269.1450,276.8461,316.6556,230.4169,309.6951,267.5937,316.3123,235.3551,309.0100,271.8565,320.1446,224.1746,315.5901,264.4742,317.9735,227.4597,312.8326,259.8379,317.5047,229.2612,312.6344,235.5250,314.3949,270.5579,320.8838,,,257.3088,211.7000,260.9234,210.8853,,
73840,0,,,,,,,,,,,,,,,233.5185,211.4854,271.3531,212.0550,225.1717,230.9185,273.1266,232.2638,246.6121,233.4293,266.7683,235.2586,234.0799,270.1437,266.0699,275.0881,228.6879,306.0235,268.1372,314.2269,,,,,,,272.9176,212.1241,228.3291,208.0954,271.6932,212.1313,235.8613,210.2950,273.2035,231.3161,224.0570,229.1049,276.6586,231.9923,223.3534,230.8199,262.0554,222.5262,241.8515,222.6620,263.2691,221.8852,253.5549,221.9787,269.4521,271.0910,231.1086,268.1304,259.5539,272.3362,239.9283,267.8753,273.5207,314.9557,227.0487,307.0352,266.1298,315.1401,229.8199,306.2089,269.6939,320.2518,219.1823,312.4373,262.9052,317.5771,223.0800,309.8225,258.7431,317.1240,224.6941,309.2998,228.4931,311.3907,266.6319,320.3928,,,256.0538,212.3684,264.3153,211.7321,,
73841,0,,,,,,,,,,,,,,,230.8761,211.6741,274.5272,215.1095,223.5284,230.5303,271.7830,232.3397,243.5669,232.7512,266.0984,234.5825,233.7834,268.8581,265.6299,273.7788,230.5982,306.2833,266.2690,315.1233,,,,,,,277.1743,214.0075,225.7398,209.4033,276.4461,213.9870,233.0448,211.7577,271.1256,231.6878,222.1397,228.9241,274.5817,232.5386,222.5114,230.6280,261.9569,222.7589,239.4352,222.6074,265.2961,221.7529,253.9233,222.0384,269.4044,270.4815,231.2873,266.5820,258.9677,271.0640,241.2943,266.6287,272.9223,315.6186,227.7052,307.2026,263.5155,315.9790,231.6380,306.7361,270.4742,322.1805,218.2497,311.2879,262.8195,319.4906,220.8083,308.7198,258.4049,319.6308,221.5002,308.1843,232.1836,312.2351,266.7849,320.9687,,,258.1045,213.7731,,,,
73842,0,,,,,,,,,,,,,,,230.0462,211.5546,274.7893,215.4409,222.2675,230.0755,272.0824,231.5315,241.9089,232.8874,264.9451,234.5213,233.3598,268.8664,265.0405,274.3081,227.8182,305.4048,267.7403,315.3106,,,,,,,278.6114,214.1093,226.5192,210.1821,276.8193,214.0144,231.4103,211.6469,271.7503,230.8625,221.5196,228.4287,274.7609,231.6294,220.8125,230.1535,262.0126,222.2524,238.7442,221.3752,262.8831,221.5005,251.6980,221.9211,268.9336,270.9190,230.4041,266.5518,258.3572,271.4239,242.0451,266.7135,274.9073,315.9474,224.1930,306.1218,264.6864,316.3545,228.9199,305.6008,272.5115,322.7962,214.7145,309.4065,264.1262,320.3382,217.6784,306.4875,259.0188,320.3283,219.2226,306.1584,229.1523,310.9685,267.5447,321.1173,,,256.4951,213.5480,,,,
73843,0,,,,,,,,,,,,,,,228.2722,211.4615,270.1131,213.3842,221.6073,230.8058,274.4550,231.6084,242.8974,233.8970,264.9235,234.5899,232.5949,268.0285,263.8610,273.7811,227.3192,304.5676,268.2190,315.1327,,,,,,,269.9142,212.9488,226.0732,209.2728,274.6010,213.6704,229.1548,211.2258,273.5015,230.7568,221.3004,228.9789,277.2392,231.7782,219.8656,231.0134,259.7399,222.0072,237.8053,222.2096,263.0785,221.9098,251.4235,221.3942,267.0493,270.3713,229.7238,265.9469,256.8850,271.1359,240.5689,266.1496,273.0942,315.7886,222.3481,305.1526,266.0848,316.3317,228.5925,304.1891,272.3335,323.2900,214.9630,307.6683,264.1174,320.7300,216.4693,303.1894,258.5162,320.8360,219.1631,302.1975,228.1408,311.2017,268.8531,320.8972,,,256.9147,213.3080,260.7271,212.6316,,
73844,0,,,,,,,,,,,,,,,229.3755,211.7852,269.2774,214.3902,220.6297,231.4345,273.6531,231.7872,241.6150,232.3947,261.2684,233.4559,230.8393,267.9417,262.4816,273.3825,226.8256,304.1819,267.0321,314.9002,,,,,,,268.3783,213.0482,226.6838,210.2414,269.4579,213.4846,230.0787,211.5963,271.9218,230.7750,219.9975,229.6838,276.3850,231.5768,218.5248,231.3889,257.0369,221.5741,236.6691,221.5937,259.0876,220.8836,248.3286,220.7620,265.5696,269.4349,228.2545,266.1768,257.2589,271.2982,238.5079,266.3112,271.5931,315.5350,223.2883,305.3327,264.4738,316.0011,228.0919,303.5724,270.0909,322.9703,214.0923,307.2272,263.2767,320.8510,215.7012,301.7933,258.8460,321.1102,219.9297,301.0994,228.4158,310.7592,268.2736,320.7408,,,253.0154,213.3096,,,,
73845,0,,,,,,,,,,,,,,,227.8141,211.8349,267.4978,214.4637,220.5567,231.8567,270.5206,232.6829,239.0968,233.2125,259.3821,235.0225,230.1560,269.5513,262.3926,274.0463,226.9600,305.2001,266.6585,313.1137,,,,,,,266.4098,213.1040,224.3500,210.3189,268.0706,213.5533,229.5030,211.8732,269.8255,231.6792,219.7887,230.1109,273.8856,232.6211,218.8058,231.7202,254.8697,222.8399,234.3264,222.7289,258.3763,221.0996,247.8115,221.0879,266.2750,270.2164,227.5412,267.3946,255.5291,271.4860,237.4126,267.6731,271.2862,313.4701,222.8997,306.2937,264.2354,314.7165,228.0626,304.7317,269.9530,321.1275,214.6097,308.9468,262.4122,319.7246,218.6967,304.7455,258.2327,320.5354,221.0778,303.8024,228.9961,311.4673,267.5901,318.7131,,,252.5077,213.7780,,,,
73846,0,,,,,,,,,,,,,,,228.2663,211.5878,267.3083,214.2572,221.0485,232.2855,267.9383,231.3899,239.5642,232.5118,259.0785,234.0203,229.0092,268.9331,260.8270,274.0109,227.0364,305.0945,265.3770,313.1593,,,,,,,267.1172,213.0750,224.3603,209.2597,268.9770,213.4632,229.8086,211.8638,268.8806,230.2478,220.0724,230.4252,272.2797,231.3149,219.6635,232.1764,253.7368,221.7433,233.6097,221.8945,258.3513,220.6580,247.9533,220.9546,264.8831,270.8294,227.1154,266.6152,254.3005,271.4632,235.9040,267.0346,269.9196,313.4314,223.2524,306.0632,262.9991,314.4397,228.3408,304.7361,269.0194,320.9063,214.2507,308.4889,261.6027,319.3887,219.6979,305.0460,257.7732,320.4160,222.6314,304.7412,230.1394,311.8675,266.4733,318.4350,,,252.2456,213.3857,,,,
73847,0,,,,,,,,,,,,,,,225.5896,212.0103,264.6614,214.8825,220.0245,233.8147,265.8059,232.2481,239.0591,233.5181,259.0472,233.4076,227.0891,268.4616,260.6536,273.8296,225.6488,304.8423,266.4931,312.9204,,,,,,,264.7223,213.0952,223.7192,210.7605,259.9557,212.9888,226.7219,212.0763,266.0490,231.4691,218.7911,232.5321,269.3996,232.4287,218.6050,233.6764,252.2363,221.9955,231.3329,222.6406,257.9761,222.4095,247.1501,222.5493,264.3123,270.5375,224.7724,266.4497,253.4876,271.0934,234.4891,266.7015,272.4095,313.5813,221.4971,305.5116,263.5919,313.7292,226.8276,304.1842,270.6726,320.7734,214.3228,308.8695,263.2512,319.2200,216.0361,305.2424,257.3912,319.5709,217.6124,304.5922,228.3461,311.3334,266.8868,317.7748,,,250.9252,213.8810,253.8791,212.5107,,
73848,0,,,,,,,,,,,,,,,225.7317,211.2405,266.0770,214.7954,218.9666,234.1471,264.7785,232.1096,236.4692,232.6062,256.9482,233.8739,226.6902,268.5455,258.0004,273.3035,225.2748,304.7587,266.0708,311.3422,,,,,,,266.5812,212.8046,221.3606,209.8391,266.8405,213.9357,227.2694,211.4424,265.3141,231.2334,217.6047,233.1133,268.2700,232.4959,217.4710,233.8339,251.8404,222.9904,230.1862,222.4109,254.9411,222.2368,245.0541,222.4347,261.0566,270.4647,223.2478,265.8719,251.8997,271.1511,234.4979,266.8481,271.9014,312.2439,220.7683,305.1061,262.5368,311.9464,226.6058,304.2393,272.0489,321.3457,213.2166,308.0880,262.8386,319.5598,215.5600,304.7990,256.3216,320.1410,218.9371,305.0722,227.2261,311.1466,267.2828,315.5881,,,248.4623,213.1786,247.7774,211.4267,,
73849,0,,,,,,,,,,,,,,,222.9526,210.6637,259.1065,213.5655,216.5103,233.2247,259.4203,230.3860,233.0723,231.5597,255.0275,233.0644,224.4225,267.6055,252.6952,271.4584,225.1037,304.1934,263.8973,307.9963,,,,,,,260.3931,212.0796,218.9848,209.4090,261.4438,212.3758,224.2522,210.5761,260.5393,229.7010,215.3168,232.3455,263.0930,230.6012,215.0373,232.9512,248.6749,221.9426,227.8131,221.6216,252.3860,221.0518,242.1908,220.8877,255.5598,268.4795,221.2995,264.7821,246.5575,269.3344,231.5963,265.7201,268.9106,308.8028,220.6883,304.6267,260.4798,309.1494,226.1770,303.6060,270.8432,319.1857,213.9202,308.2896,262.4145,318.4020,215.3236,304.9677,256.6372,319.6844,217.0249,304.4253,227.8530,310.6244,266.0575,311.3426,,,245.6607,212.4396,247.9249,211.3125,,
73850,0,,,,,,,,,,,,,,,220.4463,210.1264,256.4947,213.1037,215.5814,231.8116,260.4584,230.2134,232.2576,230.5464,253.1375,231.2036,222.0421,267.0352,249.3435,270.8665,225.4539,304.3319,258.1613,304.2056,,,,,,,255.8191,211.1434,219.2533,209.0106,256.5394,212.4061,221.6270,210.0432,260.0580,229.4459,214.6169,230.7381,262.9452,230.1875,214.3418,231.6324,246.9075,221.1430,225.5906,220.0690,251.9547,220.5793,240.9102,220.8283,253.5809,268.2765,218.5995,264.7238,242.4227,268.5526,228.2073,265.6449,264.8457,304.6935,221.4171,304.9091,254.5372,304.9124,226.8572,303.9987,265.9375,316.7076,212.9943,308.9986,257.5417,316.7677,216.7429,305.7187,253.3781,318.4953,218.7212,305.4859,228.4019,310.3806,260.2134,306.0053,,,244.1883,212.0506,245.0056,210.4738,,
73851,0,,,,,,,,,,,,,,,217.7522,209.0548,255.0073,212.3514,212.8572,230.9106,253.0991,228.9968,229.8950,229.0877,249.5984,230.0309,221.2830,265.7098,243.8685,267.5248,224.0741,303.2145,252.7942,299.6092,,,,,,,251.0805,209.9121,214.8967,207.7471,254.3748,211.7451,219.6459,209.0724,252.8064,228.4549,211.3476,229.8717,255.8144,229.3226,210.8332,230.6000,244.5261,220.6579,224.6788,219.2122,248.7001,219.4348,238.5180,219.5178,247.6039,264.4670,217.8194,263.7020,236.9039,265.3320,227.0570,263.9536,258.2971,299.4063,220.9758,304.4021,249.6781,300.2606,225.1862,302.7206,260.2068,309.7949,213.1753,308.2665,251.4709,310.5505,215.7189,305.0272,247.7942,312.5861,217.7930,304.4015,227.1225,309.8047,254.1575,300.8152,,,241.8004,210.8018,241.5852,209.3623,,
73852,0,,,,,,,,,,,,,,,217.9181,208.3590,258.6538,211.8445,210.3107,229.7258,257.3936,228.8725,227.6771,227.9585,249.4406,229.5565,221.3665,265.6611,241.7118,265.9975,225.9571,304.3110,249.5304,297.0342,,,,,,,257.7753,210.0602,213.6210,207.0102,258.8863,211.1910,218.9702,208.3989,257.0159,227.8428,208.9392,228.6964,259.7131,229.0224,208.7632,229.3991,244.7176,219.1423,223.4425,217.7863,248.0259,218.7506,236.5749,219.1112,245.3709,263.1907,217.6065,263.3448,234.3126,263.8374,228.1648,264.3301,254.8279,296.8141,222.0341,305.1726,246.7319,297.7520,227.7232,304.0742,259.3770,306.5831,214.0796,309.2361,250.4566,306.8662,217.1351,305.8401,245.7226,308.8376,218.9955,305.1746,228.7079,310.5515,249.9060,297.6361,,,241.9789,211.0362,244.0956,209.0907,,
73853,0,,,,,,,,,,,,,,,215.6017,208.3203,254.7318,212.3951,208.8210,228.3081,255.5495,227.7459,226.6035,227.8322,247.8906,228.5141,220.3589,266.9863,241.2163,265.4189,224.9480,304.0500,245.5148,295.5368,,,,,,,250.9300,209.2056,212.9903,206.9569,253.8441,211.5918,216.0923,208.1478,255.3592,227.0393,208.6941,227.0593,257.7745,228.2736,206.5776,228.1017,244.3629,219.6112,222.4743,218.4246,246.0044,218.6053,234.8324,218.7418,244.7550,262.7705,217.2322,265.1786,233.8527,264.0543,227.2504,264.8707,250.7848,295.2001,221.2739,304.9909,242.9789,296.1109,227.3188,303.8333,252.5216,303.3128,214.0698,309.1945,244.4331,303.6424,217.2195,305.9495,239.6030,305.3016,219.4840,305.4363,227.6103,309.8420,247.9932,297.5166,,,239.4287,210.2505,239.2764,208.1708,,
73854,0,,,,,,,,,,,,,,,214.2294,207.7767,254.9300,212.2087,208.7956,226.6883,253.9041,227.8164,226.7714,227.7188,247.2634,229.1991,222.0026,266.2932,241.6128,265.2903,225.6385,303.4033,240.0951,296.1649,,,,,,,256.2313,210.3396,211.5018,206.4100,255.6759,211.3756,215.1466,207.7135,253.2768,226.9130,208.1959,225.2854,256.2000,228.5258,206.8317,226.6745,243.0800,219.5684,222.1131,217.9011,244.6070,218.7868,233.9632,218.7549,244.8615,262.4074,219.3277,264.3089,235.0426,263.6881,228.2185,264.3359,244.6518,295.8345,222.1251,304.1604,238.2498,296.6837,227.6248,303.3584,243.6967,302.1549,215.9063,308.6627,237.2206,301.9136,219.0336,305.9565,233.4696,303.6247,220.1751,305.4363,227.8311,309.2685,243.3320,300.0363,,,238.3367,210.9896,238.9022,208.0506,,
73855,0,,,,,,,,,,,,,,,213.7632,207.0369,253.8160,211.4277,209.5670,226.8620,253.0380,227.0250,226.6310,228.4665,247.1800,229.8280,222.2160,268.0128,243.7570,265.0498,224.8800,303.9877,242.4636,299.5451,,,,,,,253.7013,209.5548,211.1316,205.6312,253.9446,210.5966,215.1339,207.0721,252.8481,226.2381,209.3058,225.4054,255.4878,227.7060,207.8161,226.9193,243.5181,220.2413,222.5175,219.9176,244.4462,219.3486,233.8106,219.3620,246.8377,261.5986,218.7714,265.0902,237.3692,263.0107,228.7839,265.1486,245.8231,299.0539,221.9365,304.4786,240.3927,300.1441,226.6199,304.0234,245.3860,304.0703,216.2802,309.3040,241.1435,303.4739,217.9535,306.2951,237.6858,304.2857,218.8437,306.0205,227.3274,309.6128,244.6338,304.0398,,,238.0001,211.1825,238.5524,207.2261,,
73856,0,,,,,,,,,,,,,,,213.8965,206.9833,254.6364,211.4189,208.1923,225.7149,251.7976,227.5080,225.4688,227.5224,246.1514,229.3821,221.4413,267.2942,242.3623,265.3071,224.2297,303.7432,240.5749,299.7335,,,,,,,255.4714,209.7299,211.1686,205.4913,253.3978,210.4728,215.1782,207.0779,251.4941,226.7787,207.9982,224.2434,254.3273,228.1204,206.2182,225.7374,243.1862,220.1121,222.3117,219.3111,243.9231,219.2838,233.3967,219.0156,245.8277,261.7829,218.3803,264.4590,236.2063,263.0778,227.4326,264.3812,244.8108,299.8464,221.1470,304.4593,238.7651,300.2111,226.0639,304.0081,244.1502,303.5752,215.0071,309.1605,238.9564,301.4197,217.0720,306.3591,234.8367,301.6524,217.4871,306.2982,227.3156,309.4447,243.1968,305.4177,,,237.9780,210.9740,238.7920,207.0409,,
73857,0,,,,,,,,,,,,,,,214.9382,206.4221,255.2213,209.8707,209.1501,225.2103,253.6134,226.7404,226.7226,226.7596,245.5511,227.7187,221.0514,265.6345,239.4358,264.1722,224.6376,303.5770,238.6731,298.9762,,,,,,,257.3954,208.5259,211.9399,204.4045,255.5966,209.5157,216.5368,206.5185,253.0082,225.8150,208.4933,223.6807,256.0437,227.2138,207.4660,225.2744,242.1140,218.1859,222.8358,217.4560,244.2148,217.9353,234.6872,217.7526,243.0273,260.3873,218.5673,262.8716,234.4585,261.9425,226.6759,262.7611,241.6826,298.7959,221.4967,304.2817,237.2525,299.5792,226.1750,303.9841,240.6880,301.6192,215.2886,309.7979,234.9360,299.3005,217.2906,307.0473,231.3721,299.5781,217.6460,307.0167,227.3790,309.1287,240.9605,304.5962,,,239.0678,209.7785,238.8699,207.0264,,
73858,0,,,,,,,,,,,,,,,215.2200,206.5469,257.8086,210.2149,208.4605,224.2180,254.1558,226.1872,226.4687,226.4869,247.1242,227.8254,222.0816,265.7289,240.3422,264.7385,223.8509,303.0227,241.1583,298.8311,,,,,,,260.7317,208.8470,211.6350,204.4123,258.6584,210.0167,216.4099,206.5244,253.7628,225.2423,208.3074,222.7962,257.0264,226.6187,206.3065,224.1213,242.6756,217.4790,221.8840,216.2920,246.9597,217.8104,236.2517,217.5296,244.3209,260.2392,219.1498,262.9207,233.6906,261.5205,228.7194,262.6426,244.9737,298.8174,220.3216,303.5824,239.5651,299.4480,225.5571,303.3302,243.0444,301.9306,213.9862,309.0652,236.7241,299.6913,216.0160,306.4606,232.0576,299.7082,216.7728,306.6056,226.9320,308.7332,243.7101,304.8437,,,240.9264,209.0992,241.1923,207.1142,,
73859,0,,,,,,,,,,,,,,,215.1383,206.7365,255.7707,209.9042,209.1847,223.8795,254.0541,225.5430,225.9609,226.7872,245.7651,227.7926,221.9502,266.5329,240.0400,265.1339,224.8416,303.8351,236.0418,297.5326,,,,,,,259.9671,209.2419,210.6849,204.8280,256.7374,210.0147,216.5674,206.7367,253.5750,224.5439,208.6256,222.4407,257.5421,226.0675,207.2963,223.8376,241.2176,217.3338,220.5247,216.6773,247.5985,218.1132,236.7074,217.5031,244.5109,260.7582,218.4411,263.3783,233.7197,261.9370,229.2772,263.6847,240.0871,297.7318,221.1027,304.4276,234.1005,298.0906,226.5430,304.2252,237.9136,301.3306,214.0189,309.7090,232.0850,299.0949,216.0964,307.1066,227.5338,298.9864,217.6444,307.3425,227.1175,309.4962,238.9536,303.1499,,,241.3840,208.9751,242.6969,207.7295,,
73860,0,,,,,,,,,,,,,,,216.5601,206.8709,258.5173,210.7048,209.5633,223.5324,256.9234,226.9840,226.9690,226.2403,245.9569,227.4902,221.2933,266.0372,239.4601,264.6653,224.9358,304.0787,234.9413,297.2094,,,,,,,261.0463,209.4199,212.1064,205.0650,259.1373,210.5179,218.0677,206.9431,256.6546,226.0500,208.7148,222.0166,260.3420,227.1706,207.6694,223.4130,241.9577,217.1379,221.6200,216.1508,247.3543,217.4864,237.0267,217.0164,243.7133,260.3411,218.2799,263.1132,232.9508,261.3640,227.8400,263.2760,239.0798,297.2634,221.8570,304.6697,233.0062,297.7651,226.0437,304.2815,237.1438,300.6804,214.7032,309.8168,230.9471,298.3576,216.7047,306.9995,226.4767,298.4477,217.4761,306.9953,227.4523,309.5477,238.6152,303.2541,,,241.5896,209.0813,,,,
73861,0,,,,,,,,,,,,,,,218.6556,207.1334,257.1926,209.0522,210.2153,223.6294,256.1452,226.9330,226.9339,226.4747,245.5347,227.6255,221.0447,266.0166,238.3731,264.1904,225.0095,304.1078,235.9913,297.5691,,,,,,,261.9397,209.3545,214.1268,205.1003,258.7336,210.1723,219.5661,207.2338,256.8093,225.9681,209.7016,222.1678,260.0218,227.1796,208.2470,223.6636,241.9054,217.3977,221.8272,216.6275,247.4542,217.7230,237.3350,217.3340,242.7670,260.1776,217.7129,263.2116,231.7936,261.1420,227.7152,263.5328,239.8856,297.4309,221.8274,304.6495,234.2123,298.2186,226.0802,304.3032,237.3007,300.8239,214.6164,309.8207,230.9829,298.7320,216.4386,306.9410,226.3506,299.0045,216.8338,306.8818,227.8896,309.6151,239.7816,303.5155,,,241.6112,208.9092,243.4465,207.8977,,
73862,0,,,,,,,,,,,,,,,220.6019,207.2344,255.1701,210.1308,210.9713,223.5561,255.0707,226.2499,228.6083,225.5120,244.3201,226.0661,222.0123,266.5075,235.8667,262.8409,225.6020,304.2089,235.2395,297.3131,,,,,,,258.6737,208.9834,217.0820,205.3701,258.0645,210.2353,221.5318,207.4077,256.0360,225.4598,210.1983,222.1156,259.2020,226.6252,209.1089,223.7312,239.9957,216.7410,221.9853,216.0865,248.0873,217.4175,238.4596,217.1237,239.7080,259.1117,219.1757,263.6990,229.6548,260.5471,227.0708,263.9023,238.7067,297.0160,223.0142,305.0866,233.4112,297.9089,226.2594,304.1631,235.9938,300.5287,215.9876,310.3961,229.5921,298.5287,215.9952,307.0455,225.4542,299.0305,216.0277,306.7037,229.2868,309.6921,239.0913,302.7935,,,242.8324,209.3420,248.3103,208.2678,,
73863,0,,,,,,,,,,,,,,,221.6159,207.4150,255.4314,210.0842,212.7254,224.2600,255.9971,226.0298,229.0915,225.6162,244.7157,225.9827,223.4710,266.8785,235.6252,262.7591,225.2193,303.8770,236.3764,297.4644,,,,,,,258.4934,208.9238,217.8606,205.4867,258.0469,210.2530,222.9632,207.6175,257.5537,225.4904,211.6138,222.7041,260.2137,226.6064,211.2774,224.6173,239.1421,216.6541,221.2219,215.9685,248.4733,217.6754,238.7507,217.1700,239.6212,259.1232,220.6786,264.0532,229.9767,260.8109,227.7495,263.9348,239.9294,297.3355,223.0383,304.8022,234.5022,298.0577,225.8012,303.8768,237.5534,300.8103,215.9534,309.9226,230.3448,298.5298,215.7262,306.8408,225.8525,298.8934,215.5279,306.4946,228.4543,308.9844,240.8588,303.2975,,,242.6577,209.4005,,,,
73864,0,,,,,,,,,,,,,,,223.4631,207.5022,256.6555,210.2360,215.4252,223.5923,252.7472,224.2718,230.7414,224.9773,244.0246,224.8191,225.0962,266.2389,236.5788,262.2140,225.7070,303.7932,235.1600,297.0085,,,,,,,258.6642,209.0114,219.8533,205.8755,255.5198,209.9585,224.5611,207.6736,254.7527,223.9279,214.3052,222.0695,256.8634,224.7297,214.2705,224.0539,239.3575,216.0594,223.2969,215.2056,248.7392,216.5095,240.7030,215.8848,239.9444,258.3560,222.7208,263.4807,231.5091,260.5298,228.2150,263.1100,238.4130,296.8477,223.4969,304.6765,233.4084,297.8154,226.2163,303.7208,234.8266,300.2632,216.2467,310.2310,228.8228,298.4619,215.5288,307.1132,224.7139,299.1058,214.6569,306.9342,228.5232,308.6431,239.2780,302.5570,,,243.1574,209.4852,,,,
73865,0,,,,,,,,,,,,,,,226.3623,207.6366,257.0754,210.2109,216.7970,222.7944,248.8577,224.2671,231.5044,225.2599,244.0514,225.5946,225.9804,266.0241,236.7975,262.8103,226.2288,303.7651,235.4853,296.5839,,,,,,,255.8750,208.5273,222.4782,205.9279,256.4208,209.9532,227.3008,207.7794,248.0103,223.4113,215.9935,221.5188,250.3335,224.2425,215.9854,223.0813,240.7954,216.6949,225.3355,215.6926,248.7183,216.3645,241.8270,216.0353,239.9006,259.0154,223.8272,263.2032,232.3247,260.7244,228.8304,262.4578,239.1144,296.6113,224.0366,304.5921,233.7034,297.5661,226.6200,303.8518,235.4140,300.1941,215.8088,310.0283,229.0244,298.4411,214.9828,307.4772,224.8257,299.0173,213.8121,307.5959,229.6823,308.9896,240.1916,302.6386,,,244.9530,209.5277,,,,
73866,0,,,,,,,,,,,,,,,228.6504,207.7579,254.4876,210.1294,218.8732,222.9150,248.0633,223.7247,233.4229,225.0235,244.8315,225.2941,227.0535,266.0061,236.2935,262.4861,228.6271,303.3210,234.9986,296.5892,,,,,,,252.8131,208.3818,,,256.4633,209.8485,230.3725,208.0289,246.2823,222.6640,217.9370,221.6277,249.2312,223.6638,218.1456,223.1659,240.7924,216.4395,226.4557,215.5491,250.1500,215.9260,244.0430,215.4926,238.7997,258.5725,225.3868,263.1852,232.4546,260.4765,229.0230,262.1446,238.2865,296.4500,226.8976,304.1707,233.3057,297.4854,228.5435,303.2973,234.0303,300.0903,219.1486,310.2891,228.1110,298.3840,217.3931,307.4315,224.2333,299.0379,215.9262,307.5905,232.4323,308.2657,239.5160,302.2204,,,246.3902,209.5042,,,,
73867,0,,,,,,,,,,,,,,,231.3233,207.9980,258.0832,210.2414,220.4828,223.3349,248.3047,222.6984,234.4218,225.2894,244.5187,225.4733,229.2914,266.1681,236.8379,262.7280,232.4616,302.5668,235.1893,296.7392,,,,,,,255.5426,208.5826,225.6455,206.4835,260.0512,210.0854,235.1885,208.2600,246.8695,221.4371,219.5631,222.1343,248.9713,222.6750,219.9561,223.7764,242.6633,216.5628,229.5895,215.7204,251.3919,215.5161,245.9198,214.9355,238.9349,258.5135,227.9565,263.4440,233.3776,260.6702,230.9961,262.1733,238.2247,296.5924,230.6455,303.4051,233.7283,297.7120,232.3029,302.6619,233.6978,300.0470,222.7305,309.8821,228.3067,298.7295,220.7203,307.3482,224.9034,299.4622,218.8456,307.6055,236.2486,306.9930,239.2629,302.1232,,,248.5341,209.3825,,,,
73868,0,,,,,,,,,,,,,,,232.8214,207.7568,252.3766,208.2611,222.5406,223.4694,248.1498,222.3153,236.1284,225.1142,244.3451,225.7444,231.0371,267.0707,237.4344,263.0381,235.9849,302.6481,234.3645,296.9797,,,,,,,253.5443,208.2573,,,255.9928,208.6642,237.5110,207.4861,246.3787,221.2041,221.6771,222.1446,248.9419,222.1759,222.0628,223.7897,241.6118,216.6664,231.1931,215.7628,251.6257,214.9662,247.4729,214.4703,239.5523,258.8482,229.9973,264.4089,234.8643,261.1869,232.3240,263.0774,237.1427,296.8780,234.5237,303.5419,232.9565,297.9510,235.6421,302.7438,232.4300,299.9352,226.7038,310.2041,227.6605,298.7527,223.8874,307.5279,224.4479,299.5158,221.8872,307.7568,239.0877,306.6562,238.3551,302.3866,,,249.7031,209.1909,,,,
73869,0,,,,,,,,,,,,,,,234.7043,207.7058,254.0359,208.1889,224.1819,224.0931,249.3632,222.3894,238.3187,225.7622,247.0038,226.0099,232.1217,266.9474,238.2092,262.9646,241.6416,303.8545,234.4663,296.7411,,,,,,,255.2056,208.2253,229.4246,206.5455,257.1626,208.5707,238.9610,207.4447,247.1695,221.2253,223.2507,222.8474,249.9688,222.2737,223.6350,224.1632,244.4124,216.9175,233.3520,216.1108,254.5644,215.6624,249.9615,215.2552,240.8377,258.5477,230.8700,264.2299,235.3431,260.8696,233.5171,263.1399,237.4546,296.8030,240.4622,304.9500,233.0945,297.7524,241.1929,304.0114,233.3918,300.1162,234.4906,312.3012,227.7457,298.8156,230.8955,309.4499,223.9946,299.4970,228.6187,309.7902,245.1781,308.1429,238.3758,302.2522,,,252.4062,209.2619,,,,
73871,0,,,,,,,,,,,,,,,236.7805,207.8718,254.3752,208.1484,225.6378,224.5700,249.9335,222.7142,239.8891,226.1985,247.7076,226.4341,235.1519,267.0640,239.1372,262.6290,248.3685,303.6909,235.8524,297.0390,,,,,,,252.6219,207.9015,,,256.1680,208.4066,238.5099,208.0224,248.1556,221.7413,224.8612,223.6088,251.1266,222.3796,225.3690,224.6023,243.9619,217.0513,233.8356,216.3663,256.3365,216.2929,250.8866,216.1812,241.5820,258.5803,233.6845,264.4889,236.3560,260.7904,236.9710,263.7577,237.9385,296.6079,247.2142,304.7270,234.1549,297.8214,248.1817,303.8442,232.5302,299.3255,241.7525,311.7885,227.5694,297.7653,238.8325,309.2645,224.4870,298.4991,236.4017,309.2124,252.1996,307.7274,238.7160,302.2739,,,253.2051,209.7106,,,,
73872,0,,,,,,,,,,,,,,,238.2899,207.7116,254.8049,208.6453,226.9857,225.0514,250.1158,222.7827,241.1282,226.5606,248.4966,226.4165,237.5695,268.2905,239.6094,262.9262,252.0651,304.4061,235.4235,296.6283,,,,,,,253.2250,208.4516,236.3015,207.4319,257.6224,209.0062,239.0461,207.8815,248.6833,221.7087,226.3730,224.0765,251.0561,222.5895,226.4857,224.9007,245.0415,217.1326,233.6312,216.4722,257.1138,216.2816,251.5573,216.3255,242.1114,258.6711,236.1701,265.5569,237.2415,261.0234,239.2110,264.5537,237.6931,296.2943,250.5286,305.5078,233.6156,297.5698,251.8106,304.7092,232.2782,299.2777,245.6387,312.6333,228.0552,298.1493,242.8982,310.1376,224.9337,299.0170,240.3910,310.1218,256.0672,308.5760,238.1869,302.1633,,,254.0511,209.8067,,,,
73873,0,,,,,,,,,,,,,,,239.9440,207.8243,255.5785,208.6905,228.3613,226.4410,251.6768,223.6690,242.7054,227.6405,249.8067,227.6663,240.3878,269.1869,240.8102,263.6248,254.6242,305.0925,235.2349,296.7417,,,,,,,255.5978,208.6385,237.7545,207.5319,259.5494,209.2263,240.6752,207.9979,250.1999,222.5054,227.4493,225.2378,252.8438,223.5540,227.6894,226.4805,246.5796,218.3969,234.9916,217.8416,258.6250,217.8405,253.1377,217.7416,243.1655,259.4125,238.9262,266.4869,238.2544,261.9171,241.7947,265.5536,237.6097,296.4282,253.0912,306.0539,233.6106,297.6477,254.2954,305.3484,232.7235,299.4860,247.4186,312.8725,227.7815,298.2464,244.6789,310.2714,224.3661,298.9854,242.2456,310.1232,258.8325,309.3216,238.8302,302.3796,,,255.8916,210.2061,259.4856,209.4787,,
73874,0,,,,,,,,,,,,,,,240.4970,208.1804,260.2167,209.5711,229.2738,227.3186,252.8390,224.1059,244.0318,228.0399,251.3567,226.9966,243.2316,269.2036,242.1062,263.4121,255.9336,305.7343,235.2351,296.7097,,,,,,,258.1682,209.2389,237.9426,207.8373,261.9605,209.7328,241.6787,209.2578,251.7682,222.9891,228.2862,226.3258,254.1646,224.0892,228.5443,227.1827,248.0464,217.8527,235.4540,217.9034,261.0547,217.8011,254.3920,218.1497,244.5006,259.5294,241.2329,266.4031,239.3213,261.6396,245.1868,265.5603,237.8983,296.5021,254.2933,306.6413,233.6455,297.5002,255.8808,305.8781,232.8928,299.5715,248.0045,313.3141,227.7527,298.1050,245.2964,310.2078,223.9500,298.7071,243.0703,309.6539,260.1304,310.0567,238.5879,302.3552,,,257.4256,210.7124,260.3832,209.9265,,
73875,0,,,,,,,,,,,,,,,240.7613,209.4989,261.7001,209.7260,231.6880,228.3802,255.7083,224.9755,246.8606,228.9592,255.1640,228.1392,247.0558,269.9519,245.1257,263.8194,256.1339,305.7583,236.0157,296.4848,,,,,,,258.8086,209.4162,237.1483,207.9630,263.7425,210.0687,241.5926,209.5045,253.7163,223.4976,230.4967,227.4324,257.0049,224.9914,231.4695,228.3289,251.0312,218.1209,239.0144,218.4576,264.1049,218.0289,258.0053,218.7969,248.0115,259.8014,244.5967,266.9305,241.8207,261.7235,249.7659,266.1762,238.8723,296.4138,254.0029,306.7776,234.5172,297.2585,255.9943,305.9730,233.6260,299.5384,247.4573,313.4555,228.2443,297.9403,244.7599,310.3916,224.1193,298.4980,242.7878,309.8331,260.0656,310.0869,239.6715,302.1463,,,259.7794,211.0336,260.6865,210.1089,,
73876,0,,,,,,,,,,,,,,,242.0633,209.7338,263.6844,210.0033,232.6416,228.8940,259.5307,225.1583,249.3437,227.7240,257.8053,226.6460,249.6188,270.1642,246.1236,263.3855,256.8874,306.3964,235.9242,296.2417,,,,,,,262.3043,209.8750,238.5535,208.1959,265.4383,210.3143,243.9453,209.8016,257.4388,223.9850,231.2854,227.8350,260.9908,225.0839,232.5115,228.8229,253.8227,217.5060,241.1843,217.5389,265.7271,217.1276,259.9930,217.2026,249.2553,259.7055,247.5361,267.3325,242.5407,261.2380,251.7762,266.1472,238.7724,296.2113,255.3251,307.3542,234.3287,296.9748,257.0301,306.3822,233.4898,299.5524,247.9307,313.6691,227.9056,297.9125,245.0789,310.0542,223.8263,298.4730,243.1059,309.3796,261.0400,310.9473,239.9360,301.9044,,,262.1733,211.4083,,,,
73877,0,,,,,,,,,,,,,,,242.1391,210.1584,277.5971,213.0461,233.3116,228.9017,270.1666,227.4496,251.0394,228.8411,257.8913,227.1594,251.6037,270.6475,248.1313,263.4621,256.8691,306.3652,238.1793,296.4186,,,,,,,271.3338,210.9945,238.1936,208.4071,279.3821,211.9010,244.5908,210.4329,269.0535,226.3293,231.7691,227.8429,272.5755,227.1598,232.7979,228.9692,252.4314,218.0568,241.1280,218.7523,266.5484,217.6188,261.5021,217.9742,251.1896,259.5819,250.1649,267.8900,244.7017,261.5335,253.0248,266.3574,240.9634,296.3936,255.4145,307.7445,236.8390,297.1800,256.7236,306.3329,235.4875,299.6330,248.6230,314.1976,230.2972,298.2867,245.6114,310.4321,226.1340,298.9296,243.7114,309.7192,260.0905,310.8897,242.0865,302.0920,,,262.9856,211.6539,,,,
73878,0,,,,,,,,,,,,,,,242.7490,210.2485,278.1161,212.9312,234.0320,229.1111,271.4261,227.4105,252.4386,229.3691,260.8392,228.1213,253.6722,271.1584,249.6772,263.6307,258.1352,306.5360,241.8585,296.2920,,,,,,,272.1542,211.1689,238.4332,208.4911,277.9039,211.7781,245.3793,210.4932,270.1667,226.1051,232.5861,228.0705,273.7549,226.9316,233.4581,229.1459,254.5948,218.8930,242.3251,219.2946,268.4824,218.1774,262.8444,218.6224,252.8764,259.8258,252.0403,268.6427,246.2790,261.8145,255.1259,266.9114,244.7969,296.2492,256.2951,307.9652,240.2107,297.0473,258.1013,306.3787,238.5958,299.3560,248.9831,314.2107,233.2082,297.8646,246.0382,310.3774,229.0265,298.4416,244.2367,309.7553,261.4367,310.9779,245.3394,301.9904,,,264.4317,211.9429,,,,
73879,0,,,,,,,,,,,,,,,244.0503,210.2864,281.5765,212.0750,235.4894,229.2141,272.6209,227.9561,254.6189,229.6211,261.5758,228.2640,254.8389,270.1508,251.5744,263.5739,258.0090,306.1710,246.4138,296.9181,,,,,,,273.7069,211.1746,239.3229,208.4460,279.4552,211.9921,246.5633,210.4664,271.3067,226.6396,234.1230,228.0420,275.1699,227.6129,235.1589,229.3764,256.4638,219.0988,244.7050,219.3610,270.7506,219.1102,265.0850,219.6438,254.4977,259.8381,253.2147,267.7121,248.2246,261.9304,256.6317,266.2947,248.3486,296.4548,256.1863,307.5312,244.9052,297.6768,257.8536,306.0154,242.3216,299.2463,248.6660,313.8617,236.8270,297.7069,245.3505,310.0199,232.7310,298.2395,243.6190,309.4738,261.7800,310.9643,249.3721,302.3691,,,266.2138,211.8343,267.1266,210.9794,,
73880,0,,,,,,,,,,,,,,,245.9176,210.1937,283.9102,212.0491,236.7185,229.1952,274.7320,227.2142,256.2178,229.5606,264.4552,227.7017,256.3025,270.3987,253.8844,263.5104,257.9352,306.6115,251.2784,298.3916,,,,,,,274.9685,211.1350,241.2265,208.4552,282.5913,212.0358,249.3172,210.4702,273.9517,226.2633,235.0057,228.1790,277.8101,227.2190,236.2772,229.4866,258.3282,218.6061,245.8214,219.3230,272.6190,219.0973,267.2608,219.7141,257.0352,259.8605,254.8350,268.0868,249.5000,262.0119,258.2071,266.6917,253.5263,297.8176,256.8012,307.9540,249.6842,299.0368,257.5703,306.4333,249.2808,300.9586,249.1925,314.0431,243.1648,299.2045,245.4092,310.0706,238.9556,299.6344,243.5206,309.3984,262.2954,311.4944,255.1684,303.5956,,,267.9566,210.7865,269.4266,210.9852,,
73881,0,,,,,,,,,,,,,,,247.9040,210.0162,284.1926,211.5976,238.3741,228.5908,275.8757,226.9179,258.9051,229.5554,265.5577,228.0962,257.0709,270.5910,257.0575,264.7003,257.7605,306.1981,256.9996,299.0699,,,,,,,275.8032,210.7846,242.9100,208.2433,282.1839,211.6004,250.5665,210.1895,275.1078,226.0357,236.8612,227.4094,278.6418,226.7937,238.0878,228.8446,260.3994,218.8008,249.7715,219.5751,273.9007,219.0654,269.1465,219.7021,259.6443,261.0576,255.7703,268.1975,252.8317,263.1387,258.7590,266.7899,259.1559,298.7231,256.7840,307.4127,255.1092,299.9690,257.3185,306.0489,253.8481,301.7938,249.0348,313.5797,249.0573,300.8321,245.7892,310.1231,245.1056,301.7877,243.8368,309.7230,261.5312,310.4868,260.5507,304.4433,,,269.8585,211.4735,271.1357,210.7233,,
73882,0,,,,,,,,,,,,,,,248.9815,209.8543,285.6275,211.4363,239.1861,228.2011,276.3092,227.3691,260.3645,228.4658,266.7425,227.3472,257.5117,270.2475,258.3000,264.5416,258.3454,305.6984,259.9815,298.3637,,,,,,,275.3778,210.4027,243.6679,207.9739,284.0690,211.4624,252.2902,210.0998,274.8025,226.1142,237.4846,227.0840,278.0956,227.0451,238.8118,228.3531,261.1837,218.3316,251.4074,218.4150,274.8752,218.3494,270.9971,219.1196,260.7559,261.0347,256.1620,267.9504,254.5240,263.0002,259.0442,266.3356,262.2301,298.0334,257.2825,306.8864,258.2864,299.4485,258.2240,305.4443,256.6574,301.3324,249.3355,312.8645,250.9497,300.3975,246.5063,309.3383,246.8509,301.3091,244.2484,308.7091,262.3111,310.0196,264.0898,303.8557,,,271.5844,211.3902,,,,
73883,0,,,,,,,,,,,,,,,251.6368,209.5949,287.1082,211.1348,241.4405,228.8911,277.5546,227.7268,261.4372,229.3500,268.0188,227.7955,258.3791,270.0208,262.1113,265.2237,258.3411,305.6444,266.4565,299.0838,,,,,,,277.8442,210.1583,246.5301,207.8690,286.3022,211.0971,253.8987,209.7408,276.1400,226.6966,239.6741,227.9678,278.8691,227.1498,240.9776,229.1988,263.0165,219.1724,252.6778,219.6562,275.9664,219.1309,272.0217,219.5799,264.4401,261.7240,256.9861,267.9751,258.5314,263.8816,259.7535,266.2545,268.8065,298.5432,256.6087,306.7223,264.6553,299.9110,258.4635,305.5128,263.5534,302.0116,249.0979,312.9919,257.5484,300.8766,246.6264,309.5052,253.5383,301.5339,244.0985,308.9073,262.7725,309.9126,270.2208,303.3276,,,272.2751,211.9909,273.0074,210.0447,,
73884,0,,,,,,,,,,,,,,,254.1497,209.7976,290.8346,211.4228,243.6204,228.8855,281.8631,228.3127,262.8319,229.4554,270.2184,228.2926,259.6222,269.6686,266.9223,266.2924,258.8156,305.2703,271.0652,298.5830,,,,,,,281.2379,210.3539,248.4470,207.8934,289.9843,211.2117,256.7648,209.9211,280.6245,227.2855,241.9476,227.8124,283.1109,227.5655,242.9423,229.1728,265.7216,219.5438,254.8047,219.6980,278.2896,219.1450,273.7489,219.5499,268.9424,262.5940,258.0563,267.7154,263.3569,264.8655,260.9610,266.0221,274.0300,297.9705,257.0381,306.3490,269.2958,299.5288,259.1600,305.0836,270.4811,302.6724,250.3144,312.6529,263.8364,301.6933,247.4415,309.0979,259.5212,302.7515,245.8926,308.6076,263.5161,309.7664,274.8253,302.6371,,,274.4758,211.0027,276.0118,210.2241,,
73885,0,,,,,,,,,,,,,,,256.8003,209.7335,293.1146,211.4011,245.8559,229.1128,284.8591,229.1629,264.5065,230.1097,271.5496,229.1086,260.4229,269.4834,271.3847,267.1512,260.2468,304.4434,280.6010,299.3300,,,,,,,284.8118,210.5430,250.4872,207.8580,292.1451,211.1765,260.0277,209.9029,283.1543,227.9333,244.0212,227.9235,285.9055,227.9555,245.0563,229.4017,266.8563,220.0567,255.8159,220.2554,280.7007,219.4642,275.6235,219.7698,273.4083,263.2763,258.6268,267.4034,268.4872,265.7324,262.4638,266.0888,283.0141,298.5582,258.2151,305.9034,278.8313,300.3030,260.2027,304.5437,279.6788,304.3411,251.5026,312.6644,273.3697,304.0116,248.2963,309.0464,268.7575,305.0603,246.6576,308.5829,264.8116,309.4069,285.0901,303.3202,,,275.9358,211.1201,277.0350,210.0822,,
73886,0,,,,,,,,,,,,,,,257.6991,209.6042,286.0353,212.5179,248.2880,228.8610,286.0359,228.9545,266.7002,229.6588,274.3681,229.4562,261.9499,270.3824,276.4602,268.2634,259.1344,304.8493,289.7567,300.0618,,,,,,,284.9879,210.6948,252.5039,208.1019,294.0578,211.7940,261.1183,209.9096,284.2948,228.5366,246.4241,227.8902,287.2440,228.3542,247.6529,228.9344,269.3339,220.8095,258.4582,219.9998,282.4642,219.5649,278.0512,219.7098,277.5470,265.2020,260.1360,268.2102,271.7480,266.8000,263.8640,266.8807,291.1595,299.2194,258.0053,306.3356,288.8809,301.3487,259.7240,304.9240,288.6487,305.8897,250.7404,312.8219,284.5591,306.3848,247.8889,309.4069,282.0642,308.4420,245.8962,308.9768,263.5865,309.5719,294.6310,303.6224,,,277.7065,210.3256,279.9779,210.5105,,
73887,0,,,,,,,,,,,,,,,261.6394,209.1280,287.1583,211.0334,252.3000,229.1358,283.3937,228.0143,269.2547,229.4485,279.1059,228.9172,264.1786,268.6359,283.4314,268.4726,259.1267,305.0495,297.7374,300.6497,,,,,,,285.3310,210.8016,257.8998,208.6520,289.8029,211.3570,263.8248,209.3872,280.3874,227.1285,250.2875,228.0874,285.2884,227.8377,252.2236,229.3276,274.3097,219.9958,260.0457,219.1334,287.7364,219.4982,280.6086,219.2034,284.8137,265.2080,261.7512,266.4104,277.5496,266.3714,267.2640,265.7320,300.0368,299.9997,257.9940,306.3704,296.4525,301.8015,259.4174,304.7999,297.1273,307.0206,248.9401,312.5880,291.1414,306.9850,246.7446,308.5577,287.7583,308.6459,245.6263,308.2985,263.9470,309.9573,303.4810,304.1333,,,281.7301,210.7981,,,,
73888,0,,,,,,,,,,,,,,,264.2553,209.7054,287.6544,211.5303,255.6771,229.8936,282.3558,228.1923,273.4658,231.0124,283.3245,231.0107,266.6904,269.1907,287.4805,269.3210,259.5509,304.9791,302.4438,300.4427,,,,,,,287.3142,211.2994,261.1143,209.4169,290.0356,211.6467,267.3814,209.9990,279.2869,227.2118,254.0058,228.8613,284.4492,228.2499,255.5198,229.9761,278.4280,221.9417,264.8532,220.6771,289.6904,220.2672,283.0511,219.9586,288.9056,266.1789,264.1880,267.0555,282.1248,267.4802,270.1292,266.5040,304.8065,299.7406,258.1881,305.8704,300.8955,301.6429,259.6785,304.7416,299.7162,306.2456,249.1723,311.8367,293.7211,306.6143,246.7940,308.1849,289.6951,308.1065,244.7313,307.8449,264.2966,309.8910,307.8449,304.2383,,,283.5681,211.3769,,,,
73889,0,,,,,,,,,,,,,,,267.2599,210.1146,286.9135,212.3111,258.2148,230.4308,282.0717,227.6197,276.4575,231.3018,286.1423,231.4613,267.4825,268.8169,291.1744,269.1242,259.9180,304.5138,303.2799,301.1035,,,,,,,289.1290,211.6029,263.9937,209.8175,290.5793,211.7696,270.7262,210.4427,280.0590,226.8741,256.1177,229.5985,283.1770,227.4406,257.6421,230.6011,281.4257,221.7617,267.1863,220.2394,292.6505,219.4052,285.3779,219.2394,292.6863,264.8156,264.8012,266.4394,284.5434,266.4010,272.2278,265.8183,306.6104,300.7580,257.5485,305.4419,301.4369,302.1773,260.0217,304.5166,301.2156,306.7966,248.3873,311.9484,293.9067,306.8216,247.3010,308.6032,289.5443,308.1697,246.8966,308.4733,263.9400,309.2460,309.2839,304.8252,,,286.1178,211.7346,,,,
73890,0,,,,,,,,,,,,,,,269.0913,210.8580,289.5064,212.3036,260.7498,231.0658,283.4686,228.4734,278.4270,231.3395,288.6201,231.7661,269.0509,269.0816,294.3651,269.4462,259.9941,305.1080,305.1595,302.3390,,,,,,,290.9276,212.2995,265.8387,210.5498,292.7397,212.6023,272.4721,211.1702,281.6893,227.7294,258.9197,230.0871,285.0129,228.4528,260.5350,231.1298,284.0863,222.5624,269.3411,220.7947,295.1938,220.1076,288.0249,220.0786,295.7101,265.1073,266.7862,266.5256,288.0057,266.8269,273.5146,266.0735,308.2469,301.9971,257.8216,306.1162,303.4079,303.4793,260.2071,305.1357,302.5352,307.7887,248.1532,312.3502,295.5072,307.6225,246.8918,308.8858,290.6911,308.5163,246.0032,308.4299,263.7276,310.4132,310.1831,306.6181,,,288.4471,212.5028,,,,
73891,0,,,,,,,,,,,,,,,272.5495,211.8256,289.8612,213.7562,265.0224,230.6182,284.8666,227.3130,280.2509,231.3303,290.9132,231.8837,271.1601,269.4106,297.3623,269.8396,260.1195,304.7133,304.6539,302.9720,,,,,,,295.5240,213.3120,270.1033,211.5465,293.9698,213.2244,275.5310,212.0720,283.7021,226.7990,263.2755,229.5113,286.2733,227.2677,264.8674,230.3350,286.9754,222.6154,272.2636,220.7863,298.5099,220.4966,290.7622,220.0261,299.6133,265.3798,269.0619,266.6139,290.4520,266.7992,276.8391,266.6528,307.9994,302.8221,257.3293,305.9003,302.9076,304.1605,261.0616,304.9872,302.6194,308.1693,248.1645,311.4291,295.3552,307.5907,247.5354,308.1114,290.5152,308.2918,246.4871,307.4556,262.9015,310.0228,309.6925,307.2649,,,292.0476,213.4177,,,,
73892,0,,,,,,,,,,,,,,,275.7694,212.6228,290.0090,213.3641,268.9211,231.5109,285.5821,226.7858,283.1983,231.4864,292.2853,232.2228,273.5000,268.9518,300.9607,270.2827,260.4002,303.3949,305.4404,303.9595,,,,,,,291.0539,213.4421,272.2173,212.2995,293.1597,213.6867,278.4187,212.9294,283.9395,226.3814,267.2172,230.5704,286.5643,226.7304,268.7416,231.0060,290.3662,223.1510,276.1184,221.5573,300.5813,220.5036,294.2162,220.4478,302.8591,265.2828,271.8773,266.6503,294.7837,267.2357,278.9259,266.2555,308.3514,303.7682,258.0173,304.9574,303.4715,305.1770,260.9937,303.6236,302.4462,309.3407,249.4137,310.3386,295.8592,308.3766,248.3323,307.0289,290.5898,308.9650,246.6496,306.3149,263.2807,309.0620,310.7353,308.7048,,,295.4745,214.2624,,,,
73893,0,,,,,,,,,,,,,,,278.4638,212.8323,291.4875,213.5015,272.0239,231.0507,288.5633,226.3384,285.4907,230.4583,294.9920,230.8197,274.4110,268.0487,301.4106,270.8503,262.3938,302.4524,305.2701,303.9377,,,,,,,291.2151,213.4343,275.0134,212.5273,295.7882,213.9127,281.0747,213.1334,287.0043,225.8868,270.1130,230.2731,289.7717,226.2988,271.7821,230.4131,293.5365,221.9048,278.2080,220.3685,302.8121,219.2726,295.8931,218.9575,303.6472,265.4261,272.6348,265.7819,294.2513,266.9976,280.5153,265.6487,308.4932,304.0197,259.7364,303.9830,302.9773,305.3234,262.8627,302.5155,303.5939,309.5310,251.1377,309.2337,296.2224,308.5303,249.6734,305.6694,290.6389,309.2192,248.1162,305.3892,265.3338,308.3037,310.2329,309.1485,,,297.3004,214.4383,,,,
73894,0,,,,,,,,,,,,,,,280.3505,213.4367,294.8368,214.1586,273.9729,230.2085,290.7248,226.4191,287.0625,229.4126,298.2116,229.9515,275.8552,266.8828,302.1433,268.1973,263.9664,301.4656,305.0718,303.5399,,,,,,,,,,,300.9702,214.6369,,,288.9170,225.9092,272.4412,229.5445,291.9220,226.4566,273.2646,229.3486,296.6515,221.4781,280.2975,219.4586,305.4024,218.8288,296.9505,216.9566,304.2604,263.8695,273.6991,264.6164,295.3668,265.5065,281.8234,264.6286,308.4860,303.8085,261.7454,302.9675,302.7787,304.7722,264.0216,301.5702,303.2900,309.1343,253.2328,307.9801,295.9081,308.2150,251.4684,304.3613,290.7932,308.7663,250.0891,304.0297,267.2655,307.6086,310.5435,309.2166,,,300.0228,215.0743,,,,
73895,0,,,,,,,,,,,,,,,281.5403,213.0346,300.1631,214.1372,276.9778,229.6712,293.0524,226.2353,288.9806,229.6152,300.2094,230.5393,278.0551,266.8362,302.9820,270.3894,268.1013,301.8841,304.5076,304.4050,,,,,,,297.2626,213.7610,278.5391,212.6150,305.6217,214.6195,283.5699,213.1447,291.0627,225.6604,275.3469,228.8318,293.9532,226.3169,276.1316,228.9440,298.4110,221.7196,282.4441,219.6131,305.6691,219.0357,298.5594,218.2442,305.1259,265.0925,276.2689,264.7250,296.3070,266.4351,283.2124,264.6938,307.7853,304.7188,266.1577,303.2899,302.3752,305.5431,267.7593,301.8247,302.7288,309.7348,258.0921,308.5197,295.9295,308.5345,256.4244,305.0063,291.3315,308.9721,254.9000,304.9173,271.6519,307.7127,310.7783,310.0163,,,300.9472,214.6025,,,,
73896,0,,,,,,,,,,,,,,,282.8869,212.2653,300.9874,213.2708,278.8660,228.8113,294.9682,225.5041,290.4808,229.5050,301.5690,230.6584,281.0689,267.1046,304.1889,268.4066,273.6115,302.9007,304.9544,303.3481,,,,,,,298.0089,212.9045,280.3819,211.8748,306.6687,213.8929,284.4119,212.3346,292.6958,224.8920,277.3858,228.0292,295.8841,225.6283,277.7811,228.0362,299.0294,221.3990,283.1955,219.5273,307.1914,219.0000,300.1165,217.8642,306.1380,264.0832,279.0074,265.0365,298.4072,265.8340,286.3384,264.6240,308.7133,303.2916,271.4634,304.1722,302.2445,304.1895,274.0816,302.7439,303.5283,307.6327,263.6669,309.5694,297.3920,306.3870,262.7825,305.8729,292.8573,307.0114,262.1806,305.6288,277.3331,308.9564,309.6678,308.9462,,,302.5800,213.8815,,,,
73897,0,,,,,,,,,,,,,,,285.0934,212.8632,302.2451,213.2802,280.2689,228.5110,295.8863,225.7419,291.0703,228.6329,301.5184,229.7284,283.0108,266.6304,303.6538,266.6815,279.4362,302.4806,304.7910,302.9751,,,,,,,299.8875,212.9031,,,306.5334,213.6413,,,293.6542,224.9493,278.7729,227.7682,296.6627,225.9594,279.1733,227.8050,299.8299,220.3397,284.2403,218.9695,307.1662,218.9848,300.1880,216.7979,305.5548,262.9770,280.6374,264.4237,297.2262,264.4375,287.7364,264.1107,308.5781,302.9764,277.4353,303.7340,302.2741,303.5290,279.7831,302.2343,303.8301,307.5543,269.6396,309.7473,298.5779,306.4684,268.3680,306.0059,294.7241,307.2186,268.3331,305.8181,282.8839,308.3076,308.7679,308.7051,,,302.2933,213.6212,,,,
73898,0,,,,,,,,,,,,,,,286.1761,211.9657,303.2875,213.1272,281.2695,228.2257,297.6798,225.8225,291.8980,227.9701,302.9461,228.5781,284.3774,267.3634,304.2015,266.8865,284.2031,303.1026,304.1394,302.8337,,,,,,,300.6359,212.7493,,,307.3770,213.4978,,,295.5104,225.0419,279.6902,227.4758,298.3703,226.0392,280.1863,227.8327,301.4923,220.1446,284.9037,218.6717,309.6773,218.5362,301.9888,217.5144,306.7243,263.1373,281.6303,265.4361,297.4518,264.5494,289.8367,264.5322,307.7739,302.7655,282.0426,304.2482,301.8488,303.4076,284.9496,303.1046,303.3381,307.3910,275.4883,310.4939,298.1208,306.1203,273.6777,306.7734,294.1257,306.6947,272.8183,306.3076,287.5996,308.4318,307.6579,308.1110,,,304.6672,213.5201,,,,
73899,0,,,,,,,,,,,,,,,287.1880,211.6072,306.6085,212.9617,281.3645,228.0112,299.6532,226.4397,292.3815,227.7354,303.7597,228.7228,288.5938,268.3226,302.6763,266.7225,290.4452,303.2153,302.4865,302.1680,,,,,,,306.5247,212.8062,,,309.7918,213.2449,,,297.5340,225.7438,280.0742,227.2271,300.5030,226.4497,280.5371,227.6328,302.3887,219.9842,286.1832,218.6358,309.0066,218.7336,301.7823,216.5536,305.3676,263.1576,285.8771,266.5276,297.0344,264.5003,293.0558,265.2451,306.0880,302.1413,288.5015,304.3446,300.2873,302.6917,290.8651,303.1195,301.6382,306.6867,281.9484,310.4696,295.9172,305.2197,280.1586,307.2585,291.3018,305.5292,278.1222,306.7769,293.8099,307.9406,305.3554,307.0012,,,304.3962,213.0474,,,,
73900,0,,,,,,,,,,,,,,,286.3157,212.0349,308.0392,212.8780,280.6436,228.3657,300.4214,227.2677,293.2501,228.3162,304.4525,229.4897,291.2575,268.7428,302.3956,267.5865,294.6456,303.7810,303.5803,302.2172,,,,,,,309.6982,212.9454,,,311.4421,213.1476,,,298.5639,226.4963,279.0283,227.5295,301.7555,227.2419,279.6973,228.0558,302.7787,220.8550,286.7668,219.2022,309.5907,219.1069,302.5113,218.1157,305.2971,263.7897,288.0944,266.7952,296.9217,264.8039,295.6851,265.5975,306.7807,301.9105,292.6684,305.0196,301.4994,302.8642,295.2381,303.8013,302.3602,306.3142,286.4203,311.1958,296.6316,304.6642,284.8925,307.2633,292.1477,305.2267,282.9307,306.6797,298.6394,308.8236,306.2438,306.7947,,,304.9245,213.7505,,,,
73901,0,,,,,,,,,,,,,,,286.6923,211.5305,312.1720,214.0868,280.4787,228.4576,305.0070,228.0227,293.6044,229.8399,304.4817,231.1482,293.4783,269.8578,303.0980,267.8927,300.7007,306.0037,303.3113,302.3953,,,,,,,312.7202,212.7297,,,315.7160,213.0992,289.6204,211.0627,303.2279,227.1760,278.6236,227.3828,307.2279,227.8767,279.3748,228.1204,300.3773,221.8541,284.9527,220.1793,310.3650,220.0943,303.4342,219.2944,306.1919,263.8599,290.1217,267.9438,297.2102,265.3305,297.4438,266.4925,306.3943,302.1253,298.7698,307.6800,301.1581,303.1019,301.7579,306.5523,301.2277,305.9192,293.1570,313.7319,294.9593,304.4022,290.9313,309.3411,290.5839,304.9479,288.5475,308.8536,305.5846,311.9687,306.5047,307.2058,,,305.3594,213.5377,,,,
73902,0,,,,,,,,,,,,,,,286.0925,211.3003,311.3422,213.6890,279.5513,228.8181,304.5410,228.2173,293.4971,229.4887,304.4763,230.7795,294.2296,270.5436,303.0339,268.9971,301.8148,307.0888,302.8065,303.0295,,,,,,,312.4957,212.4752,281.5506,210.0657,314.7618,212.7921,288.3202,211.4284,302.6924,227.2761,277.6791,227.6212,306.5971,227.9722,278.7376,228.5773,299.9544,221.9839,285.0903,220.2630,310.0251,219.9397,303.2304,219.1700,305.5442,264.4886,291.0264,268.5937,297.2641,266.0511,297.6134,267.0936,305.7473,302.6214,299.9971,308.8283,300.7939,303.7117,302.5959,307.5330,300.4055,306.4083,294.2578,314.7385,294.6892,304.8321,292.1271,310.3621,290.4177,305.4212,289.5089,310.0020,306.0886,312.7325,305.7544,307.6169,,,305.9010,213.4642,,,,
73903,0,,,,,,,,,,,,,,,284.7576,211.1026,309.0565,213.3147,279.2348,229.1307,302.8117,228.1811,292.2576,228.8319,303.1407,230.2417,293.2418,270.3323,302.4174,269.3938,300.1373,306.1191,303.0888,302.8586,,,,,,,309.3355,212.0316,280.3705,209.7451,311.0736,212.3217,286.8824,211.1440,300.8371,227.2882,276.9944,227.9939,304.6762,227.9366,278.3503,228.7504,299.1503,221.3845,283.3441,219.5434,308.8240,219.1084,301.8686,218.1571,304.7156,265.1172,290.1154,268.3743,296.5044,266.5289,296.8427,267.0973,306.4521,302.6650,298.2362,307.7476,300.7440,303.5666,301.0101,306.4523,301.4703,306.7456,291.1715,314.0377,295.0823,305.1741,289.5457,309.5712,290.5537,305.8493,287.2220,309.3930,305.3113,311.5561,306.1861,307.4398,,,304.2305,212.9132,,,,
73904,0,,,,,,,,,,,,,,,283.8563,211.2638,314.0079,214.1247,278.1090,230.0160,305.1159,227.4204,291.7295,229.0557,303.1257,230.0454,291.6264,269.6515,302.4581,268.7528,298.5165,304.7788,304.3782,301.7304,,,,,,,311.2990,212.1716,280.0648,209.6112,316.9254,213.5760,286.3574,211.3156,303.4205,226.8921,276.5846,228.8743,306.9180,227.2800,277.5857,229.7713,298.5161,220.8724,282.3756,219.4434,309.7802,218.8614,302.3915,217.8818,305.3826,264.8833,288.7539,267.5998,297.2745,266.3313,294.6614,266.3037,307.3620,301.1987,297.1135,306.1970,302.1641,302.5429,299.2518,305.0693,303.9194,306.6805,289.6989,312.7335,297.3771,305.3102,288.2986,308.2976,293.4051,306.1246,286.5271,308.0813,303.5768,310.1085,307.6127,306.3130,,,304.3403,212.8112,,,,
73905,0,,,,,,,,,,,,,,,284.0138,210.9098,315.2287,213.9918,277.3539,231.4568,306.1773,227.9472,291.7942,229.7852,302.5456,229.9348,291.1521,270.9409,300.7770,268.9798,297.5298,304.4211,304.4269,300.9647,,,,,,,311.2767,212.0473,279.0386,209.3270,317.3380,213.4404,286.2534,210.9795,304.6127,227.2922,275.3364,230.2674,307.8110,228.0199,277.0149,231.1815,298.0662,220.9973,282.6233,220.0485,310.1480,219.4215,303.3860,219.1493,304.4203,265.4870,288.3294,269.0826,296.2171,267.1163,294.5736,267.7458,307.3809,300.3131,296.1774,305.7055,302.0726,301.6532,298.0770,304.4577,303.5580,305.6669,288.8415,311.9017,297.0754,304.8644,287.1848,308.0599,292.6427,305.8371,285.4930,307.9580,303.2732,309.1948,307.7466,304.6969,,,304.1425,211.6257,,,,
73906,0,,,,,,,,,,,,,,,284.1723,211.1057,318.7300,214.1108,276.2118,231.7641,311.6525,229.1210,292.1619,229.2013,305.6403,229.4153,289.5502,269.9971,305.8762,269.4625,296.9663,304.4011,304.5256,300.7044,,,,,,,314.7289,212.1354,279.1592,209.1655,319.5795,213.8613,286.6879,211.1125,310.5357,228.1861,274.1131,230.6273,313.3657,229.1432,275.6853,231.3742,299.6975,220.8109,282.4705,219.5748,312.5242,219.0154,304.5425,218.8558,309.7511,266.2113,285.9014,267.7732,300.2762,267.1917,293.9404,266.8495,307.6683,300.0742,294.9874,305.5371,302.1477,301.4371,297.8722,304.6065,303.8308,305.6243,287.2096,311.5056,297.0218,304.6634,285.8393,307.8710,292.5752,305.5026,284.4290,307.7538,302.5099,309.0767,308.0085,304.5423,,,305.6980,211.5251,,,,
73907,0,,,,,,,,,,,,,,,282.5387,210.9786,307.7140,213.0998,276.1765,232.1188,303.8886,226.5166,293.0305,229.4525,303.6281,229.0609,291.5179,270.6216,296.2881,266.6839,295.9388,304.9176,304.7779,299.3916,,,,,,,306.7573,211.6037,277.8829,209.2397,315.6537,212.7658,285.3127,211.0146,302.0086,225.8571,274.1979,231.1525,305.1010,226.7009,275.6785,231.7840,297.4758,220.3324,282.9528,219.7215,310.1586,219.2181,304.4077,219.4260,298.9767,264.1152,288.8547,268.5422,292.1785,265.2482,294.0129,267.2132,307.9492,298.3510,294.2319,306.1089,302.8685,300.1876,297.1535,305.0585,304.8142,304.6691,286.9043,312.5004,297.2297,303.9304,284.8918,308.5793,292.5439,305.0468,283.8262,308.1770,301.7455,309.7670,310.6280,303.4512,,,304.3371,211.6093,,,,
73908,0,,,,,,,,,,,,,,,282.8257,210.8224,307.8377,212.8699,274.1494,231.2256,303.7175,226.5279,292.1798,229.2905,302.2396,228.6381,292.1548,269.8011,294.9910,265.1475,296.1208,304.8548,303.0355,298.2046,,,,,,,307.1900,211.4340,278.2900,209.0705,313.1309,212.0457,284.9860,210.7878,301.5571,225.8959,272.0409,230.1877,305.2682,226.6806,274.1239,231.0806,297.3357,220.3122,282.5550,219.5090,309.4693,219.3043,303.0494,219.2618,298.5975,262.7045,289.5133,267.4906,290.3441,263.7944,294.6602,266.3432,306.4794,297.5245,294.0919,305.9709,301.2377,299.0549,297.0497,304.9198,302.0937,302.8981,286.5744,311.8008,294.9615,301.9406,284.4344,307.9817,289.9525,302.8218,282.7307,307.4946,301.6956,309.9333,307.0932,302.4152,,,303.8780,211.4658,305.9042,211.6445,,
73909,0,,,,,,,,,,,,,,,281.9681,210.8936,307.9175,213.0230,273.8184,231.0768,302.8856,225.5920,292.0335,229.6047,302.2208,228.7326,291.8885,269.9404,293.1877,263.9853,294.9263,304.9156,298.5841,297.3427,,,,,,,306.7844,211.5445,277.7144,209.1428,312.5711,212.1343,284.2641,210.9473,300.7807,225.0973,272.2925,230.1798,304.5737,225.9232,273.8612,230.7473,296.9238,220.0103,282.9359,219.4206,309.1812,219.4629,302.7977,219.5232,296.9502,261.3599,289.3891,267.4888,288.1469,262.4996,294.8205,266.3804,301.9914,296.8961,293.2800,306.1977,297.0931,298.1620,295.3670,304.9461,298.3726,301.3368,284.8834,311.8669,290.0317,300.3116,283.1861,308.4241,285.3494,301.1408,280.8036,307.8057,300.4718,310.2835,302.7880,301.8205,,,303.8037,211.5079,,,,
73910,0,,,,,,,,,,,,,,,281.5412,210.6523,308.9057,213.3320,273.4013,230.2289,307.1955,226.0932,292.2572,228.6910,303.8424,228.3447,292.1466,268.9641,291.3819,262.9711,296.1198,304.6364,295.4545,296.6118,,,,,,,305.9251,211.5405,276.9705,209.2458,310.6900,212.0408,283.4379,210.7666,306.4069,225.7569,271.8303,229.2694,308.8643,226.2405,273.2007,229.8672,296.6329,219.4483,282.1974,218.8973,309.3198,218.6041,302.4659,218.4937,294.8658,260.1567,289.9542,266.7037,286.9790,261.8048,294.9475,265.6869,298.6776,296.1896,294.4203,305.9473,293.7122,297.2476,296.4413,304.7221,295.0877,300.4765,286.0521,311.3685,287.0694,299.0115,284.5379,308.2020,282.3136,299.6704,282.1884,307.7456,300.9910,309.8396,301.3429,302.0753,,,302.6451,211.5035,,,,
73911,0,,,,,,,,,,,,,,,279.5738,210.6304,303.4254,211.4803,270.3011,229.8379,302.2999,225.6984,291.2825,229.0819,302.7187,228.5471,291.4303,268.9864,290.0714,263.4065,295.1119,304.0319,288.6024,296.1668,,,,,,,302.8208,211.3718,275.0851,209.1851,301.3447,211.4476,282.3952,210.7810,299.8071,225.0367,268.5933,228.5339,303.3408,225.8238,269.6283,229.6069,296.0366,219.4138,281.0996,219.0976,308.0213,218.5903,300.4199,218.6053,293.7564,260.2598,289.0305,266.5673,286.0998,261.9841,294.8649,266.0007,291.9657,295.9566,293.4194,305.2127,287.1809,297.0315,295.0152,304.0593,288.3026,299.3239,285.0642,310.9739,282.1043,298.1968,282.6716,307.2856,277.5139,298.7526,280.9491,306.9499,299.8799,309.1496,293.4854,300.9714,,,301.4002,211.5884,,,,
73912,0,,,,,,,,,,,,,,,278.3094,210.0464,301.3082,211.8268,269.6271,229.2807,301.4097,226.1160,291.3331,228.6812,299.5702,227.7856,290.7865,269.8655,290.6166,264.3208,295.7642,304.3143,286.0844,296.4588,,,,,,,298.8780,211.5621,274.5613,209.6743,300.2623,211.6821,280.5022,210.2883,298.7575,225.2808,268.3740,228.0812,302.1797,226.0863,268.9746,229.1949,293.6600,218.9403,281.1754,219.0684,306.0227,217.7533,299.9454,217.7327,294.1269,260.7548,288.4557,267.2892,286.1808,262.5697,293.9903,266.9708,289.2482,296.0902,294.1026,305.3032,284.2236,297.0072,295.6984,304.2784,285.1849,298.7899,285.3691,311.0789,278.8055,296.6286,282.7195,307.5081,274.6334,296.9555,281.1955,307.1598,301.1744,308.9159,289.9093,301.6531,,,299.3780,211.9375,,,,
73913,0,,,,,,,,,,,,,,,275.9912,210.8384,304.7058,212.2862,267.6330,228.4134,305.1235,225.8651,289.1905,228.4064,299.5048,228.0054,290.3944,269.0171,290.3858,263.7012,295.6277,304.9709,283.8042,295.2412,,,,,,,303.6383,212.0436,271.2783,209.4709,306.2005,212.4660,278.7455,210.2009,304.1329,225.0809,266.2525,227.1942,307.7286,225.9743,266.9864,228.2723,293.3572,218.3105,278.5532,217.9872,306.5931,217.5397,298.6468,216.7632,294.7260,259.7784,287.3711,266.0053,285.7754,261.0541,295.0611,265.4081,286.3341,295.4266,293.0447,305.9703,281.8233,295.9602,295.7058,304.9362,282.1137,297.3297,283.9687,311.5664,276.3598,294.9078,281.7225,308.1219,272.0028,294.5812,280.8514,307.9973,300.3224,310.1731,286.4381,301.5197,,,298.8361,211.8328,,,,
73914,0,,,,,,,,,,,,,,,274.6906,210.9463,306.5157,212.7630,266.1699,227.0793,308.7030,227.2945,288.8231,227.8523,300.4228,227.6703,290.0955,269.0752,290.3703,263.9339,296.0007,305.8066,284.0934,295.3624,,,,,,,306.5563,212.6564,270.9769,209.7109,307.1098,212.8839,277.1948,210.3378,308.4601,226.5650,265.1723,226.0694,312.6297,227.6861,265.0255,226.7420,294.5548,218.3190,279.2955,217.6705,306.6428,217.6679,298.5137,216.6241,294.6219,260.2066,287.1070,266.1235,285.5148,261.5153,294.1484,265.6358,286.9412,295.5595,293.5564,307.0434,282.1390,296.1454,296.2416,305.8294,282.5623,297.4358,285.1369,312.7868,277.2618,294.8915,282.8677,309.1014,272.7434,294.4603,281.8853,308.5923,300.7282,311.2853,286.9467,301.7648,,,298.8980,212.3844,,,,
73915,0,,,,,,,,,,,,,,,274.1344,212.0059,308.2687,213.6800,266.2652,227.2662,311.8917,228.6969,288.0191,228.3788,300.8649,229.0447,288.3643,269.3561,290.3451,265.1325,295.5955,305.1109,283.8934,296.1137,,,,,,,307.6075,213.5771,270.5765,210.5283,309.4730,213.9458,276.1978,211.8583,312.6538,228.1897,265.2335,226.4323,315.8227,229.0096,265.1785,226.9714,294.9190,219.8364,279.3751,218.9997,306.7958,218.4730,299.1501,217.4058,294.0135,261.4264,285.9238,266.6774,285.5891,262.9920,292.3372,266.4475,286.8496,296.1836,293.2535,306.1819,282.0280,296.7610,295.7548,305.2283,282.1187,298.2910,284.9306,312.3117,276.6975,296.0451,283.1234,308.9550,272.3354,295.9294,281.7339,308.6177,300.0203,309.9602,286.7033,301.9549,,,299.7125,213.1184,,,,
73916,0,,,,,,,,,,,,,,,274.8837,211.6842,306.0559,213.1661,265.5834,227.5512,309.1965,228.8871,286.5713,228.8884,300.1713,229.7625,286.8810,269.6034,289.5091,265.0749,295.1543,304.8958,283.7560,295.8501,,,,,,,306.6317,213.1240,271.0283,210.1887,305.6946,213.1727,276.7253,211.5477,310.7663,228.5253,264.6224,226.6455,313.8140,229.1436,264.7359,227.2814,294.4475,220.6152,278.4920,219.7349,305.7754,220.0787,297.5591,218.8607,293.1667,261.6664,283.9170,266.9177,284.9526,262.9031,291.7415,266.7604,287.0184,295.8803,293.4126,305.8490,281.6718,296.4256,296.0519,304.8607,282.4713,298.4954,285.0803,311.7283,276.9644,296.3732,283.7963,308.6472,272.7548,296.4980,282.3893,308.3339,300.3981,309.3292,287.2243,301.2775,,,298.7354,212.7034,,,,
73917,0,,,,,,,,,,,,,,,274.6786,211.2989,306.0899,214.1733,265.2814,226.5809,309.6888,229.6595,285.0533,228.3366,298.6728,228.8349,284.3851,268.5437,288.1198,264.3123,295.0568,305.2626,283.3160,295.9271,,,,,,,307.1333,213.1825,270.7096,210.1290,306.0152,213.2135,277.0304,210.7677,311.2948,229.4401,264.2639,225.6419,314.4165,229.4831,264.4749,226.3293,293.1341,219.9437,277.4185,219.1285,304.4516,219.7075,296.2142,218.4020,291.4132,260.8634,281.8514,265.8342,283.2862,262.3805,288.5590,265.9278,286.9569,296.1099,293.3090,305.9902,281.2590,296.4525,295.7200,305.0868,282.6286,298.7493,285.5449,312.1405,276.6680,296.6693,284.0183,309.2853,272.3885,296.9116,282.8578,309.0090,300.5357,309.3796,287.2763,301.2730,,,298.4548,212.6368,,,,
73918,0,,,,,,,,,,,,,,,276.1416,211.3578,307.9573,214.2342,266.1933,225.9117,309.9244,229.8355,285.0438,228.2143,299.5034,228.8075,284.2990,268.9478,287.9521,264.2303,294.6727,303.6509,283.3670,295.8936,,,,,,,308.4244,213.2455,,,307.6930,213.3589,278.4145,210.8496,310.7439,229.4945,264.9915,224.9801,314.3428,229.9849,265.0358,225.6518,293.7420,219.9459,277.8373,218.8819,305.3300,219.7879,296.7782,218.4483,292.1720,260.7806,281.5128,266.2408,282.5125,261.7936,288.4769,266.2895,287.3301,296.1874,293.1107,304.4257,281.1255,296.4640,295.1505,303.5127,282.8956,298.8471,284.8205,310.9796,276.4965,296.6181,282.9521,308.4357,271.8488,296.7538,281.8973,308.5607,299.7335,307.3772,287.5613,301.3540,,,299.5962,213.5199,,,,
73919,0,,,,,,,,,,,,,,,274.6652,211.1397,307.0549,214.2712,265.3787,225.2145,308.2776,229.1658,284.0975,227.6412,297.5154,228.2841,282.4165,267.7468,287.0047,263.9745,293.9724,302.8154,284.2487,295.7312,,,,,,,306.9929,213.1442,,,304.0880,213.0496,276.6588,210.7649,308.9048,228.6965,263.9970,224.2178,311.7548,229.2137,264.0633,225.0302,292.1242,219.5693,277.6732,218.4115,302.9553,219.1647,295.0396,217.8979,291.2091,260.3117,279.7238,265.2452,282.3889,261.2568,286.0293,265.4356,287.8382,296.0667,292.2262,303.3133,282.1182,296.2801,294.3632,302.8238,283.6664,298.8527,284.9368,309.9905,277.6995,296.6436,282.8915,307.9565,273.2753,296.7297,282.0267,308.4744,298.9189,306.2665,287.3430,301.0002,,,296.4709,212.5098,,,,
73920,0,,,,,,,,,,,,,,,274.7639,210.3725,305.0385,214.0087,265.2300,224.4046,299.7703,226.9886,282.7771,226.1882,298.8439,226.8674,277.2882,265.9255,289.1687,263.9570,293.4735,302.1503,284.3893,295.9281,,,,,,,303.8705,212.7561,,,305.6816,213.9263,,,299.2740,226.2727,263.8170,223.5090,307.3804,227.8559,263.7424,224.2369,293.2159,218.9046,276.4440,217.0131,302.9216,218.6023,293.9638,216.9669,293.6744,260.7862,273.7873,263.3854,283.0416,261.1457,282.0874,264.0312,288.5468,296.4829,290.9703,302.1827,282.1194,296.3191,294.5376,302.3077,286.3955,299.6654,283.9482,309.2905,278.9745,296.7135,282.7633,307.9713,274.1948,296.4564,283.0804,309.0368,299.6497,305.2368,287.1925,301.0870,,,296.1311,212.4512,,,,
73921,0,,,,,,,,,,,,,,,273.4460,209.9919,304.8059,213.6539,264.1391,223.8601,304.5740,227.2133,281.9386,226.0319,299.5616,227.1804,273.1482,264.2640,288.7400,263.7511,290.4403,299.8535,283.7945,295.2297,,,,,,,305.3389,212.6428,,,301.7711,212.4449,,,305.2789,226.7459,262.8603,222.8131,309.7334,227.3091,262.6647,223.7364,293.4868,218.2503,275.6411,216.7484,301.8793,217.8049,292.6067,216.1934,292.7740,259.9419,270.0407,261.9053,282.1652,260.4998,278.6458,262.3943,288.2272,295.9042,288.2369,299.8731,281.8139,295.9299,291.4372,299.9070,285.8464,299.1139,282.4082,307.8504,278.3607,296.4321,281.2844,306.9921,273.2364,296.1921,281.3582,308.3371,296.2834,302.1356,286.6140,300.8183,,,295.1234,212.0988,,,,
73922,0,,,,,,,,,,,,,,,272.4498,210.6401,302.3032,212.3198,264.2147,223.3442,302.8687,226.5651,282.0057,225.7706,297.8451,226.8392,272.0334,264.0412,287.3442,263.4939,288.0452,298.2832,282.9414,295.1136,,,,,,,302.5522,212.2081,,,300.0732,212.0054,274.4350,210.0105,303.8615,226.0698,262.9406,222.2077,307.3621,226.6165,263.2297,223.4215,292.5619,218.1260,275.0354,216.6630,301.0108,217.7850,291.9183,215.9095,291.2623,259.8010,269.3070,261.8923,280.9637,260.4528,277.4008,262.0250,286.7893,295.5399,285.7176,298.2902,281.2744,295.6785,289.3481,298.5924,283.8629,298.5098,280.7336,306.3417,277.5849,296.3072,280.4299,305.9282,272.7751,296.0999,280.3597,307.3474,293.8617,300.7475,285.6876,300.3545,,,294.7846,211.8760,,,,
73923,0,,,,,,,,,,,,,,,271.8274,209.5936,308.0337,212.7917,263.9407,222.2411,299.7802,225.0648,283.0566,224.5453,297.9308,225.3460,272.1200,262.5308,286.8708,262.3609,283.4454,297.5352,285.0732,294.6293,,,,,,,300.0335,211.8169,,,305.0914,212.4541,274.2585,209.8597,299.6352,224.4031,262.2089,220.9233,303.8273,225.4411,262.9195,222.3177,291.3211,216.4995,274.6420,215.1453,301.8290,216.0276,292.3837,213.3103,290.1215,258.2309,269.2608,260.2165,280.6068,259.2465,277.9127,260.7781,288.8040,295.0023,281.0545,297.6303,283.1946,295.4172,284.3528,298.0904,286.0569,299.3487,274.4950,304.7822,278.4547,296.7694,274.8746,304.1333,273.9154,296.5233,274.6603,305.6518,289.1074,300.6288,289.0118,300.2332,301.7245,212.2963,296.4579,211.7913,,,,
73924,0,,,,,,,,,,,,,,,272.1369,209.6393,308.5861,212.8017,262.9653,221.5032,299.6921,224.6937,283.2862,223.5894,296.9378,224.3415,272.5085,262.2455,286.0178,261.3614,278.6200,296.3544,286.4933,294.1145,,,,,,,300.1542,211.8388,,,303.4052,212.3072,,,300.2699,224.0676,261.8321,220.4722,303.1069,224.8472,261.7657,221.4492,291.0810,215.8226,275.7232,214.8552,300.8023,215.5864,292.2393,213.3426,289.1901,257.2820,269.6193,260.0891,280.3764,258.5274,277.4651,260.1835,289.9370,294.1684,276.2175,296.4574,284.6453,294.6729,279.2219,296.5870,287.2119,298.5457,270.0690,302.9989,279.6763,296.4354,269.5792,301.7809,275.1361,296.4878,268.3223,302.6121,282.8394,299.6080,290.6904,299.1768,300.5601,212.2871,294.6458,211.7534,,,,
73925,0,,,,,,,,,,,,,,,273.8975,210.2707,307.9939,213.1279,263.4721,221.3781,301.3027,224.2936,282.2968,223.5980,297.9643,224.7742,271.3697,261.9462,284.3675,261.3729,275.1077,296.0889,287.2486,294.6963,,,,,,,,,,,304.2355,212.8078,,,302.4609,223.7069,262.2625,220.3249,305.8731,224.5437,262.0403,221.2660,291.6057,215.6709,274.5766,214.9999,301.9508,215.9031,292.2237,213.9008,288.0537,257.1203,268.2725,259.5746,278.5251,258.3912,276.4584,259.7529,290.6089,294.4884,272.5965,296.6614,284.9765,295.1564,276.0956,296.2203,288.5983,298.9849,264.5432,302.4261,281.2917,296.9751,265.3402,301.1370,276.5077,297.2074,265.0404,301.7245,280.3814,300.4307,291.3025,299.7264,298.8988,212.5887,294.8785,212.1938,,,,
73926,0,,,,,,,,,,,,,,,,,310.4223,213.4372,263.0223,221.0445,303.3131,224.2231,281.7914,222.5477,298.6886,223.7278,271.1284,261.5220,284.9044,260.7929,273.4922,296.0264,285.2644,293.9265,,,,,,,,,,,304.6626,212.9337,,,304.2943,223.8285,261.7445,220.1084,307.9860,224.8184,261.6442,220.9169,292.1432,215.2172,274.3456,214.2443,301.2504,215.3257,291.4982,213.3992,288.5061,256.6526,268.0719,258.9283,278.8548,257.8290,276.3452,259.0651,288.9389,293.8175,271.0204,296.7257,282.9942,294.3816,274.4769,296.0997,286.7501,298.2182,262.8140,302.2541,279.6199,296.0766,262.9354,299.6080,275.1592,296.3475,262.6280,299.7865,277.3516,300.8602,288.7153,299.0996,298.2378,212.6093,294.3207,212.0912,,,,
73927,0,,,,,,,,,,,,,,,273.2541,210.2345,308.8936,213.1927,262.9409,221.1353,302.7015,224.1712,281.9567,222.5769,299.2732,223.7782,271.6264,261.1166,285.1843,260.5702,272.0302,295.4110,283.8640,293.3352,,,,,,,,,,,304.5100,212.9255,,,303.8993,223.7209,261.5889,220.2793,307.2354,224.5586,261.4133,221.0218,293.6307,215.1194,275.3686,214.1994,301.3802,215.3428,291.4622,213.2683,289.0384,256.3788,268.1438,258.4362,279.0358,257.2965,277.2335,258.5346,287.9672,293.3100,268.9193,296.0342,281.4905,293.5901,273.2282,295.5306,285.4482,297.3867,262.0039,301.1322,278.9799,295.5124,261.6420,298.3883,274.5288,296.0025,261.8713,298.5002,274.8660,300.5764,286.8620,298.5294,299.7362,212.7218,294.6251,212.1182,,,,
73928,0,,,,,,,,,,,,,,,,,,,262.3911,220.4683,297.3805,223.2588,281.6856,221.5113,296.4639,222.8556,272.3489,260.9470,283.7948,260.7078,271.1236,294.7126,281.7389,292.8845,,,,,,,,,,,302.0548,212.8802,,,297.4141,222.5155,261.2507,219.6998,301.1699,223.6534,261.1161,220.4164,290.1950,214.4303,273.5650,213.2862,300.1232,213.9288,290.6655,213.2935,287.9390,256.3072,269.3617,258.0482,278.3148,257.2848,276.9398,258.1995,285.6203,292.7918,268.8898,295.6744,279.4419,293.3461,271.9614,294.6430,282.3071,296.9177,261.4723,300.8865,275.1473,295.0751,260.7607,297.6090,270.6100,295.8902,260.5215,297.7698,274.9888,300.4840,285.0434,298.4857,296.0226,212.5904,293.2974,212.1988,,,,
73929,0,,,,,,,,,,,,,,,271.8201,210.3503,308.4059,213.5003,262.1469,220.8611,299.7545,223.6847,280.0383,222.0483,297.2731,223.3356,271.6090,260.9109,284.7122,260.3478,269.0919,294.9664,281.5474,293.1249,,,,,,,,,,,304.0324,213.1416,,,301.6558,223.1886,261.0136,220.1537,305.0239,224.1910,260.5567,220.7844,290.9727,214.6913,272.4381,213.7638,299.5803,213.0370,289.5941,213.2197,288.8938,256.5533,268.2605,258.3165,278.7420,257.3671,277.2515,258.3128,285.3930,293.0718,266.5294,295.9894,279.4212,293.5424,270.0909,294.8295,281.7902,297.0647,257.9943,300.6567,274.1630,295.0381,257.9709,297.8067,268.9631,295.3524,257.6851,297.6281,272.4461,300.6814,284.9250,298.4197,295.6489,212.6091,292.6601,212.2226,,,,
73930,0,,,,,,,,,,,,,,,272.0676,210.4954,304.3707,213.2952,262.5381,220.8745,299.2009,223.9434,280.3141,221.7130,297.2558,223.2882,271.6348,260.3594,285.2275,260.1618,268.0648,293.4003,282.0450,293.1113,,,,,,,,,,,303.8613,213.2593,,,300.7902,223.5332,261.4042,220.0813,303.4166,224.4060,261.0176,220.8082,291.6522,215.1509,274.0923,213.8935,300.0038,214.2410,289.8603,213.3390,289.2760,256.4063,268.1374,257.5831,278.9948,256.9647,277.2625,257.7180,285.8310,293.0253,265.3941,294.1566,279.6624,293.4000,269.0978,293.2621,281.6944,296.8510,256.8731,298.8331,274.3364,294.8586,257.5025,295.9820,269.3862,295.2331,257.0963,295.8482,270.3747,298.1720,285.1579,298.3352,295.8595,212.7404,292.8788,212.3429,,,,
73931,0,,,,,,,,,,,,,,,272.7705,210.6313,301.7221,213.0696,262.6007,220.7803,297.1239,223.9531,280.7583,222.2667,295.8017,223.8562,271.8086,260.1124,284.6754,260.0878,268.4747,293.1192,281.9348,292.3061,,,,,,,297.9239,212.6072,,,302.0970,213.1103,,,297.5034,223.3283,261.7051,219.9506,300.9615,224.2378,260.9834,220.8123,290.1710,215.2530,274.2122,214.3200,299.8227,215.5239,290.3620,213.6726,289.1140,256.2899,268.2914,257.4515,278.8270,256.7554,277.4497,257.6022,285.3855,292.1615,265.5003,293.9028,279.7821,292.6016,269.4933,293.0490,280.9695,296.0100,257.0469,298.5545,274.3048,294.0603,257.1468,295.6161,269.5658,294.7118,256.4006,295.4566,270.4579,298.0866,284.9895,297.3975,296.4711,212.8402,292.4003,212.4251,,,,
73932,0,,,,,,,,,,,,,,,272.4240,210.6860,301.6443,213.1793,262.6509,220.8234,298.6477,224.4337,280.1562,222.7109,295.1326,224.4127,271.7537,260.3297,284.9484,260.1154,266.8059,292.0160,282.0356,292.2697,,,,,,,,,,,302.2086,213.2458,,,299.2722,223.8178,261.5687,219.9867,302.4241,224.7210,261.0042,220.8333,290.3513,215.5468,274.0127,214.7638,299.1812,215.8196,289.6794,213.9876,289.3215,256.5627,268.2870,257.7762,279.0618,257.0435,277.2741,257.8013,285.4474,292.1917,263.7228,292.6853,279.9118,292.6400,267.9693,291.9056,281.0759,296.0267,255.4330,297.3985,274.3663,294.1368,255.8656,294.4060,269.9095,294.9084,255.1306,294.2510,268.3641,296.5903,284.7181,297.2449,295.6126,212.8854,292.6367,212.5764,,,,
73933,0,,,,,,,,,,,,,,,272.9401,210.9837,305.7865,213.7328,262.0296,220.2178,299.2054,224.8562,280.4634,222.6382,296.9122,224.8601,271.4710,259.5766,286.0025,260.5889,264.0021,291.4361,283.0282,292.5849,,,,,,,,,,,306.3056,213.7497,,,300.3157,224.3513,260.8798,219.3867,303.6721,225.3033,260.5736,220.0804,291.3795,216.0000,274.1461,214.7247,299.8564,216.1270,290.1611,213.8903,290.4865,257.1631,267.9349,256.6197,280.2168,257.2564,277.8767,257.4367,286.6711,292.5951,261.2422,292.0485,280.8764,292.8905,265.2507,291.3639,282.3011,296.4392,253.1519,296.6444,275.3095,294.4156,253.8072,293.5578,270.5807,294.8998,252.8923,293.2207,265.3970,296.0645,285.9673,297.5489,295.0200,212.9827,293.0761,212.6874,,,,
73934,0,,,,,,,,,,,,,,,271.6037,210.8428,306.6200,213.8695,261.1873,220.1260,298.1555,225.5996,280.0495,221.9304,297.7347,224.4689,270.0319,259.1259,285.8255,260.2748,262.7247,290.9372,283.7234,293.0721,,,,,,,,,,,,,,,298.8983,224.9900,260.0741,219.1027,302.4838,225.8920,259.7463,220.0899,292.0426,216.0923,274.0620,214.3820,300.4782,216.1057,290.1627,213.8877,290.2881,257.1305,266.6186,256.3066,279.4753,256.9947,276.6837,257.1268,287.5115,293.1305,259.6895,291.6367,281.4548,293.3127,263.9361,290.8299,283.6333,297.0181,251.2213,295.8317,276.4285,294.8028,252.0348,292.5114,271.8542,295.2853,251.5668,292.2721,264.3778,296.0743,286.5519,298.0575,295.1459,213.0594,293.5778,212.8113,,,,
73935,0,,,,,,,,,,,,,,,,,291.4941,212.3855,260.6261,219.5953,294.7339,224.4475,279.0305,221.3742,296.3504,224.0581,268.3711,258.9250,285.8464,260.3093,262.4998,290.5587,283.5166,292.9494,,,,,,,,,,,,,,,294.0374,223.6000,259.5455,218.4840,299.0058,224.8807,259.3544,219.5855,291.1179,215.7332,273.3343,213.9484,299.7196,215.6887,289.2758,213.5215,289.9178,256.7847,265.3054,256.1638,279.0066,256.7452,275.1623,256.6983,287.2649,293.0597,259.5642,291.2830,281.3915,293.2218,263.4016,290.4703,282.9134,296.9135,251.1577,295.6667,275.8696,294.8665,251.5264,292.2647,271.3412,295.4834,250.8964,292.0295,264.3179,295.7366,286.2257,297.8642,293.3675,212.9033,293.5889,212.8285,,,,
73936,0,,,,,,,,,,,,,,,269.0826,210.7160,288.7725,212.2072,260.4207,219.8456,290.3390,224.1332,278.4934,221.9836,296.4780,225.0888,267.9455,258.8026,285.7976,260.2933,261.3719,290.4039,283.7050,293.2473,,,,,,,,,,,,,,,289.3586,223.2723,259.4655,218.7050,295.0749,224.5706,259.3314,219.8447,290.7385,216.1937,273.0910,214.2578,299.6759,215.9847,289.1671,213.5865,289.5750,256.9959,265.1350,256.0786,278.9814,256.9853,274.8886,256.8596,287.7226,293.3165,258.4979,291.1113,281.4156,293.4883,262.4059,290.3223,282.6268,296.8855,249.7339,294.9646,275.3397,294.9269,249.8171,291.7743,270.5303,295.4395,249.0624,291.5904,263.3189,295.8277,286.1614,298.0219,292.9793,212.9902,293.6973,212.9746,,,,
73937,0,,,,,,,,,,,,,,,268.8625,210.7945,,,260.6992,219.7594,293.8535,224.0464,278.0399,221.7710,294.5163,224.4588,269.4710,258.5907,285.3601,259.7444,260.7367,290.4727,283.7985,293.1301,,,,,,,,,,,,,,,293.9554,223.6119,259.2918,218.4986,298.4523,224.8460,259.6842,219.7799,289.6811,215.3699,271.7453,213.7025,298.5857,215.0141,288.4305,213.5414,289.4783,255.8441,266.2490,255.3811,278.4309,255.6390,275.5496,255.7103,287.7184,293.1887,258.2238,291.2114,281.3563,293.2605,261.7321,290.2644,282.6986,296.7960,249.3558,295.1688,275.8405,294.9941,249.5010,291.7663,271.0647,295.2840,248.9544,291.6152,262.7669,296.0626,286.4229,298.2242,292.7216,213.0543,292.4347,212.8921,,,,
73938,0,,,,,,,,,,,,,,,271.3350,211.2111,,,260.0551,219.3838,291.2269,224.8370,277.3471,222.0021,294.7114,225.2991,269.1600,258.6829,285.1747,260.2461,260.6689,290.6270,283.7597,293.6937,,,,,,,,,,,,,,,292.3287,224.4875,258.8555,218.1566,296.0847,225.5816,258.8249,219.1900,289.6038,216.6155,271.7380,214.3774,298.0068,215.3279,287.3037,214.8026,289.4264,256.7909,266.0156,255.7071,278.0013,256.3871,275.3588,256.4465,287.5228,293.8938,257.8796,291.2299,281.3449,293.7745,261.7368,290.5493,282.9193,297.6313,249.2878,295.0296,276.2179,295.5009,250.0154,291.7584,271.3941,295.5768,249.8915,291.6682,262.3285,296.0886,286.4172,298.6047,291.6718,213.1859,293.1029,213.2894,,,,
73939,0,,,,,,,,,,,,,,,270.8457,211.3527,,,259.4124,219.4809,292.2476,225.9734,277.9941,223.0978,294.8900,226.1852,268.6795,259.0251,284.3581,260.9309,260.5420,290.3117,283.7489,293.4692,,,,,,,,,,,,,274.3209,211.6822,293.5520,225.5942,258.3096,218.2825,296.9534,226.6107,258.2785,219.3962,290.0494,217.4490,272.9471,215.2490,297.6884,216.5033,287.0763,215.4855,288.5361,257.3317,265.8266,256.1817,277.9322,257.1944,275.0500,257.0452,287.4920,293.6283,257.6824,290.7904,281.3560,293.5516,261.5605,290.1943,282.9386,297.1924,249.3724,294.5308,276.6451,295.3383,249.9600,291.4766,271.9236,295.5106,249.7970,291.4461,261.6728,295.3885,286.2723,298.4186,290.6352,213.2855,293.3668,213.4924,,,,
73940,0,,,,,,,,,,,,,,,270.1471,211.5990,,,258.9180,219.0270,289.3503,224.8734,277.6370,222.8416,294.2342,225.3653,268.5900,259.2830,284.3810,261.0602,260.9817,290.6472,283.7780,293.5387,,,,,,,,,,,,,273.1323,211.9210,291.1658,224.4989,257.8173,217.7307,294.8575,225.6829,257.5561,218.8045,289.7956,216.5802,272.4019,214.9196,296.8236,215.4378,286.0651,215.4704,288.5109,257.1768,265.4364,256.2447,277.4485,256.7526,274.4556,256.9322,287.6791,293.7184,258.4264,291.1819,281.2489,293.5248,261.8500,290.4310,283.2616,297.5730,249.8286,295.2172,276.7229,295.5837,250.2207,292.2369,271.9793,295.6465,249.7513,291.9852,262.6177,295.6130,286.4137,298.4303,290.3868,213.5137,291.4695,213.6032,,,,
73941,0,,,,,,,,,,,,,,,269.0350,211.6613,289.1765,213.2211,258.5298,219.1632,288.2092,225.0895,276.9244,222.7407,292.6569,225.5601,268.9873,259.2563,283.9275,260.8823,260.9133,290.8745,283.5915,293.7960,,,,,,,,,,,,,270.9306,211.8121,290.1957,224.8563,257.5451,217.9320,292.9910,225.9636,257.3756,219.0692,288.9594,217.2845,271.4874,215.0002,295.9885,215.5627,284.7702,215.5773,288.0832,257.1063,266.0478,256.3316,277.4907,256.9417,275.1231,257.1420,287.1976,293.8525,258.4479,291.5025,281.1627,293.8761,261.7476,290.6277,282.3769,297.3977,250.0749,295.4854,276.1429,295.5688,250.7332,292.3959,271.7659,295.7490,249.9969,292.0339,262.4985,295.7663,286.1365,298.7367,289.8933,213.6478,289.8452,213.5758,,,,
73942,0,,,,,,,,,,,,,,,269.3621,211.7037,289.8283,213.3353,258.9811,219.1454,290.6631,225.9351,277.2502,222.6311,293.0570,225.6584,268.6563,259.4655,283.6734,260.8082,261.1393,291.2368,283.6343,293.9380,,,,,,,,,,,,,271.0064,211.8479,292.4716,225.6569,258.0730,217.8807,294.6044,226.5187,257.5766,218.9618,288.9235,217.3646,271.7923,215.0724,295.8286,215.4578,285.0842,215.7128,287.9237,257.1101,265.9320,256.5683,277.0763,256.8214,274.2139,257.1738,287.1959,294.0424,258.7386,291.6599,281.2533,293.9493,262.1712,291.0520,283.0549,297.7881,250.6255,295.6270,276.9340,295.7210,251.5625,292.8142,272.4077,295.7534,251.0891,292.7879,262.4200,296.0560,285.9699,298.9471,289.5449,213.6247,290.1753,213.6611,,,,
73943,0,,,,,,,,,,,,,,,269.0736,211.8719,,,257.8431,219.0059,293.8323,226.1530,276.7423,222.9028,292.9615,225.3239,268.4834,259.1526,283.4272,260.9167,260.6889,291.1813,283.5875,293.5949,,,,,,,,,,,,,270.4662,212.0152,294.4345,225.6219,257.1459,217.8450,297.2648,226.5051,256.6249,218.5455,289.3329,216.7407,270.1850,214.2667,295.3834,214.4644,284.7049,215.9106,287.9204,257.1428,265.2801,256.2648,276.9266,256.5988,274.5307,256.9019,287.2913,293.7997,258.5608,291.6885,281.0214,293.7044,261.6560,290.9230,282.9380,297.5116,250.2519,295.6812,276.4023,295.5078,250.3482,292.5905,271.9085,295.7789,249.9475,292.1804,262.6842,296.2259,286.1642,298.8547,289.7569,213.8508,,,,,,
73944,0,,,,,,,,,,,,,,,268.3187,211.7560,,,256.5809,219.0549,294.1239,225.9165,275.5690,222.6879,292.4144,224.8671,267.9512,259.1912,284.3090,261.0572,261.0587,291.9246,283.5747,294.0262,,,,,,,,,,,,,269.9623,211.9370,294.0148,225.2501,256.0629,217.8931,296.4134,226.1503,255.3779,218.7054,288.3680,216.2873,270.1350,215.0312,294.1464,215.1027,283.5412,215.5761,288.5864,257.2352,264.6443,256.4413,277.2138,256.7235,273.8047,257.0433,287.3484,294.2288,258.7414,292.3932,280.9458,294.1068,262.0589,291.7492,283.4595,298.0561,250.8742,296.2767,277.0070,295.8792,251.4380,293.2077,272.1510,295.9431,251.5241,293.0757,262.4651,296.8311,286.1770,299.3477,287.8770,213.5942,288.8271,213.6639,,,,
73945,0,,,,,,,,,,,,,,,268.6164,211.8332,,,256.7873,219.1261,296.7659,225.9478,274.7146,222.7728,292.3303,224.9566,267.9803,259.0615,284.1761,261.1320,261.4655,291.8862,283.7862,294.1406,,,,,,,,,,,,,270.2627,211.9982,295.6192,225.3406,256.2650,217.9018,298.9111,226.3224,255.5049,218.7165,288.3920,216.4591,269.5995,214.8178,294.0655,214.3239,283.0843,215.7023,288.5941,257.3875,264.8084,256.2486,277.0570,256.5727,274.2270,256.8649,287.4945,294.3708,259.0488,292.2790,281.2386,294.2192,262.5427,291.7149,283.7446,298.3211,251.1956,296.2223,277.5478,296.2728,251.7551,293.2327,272.8967,296.3262,251.8863,293.1337,263.1842,296.8331,286.2723,299.5242,286.5946,213.5520,288.3094,213.6491,,,,
73946,0,,,,,,,,,,,,,,,267.8939,211.6143,,,256.1832,218.6937,296.0247,225.2557,275.2899,221.9828,292.3710,223.9947,267.5187,258.5366,284.2424,260.4025,261.0911,291.5920,283.5882,293.7205,,,,,,,,,,,,,269.7660,211.7808,295.0954,224.6921,255.4313,217.4326,297.8618,225.5495,254.7596,218.3014,289.1345,216.1379,270.7756,214.4352,293.7972,214.1750,282.0685,214.2195,288.6271,256.6756,264.4515,255.7594,277.1114,255.9170,273.9248,256.3282,287.4517,293.9808,258.6327,292.0069,280.8272,293.7896,262.2012,291.4233,283.4852,297.8413,250.8726,295.9460,277.1088,295.7572,251.4763,292.9196,272.1350,295.7138,251.6808,292.7591,262.7369,296.6094,286.4161,299.0966,286.5053,213.4438,287.6762,213.4384,,,,
73947,0,,,,,,,,,,,,,,,,,,,256.1216,219.2103,293.6742,225.5972,275.1079,222.2387,291.6166,224.2724,267.7529,259.2765,284.4860,261.1287,261.6532,292.1142,283.3960,294.1565,,,,,,,,,,,,,,,293.6492,224.9797,255.4607,218.0018,295.3579,225.8628,255.0894,218.9208,287.9682,216.1394,269.6148,214.6259,294.0996,214.3023,282.5069,215.2898,288.4187,257.2750,264.9368,256.5751,277.8855,256.7897,273.5634,256.9098,286.7073,294.3199,259.6018,292.7296,280.9630,294.2747,262.5511,291.8575,282.3372,297.8228,251.8504,296.6340,276.5306,295.8952,252.2988,293.4052,271.9285,295.8547,252.0176,293.0160,263.3240,297.0509,286.0504,299.4940,286.5515,213.5655,288.9863,213.7365,,,,
73948,0,,,,,,,,,,,,,,,,,292.1412,213.8917,255.7384,219.4321,292.6183,225.4010,273.8364,221.1950,291.8334,223.1580,267.7343,258.9776,284.6512,260.7662,261.4789,292.1055,283.4331,294.1658,,,,,,,,,,,,,,,293.3713,224.9423,255.3801,218.3299,294.9615,225.8101,253.8427,218.9988,288.6152,216.0566,267.4842,214.1026,293.0242,215.1471,280.3227,214.1922,288.8312,257.1177,264.7615,256.2269,277.9962,256.4958,274.2918,256.7782,287.0693,294.4805,258.9135,292.5824,280.9181,294.2307,262.6886,291.8783,283.3562,298.2500,250.8899,296.3274,277.6615,296.2772,251.8597,293.4726,272.8356,296.2441,251.8461,293.2047,263.0977,297.0652,285.9735,299.2983,284.9196,213.4377,287.9203,213.6197,,,,
73949,0,,,,,,,,,,,,,,,,,,,255.7854,219.7026,292.3087,225.4628,274.2761,223.2489,291.2497,225.4918,268.4256,260.2801,283.8918,261.4070,261.8466,292.0871,283.2325,294.1188,,,,,,,,,,,,,,,293.0719,225.2132,254.8104,218.5557,293.5402,225.8744,254.2503,219.5481,287.4925,216.7829,268.9328,215.3630,291.2129,215.0717,280.5003,215.5679,287.7648,257.8245,265.5467,257.7103,277.4049,257.4998,274.4834,258.0322,286.4404,294.2552,259.7818,292.6003,280.9517,294.2565,262.7616,291.7775,282.3451,297.8948,251.9777,296.3372,277.1543,296.2374,252.4640,293.5420,272.8600,296.3196,251.9708,293.3448,263.2345,296.9080,285.7617,299.2469,284.4302,213.2967,284.1253,213.3499,,,,
73950,0,,,,,,,,,,,,,,,,,,,254.9393,219.7371,294.3155,225.4893,273.4496,222.4026,291.1558,224.5796,267.9664,259.7815,284.0351,261.2834,261.2451,291.7322,283.3725,293.9575,,,,,,,,,,,,,,,294.1734,225.1738,254.1385,218.7066,295.5790,225.8463,253.2593,219.4950,287.5818,216.4401,268.2647,214.9812,291.9070,214.8567,280.6630,215.2248,287.9452,257.9531,265.1629,257.3231,277.3900,257.2803,274.2082,257.7452,286.6995,294.1224,258.9279,292.1267,280.9756,294.0625,262.3634,291.4400,282.4083,297.5858,251.1843,295.7988,276.8859,295.8355,251.9983,293.0632,272.4111,295.9310,251.6920,292.9058,262.5994,296.4906,285.6845,298.9213,284.6782,213.2281,285.1651,213.3613,,,,
73951,0,,,,,,,,,,,,,,,,,,,255.0678,219.4295,294.9707,225.7364,272.9850,221.6433,290.6216,223.5983,268.0600,259.0671,284.1675,260.5146,262.3949,291.0486,283.3891,293.1257,,,,,,,,,,,,,,,294.2395,225.2585,254.3224,218.2370,296.5865,226.0739,253.0512,219.1285,286.9761,215.7125,267.0913,214.2720,291.3884,214.8768,279.9703,214.1398,288.3585,257.1546,265.0329,256.4415,277.3922,256.5071,274.5273,256.9757,287.0753,293.2931,259.7664,291.3675,280.8706,293.1931,263.7674,290.8110,283.3768,297.3245,251.7300,295.3837,277.5448,295.6286,253.2390,292.9556,272.6185,295.7673,253.4013,293.0380,263.5475,295.5822,285.5496,298.0586,283.7492,213.1307,287.2624,213.4649,,,,
73952,0,,,,,,,,,,,,,,,262.6440,210.6513,,,254.4467,219.6886,295.5065,226.2417,272.6541,222.0826,290.6373,224.4778,266.9226,259.5496,284.1743,260.9767,261.6403,292.6085,283.4068,294.1060,,,,,,,,,,,305.0342,214.5000,,,293.7835,225.5558,253.8818,218.6713,297.2761,226.6152,252.2355,219.4167,286.6921,216.2705,268.1581,214.8705,290.5993,214.4666,278.7490,213.7382,288.2407,257.7233,264.0978,257.1034,277.1210,257.1614,272.6299,257.3935,286.9735,294.2880,259.2733,292.9642,280.8181,294.1965,262.7030,292.3819,284.3406,298.1868,252.0998,296.7388,278.4221,296.3014,253.1415,294.0401,273.7597,296.4342,253.4700,294.1370,262.7918,297.2489,285.4976,299.3003,282.7560,212.5821,285.0272,213.6372,,,,
73953,0,,,,,,,,,,,,,,,264.0472,210.5842,304.4733,214.3084,254.3031,220.1070,295.2143,226.2844,272.4432,223.2016,289.9845,225.3800,266.3664,260.3119,284.6780,261.9740,261.0181,292.8409,283.2518,294.6207,,,,,,,,,,,303.5507,214.2710,,,292.8914,225.3447,253.8408,219.1275,298.0935,226.5911,252.6378,220.0042,285.8242,216.2801,267.4526,215.1781,290.9322,214.1895,279.7170,214.9519,288.5834,258.5179,263.1578,257.4725,278.1150,257.9975,272.5776,257.7842,287.2562,294.9093,258.2080,293.1037,280.3975,294.7169,262.3007,292.7680,284.3351,298.6764,250.0095,296.6473,277.7766,296.7362,251.3079,294.0277,272.5737,296.8037,251.9757,294.1959,262.5426,297.7744,285.5873,299.7074,,,285.8353,212.7314,,,,
73954,0,,,,,,,,,,,,,,,263.0578,210.4304,298.3274,213.6609,254.0432,220.3446,295.6419,226.3771,271.9307,223.2905,289.1438,225.4381,266.4513,260.1993,284.3305,261.8181,260.9088,292.7785,283.4286,294.7290,,,,,,,,,,,301.5275,214.0007,265.4491,210.7245,293.5094,225.2456,253.3339,219.3588,298.2517,226.6403,252.4575,220.2013,285.6220,216.2581,267.5110,215.1690,289.9201,215.2658,279.1842,215.1684,288.2725,258.3647,263.3780,257.3523,277.6353,257.7327,272.4344,257.6023,287.3040,294.9826,258.0270,293.0375,280.6558,294.8312,262.1948,292.7271,284.3375,298.7044,250.0222,296.5841,278.0981,296.9135,251.1851,294.0224,273.1239,297.0034,251.7611,294.2299,262.5622,297.7681,285.7035,299.8611,281.1914,212.2130,284.9805,212.5775,,,,
73955,0,,,,,,,,,,,,,,,261.5429,210.0103,293.0581,212.8332,254.1572,220.5956,290.0655,225.6617,272.6215,223.2947,288.4765,225.1396,265.6628,260.3108,284.8350,261.7805,260.8197,293.0822,283.4161,294.8592,,,,,,,,,,,296.4429,213.2267,262.0525,210.0868,289.4672,224.5940,253.7760,219.6419,292.0039,225.9886,252.4897,220.5232,285.1305,216.3694,267.8669,215.2946,289.3201,215.1011,278.9975,214.8786,288.4771,258.3767,262.6131,257.6588,278.5573,258.1803,271.6551,257.8333,287.3329,295.0538,258.1043,293.4831,280.8227,294.9851,262.0421,292.9392,284.4920,298.6485,249.9608,296.8482,278.7261,296.8469,251.5212,294.0706,273.6430,296.7722,252.0761,294.1748,262.1814,297.8417,285.6896,300.0961,,,283.9439,212.0938,,,,
73956,0,,,,,,,,,,,,,,,261.5612,209.7834,296.6360,212.8960,254.0135,220.9537,292.2280,226.9952,271.9837,224.2466,287.4934,226.0821,266.0181,260.6662,284.2092,262.0675,260.7236,292.4183,283.4557,294.4772,,,,,,,,,,,298.6412,213.1964,262.4303,209.9551,290.3775,225.6293,253.0619,219.8896,295.4412,227.2368,252.4464,220.8893,284.2165,217.4297,266.6920,216.2083,288.4223,215.3553,278.2661,215.1592,288.0008,258.6022,262.9487,258.0680,277.9561,258.5665,271.9410,258.2722,287.6088,294.8026,258.2958,292.7103,281.0271,294.5755,261.7547,292.2331,283.9675,298.4671,249.4907,296.3529,278.4163,296.8807,250.6688,293.8766,273.4581,296.8656,251.1056,294.0279,263.0424,297.0807,286.2999,299.4326,,,283.1628,211.8340,,,,
73957,0,,,,,,,,,,,,,,,261.8203,209.4843,294.1949,212.3395,253.5926,220.9046,290.4518,226.3436,272.4919,224.4826,287.5606,226.1217,265.7813,259.8022,284.0949,261.4667,260.9832,292.2482,283.3977,294.2623,,,,,,,297.1126,212.6314,,,296.7035,212.6491,263.1943,209.6570,288.3655,224.9089,252.3990,219.7607,293.4522,226.3927,252.0117,220.8006,283.5482,217.1044,266.7240,215.9898,288.7272,215.3246,278.9962,214.9507,288.1997,257.9457,262.5862,257.1975,277.3489,257.7754,271.3206,257.2557,287.9590,294.5189,258.4988,292.7715,281.0485,294.4013,262.0416,292.0538,283.8663,298.0207,250.3410,296.6939,278.1243,296.5797,251.4221,294.0907,273.1567,296.5582,251.6169,294.1873,263.6153,297.2768,285.9748,299.3060,,,283.6658,211.5567,,,,
73958,0,,,,,,,,,,,,,,,261.0029,209.1992,293.9382,212.1069,253.5599,221.4831,290.9961,226.3642,272.1991,224.8132,288.1758,226.5058,265.3192,260.5473,284.1415,261.9470,260.8737,292.3294,283.6721,294.0486,,,,,,,,,257.3261,208.8171,296.0341,212.4161,262.0840,209.3321,288.7899,225.1510,252.2912,220.4407,294.2299,226.5492,252.1164,221.4644,283.6337,217.8493,266.5105,216.6082,289.3881,215.6618,279.3752,215.3983,288.1348,258.6440,262.2378,258.1484,277.2774,258.5436,271.1481,258.2170,288.1328,294.3935,258.4840,292.7187,281.3183,294.1465,261.9210,292.1212,283.9866,297.9671,250.0206,296.7211,278.0606,296.3439,250.8680,294.0991,272.9701,296.4253,251.1179,294.1813,263.7685,297.2120,286.4778,298.8742,,,284.1895,211.3972,,,,
73959,0,,,,,,,,,,,,,,,259.5214,208.2058,293.1084,211.2181,252.6834,221.5399,288.9497,225.2710,270.6755,223.9097,286.4127,225.3340,265.0225,260.0190,283.4577,261.4055,260.2560,291.9259,283.8028,294.1226,,,,,,,283.2128,210.1758,254.6086,207.8073,294.5766,211.3634,260.9929,208.3609,288.3360,224.1815,251.6332,220.6694,292.7716,225.5179,251.0810,221.4259,281.4277,216.2327,264.2601,215.3818,286.9139,214.5723,277.2881,214.4469,287.3483,257.4439,262.1976,257.4265,276.7686,257.5928,271.1012,257.3207,288.1999,294.2629,257.7171,292.3934,281.5882,294.3539,261.3324,291.8053,284.4180,297.7874,249.1805,296.3077,278.0744,296.2486,250.4944,293.6729,273.4955,296.4030,250.6499,293.7966,263.0163,297.1652,286.3770,298.9694,,,281.4198,210.2522,,,,
73960,0,,,,,,,,,,,,,,,258.6955,208.0846,291.0280,210.9056,252.1420,222.0294,285.1017,225.0681,270.0383,224.1733,284.5384,225.4011,264.2605,260.1695,282.5043,261.5475,259.9620,292.0135,283.3445,294.0145,,,,,,,284.3340,210.2470,253.8331,207.5564,292.3934,211.0139,260.5583,208.2710,285.5121,224.3776,250.7965,221.2290,288.6308,225.4517,250.8432,221.9505,279.6701,216.5564,263.2053,215.8199,286.1502,214.9404,276.7847,214.9269,286.5934,258.0589,261.4184,257.8488,275.5900,258.0633,269.7923,257.7807,287.7948,294.2082,257.7747,292.4868,280.9821,294.1995,260.9437,291.8511,283.6079,297.8918,249.1398,296.3968,276.8419,296.1174,249.5527,293.7045,272.3354,296.2785,249.6342,293.7965,263.3859,297.1973,286.5216,298.8514,,,280.6715,210.1211,,,,
73961,0,,,,,,,,,,,,,,,259.9700,208.6668,290.0805,210.6987,251.5931,222.0241,282.9684,224.8074,269.6690,224.0272,282.3747,225.1806,263.7618,259.9332,281.9756,261.4238,259.9068,292.3955,283.6494,294.5014,,,,,,,283.5085,209.8715,255.4633,207.5518,292.0771,210.7556,262.5739,208.2592,283.2002,224.0906,250.4108,221.3090,285.9655,225.0106,250.2760,221.8609,278.3951,216.7500,262.6486,215.9538,285.5015,214.7752,276.5496,214.5743,285.6519,257.5150,261.1749,257.5527,275.0219,257.6937,269.3334,257.1868,287.8355,294.5713,257.5643,292.8814,281.4312,294.7395,260.7568,292.1659,283.5466,298.0915,249.8215,296.7609,276.7021,296.3878,250.3489,294.0910,272.1993,296.6258,250.3908,294.1471,262.9930,297.6256,286.6970,299.3036,,,280.1172,209.8064,,,,
73962,0,,,,,,,,,,,,,,,258.4087,208.1767,290.3313,210.2992,251.4782,222.7429,285.5678,225.2934,268.1999,224.4604,281.7767,225.6065,262.9308,260.3082,282.0267,261.5225,259.9525,292.9780,283.6800,294.9736,,,,,,,285.2394,209.6366,253.9096,207.0303,292.0747,210.3766,260.1700,207.6877,285.7015,224.5469,250.2693,222.0149,288.7956,225.6226,250.1849,222.5651,277.2558,216.9517,260.9266,216.4100,284.6256,215.9169,275.6618,215.7822,286.0768,257.9400,260.4131,258.3010,274.8205,258.4480,268.7783,257.9798,288.2367,295.0183,257.7062,293.5614,281.3348,295.2651,260.9327,292.7908,284.2763,298.6913,249.7966,297.5202,276.9419,296.9144,250.3898,294.8223,272.1948,297.1553,250.1537,294.8748,263.2586,298.1468,286.7247,299.5694,,,279.3937,209.3521,281.3352,209.5978,,
73963,0,,,,,,,,,,,,,,,258.7725,207.1496,291.3845,210.0236,251.6166,222.9634,286.7459,224.7294,266.7130,224.5934,280.6497,225.6886,262.7685,260.4436,281.5689,261.4473,260.0171,293.0076,283.5172,295.0057,,,,,,,289.2214,209.7356,254.0340,206.7060,292.3326,210.0426,260.0603,207.3150,286.8225,224.0094,250.3297,222.1505,290.1146,225.3034,250.3672,222.7804,275.7791,216.6661,259.6147,216.3027,283.4609,216.2455,274.9603,216.1548,285.5868,257.8229,260.0206,258.5396,274.3737,258.4665,268.5555,257.8738,287.8733,295.1054,257.7683,293.6397,281.3554,295.3343,260.8905,292.8312,283.6586,298.8243,249.9525,297.8224,276.5307,297.2122,250.5872,295.1313,271.8585,297.4405,250.4545,295.2679,263.0206,298.1637,286.6880,299.6045,,,278.7639,208.9991,281.4239,209.2394,,
73964,0,,,,,,,,,,,,,,,257.0137,207.4012,288.1294,210.1788,249.9335,223.6902,285.2747,224.6807,266.6375,224.5130,280.3659,225.4600,262.1276,260.4418,281.0916,260.8865,261.0026,292.9440,283.3268,294.2593,,,,,,,287.6726,209.0318,252.9426,206.1166,290.9098,209.3384,258.4869,207.4348,285.2623,223.8402,248.8098,222.8576,288.8272,224.9985,248.9421,223.5291,274.9977,216.7262,259.2886,216.2007,283.6794,215.9200,275.6749,215.9008,284.8625,257.3981,259.4933,258.5199,273.9757,258.3029,267.8517,257.9580,287.5476,294.3415,258.6218,293.5799,280.9981,294.5986,261.8972,292.7998,283.4425,298.3805,251.1058,297.8239,276.3928,296.7249,251.0629,294.9773,271.7927,297.0539,250.6897,294.9643,263.9408,298.0942,286.6691,298.8522,,,278.6400,209.2913,280.3338,208.6056,,
73965,0,,,,,,,,,,,,,,,256.3979,206.9506,286.5569,209.8344,249.1222,223.2831,284.9698,224.1197,265.7620,224.3343,280.1986,225.3812,261.7518,260.2660,279.5908,260.8957,260.7679,292.9310,283.1535,294.2838,,,,,,,287.8228,208.6319,251.9405,205.5963,290.1397,208.8420,257.9860,206.9871,284.8665,223.2483,248.1639,222.3700,288.8282,224.6589,247.9435,223.1556,274.2640,216.2459,257.7227,215.5142,282.9356,215.6356,274.4419,215.4701,283.5716,257.0286,258.9835,258.3471,272.3639,258.0423,267.6020,257.6435,287.3781,294.3437,258.2673,293.6884,280.9136,294.6766,261.5375,292.7829,282.3648,298.1358,250.4697,297.8652,275.4071,296.6942,250.6510,294.9135,270.7572,297.0797,250.3554,294.8378,263.4192,298.2816,286.9188,299.1245,,,277.2897,207.9430,279.8387,208.1047,,
73966,0,,,,,,,,,,,,,,,256.5465,207.0723,288.6998,210.1166,248.7285,223.7118,286.8931,224.0935,265.3698,224.3614,280.1098,225.1921,262.1039,260.4376,279.0931,260.9062,260.8134,293.1940,283.2918,294.1672,,,,,,,289.5591,208.8856,252.2747,205.7468,289.4542,209.7845,257.9967,207.1477,287.4743,223.3208,247.8620,222.7679,291.0680,224.6570,247.3857,223.4663,274.3906,216.1643,257.7466,215.4112,282.0585,215.5806,273.6946,215.7396,283.1306,257.3633,259.4054,258.3848,271.6969,258.0646,267.8360,257.9029,287.4729,294.3371,258.2870,293.9108,281.1541,294.4769,261.7090,293.0146,283.0928,298.2809,250.5558,298.0354,276.2856,296.6868,251.0677,295.1279,271.6200,297.1043,250.7948,295.1125,263.3885,298.8437,286.6169,298.7272,,,276.8171,208.9219,278.6488,208.1629,,
73967,0,,,,,,,,,,,,,,,256.2953,206.2797,287.8075,209.3567,247.8337,223.1825,285.7706,222.9995,264.2525,223.4236,280.1222,224.1935,261.5184,260.5914,279.1283,260.5761,261.3182,293.4995,283.1672,294.3135,,,,,,,289.5960,208.0058,252.9329,204.8335,288.5827,208.9599,257.8644,206.3935,286.0959,222.2011,247.0268,222.1710,289.7271,223.5722,246.4265,222.9228,274.5297,215.0811,257.0139,214.2543,281.8313,214.4746,273.0903,214.5702,282.9531,256.9307,258.2772,258.5136,271.4072,257.7962,268.2670,258.0286,287.6686,294.5209,258.4760,294.3233,280.9100,294.6910,262.3563,293.4907,283.9853,298.7046,251.1769,298.8742,276.5368,296.9813,252.1968,295.9409,271.5894,297.4691,251.9348,295.6423,263.6615,299.2049,286.4339,298.9837,,,276.4459,208.1138,,,,
73968,0,,,,,,,,,,,,,,,255.5263,206.2941,284.8856,209.0137,247.5522,223.7192,284.1941,223.0716,263.6163,224.0764,278.6970,224.7892,262.0872,260.8838,277.6973,260.9884,261.4307,293.6438,281.8696,293.8790,,,,,,,286.6752,207.6147,252.4696,204.6643,286.6226,208.7150,257.1471,206.3506,283.9812,222.1258,246.7150,222.5745,287.8811,223.5404,246.2748,223.4868,272.9394,215.4572,255.7217,214.6517,280.8044,215.0693,272.5829,215.0371,281.4446,257.4299,258.6033,258.7523,270.4231,258.1022,268.6225,258.4442,286.5057,294.0511,258.6012,294.5237,279.7494,294.3854,262.4117,293.5231,281.6414,297.8938,251.2363,298.9990,274.6880,296.5139,251.7697,295.8872,270.2087,297.0937,251.4513,295.6313,263.9609,299.4111,285.8239,298.4866,,,275.0166,208.0767,,,,
73969,0,,,,,,,,,,,,,,,256.2193,206.2748,283.4649,208.7228,246.4886,224.2014,283.2385,222.4160,263.0469,224.1304,278.3759,224.5930,261.6317,260.6818,276.2236,260.2080,261.2802,293.5273,281.9205,293.1883,,,,,,,285.9710,207.4169,252.6079,204.5582,284.4934,208.4174,258.1299,206.4126,282.8344,221.1467,245.4474,222.9980,287.1857,223.0054,245.5963,223.9867,271.9281,215.0485,255.0081,214.7161,280.0836,215.0809,271.6939,215.0318,279.7877,256.6794,258.2684,258.7490,269.3683,257.6961,268.0805,258.4115,286.4768,293.2278,258.6160,294.4594,279.9610,293.8008,262.2332,293.4403,280.9091,297.2336,251.6880,299.5579,273.5196,296.0424,251.8399,296.2016,268.9682,296.7637,251.2829,295.9427,263.9417,298.9888,285.7724,297.7038,,,273.7426,207.6405,,,,
73970,0,,,,,,,,,,,,,,,255.8032,206.3537,283.0813,208.7338,245.6468,224.3926,282.4249,222.4263,263.0902,225.2139,276.1909,225.6848,261.1661,262.2802,274.2591,261.4323,260.8709,294.1353,279.9792,292.4588,,,,,,,284.1076,207.0029,252.2763,204.3470,283.9218,208.4828,257.9381,206.4807,282.1765,221.4289,244.5008,223.1463,286.4030,223.1415,244.8347,224.2073,269.8811,216.4260,255.5837,216.1858,279.3008,216.2478,271.6119,216.2624,277.1384,257.6685,257.6089,259.9503,268.3927,259.2747,267.0626,259.9554,283.6287,292.1990,258.8745,295.3656,278.3351,293.2207,261.7128,294.0089,277.6800,296.2355,251.8750,300.1350,271.9561,295.6121,251.5461,296.7243,267.8081,296.5100,250.5293,296.2909,262.9838,299.4536,283.9754,296.6492,,,273.7842,209.0217,276.0650,206.4070,,
73971,0,,,,,,,,,,,,,,,255.2835,206.0213,282.1363,208.4852,244.4891,224.1766,279.7999,221.8828,262.1022,224.4724,275.6228,224.8092,260.4057,261.9497,274.2138,260.6277,260.9729,293.8000,278.3307,292.1296,,,,,,,282.2356,206.4870,251.8801,204.0499,281.5233,208.0776,257.5531,206.2261,278.6435,220.8618,243.2721,223.1073,282.8390,222.3287,243.9416,223.9532,269.0815,215.6312,254.4423,214.8996,278.8631,215.9365,270.9736,215.6328,277.2579,256.9864,257.2485,259.7875,268.7465,258.4967,265.8801,259.2744,281.6628,291.6718,258.9124,295.0844,276.6086,292.9525,261.7224,293.6602,275.9188,295.7076,251.5658,299.8374,270.2460,295.0620,251.1204,296.4751,265.9019,295.9124,249.9191,296.0586,263.1738,298.7753,282.9696,296.3939,,,273.5161,207.9546,276.8830,206.1389,,
73972,0,,,,,,,,,,,,,,,254.5372,205.8661,281.3998,208.4004,243.8238,223.5432,277.5159,220.8722,262.0059,223.6355,275.6802,223.9271,259.2160,261.7575,273.5355,260.0836,260.8702,294.2218,276.3296,291.8761,,,,,,,281.5805,206.4026,251.2017,203.7711,281.3677,207.8497,256.7040,206.0311,276.6112,220.0556,242.3090,222.6048,279.9665,221.3763,243.3743,223.4190,269.6804,215.2486,253.9829,214.5206,278.8464,215.7586,270.7388,215.2454,276.3754,256.5904,256.2039,259.5960,267.8560,258.1044,263.9311,259.0071,279.5997,291.4155,258.9051,295.2879,274.4779,292.5164,261.5605,293.9881,275.0460,295.4163,252.0972,299.9654,269.4670,294.5094,251.2326,296.8716,265.6496,295.3237,249.9197,296.3645,263.3786,299.1592,281.0871,296.0864,,,273.6283,207.8293,277.2854,206.1468,,
73973,0,,,,,,,,,,,,,,,254.3637,205.7640,278.9785,207.9517,243.4207,223.5262,272.6831,219.8601,262.1067,224.1960,274.6276,224.5161,259.8392,262.0572,274.3143,260.8245,261.5148,294.2761,273.3326,291.5770,,,,,,,278.8611,205.9106,250.9985,203.6623,278.8462,207.5160,256.2228,205.7434,271.6298,219.0569,241.9257,222.5540,273.9387,220.1224,243.1029,223.3850,270.0985,215.3296,255.4629,214.8017,277.9519,215.4024,270.3819,215.0506,276.6833,257.0961,256.5959,259.7537,268.6638,258.4649,264.0218,259.1102,276.2498,291.0810,259.5609,295.2537,271.2771,292.2340,262.1273,294.1034,272.4229,295.0125,253.2321,300.0515,267.2069,293.9551,252.7122,297.1130,263.5321,294.6361,251.5462,296.5977,264.6224,299.3469,276.6288,296.0255,,,273.0822,207.7645,275.7881,205.8342,,
73974,0,,,,,,,,,,,,,,,253.7108,205.5351,280.1809,207.6514,243.2908,223.1585,272.7268,219.5065,261.5767,223.3463,274.4349,223.7280,259.3867,261.5631,274.1618,260.5666,261.4523,294.3116,272.3096,291.6470,,,,,,,279.2000,205.9846,250.0748,203.6090,279.9154,207.2445,255.8447,205.6102,271.7331,218.5110,241.5812,222.1525,273.9241,219.7322,243.1878,223.0811,270.0346,214.9144,254.2201,214.0643,277.9949,215.1154,270.1430,214.6147,276.4682,256.8498,256.0461,259.3854,268.2077,258.2722,263.4815,258.7606,275.3459,291.2065,259.4106,295.2791,270.3022,292.2812,262.2535,294.1601,271.7851,295.1888,253.0557,300.2902,266.2602,293.8195,252.6571,297.2890,262.3969,294.3362,251.8959,296.9768,265.1536,299.5488,274.8500,296.3182,,,273.5212,207.6079,,,,
73975,0,,,,,,,,,,,,,,,253.4234,205.6305,279.5594,207.9971,242.9221,222.8349,271.6074,219.7003,261.5698,224.0707,275.7204,224.9681,259.9280,261.3722,274.4466,261.4712,260.9361,294.5122,272.8574,291.9954,,,,,,,279.5926,206.7200,249.6027,203.3432,280.4175,207.6476,255.6716,205.6378,270.1055,218.6371,241.0838,222.0317,272.4147,219.8453,242.6958,222.9045,271.1787,215.8424,254.8064,214.6919,279.1090,215.8047,270.7203,215.0648,276.6555,257.4044,256.4491,259.1246,268.0642,258.3761,264.3824,258.3867,276.2411,291.7050,258.5748,295.3906,270.8422,292.5751,261.7878,294.4489,272.7578,295.4434,250.7939,299.9335,266.6171,294.0392,251.2322,297.1814,262.5216,294.4020,250.8651,296.7638,264.0612,299.5156,275.4526,296.7789,,,274.4202,209.1648,277.7207,205.8642,,
73976,0,,,,,,,,,,,,,,,253.1585,205.8425,280.3821,208.2179,242.6172,223.1379,271.5489,219.8659,261.5722,223.8451,276.0696,224.4599,259.5404,261.5743,274.4207,261.2233,260.9227,294.4825,272.6163,291.9373,,,,,,,280.0432,206.8856,249.2997,204.4068,281.5617,207.8451,255.3439,205.8711,270.2585,218.8443,241.1080,222.3120,272.5710,219.9464,242.3074,223.2374,270.9363,215.6312,254.2998,214.6193,279.2889,215.4277,270.7318,215.0069,276.6139,257.3604,256.1687,259.4356,267.9441,258.3715,264.2522,258.7269,275.8181,291.6588,258.5148,295.3310,270.6107,292.4391,261.9129,294.3721,272.7477,295.5699,251.2829,299.9393,266.7329,294.1360,251.7614,297.1636,262.7395,294.4654,251.5968,296.7957,263.9691,299.3668,274.9996,296.5785,,,274.0066,208.3099,,,,
73977,0,,,,,,,,,,,,,,,253.8142,205.7734,280.4188,208.1856,242.7943,222.7105,271.5225,219.6658,261.4708,223.6023,276.4436,224.4031,259.7195,261.3448,274.1988,261.0502,260.7246,294.3570,272.8158,291.9366,,,,,,,280.0694,206.7903,249.9254,204.3265,281.8145,207.7302,256.2277,205.7995,270.2829,218.6991,241.3092,221.8325,272.5622,219.7218,242.5795,222.7517,270.8929,215.3953,253.3132,214.3252,279.0093,214.8293,270.2225,214.4097,276.6136,256.9177,256.0889,259.1602,267.5638,258.0109,264.6737,258.3226,276.2909,291.6463,258.1939,295.0969,270.7741,292.4725,261.7011,294.2965,273.8381,295.8534,250.8661,299.6826,267.8605,294.5138,251.6135,297.1278,264.1193,294.9852,251.5906,296.8529,263.2104,298.9931,275.3832,296.6918,,,273.1236,208.0987,,,,
73978,0,,,,,,,,,,,,,,,253.6838,205.7690,280.8191,208.2299,242.7103,222.5329,271.3585,219.2332,261.4203,223.6517,276.3977,224.3741,259.7231,261.2181,274.2624,261.0105,260.5480,294.0020,272.6042,291.8801,,,,,,,280.5855,206.8843,249.5149,204.3123,281.8142,207.7601,256.1586,205.8133,270.2369,218.2576,241.4106,221.7033,272.1407,219.3193,242.1698,222.5613,271.2394,215.1601,253.4756,214.2473,279.5817,214.9011,270.4811,214.4061,276.7416,256.9432,256.1525,258.9607,267.5440,257.9353,264.6263,258.1914,276.0040,291.6669,257.9047,294.6965,270.5988,292.3799,261.6625,293.9342,273.3794,296.0600,250.4539,299.2510,267.3908,294.5663,251.0724,296.6515,263.7128,294.9884,251.1854,296.4389,263.1602,298.6953,274.9876,296.7086,,,273.7836,208.2236,,,,
73979,0,,,,,,,,,,,,,,,253.5053,205.2942,280.6348,207.9349,242.9537,222.0179,271.1238,219.1084,261.4535,223.2715,275.4639,223.9024,259.8411,261.0411,273.7557,260.5200,260.7481,293.9693,272.6116,291.6167,,,,,,,280.1075,206.4680,249.6496,203.1022,281.1967,207.3903,255.7848,205.3823,269.7743,218.0952,241.6629,220.9057,272.1727,219.1958,242.6634,222.1909,270.3113,214.7103,253.4450,213.5699,278.9433,214.2056,270.3024,213.6122,276.3214,256.2482,256.3896,258.7253,267.0873,257.3543,264.3241,257.9169,275.9315,291.3485,258.3523,294.6538,270.5921,292.1486,261.7407,293.8778,273.0681,295.7870,250.5618,299.4233,266.9958,294.3124,251.1409,296.8093,263.0973,294.6969,250.8492,296.5124,263.5305,298.5492,274.9687,296.3167,,,273.1222,207.5898,,,,
73980,0,,,,,,,,,,,,,,,254.5412,205.2031,280.8684,207.8599,243.9431,221.5870,271.2460,219.4135,261.9118,223.4124,275.3446,224.5063,260.5345,261.1121,273.8013,260.2791,261.0648,294.1193,272.5794,291.7850,,,,,,,280.1360,206.4021,250.6115,203.1091,282.1918,207.3959,256.7504,205.2855,270.0200,218.5297,242.8073,220.5753,272.2381,219.5483,243.9300,221.6638,270.0955,215.1645,254.2196,213.9565,279.1470,214.5073,271.0667,214.0859,276.1418,256.2167,257.2009,258.8032,267.3791,257.3456,264.9764,258.1207,275.7684,291.4100,258.6078,294.7224,270.6143,292.3154,262.0768,294.0208,272.9854,295.7408,251.2463,299.3766,267.0602,294.3261,251.5989,296.8476,263.3153,294.7898,251.6114,296.6392,263.3961,298.6217,274.7639,296.4839,,,273.7203,207.2645,,,,
73981,0,,,,,,,,,,,,,,,254.2192,205.3640,279.6976,208.0191,244.1780,221.6330,270.0462,219.2009,261.5892,223.3399,275.2515,224.5081,260.4424,260.9136,274.4355,260.2510,261.1386,294.0877,272.6492,291.7151,,,,,,,279.7013,206.4669,250.0263,203.0992,281.7899,207.5786,256.6006,205.4150,268.5725,218.2618,242.9102,220.6731,270.8093,219.4815,244.0601,221.7588,270.4593,215.4044,253.9336,213.9906,279.0752,214.5540,270.7296,213.9736,276.8831,256.1106,257.0832,258.7083,268.0198,257.3771,265.0367,257.9310,275.8248,291.3553,258.6573,294.7475,270.6547,292.2773,262.1118,294.0187,272.8231,295.6779,251.2242,299.4475,266.8838,294.2321,251.7564,296.9331,263.2451,294.7329,251.8004,296.7123,263.4049,298.5832,275.0526,296.4448,,,273.5904,207.7717,,,,
73982,0,,,,,,,,,,,,,,,254.7758,205.4183,280.6735,207.8591,243.9109,221.4290,270.2036,219.2463,261.1131,222.7319,275.2674,223.6026,260.2778,260.3222,274.0659,259.5335,261.2148,294.0255,273.0202,291.5175,,,,,,,280.5906,206.5492,250.5768,203.2523,280.9814,207.5082,257.1542,205.4943,268.9347,218.2826,242.6028,220.5091,271.1606,219.3906,243.9847,221.5160,270.6779,214.6309,253.5379,213.2560,279.2357,214.1118,270.5173,213.2564,276.9099,255.6019,256.9467,258.1000,267.8851,256.6671,265.2584,257.5187,276.3552,291.1121,258.4734,294.6185,270.8592,292.1403,262.2920,293.9482,273.0812,295.6275,251.1369,299.3245,266.8556,294.0573,251.5405,296.8535,262.9880,294.4145,251.6504,296.5992,263.3770,298.4679,275.5889,296.4621,,,273.5899,207.7790,,,,
73983,0,,,,,,,,,,,,,,,254.5171,205.3062,280.5990,207.8159,244.7099,221.9005,270.4406,219.5183,261.2068,222.9752,274.9229,223.6908,260.5009,260.6306,274.2573,259.8791,261.2407,293.7973,272.7772,291.7270,,,,,,,280.6613,206.4184,250.2229,202.9943,281.6668,207.4590,256.7606,205.3375,268.9428,218.4990,243.3625,220.9409,271.5273,219.6229,244.5354,221.9686,270.2609,214.7807,253.5446,213.5231,278.8424,214.2049,270.2425,213.6002,277.0342,255.8578,257.2120,258.4942,268.0752,256.9262,265.1303,257.6105,276.1106,291.3587,258.4660,294.3299,270.6883,292.3097,262.3614,293.8003,272.9582,295.6496,251.1843,299.1249,266.8773,294.1204,251.5312,296.5407,263.0660,294.4494,252.0030,296.3583,263.4352,298.3098,275.2061,296.5473,,,272.9396,207.7157,,,,
73984,0,,,,,,,,,,,,,,,255.4921,205.4550,282.2742,208.1587,244.9126,221.9407,271.6894,219.4701,261.6358,223.2536,276.0212,223.9220,260.8080,260.5865,274.6076,259.9124,260.9388,293.6049,272.7901,291.6607,,,,,,,282.3859,206.8769,251.3099,203.1330,283.2134,207.7638,257.5007,205.4822,270.4454,218.5149,243.6336,221.0111,272.7447,219.6256,244.7526,222.0166,271.2251,214.8775,253.9127,213.7148,279.5035,214.5058,270.4763,214.1095,277.5667,255.9361,257.3925,258.3400,268.3403,256.9078,265.6809,257.7414,276.1953,291.3105,257.9946,294.0567,270.6763,292.2257,262.1230,293.6286,273.0466,295.6841,250.6119,298.8364,267.0880,294.1697,251.1564,296.3581,263.4124,294.5830,251.5767,296.1608,263.0976,297.9840,275.1134,296.2620,,,273.3797,207.8921,,,,
73985,0,,,,,,,,,,,,,,,256.1984,205.3674,280.3583,207.8183,245.4384,221.7355,270.6729,219.9276,263.2148,223.5125,276.4936,224.7545,261.1039,260.6014,274.1033,260.0785,261.5721,293.7052,273.1789,291.9021,,,,,,,279.3912,206.2310,252.5502,203.2509,281.5290,207.3656,258.6002,205.3886,268.9136,219.0766,244.4923,220.7990,271.5928,219.9077,245.3030,221.8399,271.8272,214.9594,256.1627,214.2781,280.0036,214.5984,272.1766,214.2060,277.0584,255.7775,258.0144,258.4213,268.4877,256.9204,265.6761,257.6787,276.2848,291.4505,258.8707,294.2486,271.1120,292.4333,262.6052,293.7177,273.0744,295.7295,252.1298,299.3012,267.2356,294.2261,252.1106,296.7910,263.5425,294.7179,252.2669,296.7873,263.6839,297.9854,275.4809,296.5072,,,274.7720,207.4458,,,,
73986,0,,,,,,,,,,,,,,,256.8883,205.6528,281.0455,207.9199,245.7561,221.9385,271.7205,219.8238,262.7683,223.4255,276.8640,224.5565,260.6333,260.4902,274.7953,259.9683,261.3433,294.0186,273.2801,292.0754,,,,,,,280.3678,206.4994,253.2591,203.3831,281.9302,207.6306,259.1061,205.6658,270.6093,218.9443,244.9826,221.1027,272.6410,219.9321,245.4068,221.9909,272.1839,215.3836,255.4325,214.7056,279.9378,215.0645,271.8247,214.6498,277.8343,255.9653,257.7010,258.3047,268.5586,257.0344,265.0554,257.6863,276.4474,291.7009,258.4953,294.5497,271.0936,292.5065,262.3917,294.0397,273.2897,295.7973,251.5584,299.3965,267.4061,294.2804,251.6866,296.8422,263.3847,294.6992,251.9681,296.7548,263.5141,298.4098,275.3559,296.4024,,,274.5984,207.9266,,,,
73987,0,,,,,,,,,,,,,,,257.4812,205.7500,282.7215,207.9555,245.6998,221.7115,272.6310,220.4527,262.6727,223.5970,277.1078,225.0624,260.9417,260.7036,274.9341,260.5652,261.2326,294.3001,273.1553,292.3985,,,,,,,281.9172,206.7688,254.1114,204.4078,283.5650,207.7293,259.8654,205.8191,271.8051,219.5665,244.7697,220.7919,273.7411,220.5103,245.4230,221.7832,272.6418,215.6971,255.7368,214.8093,279.9903,215.3598,271.8122,214.8483,277.8415,256.7167,258.0209,258.5022,268.4269,257.4340,265.1376,258.0184,276.4348,292.0868,258.4895,294.8541,270.9573,292.8035,262.1833,294.3268,273.3035,296.1483,251.4547,299.7198,267.3307,294.5559,251.4695,297.0279,263.4147,295.0269,251.7508,296.9959,263.4959,298.8401,275.1292,296.7739,,,274.7083,208.0801,,,,
73988,0,,,,,,,,,,,,,,,257.8283,205.6902,282.8145,207.8177,246.1974,221.6111,273.1090,220.6113,262.7350,223.6688,276.7318,225.0328,260.6131,260.6356,274.8327,260.3721,261.4196,294.1695,273.1628,292.2168,,,,,,,282.0989,206.7876,254.3845,204.4059,283.2998,207.6430,259.9620,205.7960,272.5259,219.6812,245.2381,220.7241,274.2732,220.7049,245.9360,221.6370,271.9097,215.8326,255.4258,215.0316,279.8608,215.4708,271.8514,214.9535,277.7793,256.5137,257.6549,258.5527,268.5205,257.4616,265.0186,258.0403,276.3111,291.8557,258.6833,294.6850,270.9845,292.6424,262.4037,294.1516,273.0264,295.9099,251.6033,299.5350,267.1000,294.2939,251.5937,296.8629,263.2763,294.7588,251.8596,296.8029,263.6089,298.5079,275.3954,296.6522,,,274.5318,208.0524,280.0503,205.6369,,
73989,0,,,,,,,,,,,,,,,257.6116,205.6683,283.8185,208.1423,245.8255,221.3830,274.3792,221.5652,263.1824,223.6706,276.5208,225.0101,260.8926,260.7076,274.5912,260.3132,261.6993,293.8933,272.7937,292.1934,,,,,,,283.6911,207.1635,254.2523,204.3499,284.8384,207.9219,259.4432,205.7002,273.8644,220.5652,244.8374,220.4851,275.4132,221.6156,245.7560,221.3093,272.8348,216.4458,256.9525,215.4663,280.5749,215.8998,272.6904,215.1920,277.4041,256.5001,257.8093,258.4304,268.7152,257.4627,265.5256,258.0540,275.7565,291.7791,258.9056,294.3323,270.7815,292.6741,262.7143,293.8979,272.7589,295.9857,251.6695,299.1283,267.1142,294.4205,251.6239,296.6088,263.5902,294.8133,251.8659,296.5570,263.8116,297.9508,274.9580,296.5575,,,275.9037,209.1780,280.7301,205.5990,,
73991,0,,,,,,,,,,,,,,,257.6623,205.4413,285.3544,208.0436,244.6114,220.8291,275.5621,222.5999,263.5995,223.9311,276.4210,225.4892,261.4086,260.3630,274.5130,260.3580,261.1546,293.9332,271.4567,291.6216,,,,,,,284.4521,207.4380,253.3195,204.1179,285.9497,208.0385,259.9654,205.4385,274.5968,221.4730,243.1297,219.9432,276.0895,222.4935,244.5141,220.5115,272.1129,216.7685,256.0658,214.8617,281.0359,216.0781,273.8413,215.1538,277.0704,256.5609,258.1980,258.1613,268.8495,257.3269,266.4394,257.5277,274.4371,291.3135,258.5369,294.4882,269.4535,292.1266,262.1584,293.8775,271.5955,295.7581,251.4151,299.3212,265.6151,294.2197,251.6256,296.8552,261.8931,294.6120,251.5003,296.7275,263.8348,298.5820,273.9728,296.1593,,,276.1329,208.2378,281.1113,205.5789,,
73992,0,,,,,,,,,,,,,,,258.7420,205.3932,285.6232,207.7202,244.4787,220.1206,277.2191,222.7179,263.8689,223.9220,275.6628,224.8057,261.1268,259.7858,273.1525,260.0930,261.9692,294.0268,271.5411,292.0451,,,,,,,286.3664,207.2226,254.3635,204.1310,285.4930,207.7439,262.5166,205.5661,276.4850,221.6334,242.7994,219.5577,277.8096,222.3521,244.5300,219.7523,270.9834,215.7367,255.2833,214.4139,280.9797,215.7931,274.5054,215.4972,276.2470,255.8652,258.4165,257.1159,267.3275,256.6365,265.0770,256.7933,274.4118,292.0132,259.3038,294.6720,269.3389,292.4775,262.7459,294.2873,271.1447,296.2742,252.3510,299.6628,265.1196,294.7745,251.7606,297.0314,261.2686,295.1048,251.3710,296.9683,264.6595,298.8117,274.1815,296.6708,,,276.3892,209.0865,281.5619,205.6224,,
73993,0,,,,,,,,,,,,,,,258.3233,205.2113,287.3273,208.1455,245.4095,220.2555,281.0382,223.5742,262.7662,223.3013,275.7121,224.3055,260.7249,259.3415,273.3469,259.8779,261.5634,293.8618,271.8363,292.2098,,,,,,,288.3853,207.4989,254.0157,204.0502,286.3505,208.0346,261.1446,205.2729,279.6747,222.4499,243.5464,219.7421,282.5437,223.4056,245.2988,219.6678,270.9073,215.9030,254.9136,214.4068,280.3842,215.5681,273.4258,215.0867,276.5923,256.1427,258.0139,256.9359,267.2556,256.3762,265.0922,256.4703,274.7156,292.0174,258.5274,294.3479,269.4938,292.6002,262.3562,293.9985,271.6770,295.9832,251.2773,299.1042,265.4786,294.5837,250.9381,296.4540,261.3436,295.0441,250.7936,296.3851,263.8157,298.3303,274.3223,296.6243,,,275.0793,208.0799,278.3944,205.3009,,
73994,0,,,,,,,,,,,,,,,260.2642,205.1651,289.2642,207.9742,245.2940,219.4348,286.0333,224.5150,262.9914,223.9003,275.0549,224.7025,260.6600,259.9625,273.5735,259.7985,261.6446,294.2061,272.0189,292.3162,,,,,,,287.4697,207.1533,257.3736,203.5369,288.9523,208.0154,262.5399,205.1773,283.0030,223.3077,243.5575,218.7412,287.0167,224.1689,245.6735,218.9198,270.8754,216.4844,256.1812,215.0537,281.5690,216.1782,274.8546,215.4065,275.9628,256.0361,257.8440,257.7756,268.2143,256.9485,265.5984,257.0403,274.7949,291.9665,259.1367,294.7078,270.0181,292.8578,262.3362,294.2737,271.5514,296.1087,251.2430,299.5648,265.3429,294.5626,250.3831,297.0173,261.2874,294.8801,249.9348,296.8849,264.3873,298.8940,274.9826,296.9002,,,277.0147,209.3896,280.4412,205.4634,,
73995,0,,,,,,,,,,,,,,,258.9916,204.3310,288.8201,206.9985,245.7768,218.7305,288.1146,223.5898,262.8420,223.8265,272.0777,224.6196,261.4092,258.9628,272.7031,259.3273,261.2730,293.4548,271.4930,291.6701,,,,,,,287.0769,206.6010,256.1914,203.2717,287.9701,206.8809,262.6300,203.8553,284.5457,222.4135,244.3242,218.0754,288.8449,223.0467,245.5299,217.9460,268.8406,215.3071,256.1964,214.8883,279.8078,215.2263,273.2053,215.1724,275.3915,255.4904,258.8409,256.7004,268.0350,256.2873,265.1330,256.2595,274.0141,291.5374,259.2743,294.1500,269.4650,292.1334,262.0624,293.6789,270.6061,295.7540,252.1845,299.1676,264.5523,294.2964,251.4821,296.6905,260.7733,294.7062,250.4327,296.7491,264.4599,298.6036,274.4236,296.6866,,,275.4847,208.5072,276.8749,204.9910,,
73996,0,,,,,,,,,,,,,,,258.1987,203.4945,290.6424,206.1212,244.8524,217.7027,287.8377,224.3936,262.4814,223.7246,272.4655,224.2152,261.3871,259.3501,272.8058,259.8442,262.0487,294.2879,271.0582,292.5437,,,,,,,285.9521,206.4848,254.0579,203.2600,288.0806,206.9299,261.1646,204.4962,283.8100,223.3512,242.7591,217.2081,288.5047,224.0316,245.4702,217.0415,267.1322,215.5253,255.1791,215.2681,278.5660,215.2418,273.1760,214.8797,275.0983,256.3119,259.1100,257.1707,267.6301,256.6973,264.9110,256.6928,273.5335,292.2257,259.9596,295.0197,268.7647,292.9642,262.3371,294.4246,269.6771,295.9189,252.9963,300.4019,264.0811,294.8055,251.0620,297.2299,260.1254,295.2938,250.1273,297.2901,264.7905,299.0331,274.4338,296.8998,,,274.3347,208.1342,277.2137,205.0640,,
73997,0,,,,,,,293.8991,206.6560,,,,,,,294.5982,206.5230,254.5097,203.3083,299.4294,224.1283,237.2338,216.3468,271.8303,223.2971,262.3510,222.0499,261.0200,258.9195,271.5698,258.1964,261.9496,293.9179,269.3791,291.9946,,,,,,,249.7857,202.9704,295.1799,206.8887,256.6154,203.5191,291.6484,206.4925,233.2478,215.5592,296.5243,223.2449,236.1192,215.8324,301.3793,223.8751,260.6430,213.9773,265.9309,214.0235,276.2764,213.5701,278.0895,213.4235,273.3898,254.2828,258.5207,257.1051,268.2786,255.8831,264.2456,255.9969,271.2072,291.4130,260.4390,294.7728,267.9737,292.6833,261.6730,293.7534,268.0474,295.1560,253.9837,300.5955,262.5910,294.0177,252.0929,297.3472,258.9950,294.4668,250.7445,296.9314,264.2498,298.1749,271.9979,296.7877,,,275.7349,207.2194,277.5958,205.2399,,
73998,0,,,,,,,,,,,,,,,296.2658,206.9781,293.8235,206.5275,243.0062,214.7197,230.3849,214.2822,265.7472,222.7937,270.7288,223.5651,261.2731,259.6759,272.3101,259.0688,262.0099,295.2213,270.3548,292.2172,,,,,,,,,298.2411,207.1230,293.4404,206.4591,292.9770,206.6237,225.9004,213.2016,238.4160,213.4188,228.8399,214.4271,245.1368,214.8012,264.6129,214.1770,259.0170,212.6220,277.4294,213.8168,276.4189,213.1352,272.8107,255.1064,259.7011,257.9985,269.3777,256.8910,264.3342,256.7104,271.7004,291.4911,261.3354,296.5089,269.1755,293.1027,261.7010,294.8597,267.6695,295.4239,255.0038,302.1728,262.7424,294.5022,252.3618,298.8125,259.5225,295.2154,250.8263,298.3331,264.6596,299.8109,273.5723,296.6423,,,275.2521,206.2505,278.1077,205.3407,,
73999,0,,,,,,,,,,,,,,,298.8059,207.2630,248.0554,202.9925,296.2158,217.2453,230.0192,213.2126,269.4296,221.6829,270.7958,221.5475,261.3557,258.1300,271.6003,257.1667,262.1138,294.6239,270.2351,291.1526,,,,,,,239.2426,202.0635,,,250.2289,203.0474,297.5761,207.0343,226.3468,212.6286,292.7936,215.9371,229.3416,213.3311,299.6714,218.1365,264.7520,211.9323,261.8725,210.9303,277.2033,212.7883,279.3673,212.5509,272.2207,253.6885,260.1356,256.8356,268.7505,255.1047,263.6039,255.2245,271.8091,290.7034,261.3654,295.8279,268.9279,292.0648,261.8701,294.2904,267.6920,295.0354,255.4251,301.7817,262.6885,293.9777,252.8931,298.1255,259.2290,294.5690,251.5214,297.6578,264.8352,299.1961,273.3107,295.8587,,,277.5900,205.3450,,,,
74000,0,,,,,,,,,,,,,,,300.8040,207.4361,252.2276,203.1527,295.5828,219.1220,233.0095,212.8291,272.2022,221.9398,264.8517,220.3561,261.4958,258.4501,271.9472,257.6105,261.3808,294.0488,269.6961,291.3870,,,,,,,248.9913,203.0295,,,254.1665,203.3702,301.0024,207.3966,229.2595,212.2543,292.8678,217.8809,232.3636,213.2559,298.5784,219.9321,259.8311,212.1299,269.1065,212.0942,277.0232,212.9461,282.2751,213.1148,272.9179,254.2326,259.9101,257.0348,269.0395,255.5382,264.2046,255.5813,271.2923,290.9503,260.6523,295.0661,268.2487,292.1043,260.9747,293.6902,267.6759,294.9117,252.6988,300.1855,261.9899,293.6739,250.7188,297.0674,258.4164,294.0892,249.3090,296.4486,264.4834,298.1331,273.2848,295.7063,,,279.6765,205.5536,,,,
74001,0,,,,,,,,,,,,,,,300.4119,207.2552,251.8633,203.3800,296.3756,222.8481,234.8940,212.0671,277.4753,222.2789,259.8965,219.8615,264.5029,258.6028,268.1905,257.2846,263.7787,293.9481,264.6995,292.2227,,,,,,,248.4219,203.0851,301.3861,207.6405,254.0517,203.4816,300.6250,207.4614,232.3668,211.2165,293.8555,221.7804,233.7292,212.0647,298.9643,223.2188,255.2194,211.1489,273.4907,213.2800,272.8850,212.2904,282.5034,213.6734,256.7037,253.0086,261.5412,257.1224,267.1679,254.9469,264.7693,255.1769,262.4928,291.9809,263.4834,294.9795,265.0658,292.6851,262.4891,293.5933,250.8444,295.4076,255.6173,300.5905,261.3566,293.4176,254.2249,297.4036,257.6765,293.5719,252.0717,296.2426,266.0489,297.8701,267.4692,297.1182,,,278.4615,206.6128,281.0624,205.8122,,
74002,0,,,,,,,,,,,,,,,300.3823,207.4388,250.6743,203.2884,295.2066,221.7568,232.4489,213.0878,273.1148,221.5100,262.1469,220.3168,261.0460,258.5798,271.9921,258.1579,261.4588,294.0038,270.2493,292.1008,,,,,,,242.6456,202.5361,,,253.9328,203.3909,301.8373,207.5884,228.6479,212.0110,292.5693,220.7097,232.4137,213.7493,297.8629,222.1156,261.4117,212.7805,267.4354,212.8201,275.5904,213.1874,279.6711,213.5024,273.2965,254.7025,259.4033,257.0154,268.4155,256.0904,263.4893,255.8400,271.9830,291.6359,260.1644,295.0618,268.4624,292.7056,260.9611,293.7514,268.5950,295.3421,252.1046,300.6565,263.2550,294.0954,250.7010,297.2271,259.4718,294.3234,249.0785,296.5368,263.8748,298.1390,273.1205,296.4764,,,278.1142,205.6739,280.4529,205.7655,,
74003,0,,,,,,,,,,,,,,,298.0302,207.3519,292.1926,206.7099,241.3145,213.1443,231.8244,212.5005,267.4196,220.7132,273.0918,221.7841,260.8378,258.9780,271.9122,257.7863,261.1511,294.2073,270.6006,291.7421,,,,,,,282.7533,205.7693,,,295.0504,206.7982,298.4826,207.3124,227.4774,210.9645,237.9392,212.1755,232.1481,212.9345,242.9799,213.0925,266.5401,213.3544,261.0896,212.0821,278.8816,212.3466,277.0312,211.7114,273.1787,253.9135,258.8708,257.2010,268.5801,255.6834,264.1433,255.9001,272.3981,291.4034,260.0044,295.1577,268.8742,292.3762,260.9269,294.0057,268.9724,295.4812,251.8773,300.4075,263.7272,294.2005,250.4424,297.3128,260.0071,294.4763,249.5651,296.8802,264.3464,298.4260,273.9056,296.1930,,,277.6593,206.8574,,,,
74004,0,,,,,,,,,,,,,,,297.4604,207.3997,292.3745,206.8171,241.7204,213.1875,231.8033,212.8709,264.0299,223.2874,274.4195,223.8138,261.3401,259.5529,272.9878,258.5214,261.7840,293.8817,272.0346,291.5300,,,,,,,,,294.8788,207.2256,295.6714,206.9549,293.6202,207.1952,229.6678,211.9500,238.4406,212.3641,232.7261,213.0966,242.6877,213.0707,269.7697,215.6930,257.4605,214.0569,280.7605,214.3507,275.1882,213.8001,274.7025,254.8980,259.0290,257.9233,268.8918,256.4818,264.9027,256.8773,274.3565,291.1496,259.9800,294.5184,270.1449,292.1503,262.1651,293.8021,270.8373,295.7712,252.9324,299.9394,265.1495,294.2401,251.6781,297.1478,261.2321,294.5251,251.2053,296.8620,264.5974,297.9528,274.6104,295.9830,,,276.5880,208.1515,278.5216,205.8414,,
74005,0,,,,,,,,,,,,,,,253.4914,203.6175,283.4120,207.4410,242.2377,213.2537,225.9098,212.4321,263.6089,223.7988,273.7222,224.3513,261.4137,260.0268,273.4125,259.2276,261.2370,293.7849,271.7583,291.4851,,,,,,,281.1477,205.6069,247.0917,202.9176,292.7424,206.6021,252.8234,203.3813,223.3708,210.9107,239.3690,212.2126,226.6853,212.5501,242.9584,213.0670,269.5047,215.9892,257.1910,214.9439,279.1700,215.0689,273.9262,214.3926,274.9082,255.2156,258.9808,258.2542,269.3800,257.1320,265.0288,257.2873,273.8594,291.0968,259.5207,294.5598,269.9972,292.0786,261.3660,293.7304,271.0682,295.5622,252.6573,299.7087,265.5923,294.3976,251.1741,296.8927,261.8721,294.7476,250.4113,296.5639,264.1476,297.8348,274.4420,295.6988,,,274.8765,208.4548,276.1283,205.3752,,
74006,0,,,,,,,,,,,,,,,254.4970,203.5894,283.0994,207.4769,242.2624,213.5663,224.9733,212.1700,262.9676,223.8584,273.4559,224.7907,261.5558,259.9424,273.1710,259.2440,261.5158,293.9125,271.5845,291.4075,,,,,,,280.1681,205.6702,250.6157,203.2595,290.4532,206.4913,253.9343,203.5395,222.6084,210.7720,239.6478,212.8190,225.7202,212.4555,242.9725,213.5475,268.8182,216.2282,257.0963,214.7446,278.6807,215.4571,273.8194,214.5915,274.8408,255.5110,259.2046,258.1476,269.0639,257.0941,265.2092,257.1666,273.6472,290.9695,259.7988,294.6613,269.8341,291.9909,261.6641,293.9000,270.6504,295.3713,252.2945,299.5971,265.3334,294.2079,251.1306,296.7934,261.8520,294.5642,250.4334,296.4393,264.2443,298.1019,274.2507,295.7399,,,274.5897,208.5091,276.3446,205.3586,,
74007,0,,,,,,,,,,,,,,,255.0390,203.8648,281.7830,207.3989,242.0478,213.9145,274.7437,221.3326,264.7094,222.3547,273.7912,222.8482,261.8265,259.1913,273.1003,258.1553,261.9264,293.5544,271.3618,291.3980,,,,,,,279.8262,205.7626,,,287.5180,206.3167,254.5892,203.8379,270.3129,219.9483,239.9205,213.3380,275.7884,220.9684,243.3520,213.9111,269.0416,214.0952,259.0865,213.1832,278.8814,213.1743,274.7683,213.3682,274.5959,254.1421,259.5877,257.3857,269.1032,255.9364,265.4840,256.2337,273.4132,290.9188,259.9091,294.2436,269.4686,292.0079,262.1868,293.4568,270.0584,295.1612,252.3716,299.4749,264.7315,293.9598,251.4222,296.5786,260.8811,294.3796,250.7323,296.2290,264.1813,297.8303,273.9819,295.7623,,,275.3583,207.8236,276.4397,205.6490,,
74008,0,,,,,,,,,,,,,,,257.0021,203.9609,277.3122,207.0147,241.4862,214.0679,274.9401,219.7295,266.0672,222.3958,273.1860,222.6551,261.2140,258.4233,272.2282,258.3734,261.6414,293.2805,270.9788,291.6615,,,,,,,286.2255,206.1078,,,279.4828,206.5660,261.3858,204.3161,272.1379,218.5519,239.3906,213.2446,276.3017,219.5264,242.2654,213.4271,268.8664,213.4418,257.9186,212.4184,280.0117,213.6417,275.8952,213.7410,274.2247,254.6836,259.1713,256.2819,267.7750,255.3349,264.1772,255.3561,273.4181,291.5100,260.2499,294.1761,268.9403,292.0570,261.8011,293.1050,269.0772,295.4170,252.8498,299.2390,263.8344,294.1148,251.8695,296.3344,260.1365,294.3947,250.7455,296.0302,264.2787,297.6604,273.7882,296.0269,,,275.7618,206.6305,277.1390,205.5307,,
74010,0,,,,,,,,,,,,,,,,,290.3318,208.3868,237.5451,211.0976,280.3286,219.6366,266.0283,221.0772,278.9859,221.9266,262.2471,258.4038,273.6998,258.4474,262.1020,293.3995,272.6757,291.6611,,,,,,,286.8139,206.5342,,,284.9728,207.7744,,,279.6064,218.6920,236.0235,209.5833,281.7984,219.8284,237.0897,210.7106,272.9989,212.6220,257.3439,211.2749,283.3507,213.4742,275.9944,212.1883,277.2343,254.9762,259.5416,256.3752,268.2388,255.6800,266.3776,255.9504,275.8200,291.5992,259.5204,293.7594,270.4201,291.9642,262.6737,293.3600,272.5266,295.3198,251.0608,298.6052,266.3222,293.6502,251.2231,295.7213,262.1041,293.8199,250.8752,295.4076,264.2097,297.5978,275.1024,296.2546,,,279.3177,206.9370,,,,
74011,0,,,,,,,,,,,,,,,,,287.8038,208.1049,235.6372,209.2473,278.1668,219.4006,265.5624,220.6027,279.0865,222.0949,262.3205,258.0783,273.6625,258.3436,261.9538,293.5221,272.6429,291.6652,,,,,,,284.5174,206.4808,,,285.0300,207.7705,,,277.5823,218.4164,235.0705,207.8004,280.2492,219.5462,234.6380,209.0772,273.8476,212.8068,258.7082,210.8683,283.9999,213.2750,275.5352,211.8665,277.3230,254.7534,259.1524,255.6038,267.9566,255.1827,266.9061,255.7109,275.8799,291.6077,259.3704,294.0255,270.2562,291.9889,262.5985,293.5058,272.4972,295.3819,250.8752,298.7129,266.3037,293.7960,251.1497,295.7427,261.8688,294.0836,250.8799,295.4165,264.1889,297.8930,275.1353,296.2182,,,280.0148,206.1939,,,,
74012,0,,,,,,,,,,,,,,,,,288.2780,207.9887,235.4252,209.5111,280.2777,219.6738,264.4415,221.6763,279.4480,222.9662,261.8649,258.8658,274.5570,259.1236,261.4022,293.7885,272.5910,291.8766,,,,,,,285.5397,206.3834,,,286.1920,207.6625,261.7276,205.4552,279.9473,218.8668,234.9250,207.8920,283.4650,220.1602,234.4623,209.2523,273.5717,213.0860,257.1915,211.5470,284.4408,214.4630,275.3442,213.3566,278.0941,255.7934,258.7292,256.4888,267.8927,256.0878,266.4847,256.5155,275.8923,291.7975,258.7253,294.3088,270.1781,292.1785,262.2541,293.8000,272.4589,295.6315,250.3671,298.7521,266.1148,293.9569,250.6133,295.7964,261.6556,294.1808,250.4092,295.4169,263.8661,298.2500,275.3658,296.5738,,,280.6382,208.3232,,,,
74013,0,,,,,,,,,,,,,,,,,289.9594,207.8388,236.0583,209.0465,281.2309,219.6477,264.5915,221.6289,279.4841,222.9318,262.1603,258.6967,274.4962,259.1743,261.5538,293.5545,272.9788,291.8276,,,,,,,291.1943,207.0507,,,288.7656,207.7910,,,280.9166,218.6005,235.6120,207.7742,284.9303,219.8402,235.2472,208.5952,273.9724,213.1505,257.4972,211.6160,284.0144,214.6806,275.2279,213.8379,278.1112,255.7630,258.9010,256.3411,268.2154,256.0400,266.9230,256.4511,276.4155,291.7576,258.7290,294.0562,270.4575,292.0368,262.5251,293.5900,273.2061,295.6144,250.2669,298.4509,266.8369,293.8460,251.0041,295.6162,262.5894,294.1138,250.9102,295.3049,264.0968,297.9671,275.4162,296.5190,,,279.9308,208.1114,,,,
74014,0,,,,,,,,,,,,,,,256.0522,204.9297,289.9168,207.8561,237.0876,210.6190,282.0778,219.6264,264.2578,222.0317,279.6094,223.2347,261.6937,259.1494,274.4230,259.6337,261.1705,293.7565,272.9232,291.9477,,,,,,,290.9789,207.0652,,,288.4020,207.9053,261.5351,205.3500,282.2173,218.6490,235.9072,208.7033,285.8663,220.2282,236.3295,210.4057,274.0741,213.2570,257.1489,211.7028,284.1379,215.0825,275.0413,214.2649,278.1172,255.8262,258.4151,256.5682,267.9695,256.2467,266.3250,256.7079,276.5028,291.9708,258.4733,294.3681,270.4140,292.2158,262.0970,293.8150,273.2990,295.8650,249.9839,298.7899,266.8641,294.2153,250.6122,295.9540,262.4198,294.5160,250.4109,295.7326,263.8556,298.3179,275.4401,296.6096,,,279.8985,208.4990,283.6993,206.5378,,
74015,0,,,,,,,,,,,,,,,253.6165,204.6364,291.1740,208.0244,237.5394,210.9897,281.6019,219.7086,264.7898,221.9092,279.8248,223.3201,261.9707,258.9376,274.3026,259.3032,261.2815,293.4379,272.6339,291.9204,,,,,,,289.4442,206.6880,,,290.5818,208.2478,260.6403,205.1767,281.3134,218.7157,236.4014,208.8808,284.5867,220.2699,236.9500,210.9562,274.3278,213.4642,258.3085,211.7039,283.9263,215.0142,274.9444,213.1728,277.9435,255.6918,258.6382,256.3708,267.8178,256.1012,266.7630,256.3912,275.9233,291.8536,258.4389,293.7330,270.2627,292.2089,262.0127,293.4618,273.1003,295.7839,250.3078,298.4374,266.6258,293.9519,250.6083,295.6159,262.1842,294.1798,250.4158,295.4332,263.7557,297.6932,275.1702,296.4205,,,280.5120,208.6263,,,,
74018,0,,,,,,,,,,,,,,,,,282.2967,206.9346,244.2826,214.3000,274.8810,218.0749,265.3115,221.6111,276.6590,221.9297,262.3000,258.4001,272.7166,257.7857,262.0246,293.3666,272.0165,291.3871,,,,,,,280.8471,205.6709,,,282.2692,206.9023,,,273.7290,216.7831,242.1835,213.1112,275.9282,218.1731,244.1199,214.4660,272.5763,213.0851,258.6987,211.5678,281.3640,213.3909,275.3753,212.1275,275.3526,254.1133,260.1326,256.2954,268.2056,255.4010,265.8627,255.6134,274.5404,291.0373,259.8231,293.7089,270.1252,291.8033,262.4982,293.2453,271.4036,294.9836,252.4044,298.8537,266.0340,293.6201,251.9267,296.1203,261.9263,293.9794,251.3055,295.7560,264.2434,297.5427,274.5651,295.7401,,,278.8262,207.9041,,,,
74019,0,,,,,,,,,,,,,,,,,281.1562,207.0926,245.0989,214.5118,276.4347,218.3822,266.0022,221.7730,276.9286,222.2579,262.0428,257.8113,272.7749,257.6640,261.6380,292.8368,272.2021,291.2146,,,,,,,281.6519,205.8750,,,281.6614,206.7415,,,274.7530,216.9457,243.4180,213.4518,277.4540,218.4304,244.8617,214.5520,272.9590,213.1371,258.6037,211.4991,282.0537,212.9691,275.7202,211.8248,275.8877,253.8982,259.7050,255.6826,268.0563,254.9921,265.6826,254.9903,274.9363,290.8133,259.4974,293.1894,270.2862,291.6627,262.0372,292.6264,272.2208,294.9459,251.3980,298.2319,266.4028,293.4713,251.1314,295.4259,262.4439,293.8346,250.8490,295.2747,264.0183,296.9811,275.0529,295.8057,,,278.4386,206.7408,,,,
74020,0,,,,,,,,,,,,,,,259.0783,204.9832,278.9524,206.9445,244.8336,215.1416,275.3801,218.7759,264.8141,222.0086,275.7541,222.4495,262.1035,258.1809,272.9720,258.1172,261.7334,293.0494,272.0155,291.4524,,,,,,,279.4227,205.6443,,,279.4176,206.6866,,,273.6937,217.7004,243.4997,214.1596,276.4260,218.8759,244.3045,215.2556,270.5331,213.1850,256.7832,211.9228,280.8620,213.4889,274.9606,212.4345,275.7465,254.1809,259.8288,256.0375,268.1818,255.3336,265.5136,255.4718,274.4107,291.1037,259.9974,293.6190,270.1876,291.8773,261.9273,292.8301,271.4378,294.9496,252.5455,298.8174,265.8734,293.4514,251.7758,295.8126,262.1243,293.8423,251.0804,295.5904,264.2773,297.2782,274.8408,295.8032,,,277.7626,206.9204,,,,
74021,0,,,,,,,,,,,,,,,255.9244,204.5026,286.5977,207.3807,246.1986,215.9081,279.2385,219.5311,264.8883,221.1493,278.4720,221.9465,260.8786,258.0982,272.9788,258.0011,261.2993,292.9437,271.8811,291.7062,,,,,,,284.9280,205.9926,250.5852,203.3855,285.1879,207.3826,259.1957,203.9480,278.1797,218.5947,244.7909,214.9069,280.4678,219.5378,245.6860,216.2269,273.1969,212.9619,256.3532,211.3095,283.1940,213.7227,274.8483,212.4103,276.3743,254.1957,257.6363,255.5961,267.8866,254.9538,265.6584,255.3582,274.9601,291.5906,258.9065,293.3604,269.6223,291.9080,261.5263,292.8361,272.3085,295.3561,250.6497,298.0122,266.2731,293.7816,250.5853,295.2379,261.8847,293.9270,250.1511,295.1093,263.7682,297.0678,275.0676,296.3483,,,278.3137,206.4183,284.0349,206.0371,,
74022,0,,,,,,,,,,,,,,,256.5668,205.0222,290.5069,208.4209,246.0910,216.7067,285.2999,221.1264,264.9210,222.3235,278.5895,223.2095,261.2554,258.9682,273.6895,258.6776,261.3747,293.8245,272.6970,291.9658,,,,,,,292.5619,207.8793,251.9790,203.6108,292.1313,208.3467,258.4552,205.0888,286.5655,220.7792,244.7781,215.5367,290.7833,221.8662,245.1099,217.0275,274.0684,213.6259,257.8440,212.7298,282.9178,214.8976,274.7716,214.3109,276.7601,254.8346,258.3388,256.4971,268.0747,255.6530,265.9349,256.1767,275.9038,291.8830,258.8873,294.4902,270.3220,292.2550,262.2554,293.8892,272.9371,295.9006,250.9506,298.8742,266.9548,294.1741,251.3804,296.2194,262.7932,294.3611,251.1179,295.9897,263.8891,298.5063,275.3196,296.7404,,,278.3624,208.2790,284.8833,206.1694,,
74023,0,,,,,,,,,,,,,,,255.8811,205.2079,290.4867,208.4042,246.1568,217.1008,287.8057,222.8197,264.0535,222.4722,278.1101,223.9718,261.6829,258.5919,273.0634,258.9308,261.5480,293.6013,272.8503,291.8044,,,,,,,292.2421,207.9440,250.9959,203.5649,293.3770,208.3963,257.8371,205.3063,288.9202,222.4105,245.0796,215.5426,293.3936,223.7875,244.6926,217.2749,272.9855,213.9901,257.1313,212.6684,281.9607,215.1793,273.8710,213.8876,276.5608,254.9998,258.2461,255.9778,267.2305,255.3857,266.2537,255.9723,276.0858,291.6774,259.0143,294.1946,270.4879,292.1223,262.4898,293.6259,273.0697,295.8446,251.3287,298.6719,266.6096,294.0968,251.8912,296.1673,262.4920,294.1567,251.4689,295.9985,264.2500,298.3569,275.4521,296.7291,281.2802,205.9971,278.0802,208.2542,284.9125,206.2883,,
74024,0,,,,,,,,,,,,,,,257.7098,205.2849,290.6790,208.4854,248.0816,217.2291,284.8512,222.4793,263.3529,221.1371,276.9734,223.1885,261.4162,259.3517,273.5738,258.6831,261.6693,294.0881,273.0472,292.1902,,,,,,,292.3059,207.8020,252.5270,203.6014,293.5224,208.5248,258.9579,205.3092,285.6164,221.9077,247.0194,215.6931,289.5587,223.3060,246.9628,217.4551,271.2929,213.9705,256.2945,212.2270,281.2547,213.8125,273.1715,213.1683,276.1917,254.8542,258.2237,257.0289,268.2335,255.8397,266.0285,256.6488,276.1010,291.9745,259.4342,294.8085,270.8176,292.5238,262.4616,294.0443,273.2048,295.8867,251.6804,299.4536,267.2601,294.1361,252.3229,296.7115,263.0728,294.2321,251.7933,296.3881,264.0876,298.8077,275.6405,296.9257,,,277.8871,207.2344,,,,
74025,0,,,,,,,,,,,,,,,256.4233,205.4483,291.7155,208.7140,248.1114,217.6863,287.0114,223.5658,263.1617,221.2199,278.1031,223.3264,261.4813,258.9609,274.7855,258.9141,260.7050,293.7357,272.9500,291.7605,,,,,,,293.2332,208.0320,253.7089,204.3452,294.9431,208.9023,256.9467,205.4715,287.5414,222.9672,247.1892,216.1411,290.9462,224.3191,246.7396,218.0595,272.9031,214.2977,256.1319,212.3566,282.4908,213.7791,273.2235,213.1748,277.9555,255.4576,257.9153,256.6028,268.3306,255.9989,266.2416,256.5483,276.4152,291.5714,258.1782,294.3753,270.5773,292.1502,261.6602,293.6345,273.9587,295.9436,250.5853,298.9798,267.4743,294.1175,251.8231,296.3557,263.3970,294.2894,251.6966,296.1106,263.6114,298.4764,275.5083,296.4083,,,277.9856,207.7399,,,,
74026,0,,,,,,,,,,,,,,,257.2822,205.8117,290.8743,209.1015,249.7202,218.6883,286.5443,224.3523,263.1053,222.1842,277.5996,223.3619,260.9602,260.2461,275.2669,259.4642,261.0178,294.4549,273.6717,292.0391,,,,,,,292.9366,208.3660,254.9005,204.6275,293.8959,209.1575,257.3581,205.8262,286.9802,223.8947,249.1569,217.0379,291.1089,225.1761,248.2282,218.9859,272.7821,214.6743,256.3219,213.2834,281.7823,214.4049,272.6554,213.6711,278.0273,255.7611,257.5522,258.0192,268.4742,256.5308,265.5753,257.2177,277.1032,291.8196,258.7000,295.2641,271.3948,292.5231,261.8273,294.3243,274.8571,296.2043,250.8896,299.8065,268.6047,294.4105,252.1638,297.1039,264.5927,294.5376,251.9813,296.6199,263.6771,299.1720,276.2023,296.9808,,,277.0228,208.3305,,,,
74027,0,,,,,,,,,,,,,,,259.1732,205.7445,288.5945,208.7153,250.4511,218.5731,283.9372,223.8055,263.8217,223.1215,277.5294,224.4247,260.9597,260.2801,274.8954,259.6368,260.8429,294.0666,274.0559,292.0846,,,,,,,292.1801,207.8565,255.3572,203.7798,290.7274,208.4352,259.8304,205.8416,285.5082,223.4522,249.6938,216.9048,289.1197,224.8799,249.4147,218.9695,272.9487,215.4986,256.6544,214.1092,281.5073,215.3741,273.0746,214.6572,277.8298,255.8306,257.6717,258.0060,268.3845,256.6765,265.6830,257.5465,277.5433,291.9243,258.5109,294.7216,271.7115,292.6105,261.6820,294.0244,274.4058,296.1348,250.3789,299.3777,268.3489,294.3017,251.4791,296.7351,264.2563,294.4473,251.3714,296.4361,263.4287,298.5796,276.2868,297.0070,,,276.8527,207.9314,281.9588,205.9910,,
74028,0,,,,,,,,,,,,,,,258.8387,205.7879,289.5933,208.8825,251.1682,218.9086,286.2612,224.6091,263.7816,223.9237,277.9706,225.2539,260.5383,260.5286,275.1749,260.1354,260.7505,294.4845,274.1594,292.5811,,,,,,,293.4484,208.1991,255.2599,204.3905,292.5895,209.9179,259.6899,205.8839,286.9801,224.1872,250.4828,217.2897,290.4402,225.6163,250.1135,219.3737,274.6290,216.5509,256.9627,215.0279,281.9342,216.0617,273.2604,215.2314,278.5018,256.2055,257.2337,258.0980,268.2630,257.0443,265.4032,257.9264,277.7503,292.4160,258.2468,295.2465,271.7201,293.0564,261.6735,294.4395,274.8084,296.4759,250.2576,299.6277,268.6975,294.6402,251.3351,296.7297,264.6074,294.7833,251.4191,296.4471,262.9661,299.2318,276.4696,297.4307,,,277.0584,208.2707,282.0272,205.7961,,
74029,0,,,,,,,,,,,,,,,258.1184,205.9643,290.8787,209.1754,250.9652,218.8992,286.6923,225.0889,263.7695,224.0675,277.7194,225.2551,260.6089,260.5426,275.2802,260.2944,261.0172,294.1668,274.3889,292.2959,,,,,,,294.2752,208.5579,254.9650,204.4873,293.2640,210.2945,258.8386,206.0757,287.2491,224.5136,250.1536,217.2467,290.7742,226.1536,249.7945,219.3490,275.0560,216.8688,257.4037,215.2921,280.9515,215.9652,272.1211,215.3649,278.3630,256.5185,257.2762,258.2703,268.3841,257.2692,265.3820,257.9315,277.8971,292.1372,258.6402,294.8114,272.0451,292.7912,261.9559,294.0990,275.0062,296.2012,250.8505,299.4177,269.0242,294.4166,252.0992,296.8152,265.0522,294.5484,252.0983,296.4688,263.3624,298.6107,276.5922,297.1232,,,276.0536,208.5848,280.7947,205.7919,,
74030,0,,,,,,,,,,,,,,,258.6441,205.9296,291.3206,210.4093,251.6055,219.7248,286.6397,224.9618,263.7052,224.5875,277.9812,226.0428,260.3854,260.2474,275.0632,260.5284,260.7907,294.0126,274.5094,292.7130,,,,,,,294.4892,208.3735,255.2551,204.5243,293.6278,210.4224,259.7793,206.1434,286.9470,224.4152,250.7606,218.0873,290.4893,226.1024,250.2605,220.2310,274.6708,217.5093,256.6188,216.2090,281.5664,216.5505,272.5245,215.7487,278.3918,256.8623,257.1952,257.8345,267.9109,257.3381,264.9738,257.8738,278.0986,292.5497,258.1159,294.5431,272.0674,293.1224,261.7600,294.0571,274.9439,296.4823,250.1085,299.1310,268.8407,294.6726,251.2226,296.4862,264.8748,294.8696,251.4229,296.3502,263.1201,298.4684,276.8646,297.4672,,,276.6203,209.6317,281.8945,205.7818,,
74031,0,,,,,,,,,,,,,,,257.9457,205.8103,289.5524,208.7805,251.8954,220.4701,286.1294,224.2708,262.8141,224.5351,277.0908,225.5422,260.5885,260.4403,275.1245,260.3533,260.8675,294.2070,274.3166,292.6765,,,,,,,293.8432,208.2563,254.7015,204.4597,291.9341,208.9674,259.0244,205.9136,286.6405,223.7033,251.1356,218.8557,289.9153,225.1373,250.4657,221.0636,273.2917,216.4021,255.6474,215.8234,280.5451,216.0157,271.4742,215.4161,278.3094,256.5926,257.4043,258.0793,268.1400,257.2715,265.2483,257.9017,277.9301,292.5192,258.2546,294.8289,271.8679,293.1209,261.8003,294.1937,274.8886,296.3931,250.1714,299.2744,268.8141,294.5665,251.4768,296.6898,264.8272,294.7175,251.6935,296.4968,263.0681,298.7848,276.6291,297.5144,,,275.0696,208.4188,279.8900,205.6527,,
74032,0,,,,,,,,,,,,,,,257.6310,205.4670,287.0569,208.1099,252.0792,221.4293,281.6037,222.9550,262.2155,224.2202,276.0614,224.9569,260.8424,260.2368,275.1433,260.1224,260.8894,293.9722,273.7257,292.6019,,,,,,,290.6048,207.3933,255.1149,203.4223,289.4038,208.1517,258.7059,205.5769,282.6087,222.5339,251.3930,219.9351,287.3320,224.2380,251.0612,222.1898,271.1027,215.8624,254.5511,215.6494,280.2734,215.8526,271.4642,215.3124,278.1846,256.4944,257.5696,258.0161,268.2972,257.0819,265.3073,257.7298,277.1593,292.3944,258.4372,294.5346,271.3491,293.0320,261.7642,293.9560,273.9360,296.2553,250.2298,298.9871,267.9658,294.5135,251.1762,296.4470,264.0647,294.6617,251.3593,296.2675,263.3213,298.2637,276.2501,297.3720,,,274.7417,208.8817,279.5054,205.5463,,
74033,0,,,,,,,,,,,,,,,256.8909,205.7210,283.9922,208.2565,251.1162,222.2297,274.7875,221.6731,262.9243,225.0278,276.6004,225.9261,261.0702,260.7984,274.9076,260.9931,260.3354,293.9476,273.6695,292.7156,,,,,,,286.8979,207.3415,254.1211,204.3899,285.6489,208.1337,258.3662,205.9367,274.4362,220.9275,249.6619,220.6477,277.2617,222.1284,250.8013,222.9714,272.1398,216.7839,255.8234,216.3300,280.6520,216.4351,271.8871,216.1838,278.1560,257.0293,257.7607,258.4667,268.1703,257.7219,265.5580,258.1063,276.9442,292.4402,257.7829,294.5213,271.4458,293.1329,261.1978,293.9678,273.8257,296.3905,249.8529,299.1455,267.9668,294.7429,250.8751,296.6204,264.0326,295.0415,250.9302,296.3896,262.1101,298.1423,275.9456,297.3151,,,275.2659,209.2554,280.7582,205.6038,,
74034,0,,,,,,,,,,,,,,,256.5669,205.7149,280.4923,208.0316,250.6746,222.7026,271.6875,221.0022,262.7160,224.8029,276.3596,225.7186,261.0071,260.5921,274.9509,260.3484,260.9668,294.1382,273.4431,292.4468,,,,,,,281.5318,206.6348,253.6778,204.3778,282.6208,207.6852,258.0839,205.9200,270.5061,220.2205,249.1045,221.2669,273.7872,221.4247,250.2758,223.2841,271.7983,216.4639,255.3366,216.1723,279.9974,216.0567,271.2610,215.8463,278.2340,256.3739,257.8732,258.3566,267.9360,257.2500,265.2355,257.9145,276.7551,292.1568,258.5186,294.7672,271.1942,292.9218,261.8097,294.1305,273.8957,296.2861,250.4965,299.4274,267.9035,294.6709,251.3398,296.8101,263.9424,295.0887,251.2750,296.5906,262.8070,298.5203,275.5694,297.0777,,,274.3755,208.0444,280.1327,205.7431,,
74035,0,,,,,,,,,,,,,,,256.3644,205.6714,279.6461,208.0102,250.1098,223.7099,270.0112,220.5196,263.6502,225.4025,276.7879,226.1255,261.3982,260.8530,274.3940,260.8251,260.9346,294.1049,273.3621,292.5869,,,,,,,280.6776,206.5555,253.6229,204.3202,281.9225,207.6265,257.8106,205.8698,268.5302,219.8050,248.6259,222.3392,271.8656,221.0823,249.6679,224.2982,272.0579,216.3636,256.4305,216.5451,280.0757,216.1570,271.2489,215.9209,277.6838,256.6180,258.1636,258.5241,268.0233,257.4464,265.6705,257.9832,276.5748,292.3178,258.4718,294.7304,271.1702,293.0852,261.8188,294.1578,273.3438,296.1317,250.5492,299.2844,267.5053,294.5949,251.4912,296.8308,263.4718,294.9718,251.4707,296.6303,262.7762,298.4227,275.5824,297.3395,,,274.8566,209.0669,279.6207,205.5112,,
74036,0,,,,,,,,,,,,,,,256.3289,205.9040,278.9712,208.0625,248.7883,224.2407,269.6057,220.2597,263.7721,225.8937,276.9610,226.4640,261.3908,260.9414,274.5806,260.9812,261.1138,293.8114,273.6892,292.4229,,,,,,,280.7068,206.5300,253.7626,204.4951,281.6971,207.7873,257.9707,206.1096,268.0972,219.4473,247.6001,222.9319,271.4725,220.6253,248.0808,224.6882,272.8364,216.5586,256.7044,217.3220,280.1640,216.3036,271.3204,216.3437,278.0061,256.7095,258.3659,258.6429,268.2475,257.5445,265.8449,258.0898,276.9591,292.1549,258.4648,294.3637,271.4632,292.8762,262.1213,293.8975,273.8416,296.1099,250.4607,298.9121,267.8545,294.4391,251.5724,296.4588,263.7086,294.6987,251.6507,296.2802,263.0251,298.0265,275.8110,297.1283,,,275.1191,209.4167,280.4268,205.6666,,
74037,0,,,,,,,,,,,,,,,256.2615,205.7335,278.5190,207.9905,247.4787,224.5226,268.5273,220.3177,263.6506,225.5206,277.3302,226.1419,261.4156,260.8276,274.4654,260.5684,261.3113,293.9233,273.0470,292.4716,,,,,,,279.9708,206.5117,253.3229,204.3947,281.5754,207.6300,258.1345,205.7946,266.8674,219.4920,246.2327,223.4655,270.4234,220.6186,246.9922,224.8067,272.8283,216.1772,256.5560,216.7500,280.8184,216.1582,271.9784,216.1691,277.7664,256.3135,258.1222,258.5216,268.3735,257.2230,266.3149,258.0027,276.2522,292.1901,258.6351,294.4630,270.8375,292.9582,262.3197,293.9930,273.2748,296.0944,250.1826,298.9262,267.2905,294.4326,251.3724,296.4982,263.0913,294.7056,251.5523,296.3155,263.1355,298.0469,275.0050,297.0989,,,275.5588,209.1317,281.0890,205.6823,,
74038,0,,,,,,,,,,,,,,,256.4374,205.6432,279.5313,207.7783,246.2724,224.2454,268.6029,219.9355,263.7180,225.0024,277.4735,225.6083,261.6801,260.8395,274.6100,260.6402,261.2802,293.9892,273.0092,292.4888,,,,,,,280.6152,206.3931,253.8367,204.4124,281.6676,207.4831,258.2904,205.6966,267.0377,219.1391,245.1917,223.2571,270.4738,220.1185,245.6730,224.2542,272.5995,215.6470,256.4839,215.9699,281.0157,215.8459,272.1476,215.8488,278.0275,256.2305,258.4816,258.5197,268.2877,257.2469,266.3457,258.0162,276.1857,292.2255,258.6280,294.5484,270.6875,292.9399,262.2416,294.0222,272.9790,295.9593,250.1824,299.0283,266.9410,294.2944,251.3719,296.4753,262.7740,294.5647,251.6055,296.2712,262.9736,298.2604,274.9968,297.1810,,,275.5184,208.0765,281.8754,205.8321,,
74039,0,,,,,,,,,,,,,,,256.5717,205.6154,277.8910,207.8532,246.0222,224.3773,267.6917,220.6149,263.9356,225.3771,277.1861,226.0681,261.5404,261.0164,274.4950,260.9749,261.5743,294.2199,272.7660,292.5769,,,,,,,278.3949,206.2974,253.7677,204.2944,280.2415,207.4651,258.8618,205.7117,266.0481,219.8270,244.9278,223.6348,269.4530,220.9324,245.3518,224.2508,272.2203,216.1159,256.5269,216.2782,280.6436,216.4615,272.1973,216.4737,277.6849,256.6158,258.2148,258.5984,268.1643,257.4701,266.3138,258.3475,275.9723,292.3782,258.8235,294.7494,270.5317,293.0000,262.5952,294.2656,272.5790,295.9973,250.2910,299.1158,266.5310,294.3405,251.4205,296.5449,262.2787,294.5707,251.5422,296.2792,263.3959,298.5970,274.6976,297.2036,,,275.6314,209.4503,281.3039,205.6516,,
74040,0,,,,,,,,,,,,,,,256.5965,205.6557,277.3993,207.7381,246.0179,224.5608,268.2018,220.7757,264.3781,225.5238,278.1281,226.4071,261.5921,260.8310,274.4094,261.0361,261.1714,293.7791,272.9719,292.4591,,,,,,,277.8443,206.1639,253.6246,204.3425,280.0131,207.3583,259.1899,205.8153,266.5892,219.8871,244.9545,223.9377,269.8244,221.2093,245.4015,224.3814,273.2161,216.4086,256.8063,216.5111,281.4772,216.6690,273.0336,216.6632,277.8902,256.8024,258.1687,258.4612,267.8794,257.3809,266.2974,258.2301,276.2117,292.3071,258.3975,294.2280,270.6992,292.8449,262.1495,293.8509,272.9612,295.9019,249.9938,298.7076,266.7383,294.2047,250.8898,296.1734,262.5537,294.4690,251.0765,296.0949,263.1627,298.0327,275.1201,297.1809,,,276.4175,209.5306,281.8491,205.6891,,
74041,0,,,,,,,,,,,,,,,256.3739,205.4595,277.3031,207.7103,245.4050,224.2924,269.3977,221.0706,263.7446,225.4604,277.7713,226.1490,261.3792,261.2742,274.1350,261.3912,261.4767,294.0409,272.5742,292.5867,,,,,,,277.6777,206.2101,253.4320,204.1767,280.1029,207.2914,258.7871,205.6136,267.7268,220.1725,244.3141,223.6394,271.1236,221.4934,244.8692,224.1129,272.2896,216.3307,255.5951,216.0884,281.2032,216.7354,272.7981,216.7204,277.4479,257.0996,258.0132,258.8750,267.5224,257.6307,266.1259,258.5699,275.8312,292.4492,258.6955,294.5262,270.3703,292.9798,262.4226,294.1270,272.5113,295.9828,250.3706,299.0678,266.2676,294.3707,250.9949,296.4847,261.8960,294.6812,251.0624,296.3834,263.4938,298.2837,274.9135,297.1824,,,276.0566,209.5252,281.0715,205.5687,,
74042,0,,,,,,,,,,,,,,,256.3702,205.6174,281.4871,207.9793,244.2283,224.4154,272.6359,222.5250,263.8681,225.7078,277.9680,226.5500,261.5208,261.1399,274.6728,261.0883,261.2188,293.9220,272.7956,292.4950,,,,,,,283.7285,207.0651,253.1787,204.2876,283.5738,207.7530,258.9347,205.7369,271.4028,221.6439,242.9336,223.7064,275.5011,222.9080,243.8155,224.3076,272.6628,216.7950,255.8096,216.5605,282.0652,217.2004,273.6288,217.2182,278.2275,257.0028,258.2460,258.7646,268.0607,257.5556,266.4442,258.3908,276.0690,292.3586,258.3511,294.3690,270.5364,292.8838,262.1168,293.9779,272.5835,295.9091,249.6343,298.7441,266.1728,294.1953,250.3774,296.1208,261.6787,294.4004,250.4823,296.0116,263.3978,298.1794,275.2998,297.1617,,,277.2428,209.9885,282.5504,205.7574,,
74043,0,,,,,,,,,,,,,,,256.3997,205.4270,282.5248,207.7701,243.9451,223.9047,274.0468,222.7483,264.9323,225.4126,278.3896,226.4688,261.6744,261.1233,274.8488,261.0654,261.3043,293.9087,272.7082,292.5002,,,,,,,285.0380,207.1357,253.3196,204.1376,284.2068,207.7247,258.9673,205.5741,273.0005,221.8392,242.7499,223.0674,277.5364,223.2359,243.4665,223.7364,272.6336,216.8067,256.9417,216.5023,282.5029,217.2207,274.4326,217.1349,278.3212,257.0599,258.5028,258.8014,268.1243,257.5993,266.5564,258.4481,275.8320,292.3454,258.5890,294.3183,270.5442,292.8847,262.1965,293.9200,272.4283,295.9213,249.9810,298.7335,266.1603,294.2079,250.3963,296.1053,261.7333,294.3989,250.3870,296.0041,263.5705,298.0434,275.2581,297.1052,,,278.0306,210.0110,283.6358,205.8680,,
74044,0,,,,,,,,,,,,,,,256.6537,205.4531,285.6551,209.4020,243.7963,223.2955,278.3880,223.7572,264.2718,225.1371,278.6555,226.3300,261.5927,261.1534,274.9449,261.0102,261.2803,293.9254,273.4388,292.4392,,,,,,,288.8108,207.6800,253.5377,204.1863,287.5695,209.4145,259.0804,205.6322,276.7958,222.8058,242.6190,222.3270,283.6043,224.6335,243.2021,223.1706,273.3223,216.8680,256.6521,215.9330,281.9300,216.9979,273.1387,216.5554,278.3143,257.1795,258.2144,258.8968,267.9861,257.6415,266.5627,258.5454,276.9290,292.3346,258.6607,294.3623,271.0827,292.8194,262.0948,293.9054,273.4417,296.0964,249.8046,298.7383,267.0415,294.2006,250.6360,296.0592,262.4614,294.2619,250.8520,295.9080,263.4749,298.1565,275.7417,297.0341,,,277.2365,209.9019,282.7070,205.7505,,
74045,0,,,,,,,,,,,,,,,256.9601,205.5520,285.4313,208.4078,244.2409,223.5263,280.9716,224.1326,263.3376,225.6858,277.0118,226.7886,261.5044,261.0064,274.7311,260.5540,261.5031,293.8085,273.2366,292.5327,,,,,,,289.0242,207.7796,253.8575,204.2377,286.4771,208.2316,259.1218,205.6574,281.6114,223.5605,243.0810,222.4430,285.8634,224.8859,243.1234,223.2712,271.8282,216.9455,256.1123,216.8832,280.5282,217.0752,272.3030,216.8069,277.7497,256.6084,258.1027,258.5227,268.5881,257.3665,266.2955,258.2195,276.2665,292.3217,258.6987,294.2399,271.1106,292.9446,262.5022,293.9077,273.2191,296.1773,250.3318,298.8368,267.3205,294.6244,251.4166,296.4858,263.2628,294.9916,251.6433,296.3820,263.8280,297.8943,275.5665,297.1003,,,275.7635,209.8746,280.9540,205.4321,,
74046,0,,,,,,,,,,,,,,,257.3573,205.5771,285.2848,208.4947,244.8523,222.8666,280.0106,223.7278,262.7118,225.6107,277.1320,226.7490,261.5280,261.4027,274.7741,261.2070,261.2269,294.2343,273.2790,292.7521,,,,,,,288.8988,207.7062,254.2753,204.2762,286.4242,208.2953,259.1508,205.7169,279.0590,222.5124,243.6441,221.6121,285.5678,224.6927,243.7571,222.7476,271.6234,216.7860,254.9176,216.6757,281.0540,217.2502,272.5623,217.0408,278.0021,257.1771,258.1912,258.9857,268.0071,257.8674,266.0902,258.6891,276.4271,292.5639,258.4037,294.7480,271.0688,293.1629,262.1155,294.3147,273.1401,296.2724,249.8015,299.2993,267.0316,294.6167,250.6465,296.6352,262.6695,294.9206,250.6802,296.4720,263.6594,298.5459,275.8019,297.3526,,,276.2382,209.8493,281.7183,205.6645,,
74047,0,,,,,,,,,,,,,,,256.8558,205.5811,286.5978,208.6422,244.5161,223.3214,284.0774,224.5227,262.5606,225.2060,277.1117,226.2912,261.2153,260.9335,274.8800,260.4644,261.5390,294.1687,273.8045,292.5422,,,,,,,289.8040,207.6599,253.9750,204.3017,287.9509,208.4059,258.5263,205.7475,283.6438,223.9069,243.3359,222.1894,288.1745,225.0853,243.3406,223.1907,272.1891,216.9928,254.8578,216.7502,280.8014,216.6513,271.8089,216.3816,278.1256,256.5958,257.8511,258.5823,268.2667,257.4772,266.0171,258.3320,276.9671,292.3185,258.6362,294.6877,271.6060,292.9310,262.4765,294.2007,273.7892,296.2019,250.3470,299.2270,267.7200,294.5106,251.0475,296.4981,263.4933,294.8135,251.1624,296.3028,264.0882,298.6107,276.1561,297.0877,,,275.6030,209.5600,281.4521,205.6280,,
74048,0,,,,,,,,,,,,,,,256.2650,205.6989,287.1753,208.8464,244.9301,223.4124,282.4743,224.2840,262.5924,225.2749,277.1164,226.2979,261.4695,260.8064,275.0121,260.6666,261.0093,294.0110,273.6590,292.5123,,,,,,,290.4642,208.0106,253.6519,204.4709,288.5915,208.6365,257.9559,205.7888,283.2357,223.6935,243.9770,222.1157,287.6529,225.0734,243.8452,223.4594,272.4340,216.5685,255.2807,216.3860,280.2094,216.7005,271.2628,216.4901,278.2105,256.7802,258.1213,258.3094,268.6684,257.3473,266.4947,258.0258,276.8077,292.2921,258.1354,294.5974,271.3603,292.9253,261.9710,294.0707,273.8412,296.1782,249.9725,299.0880,267.7455,294.4734,251.1198,296.3657,263.5276,294.7743,251.4041,296.2000,263.1579,298.3854,275.7134,296.9944,,,274.8685,209.5268,280.5334,205.5743,,
74049,0,,,,,,,,,,,,,,,256.4908,205.5629,287.1744,208.5650,245.3992,223.0536,284.5528,224.4942,262.7081,225.2768,277.0812,226.4270,261.1334,260.9598,274.7786,261.0322,261.1753,294.2627,273.7298,292.8480,,,,,,,290.4664,207.7359,253.9195,204.3304,288.7886,208.5005,258.4268,205.7313,284.1202,223.7140,244.3291,221.7888,288.8520,225.0929,244.2460,223.0867,272.6072,216.7275,255.1331,216.4365,279.6736,216.6371,270.6065,216.3243,278.0686,257.1258,257.8271,258.5692,267.8498,257.5743,265.9633,258.2161,277.0042,292.6311,258.2373,294.8636,271.4426,293.2397,262.1211,294.3164,274.0569,296.4593,250.1279,299.4043,267.8641,294.7678,251.2742,296.7987,263.6403,295.0455,251.4456,296.6434,263.4467,298.6568,275.9951,297.4035,,,274.5187,209.3598,280.3382,205.4452,,
74050,0,,,,,,,,,,,,,,,256.1339,205.4740,287.3163,208.2934,246.5618,223.7546,283.5235,224.3384,262.3250,224.8703,276.5632,225.9580,261.2107,260.7383,274.7657,260.7401,261.2468,294.1081,273.7232,292.7319,,,,,,,290.3016,207.5098,253.6930,204.2987,289.0369,208.2902,257.7858,205.7676,283.2293,223.6386,245.3689,222.2931,288.3558,225.0996,245.6043,223.9556,271.6940,216.5628,254.8469,216.1504,279.1708,216.3146,270.2534,215.9759,277.9585,256.8629,258.0176,258.3524,268.0115,257.3297,265.8742,258.0380,276.8555,292.5308,258.5984,294.6852,271.4929,293.1455,262.1166,294.1776,273.9430,296.4830,250.4760,299.1854,267.9303,294.7877,251.3459,296.4837,263.6757,295.0610,251.4769,296.2985,263.4562,298.4488,275.9936,297.4318,,,274.2065,209.0824,279.6282,205.5455,,
74051,0,,,,,,,,,,,,,,,256.0449,205.5734,287.4401,208.5142,247.1657,223.6839,285.0903,224.0890,262.9992,225.1203,277.9112,226.1009,260.7460,260.9605,274.9716,260.9295,261.0630,294.6228,274.1398,292.8688,,,,,,,290.2784,207.5116,253.3908,204.3624,289.0551,208.2187,257.5444,205.8335,284.7922,223.2657,245.9766,222.1299,289.5273,224.7875,246.0343,223.9082,273.0361,216.7000,255.0802,216.4607,280.6299,216.5186,271.3780,216.1435,278.4535,256.9487,257.4162,258.6073,267.6558,257.5385,265.5691,258.2823,277.7067,292.7309,258.3960,295.2848,271.8627,293.2722,262.0218,294.6499,274.7806,296.6808,250.2143,299.4944,268.4791,294.7541,251.3388,296.8145,264.2661,294.8584,251.6267,296.5180,263.2516,299.2678,276.4758,297.6891,,,275.2634,209.3005,279.6641,205.5921,,
74052,0,,,,,,,,,,,,,,,256.0766,205.6585,286.7521,208.5542,247.9964,223.9536,284.4871,224.1048,262.5272,224.8573,277.5225,225.8343,260.8072,260.9220,275.1772,260.8590,261.0220,294.3454,273.8533,292.8470,,,,,,,289.4206,207.5565,253.6212,204.4781,288.4084,208.2558,257.4686,205.8585,284.5538,223.3444,246.8806,222.4805,289.3161,224.9167,246.9145,224.2628,273.0273,216.9113,255.2647,216.6330,280.7644,216.5154,271.3372,216.1515,278.5176,257.0420,257.3406,258.6119,268.2188,257.7000,265.9710,258.4582,277.2835,292.7086,258.1743,294.9139,271.5488,293.2008,261.9838,294.3685,274.3084,296.6345,249.8717,299.1609,268.1411,294.7324,250.7040,296.3943,263.9215,294.8749,250.8754,296.1592,263.2063,298.8265,275.9532,297.5172,,,275.1547,209.2687,279.2184,205.6729,,
74053,0,,,,,,,,,,,,,,,256.4834,205.6517,288.0849,208.4067,248.3065,223.8403,285.5048,223.7776,262.8117,224.4579,277.5736,225.1463,260.9393,260.7126,275.2205,260.6020,261.0369,294.3925,273.6193,292.9135,,,,,,,290.7671,207.5963,253.6881,204.4414,289.8232,208.2190,257.9181,205.8606,285.6975,222.9799,247.1213,222.3385,289.9432,224.4564,247.3654,224.2138,272.6924,216.0519,254.8659,215.9243,281.0742,216.2941,271.5297,216.0317,278.6533,256.9432,257.5159,258.3171,268.1267,257.3925,266.0719,258.1477,276.8972,292.7695,258.2009,294.9338,271.4037,293.2981,262.0400,294.4221,274.2092,296.5673,249.9346,299.1942,268.1660,294.5590,250.9342,296.4133,264.1223,294.5834,251.2578,296.1687,263.1696,298.9080,275.7612,297.6518,,,275.2915,209.2161,280.0486,205.6563,,
74054,0,,,,,,,,,,,,,,,256.4244,205.7620,288.8253,208.7748,249.0641,223.7419,286.4988,224.6322,262.7416,224.7786,277.8145,225.6879,260.8653,261.0021,275.3639,261.1505,261.3255,294.3908,273.9820,292.8130,,,,,,,291.7162,207.9792,253.6476,204.5310,290.7302,208.6040,258.0696,207.0719,286.5523,223.8992,248.0638,222.3303,290.8534,225.4745,247.9973,223.9926,273.3437,216.9513,255.6869,216.5924,281.0317,216.7596,271.5487,216.2725,278.6947,257.4595,257.4257,258.6103,268.2678,257.8390,265.7973,258.5306,277.3789,292.6747,258.5457,294.8879,271.7258,293.1890,262.2596,294.4042,274.9272,296.5570,250.3044,299.0415,268.8833,294.5605,251.2781,296.3220,264.7296,294.5962,251.5038,296.0142,263.5421,298.8466,276.1721,297.4897,,,275.2600,209.5319,280.1234,205.6524,,
74055,0,,,,,,,,,,,,,,,256.8269,205.8670,288.7711,208.9502,249.6447,223.4048,285.2878,224.1050,263.5510,224.4635,277.6961,225.2683,261.3207,260.7719,275.2953,260.8352,261.1624,294.1032,273.5604,292.3866,,,,,,,291.8265,208.1229,254.1328,204.6077,290.6097,208.7112,258.3748,206.1320,285.2258,223.2695,248.9524,222.0204,289.1620,224.8528,248.4213,223.7237,273.1943,216.3934,256.2879,215.9612,281.1768,216.2458,272.2164,215.9751,278.5391,257.1075,257.9156,258.4848,268.2979,257.6439,266.0362,258.2275,276.7828,292.1813,258.3371,294.6353,271.3565,292.8020,262.1789,294.0837,274.4905,296.2480,250.5449,298.9894,268.4849,294.3982,251.5147,296.3029,264.2768,294.6158,251.7796,296.0545,263.2507,298.3871,275.6135,297.0418,,,275.5850,209.3193,281.0115,205.7700,,
74056,0,,,,,,,,,,,,,,,257.1508,206.0692,288.2030,208.6027,249.6076,223.8003,285.2750,224.3341,264.4315,224.9259,278.7511,225.8274,261.0695,261.0286,275.2463,260.9208,260.8474,294.5809,273.5630,292.7965,,,,,,,290.8178,207.6122,254.3233,204.7024,290.2304,208.4334,259.1783,207.4028,285.1107,223.5680,248.5402,222.3226,289.1572,225.0070,248.5503,224.1944,273.5747,217.0079,256.5417,216.7819,282.3090,216.4961,273.2722,216.1325,278.4965,257.2705,257.8203,258.8709,267.8944,257.8022,265.6072,258.5318,276.8936,292.6292,258.3133,295.2046,271.2772,293.1758,261.8015,294.5190,274.2433,296.4889,250.1289,299.4253,268.2615,294.5850,251.1803,296.6561,264.2061,294.6928,251.5276,296.3395,262.8911,298.9906,275.8024,297.5420,,,276.2914,209.4483,280.7585,205.7732,,
74057,0,,,,,,,,,,,,,,,257.3486,205.9012,287.9148,208.5671,249.4234,223.5406,282.9865,223.5976,263.6226,224.3327,277.0405,225.2461,261.5320,260.7751,275.2458,260.4327,261.3069,294.2535,274.4482,292.3807,,,,,,,290.8177,207.7934,254.9964,204.6491,289.4582,208.4833,258.8141,206.1114,282.6512,222.8544,248.3783,222.1247,287.3028,224.3524,248.3353,223.8399,272.5566,215.9690,256.2168,215.7690,280.3310,215.6521,271.6518,215.5841,278.3707,256.4840,258.5275,258.5755,268.6314,257.2337,265.7557,257.9385,277.7566,292.1299,258.7143,294.8513,272.2243,292.8300,262.2788,294.2451,274.9011,296.1528,250.8296,299.3547,269.2136,294.4786,252.0800,296.6777,265.5011,294.6798,252.4647,296.3710,263.3000,298.5864,276.5607,296.9375,,,274.8144,208.2065,280.0905,205.6561,,
74058,0,,,,,,,,,,,,,,,257.2712,205.8637,286.5017,208.6974,249.6374,223.4421,282.7873,223.8590,263.9725,224.7351,277.9146,225.5690,261.6453,261.0489,274.9306,260.7883,261.2162,294.3605,274.4487,292.4495,,,,,,,290.1465,207.9388,254.8015,204.5844,288.2081,208.5200,258.8306,206.1098,282.5307,223.2299,248.4139,222.0766,287.1212,224.6715,248.4879,223.7210,272.9208,216.5373,256.2326,216.5271,281.5414,216.1777,272.6837,215.9109,278.0130,256.9043,258.7080,258.9400,268.3916,257.7753,265.8036,258.4425,277.7528,292.1569,258.7892,295.0568,272.1922,292.9074,262.0163,294.2984,274.7812,296.2365,250.6936,299.6487,269.0364,294.5321,251.7412,296.8964,265.2849,294.7071,251.8014,296.5436,263.2017,298.6987,276.7728,297.0763,,,275.8168,208.2280,281.3141,205.6855,,
74059,0,,,,,,,,,,,,,,,257.2413,205.9653,287.5520,208.8473,250.6974,224.0043,285.5554,224.3460,264.0071,225.1033,278.0797,226.1362,261.1400,260.7201,275.3304,260.7933,260.5900,294.1599,274.2707,292.6178,,,,,,,290.9306,208.0876,254.6250,204.7312,289.3421,208.6621,259.1623,207.1338,285.1234,223.6859,249.4884,222.5706,289.5355,225.0004,249.9742,224.2621,273.2175,216.9797,256.2199,217.0142,281.6737,216.8365,272.7778,216.4648,278.8377,256.9413,258.2456,258.5507,268.7122,257.7074,265.4455,258.1149,277.5703,292.3827,258.2274,294.7585,271.9795,293.0417,261.4307,294.1323,274.6896,296.3850,249.8925,299.2238,268.8215,294.5897,250.9241,296.5952,264.9000,294.6846,251.2408,296.3496,262.5733,298.3591,276.5459,297.2914,,,276.2445,209.6351,281.3450,205.7721,,
74060,0,,,,,,,,,,,,,,,257.0012,206.0787,287.0855,209.1302,250.1842,224.1439,285.4278,224.6463,263.7276,225.1264,277.6990,226.3922,261.4983,261.0449,275.8315,261.0372,260.8191,294.3705,274.3966,292.5230,,,,,,,290.6775,208.5007,254.5274,204.8231,288.4883,209.1268,258.6389,206.2561,284.9080,223.9868,249.0103,222.7448,288.7482,225.2699,249.3331,224.4208,273.0509,217.3122,256.2223,217.2224,281.0481,216.8613,272.0066,216.5133,279.2701,257.2279,258.4723,258.8974,269.0982,258.0635,265.9301,258.4907,277.8337,292.2315,258.3012,294.9694,272.0800,292.9566,261.7573,294.3156,275.0975,296.3551,250.1530,299.3196,269.1843,294.5853,251.3109,296.7301,265.2900,294.6959,251.7524,296.4193,262.5728,298.5531,276.5160,297.0932,,,275.2975,209.6174,279.6832,205.7044,,
74061,0,,,,,,,,,,,,,,,257.0388,206.0551,286.2254,208.8369,250.0016,224.6440,284.3123,224.7631,263.8332,225.1040,278.0579,226.2786,261.1822,260.4970,275.3787,260.4053,260.7493,293.8961,274.0147,292.1736,,,,,,,289.6735,208.1095,255.0664,204.8479,287.6768,208.7870,258.7513,206.2539,283.7263,224.0777,248.7301,223.2122,288.0475,225.3684,249.1031,225.0322,272.5547,217.3800,256.2201,217.2988,280.5956,216.5432,271.8169,216.1993,278.7829,256.7801,258.2467,258.4467,268.7554,257.5161,265.4464,258.0066,277.3304,291.9214,258.3886,294.5021,271.6441,292.5731,261.5610,293.8175,274.3398,295.9890,249.7561,298.9538,268.3456,294.1698,250.5079,296.3267,264.2704,294.2486,250.6209,296.1134,262.9197,298.0709,276.4801,296.8638,,,275.0337,209.4883,278.7674,205.5228,,
74062,0,,,,,,,,,,,,,,,257.1852,206.1284,285.3282,208.7223,249.6268,224.8248,281.3399,224.2958,263.6709,225.3958,277.4909,226.2305,261.3039,260.9667,275.0721,260.4189,261.3505,294.4207,273.6771,292.4073,,,,,,,288.9265,207.9669,255.2236,204.8506,286.6940,208.6226,258.7457,206.3294,281.0560,223.6105,248.2854,223.3442,286.0867,225.2910,248.9168,225.2346,271.2986,217.0936,256.0144,217.3705,280.0527,216.5468,271.4910,216.4126,278.2076,256.8302,258.5398,259.0204,269.0731,257.8023,265.6408,258.5275,276.8790,292.0917,259.0780,295.1177,271.4486,292.8538,262.0954,294.3099,274.0180,296.0320,250.5420,299.4629,268.1194,294.3215,251.3913,296.7596,264.0578,294.4535,251.6467,296.4623,263.2204,298.5051,276.0837,297.0410,,,274.4802,209.5303,277.6920,205.4051,,
74063,0,,,,,,,,,,,,,,,257.4443,205.7997,286.2833,208.3986,249.6298,224.7093,281.7788,223.7908,263.6902,225.4210,277.8052,225.9639,261.1596,260.8260,274.8481,260.4420,261.4228,293.9911,273.6570,292.3739,,,,,,,289.7317,207.7148,255.3551,204.5984,287.7495,208.3385,258.9530,205.9709,281.7773,223.1123,248.6468,223.3754,286.7475,224.6483,248.9399,225.1184,271.9146,216.5677,255.8197,217.0950,280.5704,216.2418,271.7691,216.2386,278.1307,256.7048,258.3564,258.8101,268.8502,257.6460,265.8160,258.2865,276.9706,292.0816,258.9155,294.5851,271.4024,292.8193,262.2245,293.9317,273.9833,295.9818,250.3842,299.0358,268.0304,294.2524,251.1596,296.4301,263.9335,294.3807,251.5963,296.2644,263.3877,297.9574,276.3006,297.0000,,,274.9321,209.1906,278.1279,205.3807,,
74064,0,,,,,,,,,,,,,,,257.5007,205.9019,284.8114,208.5404,248.6685,225.0544,279.9931,223.9234,264.0570,225.9104,278.0574,226.3977,260.9960,261.0402,274.3218,260.4792,261.9349,294.5451,273.6159,292.5166,,,,,,,287.6139,207.6010,255.3292,204.5868,286.6908,208.1798,259.0624,205.9855,279.4720,223.0311,247.6368,223.8231,285.0199,224.8512,248.0104,225.3178,271.9983,217.1014,255.7982,217.6035,281.3488,216.3965,272.4733,216.3440,277.6254,256.8184,258.2404,259.0556,268.5655,257.7687,265.4685,258.5800,276.9834,292.2396,259.6413,295.2636,271.4398,292.9724,262.5840,294.4413,273.9022,296.0564,250.9565,299.6698,267.9571,294.3558,251.8410,296.9572,263.7565,294.4776,252.0351,296.6561,263.9103,298.7887,276.3510,297.2043,,,275.6475,209.2309,278.2721,205.3059,,
74065,0,,,,,,,,,,,,,,,257.9707,205.9444,286.3939,208.5145,249.1307,224.6896,282.7014,224.0634,263.4294,225.4620,277.8082,226.1264,261.0054,261.1079,274.9496,260.7166,261.4264,294.0430,273.9702,292.3963,,,,,,,289.5671,207.8176,255.8548,204.7356,288.1035,208.3476,259.4285,206.0097,282.7253,223.3274,248.0080,223.4722,287.7288,224.9184,248.4248,224.9145,272.0590,216.8036,255.3419,217.1944,281.4542,216.3079,272.1920,216.2853,278.4868,256.9419,258.0225,258.9938,268.9659,257.8198,265.7521,258.4973,277.4769,292.1247,258.9415,294.7184,271.6661,292.8408,262.1661,293.9457,274.2292,296.0243,250.3653,299.1309,268.1029,294.2901,251.2723,296.4464,263.8216,294.3820,251.5541,296.2308,263.4676,298.3063,276.4636,297.0002,,,275.7638,209.3251,279.2948,205.5828,,
74066,0,,,,,,,,,,,,,,,257.7527,205.8945,283.7599,208.3082,248.8254,224.9212,276.9490,222.3004,263.3841,225.2831,277.4504,225.8699,261.3043,261.3943,274.7063,260.8527,261.8895,294.1857,273.7279,292.4155,,,,,,,286.3221,207.3471,255.5099,204.6174,285.5087,207.9561,259.3410,206.0119,276.0918,221.4091,247.9095,223.7570,280.4353,222.8298,248.0562,225.0560,272.3188,216.6711,255.4532,217.1371,281.3210,215.8653,272.1169,215.7847,278.1194,256.9803,258.2785,259.3012,268.7422,258.0204,265.8534,258.8380,277.1370,292.0962,259.4190,294.8531,271.5417,292.9027,262.6303,294.0638,274.4099,296.0546,251.0428,299.2436,268.3749,294.4113,251.9490,296.6452,264.1366,294.5432,252.1619,296.3317,263.9129,298.2376,276.2558,296.9780,,,275.4060,207.9778,279.2659,205.5360,,
74067,0,,,,,,,,,,,,,,,258.1109,205.8938,284.8849,208.4330,249.0105,224.5003,278.1626,222.3883,264.0581,225.2465,278.4766,225.9337,261.5626,261.1481,275.1505,260.7219,261.9309,294.1298,273.6116,292.4807,,,,,,,287.6850,207.5901,255.6064,204.5448,286.3608,208.1141,259.6319,205.9766,277.1384,221.3982,248.2791,223.4320,282.5530,223.3419,248.1149,224.5859,273.4094,216.5299,256.3116,217.0199,282.0961,216.1320,272.7758,215.9583,278.7508,256.9225,258.4248,259.0131,268.9825,257.8487,266.2453,258.5168,277.1584,292.2361,259.3357,294.7753,271.3885,292.9097,262.7058,293.9908,274.6427,296.3120,251.0420,299.2515,268.4210,294.5320,252.1391,296.6858,264.1386,294.6211,252.6373,296.4191,263.8626,298.1427,276.1336,297.2434,,,276.2332,209.1184,279.4418,205.5737,,
74068,0,,,,,,,,,,,,,,,257.9507,205.8426,285.5504,208.3226,248.8642,224.7089,279.9445,222.3096,263.8924,225.1727,278.7365,225.3322,261.9679,261.3015,275.3569,260.4254,261.5984,294.1334,273.5407,292.1755,,,,,,,288.8172,207.6202,255.3633,204.5692,286.6800,207.9797,259.4938,205.8218,279.1446,221.2636,247.9747,223.6787,285.1433,223.3369,248.0753,224.7931,274.1995,216.0614,256.3075,216.8368,282.3421,215.8813,273.1245,216.0445,278.7133,256.4783,258.8324,259.2610,269.3368,257.6622,266.6059,258.5636,276.9794,291.8714,259.0293,294.8487,271.3032,292.6506,262.3788,293.9497,274.3168,296.0126,250.6739,299.2512,268.2098,294.3016,251.7555,296.5547,263.9354,294.4563,252.1443,296.2365,263.5316,298.2926,276.0308,296.8930,,,276.4711,209.0749,279.1895,205.5411,,
74069,0,,,,,,,,,,,,,,,257.9206,206.1998,283.3338,208.4492,248.5381,224.5368,273.6024,220.5917,263.7454,225.0809,276.9191,225.3261,262.0327,261.0954,274.8060,260.5260,261.0967,294.1334,272.7347,292.1124,,,,,,,285.9848,207.4584,255.5858,204.8176,284.4002,208.1401,259.8487,206.2325,272.4587,219.5379,247.7116,223.6049,275.4322,220.5299,247.7432,224.3276,272.0998,215.7711,256.6490,215.9090,280.6915,215.7761,272.0694,215.7583,277.7538,256.2843,259.1159,258.9113,269.2104,257.5449,266.8148,258.0409,276.0702,291.7998,258.7293,294.8620,270.6599,292.6527,261.8151,293.9958,273.1726,295.7863,250.6420,299.5372,267.2402,294.3400,251.6627,296.8830,262.8333,294.7052,251.9957,296.6524,263.0863,298.3584,275.0786,296.8779,,,274.9211,208.2313,278.9173,205.5693,,
74070,0,,,,,,,,,,,,,,,258.4253,206.0130,282.3553,208.2759,248.7766,224.2947,272.5565,220.4302,264.0227,225.0788,277.4762,225.4807,261.3989,261.3111,274.6533,260.7613,261.1302,294.1849,272.6908,292.3394,,,,,,,284.7355,207.1372,256.3035,204.6600,284.0233,207.9113,260.0460,206.0457,271.4220,219.4256,247.7922,223.4311,274.1881,220.4580,248.0939,224.0799,272.7200,215.9149,256.5481,216.1276,281.1145,215.9831,272.7283,215.9068,277.4738,256.7728,258.4482,259.2100,268.8342,257.9896,266.3085,258.6451,275.9593,292.0282,258.7666,294.8426,270.5283,292.8555,261.7885,294.0868,273.0181,295.9775,250.4825,299.5455,267.2055,294.5285,251.5696,296.9142,262.6790,294.8785,251.8841,296.6826,263.0357,298.3005,275.1111,297.0518,,,275.2169,207.9704,278.4206,205.4401,,
74071,0,,,,,,,,,,,,,,,258.1728,206.1812,282.5573,208.4270,248.9123,224.3402,273.4140,220.6922,263.8641,224.7917,277.4880,225.1503,261.7537,261.3228,275.1101,260.6052,261.3012,294.1309,272.7020,292.0783,,,,,,,284.9765,207.3446,255.7239,204.8182,284.1425,208.1049,260.1222,206.2571,272.1754,219.7038,247.7956,223.4033,275.1054,220.7106,248.2530,224.2175,272.4518,215.7839,256.0970,215.7786,280.6075,215.7759,272.0866,215.7904,277.9673,256.7315,258.6719,259.2067,269.2578,258.0382,266.6193,258.6945,275.9273,291.7640,258.9684,294.7930,270.5702,292.6179,262.0406,294.0105,273.1727,295.9694,250.8349,299.5061,267.3630,294.4242,251.8271,296.9019,262.9541,294.7164,252.0549,296.6657,263.2885,298.2680,274.9451,296.7422,,,274.4330,208.3507,277.4491,205.5349,,
74072,0,,,,,,,,,,,,,,,257.8310,205.9170,281.4792,208.1505,249.2557,224.2432,272.0897,220.1236,264.1333,224.6314,277.3567,225.0116,261.9035,261.0033,274.5789,260.3681,261.5549,293.8822,272.7152,291.9862,,,,,,,283.4376,206.8451,255.3799,204.5694,283.1676,207.7192,259.6289,205.9750,270.6791,219.1782,248.1794,223.3247,273.6552,220.1575,248.6656,224.0878,272.6471,215.4486,256.8661,215.6126,280.6840,215.5152,272.5046,215.4540,277.4509,256.2496,258.8503,258.7589,268.9807,257.5449,266.8391,258.1818,275.8075,291.6521,259.1734,294.5019,270.6178,292.5569,262.2878,293.7843,272.8757,295.8012,250.8992,299.3673,267.1075,294.2930,251.7794,296.8976,262.8288,294.6230,252.0020,296.7199,263.3463,297.8613,274.8525,296.7585,,,274.9252,207.9126,277.3666,205.4162,,
74073,0,,,,,,,,,,,,,,,257.7207,205.8818,281.7147,208.1219,249.0565,223.9610,272.5568,220.3703,264.6278,224.4444,277.1934,224.9388,262.0092,260.8642,274.5857,259.9499,261.7568,294.2826,272.2922,292.1363,,,,,,,283.3339,206.9004,255.4240,204.5594,282.8347,207.7377,259.1996,205.9017,271.1368,219.2909,247.8954,222.9973,274.0118,220.3201,248.6330,223.8200,272.1360,215.3155,257.5706,215.3512,280.0388,215.0929,272.4098,215.1134,277.1411,255.7374,258.9623,258.6783,269.2414,257.1641,266.7567,257.8060,275.3477,291.8429,259.4970,294.9779,270.2882,292.7618,262.4443,294.1754,272.5573,295.9040,251.3351,299.6866,266.7622,294.4302,252.4283,297.2711,262.5806,294.7563,252.4696,297.0611,263.3294,298.3312,274.3865,296.9226,,,274.8239,207.9436,276.9221,205.3595,,
74074,0,,,,,,,,,,,,,,,257.6353,205.9330,281.2600,208.2836,249.2115,223.8071,272.3597,220.3466,264.4147,224.2543,277.2248,224.4350,262.2058,260.7176,274.6662,259.8722,261.7675,294.0354,272.5766,292.1778,,,,,,,283.8892,206.9492,255.2488,204.5462,283.0276,207.8516,259.2416,205.9928,271.0237,219.3121,248.1200,222.7810,273.8202,220.3609,248.6278,223.6983,272.6230,215.2176,257.5735,215.3400,279.9576,215.1142,271.9535,215.2214,277.3359,255.8529,259.2534,258.5775,269.4061,257.1527,267.0022,257.7891,275.7082,291.9479,259.3288,294.7345,270.4553,292.7402,262.4690,293.9302,272.6857,295.9515,251.0560,299.5299,266.9626,294.3562,252.0543,296.9498,262.7213,294.5781,252.2192,296.7188,263.5147,298.2312,274.6058,296.9593,,,274.4058,207.8924,277.3195,205.2982,,
74075,0,,,,,,,,,,,,,,,257.7522,205.9926,281.0269,208.3600,249.1709,223.9692,272.0324,220.7167,264.6172,224.7038,276.8601,225.1274,262.0138,260.6682,274.6448,260.0720,261.6767,294.0776,272.6512,292.0596,,,,,,,282.9312,206.9022,255.8485,204.6155,282.6989,207.7695,259.4199,206.0964,270.7303,219.6682,248.2195,222.8787,273.4239,220.7100,248.4813,223.9426,272.3783,215.7329,257.9966,215.5959,279.4977,215.1155,271.7122,215.1165,277.3466,256.0322,258.8565,258.4725,269.2398,257.2599,266.7537,257.8347,275.7438,291.7750,259.1865,294.6834,270.5107,292.6641,262.4876,294.0458,272.8699,295.7868,250.8606,299.4647,267.2441,294.3360,252.0594,297.0524,263.0667,294.6698,252.1531,296.7779,263.3974,298.1469,274.6934,296.9408,,,274.5830,208.0236,277.5942,205.3432,,
74076,0,,,,,,,,,,,,,,,257.5595,205.9235,281.0159,208.2369,249.3835,224.1860,272.9191,220.9125,264.2463,224.3665,276.9099,224.4016,261.9580,260.5918,274.4974,260.0065,262.0866,294.3629,272.6750,292.0705,,,,,,,282.3125,206.8221,255.4027,204.6230,282.2406,207.7068,259.2509,205.9921,271.6790,219.9729,248.4651,223.0905,274.1737,220.8866,248.5743,224.1541,272.0198,215.3741,257.3033,215.3701,279.7104,214.9763,271.6777,215.2345,277.2000,256.1117,258.8671,258.3759,268.9971,257.3471,266.7562,257.9316,275.7299,291.7036,259.7234,295.0318,270.5900,292.6625,262.9145,294.2623,272.8192,295.8352,251.4418,299.6985,267.1154,294.2424,252.2872,297.0314,262.8571,294.5009,252.4810,296.7022,263.8885,298.6831,274.6927,296.8286,,,274.0724,207.8546,276.9598,205.4203,,
74077,0,,,,,,,,,,,,,,,257.5829,205.7793,280.5549,208.2192,248.8272,224.0400,273.7348,221.0044,263.8110,224.2337,276.9048,224.5297,261.8865,260.5449,274.6456,259.8743,261.9978,294.3073,272.8929,292.1570,,,,,,,282.3354,206.8272,255.1473,204.4373,282.0300,207.6607,258.9256,205.7863,272.9629,220.0934,247.9097,222.9956,275.2769,221.0119,248.0736,223.9930,272.0665,215.6844,256.7691,215.5308,279.8229,215.0719,271.6078,215.1528,277.5889,255.9312,258.8086,258.2528,269.0297,257.0934,266.6634,257.8107,276.0553,291.8190,259.5162,294.9210,270.7224,292.6701,262.8296,294.2094,273.2250,295.9693,251.3151,299.5924,267.3833,294.3020,252.0543,296.8922,263.1567,294.5050,252.2792,296.6042,263.6096,298.6016,274.9315,296.9025,,,274.1437,207.6792,276.3598,205.2910,,
74078,0,,,,,,,,,,,,,,,258.0232,205.6597,282.4310,207.8830,248.5489,223.8044,275.2322,220.6461,264.4382,224.3834,277.6170,224.7746,261.2744,260.4545,274.5951,260.3197,261.7402,294.0368,273.4499,292.3730,,,,,,,284.9559,206.9388,255.5382,204.3322,283.4148,207.5291,259.8271,205.7310,274.4818,219.8170,247.5116,222.6267,277.3446,220.6732,247.6857,223.8504,272.4133,215.5626,256.9642,215.5801,281.0938,215.4903,272.5575,215.4073,277.9045,256.3960,258.3802,258.1016,268.6208,257.2395,266.1263,257.6713,276.7644,292.1012,259.1631,294.5653,271.2018,292.8305,262.4910,294.0187,273.6499,296.0869,250.9947,299.2821,267.6814,294.5055,251.7947,296.7030,263.3423,294.7515,251.9708,296.4763,263.5430,298.2676,275.7191,297.0000,,,275.4166,207.7612,279.3459,205.4264,,
74079,0,,,,,,,,,,,,,,,257.5250,205.9669,283.5838,208.5642,247.9571,223.7998,276.5112,222.4538,264.4314,225.0318,278.8592,225.6183,261.5778,261.0820,275.1303,260.8954,262.1862,294.4023,273.7437,292.6331,,,,,,,285.8699,207.5208,254.7696,204.5769,284.7019,208.0591,259.3763,205.9487,275.5560,221.4535,247.0471,222.6016,279.1891,222.7544,246.8900,223.8680,273.8248,216.9756,256.9522,216.9718,281.9468,216.4989,272.9913,216.2398,278.4471,256.9671,258.4059,258.7069,268.5724,257.7562,266.1547,258.4638,277.0129,292.3679,259.3946,294.9119,271.5074,292.9998,263.1333,294.4371,274.0240,296.2212,251.3148,299.4781,268.1680,294.5681,252.2406,296.9939,264.0365,294.7853,252.3535,296.6676,263.9240,298.5846,275.8085,297.0562,,,276.2256,209.3554,280.4166,205.5468,,
74080,0,,,,,,,,,,,,,,,257.5556,205.7595,285.4710,208.5525,248.1764,223.1242,282.7990,223.5285,263.9888,224.5445,277.7635,225.0622,261.5982,260.5112,275.0620,260.5627,261.5799,294.2731,273.5842,292.4945,,,,,,,289.1515,207.7843,254.8543,204.3928,286.4263,208.1259,259.4962,205.7627,284.2987,222.9330,247.0348,221.7977,289.2657,224.5619,247.1406,223.2227,272.9639,216.2543,256.8551,216.0284,280.7475,215.8553,272.1339,215.7494,278.5234,256.6982,258.5787,258.0426,268.8415,257.4115,266.1749,257.8392,276.8358,292.2745,259.0294,294.8487,271.3316,292.8815,262.4808,294.2809,273.7412,296.1795,250.8923,299.4509,267.9542,294.4808,251.8609,296.8100,263.7045,294.6740,252.1286,296.6010,263.5533,298.7647,275.4687,297.0916,,,275.0926,207.9058,278.9406,205.3982,,
74081,0,,,,,,,,,,,,,,,257.3096,205.7048,285.2832,209.2878,248.4696,224.3197,279.8211,224.1168,263.9092,224.8440,277.1728,225.8141,261.3871,260.5844,274.3780,260.2733,261.7459,294.1734,273.8225,292.2529,,,,,,,287.4883,207.3773,254.5079,204.3761,286.1618,207.9809,259.2588,206.8758,279.1776,222.9957,247.7364,222.9385,284.2615,224.7279,247.3639,224.5122,272.6942,216.8401,256.1860,216.4459,281.0869,216.2379,272.2215,216.0214,277.5871,256.2470,258.3569,258.1630,268.3895,257.1128,265.8765,257.7366,276.9580,291.9637,259.0218,294.6662,271.6375,292.6891,262.5870,294.2239,273.8436,295.8919,251.3834,299.3008,268.0231,294.2660,252.4135,296.7367,263.9508,294.5170,252.5046,296.4410,263.5582,298.5726,275.9430,296.7719,,,275.9129,209.1552,281.8622,205.6378,,
74082,0,,,,,,,,,,,,,,,257.2269,205.5823,287.7296,209.4848,248.7876,223.8360,285.4438,225.0128,263.9722,224.2792,277.4492,225.2254,261.1187,260.6509,274.7506,260.0754,261.1944,294.2317,274.2472,292.4965,,,,,,,290.0700,207.4693,254.6588,204.3613,289.0459,209.1796,258.5513,205.7357,284.4230,224.0420,247.7917,222.4214,288.8242,225.4840,247.5382,224.0247,273.4129,216.8918,256.8884,216.3150,281.3851,216.0951,272.6203,215.7081,277.8872,256.3208,258.1347,258.4094,268.4663,257.1138,265.7661,257.9326,277.3952,292.2135,258.5036,294.7450,271.9529,292.9310,262.1397,294.2607,274.3645,296.1248,250.5999,299.2435,268.5158,294.3670,251.6280,296.6426,264.4044,294.5594,251.8717,296.4196,263.2676,298.5540,276.4422,296.9654,,,276.8468,209.1114,283.2800,205.8067,,
74083,0,,,,,,,,,,,,,,,257.0768,205.6346,287.4071,208.6890,248.7366,223.6584,285.5710,224.5717,263.9029,224.7046,277.3247,225.7650,261.6314,260.5838,275.1607,260.3946,261.4013,293.9276,274.3824,292.3623,,,,,,,290.5279,207.7186,254.1880,204.3225,289.0343,208.2084,258.4930,205.7754,284.9157,223.6273,247.4649,222.1466,289.1601,225.0654,247.5979,223.8314,273.4420,216.4389,257.3440,216.2156,281.3996,216.3190,272.6769,215.9222,278.3881,256.3472,258.4986,258.2038,268.9861,257.1358,266.3157,257.6775,277.6662,292.1556,258.5482,294.3757,272.1141,292.8043,262.3924,293.9730,274.6391,295.9832,250.6261,298.8676,268.7351,294.2297,251.7557,296.2634,264.6474,294.3697,252.1668,296.0160,263.3538,298.2927,276.4330,296.9795,,,276.6700,209.3141,283.1951,205.7746,,
74084,0,,,,,,,,,,,,,,,256.9925,205.5863,287.6933,208.8461,248.6845,223.4338,285.1471,224.6813,263.4453,224.8995,277.1049,225.8867,261.4656,260.7840,275.4764,260.6015,261.0003,293.8648,274.4011,292.5122,,,,,,,290.5362,207.8216,254.0059,204.2251,289.4746,208.3965,258.7302,206.7854,284.0284,223.7880,247.4946,221.9805,288.6723,225.2099,247.5170,223.6212,272.6868,216.9826,256.2518,216.7479,280.5955,216.6744,271.7328,216.3459,278.4903,256.7913,258.3181,258.5098,268.8963,257.4975,266.0819,258.1951,277.7678,292.3115,258.1671,294.3083,272.0619,292.9472,261.9842,293.9191,274.8397,296.3370,250.2541,298.8395,268.6733,294.4929,251.3054,296.2532,264.3979,294.6133,251.5558,296.0760,263.0847,298.1330,276.5677,297.1965,,,275.4444,209.4768,280.8789,205.4260,,
74085,0,,,,,,,,,,,,,,,256.5540,205.6206,286.8974,208.7107,248.2067,223.4755,283.6369,224.2474,262.7719,224.5495,277.5659,225.7010,261.3946,260.6507,275.8597,260.6021,261.1153,293.9201,274.2937,292.6194,,,,,,,289.9911,207.7831,253.6439,204.3391,288.8228,208.3303,258.1130,205.7877,283.3090,223.3524,247.1170,222.0400,287.8644,224.8779,247.2229,223.7822,273.2950,216.9894,256.2269,216.4618,280.4573,216.3284,271.3249,215.8717,279.1561,256.8434,258.1351,258.3280,268.8983,257.4633,266.4607,258.1857,277.6573,292.4489,258.1392,294.3591,271.9872,293.0355,262.2192,294.0251,274.9738,296.4782,250.2369,298.8423,268.8455,294.7147,251.6036,296.2791,264.6147,294.8401,252.0777,296.1488,263.2031,298.2496,276.1889,297.1784,,,275.4248,209.2912,280.8053,205.5215,,
74086,0,,,,,,,,,,,,,,,256.8172,205.4979,286.7242,208.4367,248.4495,223.4565,281.9589,224.0272,263.1300,224.4842,277.5060,225.6745,261.4570,260.6844,275.1859,260.5919,261.2316,293.8116,274.0122,292.4831,,,,,,,289.8882,207.5807,254.2893,204.2969,288.6625,208.1109,258.2422,205.6400,282.6480,223.4348,247.3513,222.0169,287.5695,225.0273,247.4892,223.7606,273.2453,216.8441,256.7411,216.4469,280.6438,216.4453,271.7856,215.9392,278.5297,256.7231,258.3049,258.2999,268.4337,257.3103,266.2164,258.0431,277.2304,292.2880,258.3348,294.2491,271.7592,292.9561,262.2374,293.9071,274.6400,296.2380,250.1774,298.7150,268.3911,294.3679,251.2773,296.1525,264.2001,294.5156,251.5517,296.0840,263.3147,298.0541,276.1209,297.1581,,,276.1485,209.3136,281.3615,205.4773,,
74087,0,,,,,,,,,,,,,,,256.7622,205.5408,289.1879,208.6981,248.5657,223.4345,284.9998,224.5946,263.0812,224.9953,277.9632,226.1974,261.4267,260.7562,275.4309,260.7119,260.9250,293.6185,274.5095,292.5498,,,,,,,291.1636,207.6536,254.2421,204.2919,290.5010,208.2748,258.4434,206.7623,284.7416,223.8274,247.6270,221.9407,288.6830,225.0978,247.3851,223.6082,273.8614,217.0812,256.3653,216.7245,280.6858,216.5866,271.5063,216.2344,278.8708,256.6619,258.1767,258.2797,268.4733,257.2726,266.4340,258.0401,278.0252,292.4520,257.8590,294.0050,272.1394,292.9799,261.9757,293.7177,275.1844,296.3540,249.7209,298.5413,268.8642,294.4493,250.9157,295.9570,264.6618,294.5326,251.2064,295.9043,263.3555,297.8852,276.7268,297.2493,,,275.8110,209.4711,280.9565,205.4408,,
74088,0,,,,,,,,,,,,,,,256.4767,205.5946,290.3119,208.7960,248.3855,223.4042,286.7281,224.7108,262.8740,224.7195,278.3358,225.7876,261.2005,260.7868,275.5469,260.6143,261.1706,293.9144,274.6878,292.6112,,,,,,,292.2123,207.6647,253.5453,204.2458,291.7131,208.3015,258.3874,206.8531,286.2482,223.8709,247.3324,221.9516,289.9134,225.1408,247.2738,223.6985,273.8134,216.7916,255.7799,216.6372,280.6141,216.5397,271.2292,216.2194,279.0654,256.8652,257.9355,258.4980,268.3580,257.3552,266.0472,258.1677,278.2054,292.4925,258.1673,294.3044,272.2918,293.0388,262.2086,293.9866,275.4925,296.5079,249.8929,298.7990,269.0798,294.5991,251.0387,296.1998,264.7099,294.6785,251.4209,296.0625,263.6800,298.2207,276.9289,297.2726,,,275.2876,209.4614,279.1015,205.3748,,
74089,0,,,,,,,,,,,,,,,255.9276,205.7395,287.6333,208.8453,247.8997,223.5609,284.8734,224.5878,261.8618,224.7008,277.3564,225.6724,261.0296,260.7951,275.5421,260.6124,261.0573,294.0240,274.5179,292.5711,,,,,,,290.5592,208.0068,253.0537,204.2611,289.5252,208.5647,257.5780,205.8636,284.3730,223.7817,246.9256,222.1347,288.5760,225.1420,246.7396,223.7913,273.3609,216.9843,255.6714,216.8031,279.5238,216.3983,270.0509,216.0436,278.9515,256.7406,257.7714,258.4949,268.5181,257.3383,266.1233,258.2035,278.0622,292.4565,257.9320,294.4471,272.1537,292.9661,262.2164,294.1121,275.4585,296.2887,249.8618,298.8660,269.1928,294.4565,251.3756,296.2693,265.0105,294.5695,251.8590,296.0819,263.3995,298.3509,276.6129,297.2021,,,274.3309,209.4508,278.2380,205.1482,,
74090,0,,,,,,,,,,,,,,,256.1617,206.6585,288.5552,208.8127,247.8858,223.5921,285.9982,224.7415,261.6011,224.7072,277.4584,225.7101,261.1336,260.7501,276.0543,260.5459,260.8483,293.6887,274.7743,292.5122,,,,,,,291.6820,207.7978,252.8898,204.2337,290.7633,208.4411,258.0812,207.0043,285.4095,224.0333,246.9393,222.1709,289.7118,225.3605,246.7015,223.8462,273.3393,217.2223,254.9339,217.0048,279.3323,216.5138,269.4115,216.1534,279.3938,256.8992,257.7027,258.5104,268.4959,257.2607,266.2633,258.2107,278.4916,292.4658,257.6578,294.0260,272.2815,292.8793,262.0094,293.7568,275.7780,296.4061,249.6408,298.3427,269.4491,294.5208,251.0198,295.7859,265.0738,294.5142,251.6118,295.6971,263.3559,298.0074,276.9600,297.1238,,,274.1680,209.5258,278.1732,205.1528,,
74091,0,,,,,,,,,,,,,,,255.8591,205.9273,288.6634,209.2466,247.6505,223.5372,286.4881,224.4864,262.0761,224.3831,277.7112,225.4387,261.3121,260.3973,275.8966,260.2009,261.0938,293.8480,274.6583,292.5984,,,,,,,291.0632,208.4314,253.0242,204.4246,290.2296,209.0376,257.5783,206.1134,286.0504,223.7470,246.6881,222.1285,289.5151,224.9106,246.2838,223.7200,273.9550,216.6141,255.7525,216.2206,279.5900,216.1451,269.8921,215.8335,279.2687,256.5182,257.8705,258.0752,268.7108,257.0054,266.2606,257.8519,278.1866,292.5018,257.9857,294.1914,272.3280,292.9916,262.3233,293.9381,275.8396,296.5513,250.1920,298.5890,269.7584,294.6537,251.6130,296.0994,265.5333,294.6953,252.2451,295.9857,263.4952,298.1447,276.7419,297.2794,,,274.1903,209.3934,278.6888,205.3722,,
74092,0,,,,,,,,,,,,,,,256.0941,205.7699,289.3004,209.0804,247.6038,223.6839,286.5451,224.5346,262.0233,224.6040,277.9295,225.9131,261.3624,260.2411,275.6307,260.0805,260.9585,293.8390,274.7527,292.3809,,,,,,,291.5189,208.3188,253.3851,204.3859,290.6357,208.9618,257.7433,206.0171,286.0876,223.8331,246.8170,222.2571,289.8270,224.8994,246.3633,223.8172,274.1074,216.9404,255.7301,216.5215,279.7264,216.3431,270.0240,215.9411,279.2202,256.3883,257.8519,258.0021,268.2447,256.7898,266.5493,257.7163,278.4962,292.2777,257.7529,294.1905,272.2564,292.7804,262.1833,293.9215,275.9552,296.3930,250.0208,298.5730,269.5142,294.5618,251.4866,296.0901,265.1706,294.6203,252.1221,295.9798,263.1750,298.2171,276.8538,297.0592,,,274.4506,209.4414,278.8595,205.2823,,
74093,0,,,,,,,,,,,,,,,255.3035,205.6825,287.0559,209.0542,247.8054,223.4935,285.7289,224.4304,261.5250,224.7794,277.4147,225.6842,261.3914,260.6888,275.9072,260.5863,261.0075,293.8643,275.0511,292.3494,,,,,,,289.9461,208.4989,251.8875,204.1825,288.5901,208.9142,257.1405,205.7975,285.3166,223.8434,246.9174,222.0801,288.6107,224.9534,246.6332,223.6662,273.0938,216.5537,254.9381,216.2664,278.8175,215.9205,269.4383,215.6505,279.5089,256.6134,257.9658,258.3834,268.7256,257.1923,266.4334,257.7888,278.5973,292.2203,257.9119,294.3627,272.7219,292.8256,262.2778,293.9438,275.9381,296.2043,250.5760,298.9947,269.8882,294.5368,252.0052,296.4132,265.6551,294.7115,252.3043,296.1555,263.4376,298.2540,277.1833,297.0744,,,273.4950,208.4242,277.3103,205.1978,,
74094,0,,,,,,,,,,,,,,,256.0090,205.7022,287.0647,209.0256,247.3917,223.5749,285.5432,224.0292,261.8057,224.5512,277.6805,225.3564,261.7503,260.5392,275.6720,260.6874,260.8815,294.0020,274.6040,292.5203,,,,,,,289.7071,208.4558,252.6327,204.2359,288.5728,208.8525,257.8709,205.9137,285.1159,223.5057,246.3347,222.1663,288.6691,224.4881,246.2229,223.6989,273.1631,216.1223,255.3505,215.8743,278.9075,215.4110,269.7226,215.3914,279.2623,256.5305,258.3339,258.1514,268.5279,257.0534,266.5368,257.6590,278.0489,292.3646,257.8351,294.4597,272.3194,293.0199,262.0727,294.1289,275.4895,296.3076,250.3328,299.1018,269.3309,294.6253,251.8549,296.4775,265.1817,294.9347,252.2885,296.2805,263.0955,298.3638,276.5945,297.3223,,,273.8027,208.3283,278.0333,205.2551,,
74095,0,,,,,,,,,,,,,,,256.3575,205.7250,288.4127,209.0849,247.7138,223.7113,287.6041,224.6974,262.4148,224.9236,278.4491,225.9284,261.7164,260.6917,275.6432,260.5472,261.4295,294.3312,274.2432,292.4491,,,,,,,291.1993,208.3811,253.0488,204.2616,289.9573,208.8566,258.1687,205.9186,287.1120,224.1283,246.5888,222.2903,290.6464,225.1770,246.5904,223.9008,274.3808,216.7885,255.8204,216.4701,280.5238,216.0493,271.1243,215.8123,279.2928,256.5783,258.2214,258.3860,268.3027,257.1537,266.6082,257.9228,277.7290,292.3375,258.5019,294.8990,271.9632,292.9214,262.6607,294.4142,275.3884,296.3528,251.0567,299.3501,269.0329,294.4651,252.4497,296.6705,264.7665,294.6006,252.8384,296.3370,263.7822,299.0024,276.1188,297.3331,,,275.1176,208.4007,279.3263,205.4296,,
74096,0,,,,,,,,,,,,,,,256.2560,205.7918,288.8205,209.2560,247.8178,223.8017,288.0507,225.1407,262.4133,224.9702,278.1623,225.8927,261.2711,260.8559,275.7024,260.7739,261.3221,294.2572,274.4658,292.6746,,,,,,,291.0969,208.5994,253.0712,204.3474,290.1942,209.1478,257.9991,206.0244,287.5757,224.5552,246.7501,222.3756,290.8380,225.6320,246.7306,223.9724,274.5359,216.9938,256.2650,216.8149,280.1759,216.2878,270.6963,216.0863,279.2279,257.0330,257.8305,258.5303,268.4569,257.4703,266.3785,258.2034,277.9460,292.5806,258.3653,294.7126,272.1595,293.0889,262.5167,294.3619,275.5311,296.5385,250.7591,299.1298,269.3949,294.6990,252.2489,296.5775,265.3292,294.8649,252.6724,296.3595,263.6953,298.6888,276.3368,297.4248,,,274.8000,208.5650,279.0250,205.4011,,
74097,0,,,,,,,,,,,,,,,256.3107,205.8655,287.6271,209.0641,247.3123,223.4697,286.8290,224.6290,262.0725,224.4510,277.8560,225.4306,261.2475,260.4301,275.7540,260.5050,261.2830,294.2310,274.1504,292.7430,,,,,,,290.4343,208.4310,253.5564,204.3791,289.2779,208.9696,258.4825,206.0815,286.4713,224.0969,246.2665,222.0867,289.6729,225.0804,246.2137,223.6339,273.9025,216.3545,255.4652,215.9186,279.5023,215.6721,270.1853,215.4930,279.2596,256.7415,257.8819,258.1664,268.6622,257.1650,266.2797,257.7312,277.5894,292.6443,258.3171,294.7597,271.8105,293.1677,262.3561,294.3063,275.1083,296.5144,250.7674,299.2831,268.8723,294.7553,252.0957,296.6652,264.7400,294.9839,252.5233,296.4505,263.5591,298.6748,276.0882,297.5049,,,274.2521,208.3295,278.3237,205.2718,,
74098,0,,,,,,,,,,,,,,,255.9184,205.8644,287.2409,209.0290,247.3770,223.6817,286.9374,224.7087,262.1369,224.7730,277.4872,225.6459,261.2584,260.5910,275.8246,260.6524,261.2958,294.0386,274.4142,292.5665,,,,,,,290.5111,208.3959,253.0920,204.4197,288.7697,208.8845,257.9972,206.0219,286.7968,224.1917,246.3473,222.2354,290.1680,225.1487,246.3055,223.9140,273.4768,216.6332,255.1702,216.3535,279.7642,215.8526,270.2658,215.7436,279.3253,256.8018,257.8081,258.2206,268.6309,257.2414,266.3484,257.7875,277.9974,292.4444,258.2739,294.4814,272.0130,293.0229,262.3853,294.1527,275.3554,296.3690,250.3283,298.8966,269.0195,294.5502,251.5679,296.3252,264.8406,294.7425,251.8685,296.1442,263.8225,298.4811,276.5638,297.3597,,,274.0897,208.2859,277.7060,205.1811,,
74099,0,,,,,,,,,,,,,,,256.3205,205.8676,288.3937,209.1782,247.0608,223.5544,287.6658,225.0787,262.3563,224.5172,277.4060,225.4379,261.4655,260.5553,275.5021,260.3280,261.3305,294.2741,274.2060,292.5600,,,,,,,291.1350,208.4847,253.1986,204.4451,289.7258,208.9963,258.2911,206.0761,287.3600,224.4932,245.9876,222.1275,290.6215,225.4376,245.9724,223.8062,273.8676,216.6457,255.8346,216.1352,279.8817,215.8754,270.6503,215.6566,278.9833,256.5208,258.0705,258.2034,268.5682,256.9870,266.4889,257.7900,277.7128,292.4226,258.3029,294.7250,271.8237,292.9967,262.4413,294.3434,275.0389,296.3428,250.4486,299.1306,268.6630,294.4509,251.6309,296.4793,264.3937,294.6674,252.0070,296.2944,263.6585,298.7162,276.2149,297.3400,,,274.5068,208.3454,278.7691,205.3742,,
74100,0,,,,,,,,,,,,,,,256.5090,205.7166,287.9134,208.9749,246.9521,223.5875,288.4717,224.4987,262.3207,224.3442,277.7104,224.9114,261.3211,260.6348,275.5164,260.2568,261.1714,294.2256,274.2532,292.5627,,,,,,,291.0633,208.1143,253.8002,204.3309,289.5560,208.7749,258.3758,205.9987,287.9396,223.7765,245.7691,222.1423,291.3111,224.7807,245.9513,223.9036,273.7342,215.9675,255.1080,215.6545,279.8238,215.3775,270.3736,215.2726,278.9813,256.4123,257.9815,258.4362,268.3888,256.9926,266.3325,257.8704,277.8457,292.4021,258.0552,294.7130,271.7988,293.0499,262.3256,294.3076,275.2132,296.4477,249.9110,299.1484,268.7438,294.5305,251.2717,296.5026,264.4073,294.7262,251.6199,296.3122,263.5818,298.6941,276.5366,297.4011,,,274.2692,208.1012,278.6789,205.2624,,
74101,0,,,,,,,,,,,,,,,256.7375,205.8071,287.7366,209.0391,246.9594,223.2194,288.3337,224.7465,262.7635,224.4645,278.0266,225.4010,261.3628,260.7684,275.4465,260.7356,261.1678,294.4516,274.2910,292.7509,,,,,,,290.6168,208.2919,254.0633,204.4047,289.2280,208.9624,258.4263,206.0886,288.1828,224.0918,245.8510,221.7415,291.2575,225.0679,245.8955,223.4340,274.1826,216.3140,256.1533,215.6300,279.8255,215.7567,270.5824,215.4878,279.0189,256.8529,258.0252,258.4273,268.4853,257.2689,266.4111,257.9964,277.8563,292.5907,258.1723,294.9910,271.8803,293.2026,262.2501,294.5332,275.0922,296.4864,250.1907,299.3337,268.7908,294.6116,251.6900,296.6235,264.6706,294.8350,252.1906,296.4193,263.6820,299.2017,276.5654,297.6790,,,274.2272,208.2677,278.3739,205.3056,,
74102,0,,,,,,,,,,,,,,,256.3605,205.6102,287.8202,208.7825,245.7925,223.2705,288.2068,224.6247,262.4508,224.0726,278.0411,224.9146,261.2147,260.5954,275.3113,260.0536,261.1936,294.1910,274.2543,292.5115,,,,,,,291.1018,207.9374,253.4358,204.2458,289.2702,208.5260,258.3238,205.9393,287.7747,223.8214,244.7667,221.6955,291.2589,224.9454,244.6939,223.4931,273.9651,215.8233,255.4944,215.2493,279.7420,215.1591,270.3941,215.1752,278.7667,256.4071,257.9323,258.5082,268.2717,256.9743,266.2071,257.8118,277.8113,292.3356,258.3413,294.7185,271.7793,292.9858,262.2743,294.2631,274.9987,296.3854,250.2899,299.2130,268.5996,294.5070,251.5925,296.5577,264.2931,294.7279,252.1069,296.3649,263.6334,298.6809,276.6264,297.4065,,,274.2805,208.0367,278.2865,205.2869,,
74103,0,,,,,,,,,,,,,,,256.9832,205.6787,284.7346,208.4987,245.2620,222.7840,277.9780,222.7962,263.3112,224.3664,277.8024,225.3598,261.8012,260.7403,274.7608,260.2942,261.1403,294.2760,273.8654,292.5398,,,,,,,288.0200,207.6170,254.4524,204.2927,285.8571,208.5381,259.0976,205.9637,277.5429,221.9071,244.1902,221.2570,283.8491,223.9137,244.7116,223.1199,273.3682,216.0255,256.7395,215.6158,280.7408,215.5701,271.4965,215.5594,277.9813,256.4351,258.7462,258.5797,268.3854,257.1762,266.4490,257.9994,277.2210,292.2434,258.3183,294.8109,271.4369,292.9678,262.1014,294.3241,273.8125,296.0836,249.9521,299.2573,267.6762,294.3639,251.0791,296.4890,263.3420,294.5615,251.5685,296.2736,263.2191,298.8407,276.0995,297.2927,,,275.6216,208.0264,281.3938,205.4659,,
74104,0,,,,,,,,,,,,,,,257.7310,205.3902,282.4762,207.6289,244.6279,221.2571,274.5059,220.9667,263.5239,223.8355,277.1928,224.6362,261.6534,260.5744,273.9706,259.6850,261.7659,294.2175,273.3324,292.1994,,,,,,,285.8774,206.6617,255.7728,203.9950,283.2771,207.5484,259.0943,205.7297,273.9097,219.9860,243.4317,219.7870,276.8937,221.3701,244.0130,221.5745,271.1286,215.0328,256.6550,214.8680,278.9794,214.8559,270.6719,214.9819,276.8450,255.8819,259.0105,258.5647,268.3002,257.0321,265.9155,257.8460,276.4840,291.7938,259.3317,294.8680,271.1077,292.7015,262.3788,294.1024,273.3377,295.6846,250.8649,299.4857,267.4984,294.1439,251.5644,296.6739,263.3797,294.4582,251.9498,296.3985,263.4486,298.5383,275.6415,296.9934,,,273.7709,207.5060,277.8508,204.9514,,
74105,0,,,,,,,,,,,,,,,258.4260,205.3924,284.3649,207.6959,242.2208,217.7094,276.5037,219.4824,262.8647,222.9464,277.8173,224.4689,262.0974,259.8156,274.2210,259.1416,261.3032,293.8542,273.0197,292.0092,,,,,,,289.5200,205.8198,255.7913,203.9376,285.2921,207.7110,260.6375,205.9219,277.7366,218.6701,241.7171,216.1635,279.8111,220.0691,241.2095,218.2364,272.1920,214.3115,256.0543,213.8023,279.9991,215.0732,271.2031,214.6338,277.0183,255.4718,259.1422,257.7177,268.4031,256.5777,266.8301,257.3266,276.0252,291.6755,258.9054,294.4694,270.8053,292.4684,262.0576,293.7945,272.7623,295.5488,250.8114,299.0131,266.9640,293.9742,251.4746,296.2279,263.0045,294.2387,251.6378,296.0532,263.2211,298.3631,275.2704,296.7369,,,275.3598,207.4530,279.8368,205.1122,,
74106,0,,,,,,,,,,,,,,,257.6608,205.4379,286.4223,207.8361,240.6070,213.8019,280.2820,217.9770,263.5652,224.3262,278.7755,225.5469,261.8357,260.2811,274.6118,259.5991,261.4111,294.0425,273.4524,292.2441,,,,,,,289.8872,207.0349,254.3326,204.1455,287.7963,208.1927,260.4493,205.9935,282.1835,217.2881,239.8720,211.8335,283.5585,219.0167,239.4927,214.5625,273.9574,215.6082,257.5753,215.0393,281.5914,216.2092,272.8223,215.2015,277.4437,256.0685,258.3743,258.4289,268.2303,257.0910,266.4538,257.8032,276.6420,291.9752,259.0242,294.5220,271.2024,292.6955,262.3062,293.9595,273.3510,296.0470,251.0551,299.0762,267.3445,294.2948,251.6809,296.3955,263.3270,294.4074,251.9428,296.1906,263.3209,298.2271,275.6389,296.9664,,,276.8035,209.1715,280.3868,205.2162,,
74107,0,,,,,,,,,,,,,,,261.0156,205.5097,286.9798,207.5016,237.9919,208.8624,279.7256,215.8955,265.2163,223.8438,278.7138,224.8770,261.9643,260.0106,274.6077,259.4835,261.1903,293.6937,273.3492,291.6418,,,,,,,290.4485,206.1028,259.4820,204.4683,288.0343,207.8129,265.5456,206.2305,281.1195,215.0976,237.6107,206.6233,283.6235,217.4404,237.2629,209.5427,273.7377,215.3264,259.6604,214.3638,281.9143,215.5097,273.7344,214.1464,277.5645,256.1486,258.8776,258.1660,268.4225,257.0517,266.2756,257.5908,276.4319,291.2755,258.9895,294.2012,271.1556,292.1314,262.0703,293.5241,273.1355,295.3457,251.2435,298.7439,267.2678,293.6763,251.9300,296.1079,263.3493,293.8362,252.2683,295.8403,263.0778,297.8980,275.4502,296.5005,,,278.5748,208.9882,285.0322,205.7423,,
74108,0,,,,,,,,,,,,,,,261.8741,205.2684,285.4839,207.4602,236.3818,206.4092,276.0687,212.1685,262.8406,223.3421,277.9751,224.1971,261.9754,259.7153,274.7854,258.7159,261.4299,293.7339,273.6180,291.6675,,,,,,,290.1351,206.2112,258.7779,203.6319,286.1418,207.8152,265.9937,205.9132,279.0457,211.4753,235.8182,203.9695,283.8567,215.7420,235.6454,207.3921,272.4235,214.5842,256.9050,214.2992,279.5917,215.0358,271.3000,214.3910,277.5736,255.4761,258.9706,258.0706,268.7335,256.6131,267.0093,257.4446,277.0492,291.3521,258.9769,294.3297,271.2517,292.0996,262.4707,293.5708,274.0324,295.5597,251.2284,298.9224,267.8696,293.7668,252.6172,296.3953,263.9157,293.8889,253.0754,296.0654,263.3621,297.9711,275.7084,296.5961,,,275.0039,208.6631,,,,
74109,0,,,,,,,,,,,,,,,259.5502,204.6322,287.1152,205.9246,235.3234,203.2343,273.4052,208.6838,262.5035,222.2117,276.9617,222.6580,262.0459,259.5888,274.0178,257.5677,261.7486,294.2071,273.2797,291.5820,,,,,,,292.4477,206.3104,257.5328,203.4274,287.9252,205.9306,266.6296,205.4663,274.1521,208.0305,234.9311,202.4710,273.5355,209.3100,234.6508,205.0157,271.1400,213.3745,256.2695,213.3525,279.2111,213.3665,271.0360,213.0038,276.7134,254.5405,259.3187,258.1974,268.3623,256.0974,266.8479,257.3773,276.7859,291.1560,259.4446,295.2305,270.9025,292.0992,262.4609,293.9316,273.2446,295.5003,251.6836,300.1097,266.9703,293.8724,252.4461,296.9780,262.9253,294.1217,252.4275,296.5965,263.5680,298.7765,276.0801,296.4858,,,273.7862,207.0760,,,,
74110,0,,,,,,,,,,,,,,,255.2863,204.2388,292.5064,206.1930,229.1598,201.8524,273.7568,206.1874,262.5110,222.4951,277.2476,222.7420,261.9026,259.5803,274.0412,257.5045,261.6340,294.3144,273.2392,291.2632,,,,,,,299.1667,206.8027,253.4175,202.9703,294.8626,206.5009,258.5251,204.8260,276.6131,206.8663,230.0756,200.8001,274.8689,206.8989,227.3196,201.9950,270.7441,213.4715,255.8525,213.2940,280.7294,214.3147,272.1134,214.1311,276.8939,254.4003,259.1494,258.2223,268.2765,256.0076,266.5554,257.3079,276.9386,290.9347,259.3727,295.4202,270.8846,291.7270,262.2328,294.0033,273.6377,295.3957,251.5193,300.3889,266.9860,293.6688,251.9971,297.2117,262.8644,293.9820,251.8026,296.7945,264.0742,298.9523,276.3975,296.3561,,,275.6814,207.4914,277.6974,205.0069,,
74111,0,,,,,,,,,,,,,,,252.0275,204.0366,294.0592,206.6342,228.1436,200.8403,289.1827,205.8562,261.3128,222.8063,279.1610,223.6776,262.1298,259.2494,274.4747,257.6543,261.7609,293.9314,273.4952,291.1729,,,,,,,300.5152,207.0768,250.3259,202.8205,295.6659,206.7156,254.1976,204.7090,296.8595,211.4715,229.4335,200.9701,300.9642,211.8336,226.4358,201.5367,273.3315,213.7479,254.6705,213.3132,281.3339,214.9569,271.4206,214.5584,277.4628,254.8289,259.2565,257.8757,268.7372,255.9825,267.2904,257.1990,277.4536,290.9310,259.2098,294.9008,270.8861,291.4831,262.6064,293.6882,274.6556,295.5910,250.7956,299.6685,267.5661,293.6303,252.1229,296.7439,263.1912,293.8271,252.2211,296.4681,264.0710,298.6413,276.2263,296.2888,,,274.9772,207.5458,276.5257,205.0495,,
74112,0,,,,,,,,,,,,,,,249.4251,203.9133,298.0385,207.0564,231.5556,201.1971,304.1000,212.2418,259.9252,223.0546,280.2477,224.4284,261.5242,260.1335,274.7527,257.9296,261.7707,293.8832,273.5030,291.3662,,,,,,,306.9906,207.8289,246.3064,202.5651,300.7276,207.2237,251.0891,204.7156,298.0928,211.6984,232.7274,201.1416,306.7431,211.6686,228.3963,201.0012,275.1538,215.0887,253.0466,214.0681,280.9044,215.4682,269.9257,215.0133,278.2108,255.3392,258.4808,258.8059,268.2726,256.2842,267.3738,258.3019,277.7827,291.3278,259.0947,294.7219,270.9071,291.5878,263.0753,293.7878,275.2342,295.6990,250.9429,299.5433,267.8797,293.6099,252.5122,296.7706,263.4880,293.7567,252.8543,296.4748,264.6330,298.6421,276.2118,296.4473,,,274.5451,207.7487,276.1138,205.1581,,
74113,0,,,,,,,,,,,,,,,249.1806,203.9867,299.0944,207.1751,226.5923,200.8605,300.4925,212.2190,261.6739,223.3067,281.1274,224.1825,262.0327,259.0631,274.7984,257.4792,261.7997,293.6049,273.8666,291.1711,,,,,,,307.2469,207.8020,245.6181,202.5943,301.5693,207.3050,251.1419,204.7235,291.0918,211.4651,231.0132,201.4562,302.9389,211.5500,225.3646,200.7273,275.4188,214.3126,254.0642,213.8203,282.2883,215.3513,271.7878,214.9456,278.4094,254.9487,259.0545,257.6499,268.1183,255.5028,267.0976,257.2119,278.1940,291.1442,259.3094,294.4396,271.2477,291.3660,263.0189,293.5110,275.5683,295.6721,251.0162,299.2533,268.1867,293.5839,252.3168,296.5028,263.5581,293.8516,252.3935,296.3207,264.9214,298.5098,276.7707,296.4490,,,275.6780,207.6865,276.9416,205.2722,,
74114,0,,,,,,,,,,,,,,,249.1679,204.0917,298.5453,207.0838,231.3580,201.4795,298.2032,212.2715,261.9915,223.9349,280.6600,224.8146,261.8343,258.9145,274.4865,257.6335,261.8032,293.7786,273.7571,291.3566,,,,,,,,,245.7002,202.5641,301.4777,208.2004,250.7350,204.8017,289.5435,211.3046,231.6030,201.5018,298.3718,211.8398,226.1738,200.8242,274.9670,215.1390,253.9813,214.5362,282.1880,216.3067,272.2073,215.7468,278.1486,255.0964,259.1258,257.4840,267.7425,255.6669,266.0613,257.0678,277.9951,291.3298,259.6528,294.6906,271.2162,291.5454,262.7387,293.6600,275.4541,295.7554,251.2790,299.3522,268.3033,293.6003,252.1938,296.5519,263.7196,293.7729,252.1487,296.4115,264.7214,298.6164,276.5793,296.7744,,,275.3371,207.9149,275.7217,205.1331,,
74115,0,,,,,,,,,,,,,,,249.0650,204.0156,,,,,,,262.0285,224.0913,281.3433,225.1205,261.4657,258.8969,274.6877,257.6721,261.5783,293.6128,273.7703,291.3096,,,,,,,,,,,302.0059,207.4049,249.9591,204.6152,,,,,,,,,276.1938,215.5306,254.1794,214.8839,283.0653,216.6962,272.6149,216.2252,278.6463,255.1515,258.6097,257.3516,267.5036,255.5662,266.5202,257.3060,278.3069,291.3974,259.1264,294.4235,271.1414,291.4501,262.7175,293.5366,275.9478,295.9630,251.0268,299.0449,268.4809,293.6718,252.3073,296.2337,263.8172,293.7142,252.6012,296.0940,264.5013,298.5426,276.5065,296.6715,,,276.2880,208.2847,276.7516,205.3099,,
74116,0,,,,,,,,,,,,,,,249.5515,203.9535,,,,,,,262.1220,223.6371,281.3057,224.7894,261.3484,259.4172,274.6530,257.7210,261.6011,293.8233,273.5432,291.4600,,,,,,,,,,,,,250.0887,204.5351,,,,,,,,,276.2140,215.0454,254.0447,214.5286,282.4046,216.1826,271.5789,215.4381,278.2384,255.3566,258.5358,257.9729,267.5112,255.9272,265.8527,257.7514,277.8563,291.5237,259.6268,294.8004,271.0030,291.6359,262.4626,293.6590,275.2161,295.9115,251.0049,299.4833,267.8247,293.6536,251.6798,296.4392,263.1600,293.7338,251.6981,296.2526,264.6805,298.6477,276.5324,296.8698,,,275.6154,207.7692,275.8802,205.0821,,
74117,0,,,,,,,,,,,,,,,250.5497,204.3215,,,,,,,261.4692,223.8619,280.3009,224.7854,261.4617,260.2679,274.3479,259.4542,261.5013,294.3586,273.6253,291.8493,,,,,,,,,245.7271,202.6478,305.5908,208.7202,251.9411,204.9771,,,,,,,,,274.0807,215.2498,253.2134,214.4207,282.7996,216.5398,272.2028,215.9714,277.9825,256.4926,258.6925,258.7706,267.8497,257.0187,266.3375,258.1877,277.9300,291.8008,259.3376,295.3242,271.1686,292.1433,262.3909,294.2298,274.5953,295.8537,250.7367,299.8904,266.9419,293.8689,251.9235,297.0916,262.1192,294.1053,252.0444,296.9179,264.6401,299.3638,276.7310,297.0097,,,276.4045,207.1468,277.1985,205.3936,,
74118,0,,,,,,,,,,,,,,,249.9883,204.2207,,,233.0653,201.3785,,,260.7554,222.9095,279.2696,223.6727,261.8469,260.1432,274.6143,258.5571,261.4817,294.5742,273.4048,291.5198,,,,,,,,,247.3620,202.8075,305.3048,208.6406,252.0652,205.1102,,,232.9350,201.3589,,,230.3723,201.3171,273.4167,214.5919,253.0297,213.8645,280.9968,215.1711,270.9910,214.6843,277.9861,255.7381,258.9622,258.7050,268.0684,256.4505,266.5474,257.9655,277.6428,291.4609,259.1871,295.5775,270.8560,291.8493,262.4376,294.3133,274.8238,295.7111,250.9523,300.2617,267.4265,293.7033,252.0846,297.1694,262.9866,293.9850,252.3615,296.7791,264.3212,299.3577,276.1243,296.6515,,,274.9895,206.7852,,,,
74119,0,,,,,,,,,,,,,,,250.0784,204.1588,,,227.7005,201.0069,,,261.3294,223.4682,279.4849,224.0818,261.7573,259.8124,274.4095,258.1001,261.7476,294.4581,273.5448,291.6181,,,,,,,,,246.2377,202.6213,306.0857,207.7097,252.2652,205.0112,,,,,,,224.8724,200.7035,273.2044,214.5343,252.9678,214.0708,281.5845,215.6684,271.7794,215.3995,277.7979,255.3782,258.7412,258.4523,267.9372,256.1413,266.4416,257.5026,277.8885,291.5072,259.2378,295.4266,270.9888,291.9266,262.5476,294.2558,275.1587,295.6000,250.4657,300.2584,267.4284,293.6470,251.6121,297.2257,262.8078,293.8753,251.8656,296.8227,264.4745,299.1874,276.6582,296.8807,,,275.5717,207.8854,,,,
74120,0,,,,,,,,,,,,,,,253.7542,204.4477,303.6474,207.7918,230.1352,201.9809,285.9104,205.5269,262.7838,223.6221,279.1037,223.9156,261.8227,260.1407,274.4025,258.6471,261.6983,294.2271,273.3508,291.6960,,,,,,,302.1426,207.4596,252.3734,203.2487,297.4916,207.8315,257.0108,205.1087,294.0224,211.1419,231.1764,201.2833,299.4884,211.7528,228.4819,202.2492,271.9871,214.2123,254.3769,214.2789,281.6034,215.5532,272.8515,215.4416,277.6125,255.6307,258.6751,258.8451,268.1698,256.4668,266.8137,257.6107,277.6146,291.7278,258.9958,295.3267,270.9489,292.0951,262.3530,294.0299,274.4264,295.4208,250.2472,299.9902,266.9687,293.4342,251.4240,296.8575,262.4591,293.5511,251.4340,296.3986,264.3061,298.9329,276.4567,296.9433,,,275.9173,208.0602,278.1742,205.4261,,
74121,0,,,,,,,,,,,,,,,258.2276,204.6407,293.3635,206.7526,230.0934,203.1620,277.2876,205.3654,261.4019,222.6541,278.1039,223.4178,261.7949,260.4907,274.1781,258.8048,261.7744,293.9684,273.1713,291.4393,,,,,,,300.0431,207.3018,,,295.6057,207.0218,265.7156,205.6949,298.1727,212.6656,230.1057,202.4395,300.0203,213.0469,228.5463,203.8376,271.8586,213.4230,254.2376,213.3745,281.9396,214.3215,272.0493,213.7492,277.4858,255.2210,258.5924,258.8220,267.9343,256.4939,267.2701,257.7131,277.3403,291.2518,259.1761,294.9194,270.8026,291.9870,262.6635,293.7949,273.7354,295.4071,250.4803,299.6374,266.6518,293.7386,251.4823,296.8371,262.2500,293.9886,251.8350,296.5731,263.8860,298.5043,276.0827,296.4833,,,276.2294,207.7636,,,,
74122,0,,,,,,,,,,,,,,,259.5281,205.1039,294.5684,206.8727,231.9774,205.9138,299.3781,214.9642,260.9354,222.8055,279.6240,224.2486,261.6882,260.3505,274.1578,259.3781,261.3200,294.1748,273.4974,291.8065,,,,,,,300.2145,207.2613,,,296.0004,207.8570,265.1502,205.7787,297.1607,214.4261,232.0313,203.1243,300.4546,215.4121,230.8522,206.5184,273.6417,214.0037,254.6385,213.4219,281.9295,215.3149,272.2081,214.4251,277.5596,255.6791,258.3760,258.3814,267.6829,256.6103,266.7522,257.5900,277.5688,291.6418,258.9373,295.1998,271.1891,292.3050,262.0464,294.0147,274.5851,295.8080,250.6470,299.8272,267.5556,294.0747,251.7787,297.0586,262.9845,294.3193,252.0200,296.7971,263.6798,299.0422,276.3547,296.9764,,,277.1152,208.5230,,,,
74123,0,,,,,,,,,,,,,,,255.5251,204.8000,290.0504,206.3000,234.8491,211.3797,270.2481,210.2456,262.2197,221.9546,278.6531,224.4372,261.6582,260.5970,274.4151,259.2543,261.9933,294.1963,273.5322,291.8635,,,,,,,295.0358,206.7113,,,288.4749,207.1814,257.4430,205.2543,269.8042,207.3621,234.9601,209.5130,270.2571,210.7635,233.7189,212.0434,273.9501,214.1194,257.5667,212.6430,282.3788,214.3188,273.0268,212.6122,277.5664,255.4765,258.4551,258.5237,268.2969,256.7944,266.9787,257.8085,277.1986,291.5120,259.4487,295.1451,271.2629,292.4041,262.7116,294.0649,274.6255,295.6995,251.4682,299.7681,267.9163,293.9542,252.6673,296.9706,263.7596,294.1651,253.1487,296.8033,263.9571,299.0300,276.0416,297.0187,,,278.4410,207.5732,,,,
74124,0,,,,,,,,,,,,,,,257.2007,204.9233,285.9850,206.8786,239.7714,216.0427,271.5596,212.9436,262.9240,222.6347,279.5634,224.4423,261.1259,260.7288,274.3218,259.7373,261.5381,293.9343,273.4844,291.6761,,,,,,,290.6285,206.4192,254.5112,203.3490,285.2092,206.8407,259.0588,205.3824,270.8293,210.7382,239.1053,214.4516,273.3435,212.8931,239.4717,216.6969,275.1008,214.3511,257.9918,213.3282,282.6066,214.4187,273.3107,213.5705,277.4420,255.6654,257.6737,258.5288,268.0252,256.9836,266.4358,257.9439,277.2110,291.3367,258.9487,294.8561,271.1833,292.2292,262.2406,293.7848,274.1803,295.5014,250.7649,299.5396,267.5378,293.9416,251.9086,296.8497,263.2625,294.2066,252.4949,296.6730,263.6787,298.5352,275.9177,296.7019,,,278.7964,207.4238,282.7510,205.8670,,
74125,0,,,,,,,,,,,,,,,256.0514,205.3136,284.6475,207.8930,243.0529,218.7350,270.1638,215.1718,263.9805,223.1821,279.8076,224.4283,261.3498,260.9904,274.6773,259.5976,261.5073,294.3105,273.3723,292.0531,,,,,,,289.6913,206.3271,253.5368,203.1966,286.2559,207.4899,257.6540,205.5868,269.3139,213.7170,242.2625,217.2451,269.6072,215.4729,241.6233,219.1725,275.7739,214.1966,258.8670,213.3766,282.5570,214.6578,273.3363,213.8475,277.7619,255.5524,258.0167,258.7147,268.3884,256.9843,266.6519,258.1698,276.9849,291.7429,259.0449,295.1744,271.1786,292.5885,262.2166,294.1039,274.5271,295.9924,250.7431,299.6462,268.2775,294.2458,252.2691,296.9882,264.1087,294.3682,252.6477,296.7969,263.6943,298.9277,275.6103,297.1079,,,278.2334,207.7889,,,,
74126,0,,,,,,,,,,,,,,,256.4365,205.2361,280.7313,207.5095,247.6101,221.9963,270.5469,217.0681,263.9983,224.0960,278.6967,224.0426,261.4967,260.9112,274.5262,259.7765,261.3265,293.8032,273.6005,291.6888,,,,,,,282.5737,206.4100,254.0241,203.1978,280.4914,207.0909,258.2057,205.4615,269.1031,216.2381,246.4631,220.4718,271.5017,217.2629,246.4517,222.5272,272.8167,213.9023,256.2897,214.4791,281.0532,214.0150,272.0643,214.1557,277.6233,255.4730,258.2111,258.7407,268.3030,256.9949,266.6772,258.0829,277.1302,291.3241,258.8196,294.5266,271.3975,292.3016,262.1652,293.7027,274.0152,295.5126,250.1901,299.3234,267.9948,293.9970,251.5740,296.7002,263.8178,294.3158,251.8957,296.4607,263.6620,298.1806,275.7649,296.6572,,,274.5315,207.2162,,,,
74127,0,,,,,,,,,,,,,,,258.2327,205.7195,286.5892,208.5511,253.9868,223.9345,284.1473,221.7311,265.2181,224.6667,279.3414,225.3063,261.2052,261.2554,275.0854,260.5074,261.8056,294.0523,273.7399,292.1884,,,,,,,291.0578,208.0575,256.2627,204.5734,287.0005,208.2194,259.3514,205.6916,284.4261,221.7152,252.5301,222.5922,287.9126,222.4801,253.0786,224.1198,273.6474,215.6236,256.7943,216.1362,282.1381,215.2529,273.4999,215.2523,278.1380,256.5042,258.3951,259.1263,268.8439,257.8852,265.9529,258.7718,277.2577,291.9304,259.2382,294.6570,271.4590,292.6973,262.6045,293.8952,274.5461,296.0902,251.0286,299.2750,268.4138,294.3731,252.2828,296.6988,264.2977,294.6088,252.7140,296.5097,263.8894,298.2182,276.3290,297.0236,,,275.7121,208.1302,279.5298,205.4938,,
74128,0,,,,,,,,,,,,,,,260.9539,205.9210,285.9129,208.2043,255.6951,224.2439,280.6324,223.0827,265.9524,225.2964,276.8065,225.5854,260.9860,260.7624,274.1305,260.2620,262.2759,294.2766,273.5191,292.2151,,,,,,,287.8431,207.6207,258.7486,204.6631,286.9755,208.1374,262.0117,205.8538,280.1839,222.6228,254.3799,222.7614,283.9218,223.8185,255.4070,224.5437,272.5490,216.5391,259.3535,216.7954,280.4968,215.8963,273.5803,216.0430,276.8002,256.4641,258.5969,258.6443,268.7938,257.6068,264.8368,258.1443,276.5868,291.8793,260.0126,295.0506,271.4287,292.7170,262.8603,294.1255,273.5980,295.7135,252.0813,299.5731,268.2387,294.2490,252.8563,296.9352,264.3818,294.5348,252.8276,296.6608,263.9045,298.6912,275.7618,296.9071,,,275.6005,209.2301,279.8588,205.2505,,
74129,0,,,,,,,,,,,,,,,261.8542,207.4697,285.5599,208.6180,255.4085,224.4205,279.2981,223.4767,265.5162,225.2478,276.5030,225.6151,261.7462,261.1370,273.7765,260.7329,261.5226,294.4738,273.1245,292.6339,,,,,,,286.6123,207.9648,259.1393,204.8257,286.5915,208.5515,263.3625,207.5358,279.3138,222.8652,254.1215,222.7816,283.1584,224.4145,255.2022,224.8663,271.1802,215.9202,258.4736,216.5269,280.5529,215.9287,273.5719,216.0656,276.5066,256.7953,259.3886,258.9059,268.4700,257.7856,265.4843,258.4215,276.0403,292.3889,259.2839,295.1207,271.1056,293.1114,262.1351,294.4442,272.8168,296.0437,251.2404,299.6886,267.5365,294.6728,251.9638,297.0392,263.4310,295.0958,251.8329,296.7906,263.1312,298.7747,275.3769,297.4222,,,275.3783,209.1573,279.1503,205.2922,,
74130,0,,,,,,,,,,,,,,,260.9548,206.0903,284.8160,208.6752,254.4601,224.0691,280.4803,222.2141,265.1210,224.7337,276.9207,224.9543,261.6470,261.0410,273.8624,260.3846,261.6404,294.7396,273.0286,292.6331,,,,,,,285.2565,207.8576,258.2179,204.8377,285.9374,208.4262,262.5885,206.1905,280.2130,221.8928,253.1688,222.5289,284.3197,223.2733,254.2407,224.5823,270.7953,215.1944,257.3864,215.8238,281.3929,215.4053,274.2100,215.6712,276.8499,256.5167,259.2070,258.8894,268.2403,257.6572,265.2516,258.3629,276.1311,292.4056,259.6133,295.4994,270.9644,293.1135,262.2782,294.7097,272.8609,296.2673,251.6411,300.1537,267.3831,294.7642,252.2701,297.3720,263.2329,295.1308,252.3734,297.1393,263.3916,299.2559,275.4497,297.4455,,,275.4259,208.1244,279.0395,205.5102,,
74131,0,,,,,,,,,,,,,,,260.0869,205.7430,285.2956,208.3302,253.1526,222.9808,280.5133,221.6949,264.2702,224.0484,276.5716,224.5933,261.6877,260.8667,273.9780,260.0033,261.7370,294.4248,273.0628,292.3374,,,,,,,288.5738,207.8924,257.9192,204.6089,285.8830,208.0250,261.6102,205.7584,280.8063,221.6464,252.1747,221.5553,285.4724,222.8123,252.2726,223.3035,271.2241,214.9411,257.0395,215.3084,280.4726,214.4163,273.1582,214.6786,276.8221,256.1559,259.1395,258.8589,268.4670,257.5713,265.8015,258.2696,276.3278,292.0565,259.7077,295.1486,270.9010,292.8797,262.3486,294.2602,273.1131,295.9861,251.4373,299.8543,267.4560,294.5337,252.2453,297.1613,263.2736,294.8929,252.4242,296.9883,263.5774,298.7107,275.5382,297.1595,,,275.3754,207.6938,,,,
74132,0,,,,,,,,,,,,,,,259.5082,205.8778,285.5061,208.3123,252.0864,222.2215,280.9219,222.1385,264.5377,223.9085,276.3834,224.5650,262.0593,260.5021,274.2362,259.8538,261.5191,294.2103,272.5476,292.1113,,,,,,,289.0499,208.0558,257.3597,204.6665,285.5532,208.0603,260.7304,205.6956,281.7804,221.8751,251.1121,220.9654,285.8134,223.1201,251.0881,222.4319,272.2693,215.0193,258.5078,214.6153,280.0748,214.2099,272.9896,214.2755,276.9037,255.9969,259.6068,258.4475,269.0940,257.0875,265.9843,257.5442,275.6932,291.8676,259.5842,294.9139,270.5132,292.6712,262.0908,293.9972,272.7585,296.0241,251.3235,299.5692,267.2913,294.5291,252.2674,296.9737,263.1933,294.8472,252.2440,296.7289,263.1898,298.3750,274.6241,296.9978,,,275.3985,207.6667,,,,
74133,0,,,,,,,,,,,,,,,259.0715,205.8744,284.0869,208.4780,251.3442,222.1163,277.1782,221.8633,264.4738,224.3308,277.1130,225.0345,261.8175,260.9823,274.7805,260.2133,261.8223,294.4996,272.7471,292.1267,,,,,,,286.3240,207.9178,255.8339,203.6754,283.3800,207.9610,260.5530,205.7564,276.6179,221.3122,250.7127,220.8774,280.6428,222.6620,250.0851,222.2780,272.2255,215.4947,257.5340,215.0068,280.8171,215.0289,273.2505,214.7537,277.4727,256.4162,259.2330,258.9467,268.9922,257.4993,265.8510,258.1578,276.2019,291.8664,259.8132,295.2733,270.6359,292.6461,262.4037,294.2782,273.4290,296.1759,251.7467,299.9171,267.4343,294.5933,252.6270,297.3820,263.3636,294.8039,252.3487,297.0490,263.9935,298.8241,275.3434,297.0652,,,275.6900,208.1364,,,,
74134,0,,,,,,,,,,,,,,,258.8012,205.6857,284.4549,208.2482,251.3018,222.1126,278.4284,221.9330,264.7975,224.4566,276.5468,224.7749,261.5546,260.8149,274.6378,260.0797,261.5357,294.2021,272.9441,292.1726,,,,,,,287.3415,207.8415,255.9752,203.5241,284.5149,207.8258,259.8535,205.4613,278.5027,221.3616,250.4863,220.7975,282.6216,222.8194,249.9659,222.2832,272.5027,215.3499,258.0699,215.2201,279.9428,215.1630,272.7989,214.9993,276.9631,256.3341,259.0624,258.6687,269.3509,257.5463,265.9974,258.0033,276.2132,291.8985,259.5543,294.9690,270.8476,292.6498,262.0476,294.0063,273.6332,296.0697,251.5767,299.6888,268.0746,294.5020,252.5120,297.2306,264.1899,294.6808,252.1896,296.9228,263.6453,298.3548,275.2675,296.9039,,,274.8313,207.7721,278.2863,205.3678,,
74135,0,,,,,,,,,,,,,,,259.4837,206.1044,286.2436,209.0127,250.8766,222.3397,279.8355,222.9605,264.7765,224.8217,277.6115,225.4824,261.3958,260.8771,274.8763,260.3021,261.3850,293.9995,273.2117,291.9953,,,,,,,289.1081,208.7044,256.2442,204.7180,286.2751,208.6357,261.0496,205.9046,280.6465,222.6285,250.0082,221.1991,284.8002,223.7477,249.5381,222.4151,274.1896,216.0896,258.1829,215.6676,280.5980,215.4052,273.0264,215.1568,277.5989,256.3827,258.6427,258.6978,269.3099,257.4141,265.8539,258.0176,276.6392,291.7643,259.0427,294.6152,271.0467,292.5382,262.1571,293.9099,273.9858,295.9450,250.8963,299.2603,268.4310,294.4321,252.3041,296.8833,264.5057,294.7405,252.3793,296.6540,263.1549,298.1932,275.1524,296.8723,,,275.7127,208.3654,,,,
74136,0,,,,,,,,,,,,,,,259.1658,205.9519,286.2943,208.8491,250.9479,222.2040,280.9394,222.7044,264.0118,224.2913,276.5711,224.9579,261.5625,260.8646,274.6449,259.7786,261.4888,294.1695,273.1581,291.8405,,,,,,,289.4025,208.4741,256.2456,204.6518,286.4482,208.4482,260.3919,205.7691,281.9010,222.3631,250.0341,221.0714,285.6761,223.4509,249.5261,222.2168,273.1890,215.7310,257.5340,215.1884,279.9633,214.9556,272.4329,214.8926,277.3360,255.9598,258.7994,258.8389,269.1784,257.2170,265.8361,258.0072,276.5747,291.4797,259.3133,294.8136,271.0724,292.3952,262.2461,293.9694,273.8997,295.7944,251.2087,299.4298,268.3442,294.2118,252.3742,297.0095,264.4336,294.4714,252.3411,296.7295,263.4171,298.2140,275.3049,296.5803,,,274.9542,208.1575,,,,
74137,0,,,,,,,,,,,,,,,259.0984,206.0218,285.6647,208.9756,251.2428,222.2638,279.2882,222.9652,263.7791,224.2300,276.0609,224.9179,261.4500,260.7602,274.4402,259.9071,261.7155,294.2196,273.0110,291.9453,,,,,,,288.5797,208.5444,256.4155,204.7099,285.4986,208.4862,260.3185,205.8495,279.5119,222.4619,250.3765,221.1475,283.1692,223.5323,249.8843,222.2304,272.9299,215.8373,257.3106,215.2586,280.1010,215.0379,272.6122,214.8584,277.0893,256.1106,258.7248,258.6976,269.0150,257.2408,265.8291,257.8927,276.4435,291.6665,259.4974,294.9046,270.8955,292.4796,262.4658,294.0513,273.8239,295.9641,251.4955,299.5956,268.1583,294.3540,252.6798,297.1011,264.2233,294.5494,252.5783,296.7384,263.5988,298.5070,275.0529,296.7277,,,275.1624,208.2460,,,,
74138,0,,,,,,,,,,,,,,,258.9449,206.0556,286.5378,209.0152,252.1218,222.6566,282.2666,223.4160,264.3208,224.6981,276.7423,225.5529,261.4330,260.8849,274.8520,260.1801,261.8267,294.2561,273.2922,292.2386,,,,,,,289.6791,208.6733,256.4543,204.7737,286.9077,208.7162,260.0861,205.8547,282.9708,223.0273,251.1602,221.4345,286.3005,224.0423,251.0250,222.8048,273.7693,216.4765,257.8885,216.2380,280.4969,215.6243,272.9004,215.4240,277.5726,256.4103,258.5812,258.7881,269.4010,257.5017,266.1502,258.1686,276.5766,291.9169,259.4405,294.8327,271.1324,292.7660,262.6226,294.1503,273.8964,295.9984,251.1711,299.3706,268.3806,294.3999,252.4996,296.9529,264.5130,294.5818,252.6177,296.6618,263.5202,298.4269,275.3435,296.8783,,,275.4459,208.2920,280.0608,205.6305,,
74139,0,,,,,,,,,,,,,,,259.0158,205.9345,286.0303,208.9143,252.1258,222.7704,282.3057,223.5084,263.8008,224.4032,276.7000,225.1443,261.6536,261.0962,275.0875,260.3313,261.4558,294.1011,273.0218,292.2999,,,,,,,289.9048,208.5663,256.3497,204.6663,286.3724,208.5280,260.2821,205.6843,283.1140,223.1636,251.1839,221.5814,286.2092,224.0528,250.8367,222.9225,273.3636,216.1357,256.8598,215.8537,281.1012,215.5093,273.0574,215.3082,277.7865,256.4267,258.7248,258.9244,269.5509,257.5673,266.5556,258.3023,276.4999,292.0324,259.1335,294.6692,270.7243,292.7807,262.2223,293.9580,273.7897,296.1587,250.7224,299.2511,267.9036,294.4283,252.1840,296.8358,263.8527,294.5688,252.4737,296.6487,263.2784,298.1159,275.3049,297.0332,,,275.5836,208.2279,279.9145,205.5881,,
74140,0,,,,,,,,,,,,,,,259.5242,206.0458,285.6915,208.9039,252.1974,222.8019,279.9518,223.9232,263.9576,224.5407,276.7050,225.4499,261.6755,261.0725,274.7815,260.3802,261.8830,294.3861,273.2016,292.3614,,,,,,,289.5625,208.6047,256.3132,204.7116,286.1411,208.5010,260.9612,205.8160,280.1239,223.6448,251.0926,221.6670,283.7382,224.5406,251.1706,222.9436,273.4795,216.8141,257.0861,216.2943,281.2510,215.9622,273.4219,215.7282,277.5014,256.5114,258.6967,258.8580,269.1695,257.6255,266.1095,258.2758,276.4352,292.0484,259.5618,294.9854,271.0158,292.8480,262.6220,294.2349,273.5113,295.9860,251.3046,299.3958,267.9893,294.3052,252.3458,296.8595,264.1192,294.4585,252.5779,296.5922,263.4751,298.6051,275.4590,297.0038,,,275.7024,208.3139,281.1557,205.7356,,
74141,0,,,,,,,,,,,,,,,259.2044,205.8642,285.9996,208.6959,252.7133,222.4813,281.7462,222.7513,264.0871,224.0101,276.9189,224.6736,261.5997,260.9218,274.6489,260.0196,262.1064,294.2735,273.4806,292.3940,,,,,,,289.6417,208.3434,256.2957,204.7202,286.1018,208.1512,260.3875,205.6612,281.7238,222.6879,251.6259,221.3433,284.9852,223.5494,251.7933,222.7244,274.6287,215.4462,258.3400,215.6452,281.2676,214.8019,273.7004,214.7805,277.0498,255.7869,258.8440,258.6459,269.2268,257.2137,265.8092,257.9067,276.4455,292.0242,259.5878,294.8792,271.4623,292.9050,263.1287,294.2806,273.9062,296.0766,252.2250,299.5426,268.6873,294.5662,253.4727,297.2043,264.9299,294.9008,253.8069,296.9112,263.5562,298.5052,275.1501,296.9412,,,276.5261,207.7098,,,,
74142,0,,,,,,,,,,,,,,,259.1942,205.9036,286.3937,208.8188,252.3978,222.7083,282.6553,223.6366,264.2382,224.1856,277.9598,224.9340,261.4745,260.9312,274.8914,260.0214,262.1280,294.3281,273.9292,292.3658,,,,,,,289.9022,208.2428,256.0424,204.6668,287.2335,208.2874,260.4046,205.7439,282.1548,223.3116,251.0018,221.5222,285.9325,224.2741,251.5143,223.0468,274.1896,215.5289,256.9282,215.2237,282.0451,215.4157,273.9454,215.1424,277.8361,255.6839,258.5837,258.5810,268.8573,257.0350,265.7347,257.8420,277.1596,292.0432,259.6093,294.9750,271.7350,292.9060,263.0902,294.3071,274.3053,296.3101,251.9965,299.7002,268.3952,294.6918,253.0749,297.2043,264.2871,294.9795,253.1181,296.9076,263.7633,298.6247,276.0008,297.0354,,,276.8606,208.0750,282.6394,205.9450,,
74143,0,,,,,,,,,,,,,,,259.5832,205.8499,286.3444,208.8122,253.2209,222.9846,282.2468,224.0462,264.2290,224.1559,278.0608,225.0824,261.6311,260.8649,275.2045,260.0091,261.8339,294.4111,273.8362,292.5240,,,,,,,289.9628,208.2782,256.4795,204.5886,287.4098,208.3819,260.8399,205.7551,281.7445,223.6815,251.5584,221.7599,285.4276,224.7485,252.6084,223.2360,274.2487,215.7297,256.9857,215.3284,282.0036,215.2272,273.7958,215.0669,278.2661,255.7394,258.5240,258.4279,269.1798,256.9019,265.9688,257.6672,277.1441,292.2440,259.2830,295.0880,271.5721,293.0239,262.7337,294.3686,274.3997,296.4082,251.3806,299.7698,268.3849,294.8192,252.5939,297.3832,264.2459,295.1696,252.6639,297.1196,263.5439,298.7719,275.9962,297.1485,,,276.7441,208.0712,282.6821,205.9440,,
74144,0,,,,,,,,,,,,,,,259.6082,205.8485,287.6340,208.8466,252.8746,222.9082,283.4175,224.3251,264.4285,224.5105,278.4499,225.3793,261.6586,260.9981,275.4480,260.3064,261.6201,294.5257,273.9746,292.5152,,,,,,,290.9476,208.3994,256.6189,204.6618,289.1920,208.4674,260.9527,205.7783,283.3686,223.9961,251.2979,221.7270,286.8344,225.1553,252.2945,223.1557,274.8819,216.3074,257.4259,215.8423,282.1508,215.6790,273.6447,215.3498,278.5714,256.1936,258.4317,258.5954,269.5137,257.2249,266.4126,258.0851,277.3008,292.2029,259.0643,295.2054,271.7638,293.0292,262.5207,294.4716,274.3410,296.4060,251.0562,299.7560,268.4850,294.7919,252.3038,297.3387,264.4186,295.0970,252.4084,297.0626,263.3926,298.8987,276.0825,297.0988,,,276.4744,208.1846,282.3231,205.8119,,
74145,0,,,,,,,,,,,,,,,259.2606,205.8936,286.8276,208.9311,253.4023,223.1285,282.2188,223.9732,265.1059,224.5522,278.3625,225.3948,261.8449,261.0196,275.4265,260.0966,261.5172,294.1390,273.4578,292.2299,,,,,,,290.5403,208.4460,256.7224,204.7167,287.5787,208.3533,260.5749,205.6744,282.1404,223.8180,252.0676,222.0250,285.6118,224.7217,252.8330,223.4029,275.4046,216.2923,258.5879,215.9510,281.3243,215.2957,273.2213,215.1960,278.3800,256.1843,258.8379,258.7421,269.6419,257.1445,266.1948,257.9365,276.6658,291.9089,259.1054,294.7717,271.2817,292.7953,262.4500,294.0431,274.0417,296.2060,251.3850,299.4674,268.4547,294.6540,252.6586,297.1174,264.6521,294.9776,252.7317,296.8370,263.3731,298.2360,275.3385,296.8758,,,276.1771,208.1081,281.8672,205.7744,,
74146,0,,,,,,,,,,,,,,,259.6066,206.0591,287.6996,209.1631,252.8818,222.3974,283.3049,224.7649,264.6694,224.1931,278.5452,225.6272,262.0121,260.9701,275.5523,260.3631,261.1789,293.8070,273.6262,292.1873,,,,,,,291.1888,208.7957,256.9024,204.7695,288.5283,208.7347,260.8403,205.8487,283.5627,224.5255,251.6795,221.4068,286.9525,225.5360,252.3519,222.6617,275.5290,216.8494,258.5622,215.9222,281.1486,215.7111,273.0338,215.3804,278.6369,256.3755,258.7503,258.6602,269.6403,257.2792,266.3921,257.9966,276.7905,291.9397,258.7582,294.3182,271.4360,292.7294,262.1716,293.7178,274.1853,296.2189,250.9013,298.8448,268.6889,294.5458,252.1939,296.5432,264.8740,294.7836,252.5745,296.3566,263.0266,297.8165,275.5975,296.8808,,,275.6001,208.3062,280.9537,205.6852,,
74147,0,,,,,,,,,,,,,,,258.9910,205.7394,287.6517,208.9547,253.4032,222.6585,284.5006,224.8294,264.6628,223.9498,278.9558,225.5527,261.9400,260.9996,275.8472,260.4627,261.4198,294.1920,273.7635,292.2928,,,,,,,290.9945,208.5695,256.0705,204.4731,288.8140,208.5757,260.1410,205.5721,284.1383,224.5535,251.9107,221.5597,287.7420,225.3837,252.6987,222.8329,275.9786,216.5800,258.4231,215.3712,281.4417,215.3093,272.9922,215.0013,279.0773,256.4234,258.6825,258.5985,269.5825,257.2860,266.5198,257.9689,277.1508,292.0268,258.9421,294.8566,271.4503,292.8366,262.4117,294.0971,274.4022,296.2617,251.0498,299.3618,268.6048,294.6467,252.4108,296.9698,264.6858,294.9325,252.6533,296.7059,263.2279,298.4275,275.6730,296.9895,,,276.1415,208.1078,281.5619,205.6947,,
74148,0,,,,,,,,,,,,,,,258.9142,205.9252,289.5291,209.4432,252.7203,222.4475,286.4059,225.4233,264.0265,223.8362,278.8502,225.2929,261.9697,261.0362,276.1527,260.3256,261.4002,294.3624,273.9112,292.6247,,,,,,,292.5756,208.9739,256.3636,204.7363,290.7742,209.0477,260.0561,205.8079,286.2610,225.0899,251.5156,221.3973,289.2977,225.8836,251.7016,222.6408,276.3448,216.5888,258.0931,215.0569,281.0572,215.2345,272.4827,214.9688,279.2782,256.5149,258.4778,258.7202,269.9662,257.3475,266.8732,258.2138,277.1903,292.3776,258.7953,294.9961,271.7224,293.1883,262.4395,294.2615,274.7612,296.5497,250.8964,299.4343,269.1712,294.8962,252.5391,297.1060,265.3352,295.0937,252.9511,296.8588,263.0435,298.4827,275.6939,297.2886,,,275.7999,208.3422,,,,
74149,0,,,,,,,,,,,,,,,259.3789,205.9053,288.3249,209.1530,252.4175,222.3216,286.4904,225.3280,263.5117,223.8688,277.9753,224.9983,261.7686,261.2898,275.8234,260.3816,261.4163,294.2555,273.7723,292.4225,,,,,,,292.1256,208.8605,256.4016,204.6323,290.1206,208.9437,260.2087,205.7647,286.2817,225.0501,251.1327,221.3261,289.4974,225.8357,251.5727,222.5448,275.1296,216.3235,257.3447,215.1818,280.4877,215.3478,272.1944,215.2763,278.6650,256.4871,258.4944,258.9736,269.7199,257.4855,266.4269,258.4333,277.0562,292.0882,258.8046,294.8628,271.5596,292.9535,262.4324,294.1323,274.6651,296.1887,250.9670,299.3401,269.1974,294.5983,252.4675,296.8266,265.5173,294.9356,253.0125,296.5924,263.2667,298.4743,275.5188,297.0596,,,275.0202,208.2278,278.8800,205.4795,,
74150,0,,,,,,,,,,,,,,,259.0877,205.9844,288.6640,209.2796,252.2846,222.7550,286.1073,225.3167,263.9171,224.4053,278.7815,225.7021,261.7112,261.2043,275.8843,260.5741,261.0790,294.2532,273.5979,292.6627,,,,,,,292.5919,208.9176,256.5129,204.6938,290.5465,209.0249,260.0738,205.8997,285.7992,224.9506,250.9625,221.6748,289.4793,225.9103,251.2520,222.9174,275.6061,216.8200,257.2708,215.9463,281.2146,215.9058,272.6169,215.6982,278.9085,256.7729,258.3866,258.9422,269.3137,257.6142,266.3173,258.4420,276.9201,292.3892,258.5514,294.8419,271.3660,293.1191,262.0835,294.1201,274.5861,296.4811,250.6891,299.2854,268.7030,294.7261,252.0542,296.7469,264.8267,294.8848,252.6320,296.5380,262.9363,298.4052,275.5631,297.2471,,,275.5838,208.3386,280.3459,205.6667,,
74151,0,,,,,,,,,,,,,,,258.8412,206.0752,288.5243,209.2483,252.1584,223.0858,285.6548,225.3690,263.8798,223.9619,278.0505,225.0611,261.6304,260.9188,275.7589,260.3525,261.2703,294.2964,273.8050,292.5869,,,,,,,292.3948,208.9027,255.9392,204.7739,290.0967,208.9502,259.9084,205.9191,285.3826,225.0665,250.8650,221.9654,289.0542,225.7997,251.1262,223.3159,275.3947,216.6733,258.0563,215.6358,280.9054,215.2053,272.5305,215.0548,278.6149,256.5495,258.3667,258.7299,269.6088,257.3525,266.4348,258.0975,277.0999,292.2552,258.6760,294.9090,271.5924,293.0882,262.2995,294.2295,274.8041,296.4503,250.8143,299.3708,269.0817,294.7255,252.3052,296.9133,265.2997,294.8825,252.7500,296.6498,262.9464,298.5282,275.3889,297.1358,,,275.8452,208.3212,,,,
74152,0,,,,,,,,,,,,,,,259.0161,206.1209,288.6654,209.2005,252.2832,223.5114,286.4410,225.5871,263.8987,224.3660,278.1785,225.4663,261.6242,261.3527,275.8827,260.8761,261.5016,294.5505,273.8817,292.7306,,,,,,,292.2675,208.8049,256.4336,204.8026,290.3306,208.9590,260.1806,206.0313,286.0825,225.1589,251.1910,222.2896,289.6485,226.1404,250.9626,223.7300,274.8861,216.9378,257.7773,216.1951,280.5249,215.8277,272.0956,215.6085,278.8407,256.9901,258.2713,259.1468,269.4559,257.7559,266.2743,258.4907,277.1094,292.3863,258.9847,295.1500,271.6382,293.2366,262.4579,294.5025,274.8002,296.4308,250.9565,299.5072,269.0926,294.8114,252.4864,297.0753,265.3572,295.0368,252.9629,296.8214,263.0044,298.7360,275.6007,297.2866,,,275.1351,208.3321,279.4395,205.5444,,
74153,0,,,,,,,,,,,,,,,258.9758,206.4930,288.5418,209.3962,252.2561,223.9467,285.1751,225.4183,264.6013,225.6238,278.4865,226.6964,261.4471,260.7754,274.8009,260.8028,261.5423,293.9795,274.3827,292.4127,,,,,,,291.8491,208.9447,256.2977,205.0602,290.3134,209.2148,260.6335,206.2766,284.6822,225.1256,251.3125,222.6649,288.5379,225.9494,251.0472,224.1501,274.7833,217.3940,257.8695,217.2392,282.1391,216.3395,273.5827,216.1231,278.1164,256.6144,258.2557,258.3832,268.5754,257.4309,265.9190,257.7786,277.7879,292.2154,259.1127,294.5279,272.0852,292.8608,262.4277,294.0739,274.5437,296.2821,251.2049,299.1753,268.6244,294.7245,252.2472,296.8101,264.4933,295.0656,252.4892,296.6181,263.5190,298.1893,276.4067,296.9178,,,276.6455,208.7210,281.5098,205.7677,,
74154,0,,,,,,,,,,,,,,,259.3085,206.1660,288.3993,209.1125,252.9060,224.0816,286.5272,225.6315,264.5731,225.2619,279.5273,226.2616,261.3138,260.7972,275.1402,260.5280,261.1750,294.1135,274.1020,292.6414,,,,,,,291.6308,208.5718,256.1127,204.7744,290.3430,208.6575,260.8110,205.9028,286.7583,225.2762,251.9999,222.7431,289.9000,226.2773,251.6737,224.3766,275.2794,216.9480,258.0404,216.9568,282.0985,216.1015,273.2621,216.0049,278.7239,256.4955,258.1529,258.3710,268.9075,257.3304,265.9283,257.8820,277.4639,292.4302,258.3894,294.6441,271.8169,293.0705,262.1964,294.1824,274.7325,296.4882,250.4578,299.1315,268.8575,294.8150,251.7795,296.7087,264.8780,295.0816,252.2928,296.5891,263.2754,298.4327,276.1470,297.1044,,,276.7321,209.3047,281.0619,205.6668,,
74155,0,,,,,,,,,,,,,,,259.2684,206.1284,288.0730,209.0538,252.8635,223.9577,286.5781,225.8732,264.2442,224.6603,278.8663,225.7407,261.5370,260.8813,275.2143,260.6310,261.3502,294.4421,273.9424,292.7803,,,,,,,291.0369,208.5443,256.3869,204.7388,289.8193,208.6628,260.4291,205.9830,286.7071,225.4628,252.0030,222.6596,289.6835,226.3128,251.7265,224.1784,275.2522,216.7576,258.1113,216.4213,281.8422,215.8557,273.0769,215.7745,278.6536,256.7744,258.4072,258.5351,269.0926,257.5199,266.2713,257.9851,277.1493,292.5360,258.6483,295.0306,271.7537,293.2267,262.4237,294.5115,274.5059,296.4954,250.7837,299.5097,268.6816,294.8342,252.2748,297.0810,264.7284,295.0967,252.7631,296.8644,263.3368,298.8544,275.7512,297.3716,,,276.1329,209.1595,280.4544,205.6308,,
74156,0,,,,,,,,,,,,,,,259.3738,205.6651,289.0578,208.5342,253.3387,223.5769,286.9601,225.4414,264.2322,224.4091,279.4629,225.4145,261.6509,260.5786,275.3000,260.3452,261.2207,293.9113,274.0035,292.5568,,,,,,,292.1859,208.1115,256.4064,204.4196,291.5101,208.3704,260.7464,205.6302,286.8006,225.0623,252.0557,222.2982,290.1566,225.9753,252.2960,223.8405,274.9988,216.2478,256.8131,215.9178,282.0678,215.5515,273.0279,215.3842,278.9536,256.4275,258.4488,258.2229,268.9741,257.0786,266.3172,257.5763,277.2712,292.3812,258.3962,294.4690,271.7451,293.0057,262.2280,294.0030,274.6552,296.2680,250.6857,299.1773,268.7186,294.5141,252.0126,296.6071,264.7434,294.7680,252.3515,296.4334,263.4491,298.3693,276.1082,297.2125,,,276.6331,208.7858,282.1395,205.6063,,
